ISO-10303-21;
HEADER;
/* Generated by software containing ST-Developer
 * from STEP Tools, Inc. (www.steptools.com) 
 */

FILE_DESCRIPTION(
/* description */ (''),
/* implementation_level */ '2;1');

FILE_NAME(
/* name */ '4a9a22f8-5ac3-489b-83a5-e498dc85d308.stp',
/* time_stamp */ '2026-06-09T12:26:17Z',
/* author */ (''),
/* organization */ (''),
/* preprocessor_version */ 'ST-DEVELOPER v20.1',
/* originating_system */ 'Autodesk Translation Framework v15.8.0.0',
/* authorisation */ '');

FILE_SCHEMA (('AUTOMOTIVE_DESIGN { 1 0 10303 214 3 1 1 }'));
ENDSEC;

DATA;
#10=MECHANICAL_DESIGN_GEOMETRIC_PRESENTATION_REPRESENTATION('',(#17,#18,
#19,#20,#21,#22,#23,#24,#25),#2475);
#11=ITEM_DEFINED_TRANSFORMATION($,$,#1531,#1640);
#12=(
REPRESENTATION_RELATIONSHIP($,$,#2486,#2485)
REPRESENTATION_RELATIONSHIP_WITH_TRANSFORMATION(#11)
SHAPE_REPRESENTATION_RELATIONSHIP()
);
#13=CONTEXT_DEPENDENT_SHAPE_REPRESENTATION(#12,#2484);
#14=NEXT_ASSEMBLY_USAGE_OCCURRENCE('Model:1','Model:1','Model:1',#2488,
#2489,'Model:1');
#15=SHAPE_REPRESENTATION_RELATIONSHIP('SRR','None',#2486,#16);
#16=ADVANCED_BREP_SHAPE_REPRESENTATION('',(#26,#27,#28,#29,#30,#31,#32,
#33,#34),#2474);
#17=STYLED_ITEM('',(#2500),#26);
#18=STYLED_ITEM('',(#2501),#27);
#19=STYLED_ITEM('',(#2501),#28);
#20=STYLED_ITEM('',(#2501),#29);
#21=STYLED_ITEM('',(#2501),#30);
#22=STYLED_ITEM('',(#2501),#31);
#23=STYLED_ITEM('',(#2501),#32);
#24=STYLED_ITEM('',(#2501),#33);
#25=STYLED_ITEM('',(#2501),#34);
#26=MANIFOLD_SOLID_BREP('Body1',#1509);
#27=MANIFOLD_SOLID_BREP('Body3',#1510);
#28=MANIFOLD_SOLID_BREP('Body4',#1511);
#29=MANIFOLD_SOLID_BREP('Body5',#1512);
#30=MANIFOLD_SOLID_BREP('Body6',#1513);
#31=MANIFOLD_SOLID_BREP('Body8',#1514);
#32=MANIFOLD_SOLID_BREP('Body9',#1515);
#33=MANIFOLD_SOLID_BREP('Body10',#1516);
#34=MANIFOLD_SOLID_BREP('Body11',#1517);
#35=LINE('',#2057,#217);
#36=LINE('',#2060,#218);
#37=LINE('',#2062,#219);
#38=LINE('',#2064,#220);
#39=LINE('',#2066,#221);
#40=LINE('',#2067,#222);
#41=LINE('',#2070,#223);
#42=LINE('',#2072,#224);
#43=LINE('',#2073,#225);
#44=LINE('',#2076,#226);
#45=LINE('',#2077,#227);
#46=LINE('',#2080,#228);
#47=LINE('',#2081,#229);
#48=LINE('',#2083,#230);
#49=LINE('',#2086,#231);
#50=LINE('',#2088,#232);
#51=LINE('',#2089,#233);
#52=LINE('',#2092,#234);
#53=LINE('',#2093,#235);
#54=LINE('',#2096,#236);
#55=LINE('',#2098,#237);
#56=LINE('',#2100,#238);
#57=LINE('',#2101,#239);
#58=LINE('',#2104,#240);
#59=LINE('',#2105,#241);
#60=LINE('',#2107,#242);
#61=LINE('',#2109,#243);
#62=LINE('',#2110,#244);
#63=LINE('',#2112,#245);
#64=LINE('',#2114,#246);
#65=LINE('',#2120,#247);
#66=LINE('',#2122,#248);
#67=LINE('',#2124,#249);
#68=LINE('',#2125,#250);
#69=LINE('',#2129,#251);
#70=LINE('',#2131,#252);
#71=LINE('',#2133,#253);
#72=LINE('',#2134,#254);
#73=LINE('',#2138,#255);
#74=LINE('',#2144,#256);
#75=LINE('',#2150,#257);
#76=LINE('',#2151,#258);
#77=LINE('',#2152,#259);
#78=LINE('',#2155,#260);
#79=LINE('',#2156,#261);
#80=LINE('',#2157,#262);
#81=LINE('',#2160,#263);
#82=LINE('',#2161,#264);
#83=LINE('',#2163,#265);
#84=LINE('',#2164,#266);
#85=LINE('',#2170,#267);
#86=LINE('',#2172,#268);
#87=LINE('',#2174,#269);
#88=LINE('',#2175,#270);
#89=LINE('',#2179,#271);
#90=LINE('',#2181,#272);
#91=LINE('',#2183,#273);
#92=LINE('',#2184,#274);
#93=LINE('',#2188,#275);
#94=LINE('',#2194,#276);
#95=LINE('',#2200,#277);
#96=LINE('',#2201,#278);
#97=LINE('',#2202,#279);
#98=LINE('',#2205,#280);
#99=LINE('',#2206,#281);
#100=LINE('',#2207,#282);
#101=LINE('',#2210,#283);
#102=LINE('',#2211,#284);
#103=LINE('',#2213,#285);
#104=LINE('',#2214,#286);
#105=LINE('',#2220,#287);
#106=LINE('',#2222,#288);
#107=LINE('',#2224,#289);
#108=LINE('',#2225,#290);
#109=LINE('',#2229,#291);
#110=LINE('',#2231,#292);
#111=LINE('',#2233,#293);
#112=LINE('',#2234,#294);
#113=LINE('',#2238,#295);
#114=LINE('',#2244,#296);
#115=LINE('',#2250,#297);
#116=LINE('',#2251,#298);
#117=LINE('',#2252,#299);
#118=LINE('',#2255,#300);
#119=LINE('',#2256,#301);
#120=LINE('',#2257,#302);
#121=LINE('',#2260,#303);
#122=LINE('',#2261,#304);
#123=LINE('',#2263,#305);
#124=LINE('',#2264,#306);
#125=LINE('',#2270,#307);
#126=LINE('',#2272,#308);
#127=LINE('',#2274,#309);
#128=LINE('',#2275,#310);
#129=LINE('',#2279,#311);
#130=LINE('',#2281,#312);
#131=LINE('',#2283,#313);
#132=LINE('',#2284,#314);
#133=LINE('',#2288,#315);
#134=LINE('',#2294,#316);
#135=LINE('',#2300,#317);
#136=LINE('',#2301,#318);
#137=LINE('',#2302,#319);
#138=LINE('',#2305,#320);
#139=LINE('',#2306,#321);
#140=LINE('',#2307,#322);
#141=LINE('',#2310,#323);
#142=LINE('',#2311,#324);
#143=LINE('',#2313,#325);
#144=LINE('',#2314,#326);
#145=LINE('',#2320,#327);
#146=LINE('',#2322,#328);
#147=LINE('',#2324,#329);
#148=LINE('',#2325,#330);
#149=LINE('',#2328,#331);
#150=LINE('',#2330,#332);
#151=LINE('',#2332,#333);
#152=LINE('',#2334,#334);
#153=LINE('',#2335,#335);
#154=LINE('',#2338,#336);
#155=LINE('',#2339,#337);
#156=LINE('',#2342,#338);
#157=LINE('',#2343,#339);
#158=LINE('',#2346,#340);
#159=LINE('',#2347,#341);
#160=LINE('',#2350,#342);
#161=LINE('',#2351,#343);
#162=LINE('',#2353,#344);
#163=LINE('',#2358,#345);
#164=LINE('',#2360,#346);
#165=LINE('',#2362,#347);
#166=LINE('',#2363,#348);
#167=LINE('',#2366,#349);
#168=LINE('',#2368,#350);
#169=LINE('',#2370,#351);
#170=LINE('',#2372,#352);
#171=LINE('',#2373,#353);
#172=LINE('',#2376,#354);
#173=LINE('',#2377,#355);
#174=LINE('',#2380,#356);
#175=LINE('',#2381,#357);
#176=LINE('',#2384,#358);
#177=LINE('',#2385,#359);
#178=LINE('',#2388,#360);
#179=LINE('',#2389,#361);
#180=LINE('',#2391,#362);
#181=LINE('',#2396,#363);
#182=LINE('',#2398,#364);
#183=LINE('',#2400,#365);
#184=LINE('',#2401,#366);
#185=LINE('',#2404,#367);
#186=LINE('',#2406,#368);
#187=LINE('',#2408,#369);
#188=LINE('',#2410,#370);
#189=LINE('',#2411,#371);
#190=LINE('',#2414,#372);
#191=LINE('',#2415,#373);
#192=LINE('',#2418,#374);
#193=LINE('',#2419,#375);
#194=LINE('',#2422,#376);
#195=LINE('',#2423,#377);
#196=LINE('',#2426,#378);
#197=LINE('',#2427,#379);
#198=LINE('',#2429,#380);
#199=LINE('',#2434,#381);
#200=LINE('',#2436,#382);
#201=LINE('',#2438,#383);
#202=LINE('',#2439,#384);
#203=LINE('',#2442,#385);
#204=LINE('',#2444,#386);
#205=LINE('',#2446,#387);
#206=LINE('',#2448,#388);
#207=LINE('',#2449,#389);
#208=LINE('',#2452,#390);
#209=LINE('',#2453,#391);
#210=LINE('',#2456,#392);
#211=LINE('',#2457,#393);
#212=LINE('',#2460,#394);
#213=LINE('',#2461,#395);
#214=LINE('',#2464,#396);
#215=LINE('',#2465,#397);
#216=LINE('',#2467,#398);
#217=VECTOR('',#1657,10.);
#218=VECTOR('',#1660,10.);
#219=VECTOR('',#1661,10.);
#220=VECTOR('',#1662,10.);
#221=VECTOR('',#1663,10.);
#222=VECTOR('',#1664,10.);
#223=VECTOR('',#1667,10.);
#224=VECTOR('',#1668,10.);
#225=VECTOR('',#1669,10.);
#226=VECTOR('',#1672,10.);
#227=VECTOR('',#1673,10.);
#228=VECTOR('',#1676,10.);
#229=VECTOR('',#1677,10.);
#230=VECTOR('',#1680,10.);
#231=VECTOR('',#1683,10.);
#232=VECTOR('',#1684,10.);
#233=VECTOR('',#1685,10.);
#234=VECTOR('',#1688,10.);
#235=VECTOR('',#1689,10.);
#236=VECTOR('',#1692,10.);
#237=VECTOR('',#1693,10.);
#238=VECTOR('',#1694,10.);
#239=VECTOR('',#1695,10.);
#240=VECTOR('',#1698,10.);
#241=VECTOR('',#1699,10.);
#242=VECTOR('',#1702,10.);
#243=VECTOR('',#1703,10.);
#244=VECTOR('',#1704,10.);
#245=VECTOR('',#1707,10.);
#246=VECTOR('',#1710,10.);
#247=VECTOR('',#1717,10.);
#248=VECTOR('',#1718,10.);
#249=VECTOR('',#1719,10.);
#250=VECTOR('',#1720,10.);
#251=VECTOR('',#1723,10.);
#252=VECTOR('',#1724,10.);
#253=VECTOR('',#1725,10.);
#254=VECTOR('',#1726,10.);
#255=VECTOR('',#1729,10.);
#256=VECTOR('',#1736,10.);
#257=VECTOR('',#1743,10.);
#258=VECTOR('',#1744,10.);
#259=VECTOR('',#1745,10.);
#260=VECTOR('',#1748,10.);
#261=VECTOR('',#1749,10.);
#262=VECTOR('',#1750,10.);
#263=VECTOR('',#1753,10.);
#264=VECTOR('',#1754,10.);
#265=VECTOR('',#1757,10.);
#266=VECTOR('',#1758,10.);
#267=VECTOR('',#1765,10.);
#268=VECTOR('',#1766,10.);
#269=VECTOR('',#1767,10.);
#270=VECTOR('',#1768,10.);
#271=VECTOR('',#1771,10.);
#272=VECTOR('',#1772,10.);
#273=VECTOR('',#1773,10.);
#274=VECTOR('',#1774,10.);
#275=VECTOR('',#1777,10.);
#276=VECTOR('',#1784,10.);
#277=VECTOR('',#1791,10.);
#278=VECTOR('',#1792,10.);
#279=VECTOR('',#1793,10.);
#280=VECTOR('',#1796,10.);
#281=VECTOR('',#1797,10.);
#282=VECTOR('',#1798,10.);
#283=VECTOR('',#1801,10.);
#284=VECTOR('',#1802,10.);
#285=VECTOR('',#1805,10.);
#286=VECTOR('',#1806,10.);
#287=VECTOR('',#1813,10.);
#288=VECTOR('',#1814,10.);
#289=VECTOR('',#1815,10.);
#290=VECTOR('',#1816,10.);
#291=VECTOR('',#1819,10.);
#292=VECTOR('',#1820,10.);
#293=VECTOR('',#1821,10.);
#294=VECTOR('',#1822,10.);
#295=VECTOR('',#1825,10.);
#296=VECTOR('',#1832,10.);
#297=VECTOR('',#1839,10.);
#298=VECTOR('',#1840,10.);
#299=VECTOR('',#1841,10.);
#300=VECTOR('',#1844,10.);
#301=VECTOR('',#1845,10.);
#302=VECTOR('',#1846,10.);
#303=VECTOR('',#1849,10.);
#304=VECTOR('',#1850,10.);
#305=VECTOR('',#1853,10.);
#306=VECTOR('',#1854,10.);
#307=VECTOR('',#1861,10.);
#308=VECTOR('',#1862,10.);
#309=VECTOR('',#1863,10.);
#310=VECTOR('',#1864,10.);
#311=VECTOR('',#1867,10.);
#312=VECTOR('',#1868,10.);
#313=VECTOR('',#1869,10.);
#314=VECTOR('',#1870,10.);
#315=VECTOR('',#1873,10.);
#316=VECTOR('',#1880,10.);
#317=VECTOR('',#1887,10.);
#318=VECTOR('',#1888,10.);
#319=VECTOR('',#1889,10.);
#320=VECTOR('',#1892,10.);
#321=VECTOR('',#1893,10.);
#322=VECTOR('',#1894,10.);
#323=VECTOR('',#1897,10.);
#324=VECTOR('',#1898,10.);
#325=VECTOR('',#1901,10.);
#326=VECTOR('',#1902,10.);
#327=VECTOR('',#1909,10.);
#328=VECTOR('',#1910,10.);
#329=VECTOR('',#1911,10.);
#330=VECTOR('',#1912,10.);
#331=VECTOR('',#1915,10.);
#332=VECTOR('',#1916,10.);
#333=VECTOR('',#1917,10.);
#334=VECTOR('',#1918,10.);
#335=VECTOR('',#1919,10.);
#336=VECTOR('',#1922,10.);
#337=VECTOR('',#1923,10.);
#338=VECTOR('',#1926,10.);
#339=VECTOR('',#1927,10.);
#340=VECTOR('',#1930,10.);
#341=VECTOR('',#1931,10.);
#342=VECTOR('',#1934,10.);
#343=VECTOR('',#1935,10.);
#344=VECTOR('',#1938,10.);
#345=VECTOR('',#1943,10.);
#346=VECTOR('',#1944,10.);
#347=VECTOR('',#1945,10.);
#348=VECTOR('',#1946,10.);
#349=VECTOR('',#1949,10.);
#350=VECTOR('',#1950,10.);
#351=VECTOR('',#1951,10.);
#352=VECTOR('',#1952,10.);
#353=VECTOR('',#1953,10.);
#354=VECTOR('',#1956,10.);
#355=VECTOR('',#1957,10.);
#356=VECTOR('',#1960,10.);
#357=VECTOR('',#1961,10.);
#358=VECTOR('',#1964,10.);
#359=VECTOR('',#1965,10.);
#360=VECTOR('',#1968,10.);
#361=VECTOR('',#1969,10.);
#362=VECTOR('',#1972,10.);
#363=VECTOR('',#1977,10.);
#364=VECTOR('',#1978,10.);
#365=VECTOR('',#1979,10.);
#366=VECTOR('',#1980,10.);
#367=VECTOR('',#1983,10.);
#368=VECTOR('',#1984,10.);
#369=VECTOR('',#1985,10.);
#370=VECTOR('',#1986,10.);
#371=VECTOR('',#1987,10.);
#372=VECTOR('',#1990,10.);
#373=VECTOR('',#1991,10.);
#374=VECTOR('',#1994,10.);
#375=VECTOR('',#1995,10.);
#376=VECTOR('',#1998,10.);
#377=VECTOR('',#1999,10.);
#378=VECTOR('',#2002,10.);
#379=VECTOR('',#2003,10.);
#380=VECTOR('',#2006,10.);
#381=VECTOR('',#2011,10.);
#382=VECTOR('',#2012,10.);
#383=VECTOR('',#2013,10.);
#384=VECTOR('',#2014,10.);
#385=VECTOR('',#2017,10.);
#386=VECTOR('',#2018,10.);
#387=VECTOR('',#2019,10.);
#388=VECTOR('',#2020,10.);
#389=VECTOR('',#2021,10.);
#390=VECTOR('',#2024,10.);
#391=VECTOR('',#2025,10.);
#392=VECTOR('',#2028,10.);
#393=VECTOR('',#2029,10.);
#394=VECTOR('',#2032,10.);
#395=VECTOR('',#2033,10.);
#396=VECTOR('',#2036,10.);
#397=VECTOR('',#2037,10.);
#398=VECTOR('',#2040,10.);
#399=PLANE('',#1537);
#400=PLANE('',#1538);
#401=PLANE('',#1539);
#402=PLANE('',#1540);
#403=PLANE('',#1541);
#404=PLANE('',#1542);
#405=PLANE('',#1543);
#406=PLANE('',#1544);
#407=PLANE('',#1545);
#408=PLANE('',#1546);
#409=PLANE('',#1547);
#410=PLANE('',#1548);
#411=PLANE('',#1549);
#412=PLANE('',#1550);
#413=PLANE('',#1551);
#414=PLANE('',#1552);
#415=PLANE('',#1553);
#416=PLANE('',#1560);
#417=PLANE('',#1561);
#418=PLANE('',#1562);
#419=PLANE('',#1563);
#420=PLANE('',#1564);
#421=PLANE('',#1565);
#422=PLANE('',#1566);
#423=PLANE('',#1567);
#424=PLANE('',#1574);
#425=PLANE('',#1575);
#426=PLANE('',#1576);
#427=PLANE('',#1577);
#428=PLANE('',#1578);
#429=PLANE('',#1579);
#430=PLANE('',#1580);
#431=PLANE('',#1581);
#432=PLANE('',#1588);
#433=PLANE('',#1589);
#434=PLANE('',#1590);
#435=PLANE('',#1591);
#436=PLANE('',#1592);
#437=PLANE('',#1593);
#438=PLANE('',#1594);
#439=PLANE('',#1595);
#440=PLANE('',#1602);
#441=PLANE('',#1603);
#442=PLANE('',#1604);
#443=PLANE('',#1605);
#444=PLANE('',#1606);
#445=PLANE('',#1607);
#446=PLANE('',#1608);
#447=PLANE('',#1609);
#448=PLANE('',#1610);
#449=PLANE('',#1611);
#450=PLANE('',#1612);
#451=PLANE('',#1613);
#452=PLANE('',#1614);
#453=PLANE('',#1615);
#454=PLANE('',#1616);
#455=PLANE('',#1617);
#456=PLANE('',#1618);
#457=PLANE('',#1619);
#458=PLANE('',#1620);
#459=PLANE('',#1621);
#460=PLANE('',#1622);
#461=PLANE('',#1623);
#462=PLANE('',#1624);
#463=PLANE('',#1625);
#464=PLANE('',#1626);
#465=PLANE('',#1627);
#466=PLANE('',#1628);
#467=PLANE('',#1629);
#468=PLANE('',#1630);
#469=PLANE('',#1631);
#470=PLANE('',#1632);
#471=PLANE('',#1633);
#472=PLANE('',#1634);
#473=PLANE('',#1635);
#474=PLANE('',#1636);
#475=PLANE('',#1637);
#476=PLANE('',#1638);
#477=PLANE('',#1639);
#478=FACE_OUTER_BOUND('',#566,.T.);
#479=FACE_OUTER_BOUND('',#567,.T.);
#480=FACE_OUTER_BOUND('',#568,.T.);
#481=FACE_OUTER_BOUND('',#569,.T.);
#482=FACE_OUTER_BOUND('',#570,.T.);
#483=FACE_OUTER_BOUND('',#571,.T.);
#484=FACE_OUTER_BOUND('',#572,.T.);
#485=FACE_OUTER_BOUND('',#573,.T.);
#486=FACE_OUTER_BOUND('',#574,.T.);
#487=FACE_OUTER_BOUND('',#575,.T.);
#488=FACE_OUTER_BOUND('',#576,.T.);
#489=FACE_OUTER_BOUND('',#577,.T.);
#490=FACE_OUTER_BOUND('',#578,.T.);
#491=FACE_OUTER_BOUND('',#579,.T.);
#492=FACE_OUTER_BOUND('',#580,.T.);
#493=FACE_OUTER_BOUND('',#581,.T.);
#494=FACE_OUTER_BOUND('',#582,.T.);
#495=FACE_OUTER_BOUND('',#583,.T.);
#496=FACE_OUTER_BOUND('',#584,.T.);
#497=FACE_OUTER_BOUND('',#585,.T.);
#498=FACE_OUTER_BOUND('',#586,.T.);
#499=FACE_OUTER_BOUND('',#587,.T.);
#500=FACE_OUTER_BOUND('',#588,.T.);
#501=FACE_OUTER_BOUND('',#589,.T.);
#502=FACE_OUTER_BOUND('',#590,.T.);
#503=FACE_OUTER_BOUND('',#591,.T.);
#504=FACE_OUTER_BOUND('',#592,.T.);
#505=FACE_OUTER_BOUND('',#593,.T.);
#506=FACE_OUTER_BOUND('',#594,.T.);
#507=FACE_OUTER_BOUND('',#595,.T.);
#508=FACE_OUTER_BOUND('',#596,.T.);
#509=FACE_OUTER_BOUND('',#597,.T.);
#510=FACE_OUTER_BOUND('',#598,.T.);
#511=FACE_OUTER_BOUND('',#599,.T.);
#512=FACE_OUTER_BOUND('',#600,.T.);
#513=FACE_OUTER_BOUND('',#601,.T.);
#514=FACE_OUTER_BOUND('',#602,.T.);
#515=FACE_OUTER_BOUND('',#603,.T.);
#516=FACE_OUTER_BOUND('',#604,.T.);
#517=FACE_OUTER_BOUND('',#605,.T.);
#518=FACE_OUTER_BOUND('',#606,.T.);
#519=FACE_OUTER_BOUND('',#607,.T.);
#520=FACE_OUTER_BOUND('',#608,.T.);
#521=FACE_OUTER_BOUND('',#609,.T.);
#522=FACE_OUTER_BOUND('',#610,.T.);
#523=FACE_OUTER_BOUND('',#611,.T.);
#524=FACE_OUTER_BOUND('',#612,.T.);
#525=FACE_OUTER_BOUND('',#613,.T.);
#526=FACE_OUTER_BOUND('',#614,.T.);
#527=FACE_OUTER_BOUND('',#615,.T.);
#528=FACE_OUTER_BOUND('',#616,.T.);
#529=FACE_OUTER_BOUND('',#617,.T.);
#530=FACE_OUTER_BOUND('',#618,.T.);
#531=FACE_OUTER_BOUND('',#619,.T.);
#532=FACE_OUTER_BOUND('',#620,.T.);
#533=FACE_OUTER_BOUND('',#621,.T.);
#534=FACE_OUTER_BOUND('',#622,.T.);
#535=FACE_OUTER_BOUND('',#623,.T.);
#536=FACE_OUTER_BOUND('',#624,.T.);
#537=FACE_OUTER_BOUND('',#625,.T.);
#538=FACE_OUTER_BOUND('',#626,.T.);
#539=FACE_OUTER_BOUND('',#627,.T.);
#540=FACE_OUTER_BOUND('',#628,.T.);
#541=FACE_OUTER_BOUND('',#629,.T.);
#542=FACE_OUTER_BOUND('',#630,.T.);
#543=FACE_OUTER_BOUND('',#631,.T.);
#544=FACE_OUTER_BOUND('',#632,.T.);
#545=FACE_OUTER_BOUND('',#633,.T.);
#546=FACE_OUTER_BOUND('',#634,.T.);
#547=FACE_OUTER_BOUND('',#635,.T.);
#548=FACE_OUTER_BOUND('',#636,.T.);
#549=FACE_OUTER_BOUND('',#637,.T.);
#550=FACE_OUTER_BOUND('',#638,.T.);
#551=FACE_OUTER_BOUND('',#639,.T.);
#552=FACE_OUTER_BOUND('',#640,.T.);
#553=FACE_OUTER_BOUND('',#641,.T.);
#554=FACE_OUTER_BOUND('',#642,.T.);
#555=FACE_OUTER_BOUND('',#643,.T.);
#556=FACE_OUTER_BOUND('',#644,.T.);
#557=FACE_OUTER_BOUND('',#645,.T.);
#558=FACE_OUTER_BOUND('',#646,.T.);
#559=FACE_OUTER_BOUND('',#647,.T.);
#560=FACE_OUTER_BOUND('',#648,.T.);
#561=FACE_OUTER_BOUND('',#649,.T.);
#562=FACE_OUTER_BOUND('',#650,.T.);
#563=FACE_OUTER_BOUND('',#651,.T.);
#564=FACE_OUTER_BOUND('',#652,.T.);
#565=FACE_OUTER_BOUND('',#653,.T.);
#566=EDGE_LOOP('',(#1008,#1009,#1010,#1011));
#567=EDGE_LOOP('',(#1012,#1013));
#568=EDGE_LOOP('',(#1014,#1015,#1016,#1017,#1018,#1019));
#569=EDGE_LOOP('',(#1020,#1021,#1022,#1023));
#570=EDGE_LOOP('',(#1024,#1025,#1026,#1027,#1028,#1029,#1030,#1031));
#571=EDGE_LOOP('',(#1032,#1033,#1034,#1035));
#572=EDGE_LOOP('',(#1036,#1037,#1038,#1039));
#573=EDGE_LOOP('',(#1040,#1041,#1042,#1043));
#574=EDGE_LOOP('',(#1044,#1045,#1046,#1047));
#575=EDGE_LOOP('',(#1048,#1049,#1050,#1051));
#576=EDGE_LOOP('',(#1052,#1053,#1054,#1055));
#577=EDGE_LOOP('',(#1056,#1057,#1058,#1059));
#578=EDGE_LOOP('',(#1060,#1061,#1062,#1063));
#579=EDGE_LOOP('',(#1064,#1065,#1066,#1067));
#580=EDGE_LOOP('',(#1068,#1069,#1070,#1071));
#581=EDGE_LOOP('',(#1072,#1073,#1074,#1075));
#582=EDGE_LOOP('',(#1076,#1077,#1078,#1079));
#583=EDGE_LOOP('',(#1080,#1081,#1082,#1083));
#584=EDGE_LOOP('',(#1084,#1085,#1086,#1087));
#585=EDGE_LOOP('',(#1088,#1089,#1090,#1091));
#586=EDGE_LOOP('',(#1092,#1093,#1094,#1095));
#587=EDGE_LOOP('',(#1096,#1097,#1098,#1099,#1100,#1101,#1102,#1103));
#588=EDGE_LOOP('',(#1104,#1105,#1106,#1107));
#589=EDGE_LOOP('',(#1108,#1109,#1110,#1111,#1112,#1113,#1114,#1115));
#590=EDGE_LOOP('',(#1116,#1117,#1118,#1119));
#591=EDGE_LOOP('',(#1120,#1121,#1122,#1123));
#592=EDGE_LOOP('',(#1124,#1125,#1126,#1127));
#593=EDGE_LOOP('',(#1128,#1129,#1130,#1131));
#594=EDGE_LOOP('',(#1132,#1133,#1134,#1135));
#595=EDGE_LOOP('',(#1136,#1137,#1138,#1139));
#596=EDGE_LOOP('',(#1140,#1141,#1142,#1143));
#597=EDGE_LOOP('',(#1144,#1145,#1146,#1147,#1148,#1149,#1150,#1151));
#598=EDGE_LOOP('',(#1152,#1153,#1154,#1155));
#599=EDGE_LOOP('',(#1156,#1157,#1158,#1159,#1160,#1161,#1162,#1163));
#600=EDGE_LOOP('',(#1164,#1165,#1166,#1167));
#601=EDGE_LOOP('',(#1168,#1169,#1170,#1171));
#602=EDGE_LOOP('',(#1172,#1173,#1174,#1175));
#603=EDGE_LOOP('',(#1176,#1177,#1178,#1179));
#604=EDGE_LOOP('',(#1180,#1181,#1182,#1183));
#605=EDGE_LOOP('',(#1184,#1185,#1186,#1187));
#606=EDGE_LOOP('',(#1188,#1189,#1190,#1191));
#607=EDGE_LOOP('',(#1192,#1193,#1194,#1195,#1196,#1197,#1198,#1199));
#608=EDGE_LOOP('',(#1200,#1201,#1202,#1203));
#609=EDGE_LOOP('',(#1204,#1205,#1206,#1207,#1208,#1209,#1210,#1211));
#610=EDGE_LOOP('',(#1212,#1213,#1214,#1215));
#611=EDGE_LOOP('',(#1216,#1217,#1218,#1219));
#612=EDGE_LOOP('',(#1220,#1221,#1222,#1223));
#613=EDGE_LOOP('',(#1224,#1225,#1226,#1227));
#614=EDGE_LOOP('',(#1228,#1229,#1230,#1231));
#615=EDGE_LOOP('',(#1232,#1233,#1234,#1235));
#616=EDGE_LOOP('',(#1236,#1237,#1238,#1239));
#617=EDGE_LOOP('',(#1240,#1241,#1242,#1243,#1244,#1245,#1246,#1247));
#618=EDGE_LOOP('',(#1248,#1249,#1250,#1251));
#619=EDGE_LOOP('',(#1252,#1253,#1254,#1255,#1256,#1257,#1258,#1259));
#620=EDGE_LOOP('',(#1260,#1261,#1262,#1263));
#621=EDGE_LOOP('',(#1264,#1265,#1266,#1267));
#622=EDGE_LOOP('',(#1268,#1269,#1270,#1271));
#623=EDGE_LOOP('',(#1272,#1273,#1274,#1275,#1276,#1277));
#624=EDGE_LOOP('',(#1278,#1279,#1280,#1281));
#625=EDGE_LOOP('',(#1282,#1283,#1284,#1285));
#626=EDGE_LOOP('',(#1286,#1287,#1288,#1289));
#627=EDGE_LOOP('',(#1290,#1291,#1292,#1293));
#628=EDGE_LOOP('',(#1294,#1295,#1296,#1297,#1298,#1299));
#629=EDGE_LOOP('',(#1300,#1301,#1302,#1303));
#630=EDGE_LOOP('',(#1304,#1305,#1306,#1307));
#631=EDGE_LOOP('',(#1308,#1309,#1310,#1311,#1312,#1313));
#632=EDGE_LOOP('',(#1314,#1315,#1316,#1317));
#633=EDGE_LOOP('',(#1318,#1319,#1320,#1321));
#634=EDGE_LOOP('',(#1322,#1323,#1324,#1325));
#635=EDGE_LOOP('',(#1326,#1327,#1328,#1329));
#636=EDGE_LOOP('',(#1330,#1331,#1332,#1333,#1334,#1335));
#637=EDGE_LOOP('',(#1336,#1337,#1338,#1339));
#638=EDGE_LOOP('',(#1340,#1341,#1342,#1343));
#639=EDGE_LOOP('',(#1344,#1345,#1346,#1347,#1348,#1349));
#640=EDGE_LOOP('',(#1350,#1351,#1352,#1353));
#641=EDGE_LOOP('',(#1354,#1355,#1356,#1357));
#642=EDGE_LOOP('',(#1358,#1359,#1360,#1361));
#643=EDGE_LOOP('',(#1362,#1363,#1364,#1365));
#644=EDGE_LOOP('',(#1366,#1367,#1368,#1369,#1370,#1371));
#645=EDGE_LOOP('',(#1372,#1373,#1374,#1375));
#646=EDGE_LOOP('',(#1376,#1377,#1378,#1379));
#647=EDGE_LOOP('',(#1380,#1381,#1382,#1383,#1384,#1385));
#648=EDGE_LOOP('',(#1386,#1387,#1388,#1389));
#649=EDGE_LOOP('',(#1390,#1391,#1392,#1393));
#650=EDGE_LOOP('',(#1394,#1395,#1396,#1397));
#651=EDGE_LOOP('',(#1398,#1399,#1400,#1401));
#652=EDGE_LOOP('',(#1402,#1403,#1404,#1405,#1406,#1407));
#653=EDGE_LOOP('',(#1408,#1409,#1410,#1411));
#654=CIRCLE('',#1534,0.942857142857143);
#655=CIRCLE('',#1536,0.942857142857143);
#656=CIRCLE('',#1555,0.18);
#657=CIRCLE('',#1556,0.18);
#658=CIRCLE('',#1558,0.0600000000000006);
#659=CIRCLE('',#1559,0.0600000000000006);
#660=CIRCLE('',#1569,0.18);
#661=CIRCLE('',#1570,0.18);
#662=CIRCLE('',#1572,0.0600000000000006);
#663=CIRCLE('',#1573,0.0600000000000006);
#664=CIRCLE('',#1583,0.18);
#665=CIRCLE('',#1584,0.18);
#666=CIRCLE('',#1586,0.0600000000000006);
#667=CIRCLE('',#1587,0.0600000000000006);
#668=CIRCLE('',#1597,0.18);
#669=CIRCLE('',#1598,0.18);
#670=CIRCLE('',#1600,0.0600000000000006);
#671=CIRCLE('',#1601,0.0600000000000006);
#672=ELLIPSE('',#1533,4.16401584619411,0.942857142857143);
#673=ELLIPSE('',#1535,4.16401584619411,0.942857142857143);
#674=VERTEX_POINT('',#2048);
#675=VERTEX_POINT('',#2049);
#676=VERTEX_POINT('',#2051);
#677=VERTEX_POINT('',#2053);
#678=VERTEX_POINT('',#2059);
#679=VERTEX_POINT('',#2061);
#680=VERTEX_POINT('',#2063);
#681=VERTEX_POINT('',#2065);
#682=VERTEX_POINT('',#2069);
#683=VERTEX_POINT('',#2071);
#684=VERTEX_POINT('',#2075);
#685=VERTEX_POINT('',#2079);
#686=VERTEX_POINT('',#2085);
#687=VERTEX_POINT('',#2087);
#688=VERTEX_POINT('',#2091);
#689=VERTEX_POINT('',#2095);
#690=VERTEX_POINT('',#2097);
#691=VERTEX_POINT('',#2099);
#692=VERTEX_POINT('',#2103);
#693=VERTEX_POINT('',#2108);
#694=VERTEX_POINT('',#2118);
#695=VERTEX_POINT('',#2119);
#696=VERTEX_POINT('',#2121);
#697=VERTEX_POINT('',#2123);
#698=VERTEX_POINT('',#2127);
#699=VERTEX_POINT('',#2128);
#700=VERTEX_POINT('',#2130);
#701=VERTEX_POINT('',#2132);
#702=VERTEX_POINT('',#2136);
#703=VERTEX_POINT('',#2137);
#704=VERTEX_POINT('',#2142);
#705=VERTEX_POINT('',#2143);
#706=VERTEX_POINT('',#2148);
#707=VERTEX_POINT('',#2149);
#708=VERTEX_POINT('',#2154);
#709=VERTEX_POINT('',#2159);
#710=VERTEX_POINT('',#2168);
#711=VERTEX_POINT('',#2169);
#712=VERTEX_POINT('',#2171);
#713=VERTEX_POINT('',#2173);
#714=VERTEX_POINT('',#2177);
#715=VERTEX_POINT('',#2178);
#716=VERTEX_POINT('',#2180);
#717=VERTEX_POINT('',#2182);
#718=VERTEX_POINT('',#2186);
#719=VERTEX_POINT('',#2187);
#720=VERTEX_POINT('',#2192);
#721=VERTEX_POINT('',#2193);
#722=VERTEX_POINT('',#2198);
#723=VERTEX_POINT('',#2199);
#724=VERTEX_POINT('',#2204);
#725=VERTEX_POINT('',#2209);
#726=VERTEX_POINT('',#2218);
#727=VERTEX_POINT('',#2219);
#728=VERTEX_POINT('',#2221);
#729=VERTEX_POINT('',#2223);
#730=VERTEX_POINT('',#2227);
#731=VERTEX_POINT('',#2228);
#732=VERTEX_POINT('',#2230);
#733=VERTEX_POINT('',#2232);
#734=VERTEX_POINT('',#2236);
#735=VERTEX_POINT('',#2237);
#736=VERTEX_POINT('',#2242);
#737=VERTEX_POINT('',#2243);
#738=VERTEX_POINT('',#2248);
#739=VERTEX_POINT('',#2249);
#740=VERTEX_POINT('',#2254);
#741=VERTEX_POINT('',#2259);
#742=VERTEX_POINT('',#2268);
#743=VERTEX_POINT('',#2269);
#744=VERTEX_POINT('',#2271);
#745=VERTEX_POINT('',#2273);
#746=VERTEX_POINT('',#2277);
#747=VERTEX_POINT('',#2278);
#748=VERTEX_POINT('',#2280);
#749=VERTEX_POINT('',#2282);
#750=VERTEX_POINT('',#2286);
#751=VERTEX_POINT('',#2287);
#752=VERTEX_POINT('',#2292);
#753=VERTEX_POINT('',#2293);
#754=VERTEX_POINT('',#2298);
#755=VERTEX_POINT('',#2299);
#756=VERTEX_POINT('',#2304);
#757=VERTEX_POINT('',#2309);
#758=VERTEX_POINT('',#2318);
#759=VERTEX_POINT('',#2319);
#760=VERTEX_POINT('',#2321);
#761=VERTEX_POINT('',#2323);
#762=VERTEX_POINT('',#2327);
#763=VERTEX_POINT('',#2329);
#764=VERTEX_POINT('',#2331);
#765=VERTEX_POINT('',#2333);
#766=VERTEX_POINT('',#2337);
#767=VERTEX_POINT('',#2341);
#768=VERTEX_POINT('',#2345);
#769=VERTEX_POINT('',#2349);
#770=VERTEX_POINT('',#2356);
#771=VERTEX_POINT('',#2357);
#772=VERTEX_POINT('',#2359);
#773=VERTEX_POINT('',#2361);
#774=VERTEX_POINT('',#2365);
#775=VERTEX_POINT('',#2367);
#776=VERTEX_POINT('',#2369);
#777=VERTEX_POINT('',#2371);
#778=VERTEX_POINT('',#2375);
#779=VERTEX_POINT('',#2379);
#780=VERTEX_POINT('',#2383);
#781=VERTEX_POINT('',#2387);
#782=VERTEX_POINT('',#2394);
#783=VERTEX_POINT('',#2395);
#784=VERTEX_POINT('',#2397);
#785=VERTEX_POINT('',#2399);
#786=VERTEX_POINT('',#2403);
#787=VERTEX_POINT('',#2405);
#788=VERTEX_POINT('',#2407);
#789=VERTEX_POINT('',#2409);
#790=VERTEX_POINT('',#2413);
#791=VERTEX_POINT('',#2417);
#792=VERTEX_POINT('',#2421);
#793=VERTEX_POINT('',#2425);
#794=VERTEX_POINT('',#2432);
#795=VERTEX_POINT('',#2433);
#796=VERTEX_POINT('',#2435);
#797=VERTEX_POINT('',#2437);
#798=VERTEX_POINT('',#2441);
#799=VERTEX_POINT('',#2443);
#800=VERTEX_POINT('',#2445);
#801=VERTEX_POINT('',#2447);
#802=VERTEX_POINT('',#2451);
#803=VERTEX_POINT('',#2455);
#804=VERTEX_POINT('',#2459);
#805=VERTEX_POINT('',#2463);
#806=EDGE_CURVE('',#674,#675,#672,.T.);
#807=EDGE_CURVE('',#674,#676,#654,.T.);
#808=EDGE_CURVE('',#677,#676,#673,.T.);
#809=EDGE_CURVE('',#675,#677,#655,.T.);
#810=EDGE_CURVE('',#676,#674,#35,.T.);
#811=EDGE_CURVE('',#678,#677,#36,.T.);
#812=EDGE_CURVE('',#679,#678,#37,.T.);
#813=EDGE_CURVE('',#680,#679,#38,.T.);
#814=EDGE_CURVE('',#681,#680,#39,.T.);
#815=EDGE_CURVE('',#675,#681,#40,.T.);
#816=EDGE_CURVE('',#678,#682,#41,.T.);
#817=EDGE_CURVE('',#682,#683,#42,.T.);
#818=EDGE_CURVE('',#679,#683,#43,.T.);
#819=EDGE_CURVE('',#681,#684,#44,.T.);
#820=EDGE_CURVE('',#684,#682,#45,.T.);
#821=EDGE_CURVE('',#680,#685,#46,.T.);
#822=EDGE_CURVE('',#685,#684,#47,.T.);
#823=EDGE_CURVE('',#683,#685,#48,.T.);
#824=EDGE_CURVE('',#686,#683,#49,.T.);
#825=EDGE_CURVE('',#687,#686,#50,.T.);
#826=EDGE_CURVE('',#687,#685,#51,.T.);
#827=EDGE_CURVE('',#688,#682,#52,.T.);
#828=EDGE_CURVE('',#686,#688,#53,.T.);
#829=EDGE_CURVE('',#689,#687,#54,.T.);
#830=EDGE_CURVE('',#687,#690,#55,.T.);
#831=EDGE_CURVE('',#690,#691,#56,.T.);
#832=EDGE_CURVE('',#691,#689,#57,.T.);
#833=EDGE_CURVE('',#692,#690,#58,.T.);
#834=EDGE_CURVE('',#692,#686,#59,.T.);
#835=EDGE_CURVE('',#688,#689,#60,.T.);
#836=EDGE_CURVE('',#691,#693,#61,.T.);
#837=EDGE_CURVE('',#693,#688,#62,.T.);
#838=EDGE_CURVE('',#693,#692,#63,.T.);
#839=EDGE_CURVE('',#689,#684,#64,.T.);
#840=EDGE_CURVE('',#694,#695,#65,.T.);
#841=EDGE_CURVE('',#695,#696,#66,.T.);
#842=EDGE_CURVE('',#697,#696,#67,.T.);
#843=EDGE_CURVE('',#694,#697,#68,.T.);
#844=EDGE_CURVE('',#698,#699,#69,.T.);
#845=EDGE_CURVE('',#699,#700,#70,.T.);
#846=EDGE_CURVE('',#701,#700,#71,.T.);
#847=EDGE_CURVE('',#698,#701,#72,.T.);
#848=EDGE_CURVE('',#702,#703,#73,.T.);
#849=EDGE_CURVE('',#703,#695,#656,.T.);
#850=EDGE_CURVE('',#702,#694,#657,.T.);
#851=EDGE_CURVE('',#704,#705,#74,.T.);
#852=EDGE_CURVE('',#705,#699,#658,.T.);
#853=EDGE_CURVE('',#704,#698,#659,.T.);
#854=EDGE_CURVE('',#706,#707,#75,.T.);
#855=EDGE_CURVE('',#707,#703,#76,.T.);
#856=EDGE_CURVE('',#706,#702,#77,.T.);
#857=EDGE_CURVE('',#708,#706,#78,.T.);
#858=EDGE_CURVE('',#700,#697,#79,.T.);
#859=EDGE_CURVE('',#708,#705,#80,.T.);
#860=EDGE_CURVE('',#709,#708,#81,.T.);
#861=EDGE_CURVE('',#709,#704,#82,.T.);
#862=EDGE_CURVE('',#707,#709,#83,.T.);
#863=EDGE_CURVE('',#696,#701,#84,.T.);
#864=EDGE_CURVE('',#710,#711,#85,.T.);
#865=EDGE_CURVE('',#710,#712,#86,.T.);
#866=EDGE_CURVE('',#712,#713,#87,.T.);
#867=EDGE_CURVE('',#711,#713,#88,.T.);
#868=EDGE_CURVE('',#714,#715,#89,.T.);
#869=EDGE_CURVE('',#714,#716,#90,.T.);
#870=EDGE_CURVE('',#716,#717,#91,.T.);
#871=EDGE_CURVE('',#715,#717,#92,.T.);
#872=EDGE_CURVE('',#718,#719,#93,.T.);
#873=EDGE_CURVE('',#718,#710,#660,.T.);
#874=EDGE_CURVE('',#719,#711,#661,.T.);
#875=EDGE_CURVE('',#720,#721,#94,.T.);
#876=EDGE_CURVE('',#720,#714,#662,.T.);
#877=EDGE_CURVE('',#721,#715,#663,.T.);
#878=EDGE_CURVE('',#722,#723,#95,.T.);
#879=EDGE_CURVE('',#722,#718,#96,.T.);
#880=EDGE_CURVE('',#723,#719,#97,.T.);
#881=EDGE_CURVE('',#724,#722,#98,.T.);
#882=EDGE_CURVE('',#724,#721,#99,.T.);
#883=EDGE_CURVE('',#717,#712,#100,.T.);
#884=EDGE_CURVE('',#725,#724,#101,.T.);
#885=EDGE_CURVE('',#725,#720,#102,.T.);
#886=EDGE_CURVE('',#723,#725,#103,.T.);
#887=EDGE_CURVE('',#713,#716,#104,.T.);
#888=EDGE_CURVE('',#726,#727,#105,.T.);
#889=EDGE_CURVE('',#727,#728,#106,.T.);
#890=EDGE_CURVE('',#729,#728,#107,.T.);
#891=EDGE_CURVE('',#726,#729,#108,.T.);
#892=EDGE_CURVE('',#730,#731,#109,.T.);
#893=EDGE_CURVE('',#731,#732,#110,.T.);
#894=EDGE_CURVE('',#733,#732,#111,.T.);
#895=EDGE_CURVE('',#730,#733,#112,.T.);
#896=EDGE_CURVE('',#734,#735,#113,.T.);
#897=EDGE_CURVE('',#735,#727,#664,.T.);
#898=EDGE_CURVE('',#734,#726,#665,.T.);
#899=EDGE_CURVE('',#736,#737,#114,.T.);
#900=EDGE_CURVE('',#737,#731,#666,.T.);
#901=EDGE_CURVE('',#736,#730,#667,.T.);
#902=EDGE_CURVE('',#738,#739,#115,.T.);
#903=EDGE_CURVE('',#739,#735,#116,.T.);
#904=EDGE_CURVE('',#738,#734,#117,.T.);
#905=EDGE_CURVE('',#740,#738,#118,.T.);
#906=EDGE_CURVE('',#732,#729,#119,.T.);
#907=EDGE_CURVE('',#740,#737,#120,.T.);
#908=EDGE_CURVE('',#741,#740,#121,.T.);
#909=EDGE_CURVE('',#741,#736,#122,.T.);
#910=EDGE_CURVE('',#739,#741,#123,.T.);
#911=EDGE_CURVE('',#728,#733,#124,.T.);
#912=EDGE_CURVE('',#742,#743,#125,.T.);
#913=EDGE_CURVE('',#742,#744,#126,.T.);
#914=EDGE_CURVE('',#744,#745,#127,.T.);
#915=EDGE_CURVE('',#743,#745,#128,.T.);
#916=EDGE_CURVE('',#746,#747,#129,.T.);
#917=EDGE_CURVE('',#746,#748,#130,.T.);
#918=EDGE_CURVE('',#748,#749,#131,.T.);
#919=EDGE_CURVE('',#747,#749,#132,.T.);
#920=EDGE_CURVE('',#750,#751,#133,.T.);
#921=EDGE_CURVE('',#750,#742,#668,.T.);
#922=EDGE_CURVE('',#751,#743,#669,.T.);
#923=EDGE_CURVE('',#752,#753,#134,.T.);
#924=EDGE_CURVE('',#752,#746,#670,.T.);
#925=EDGE_CURVE('',#753,#747,#671,.T.);
#926=EDGE_CURVE('',#754,#755,#135,.T.);
#927=EDGE_CURVE('',#754,#750,#136,.T.);
#928=EDGE_CURVE('',#755,#751,#137,.T.);
#929=EDGE_CURVE('',#756,#754,#138,.T.);
#930=EDGE_CURVE('',#756,#753,#139,.T.);
#931=EDGE_CURVE('',#749,#744,#140,.T.);
#932=EDGE_CURVE('',#757,#756,#141,.T.);
#933=EDGE_CURVE('',#757,#752,#142,.T.);
#934=EDGE_CURVE('',#755,#757,#143,.T.);
#935=EDGE_CURVE('',#745,#748,#144,.T.);
#936=EDGE_CURVE('',#758,#759,#145,.T.);
#937=EDGE_CURVE('',#759,#760,#146,.T.);
#938=EDGE_CURVE('',#760,#761,#147,.T.);
#939=EDGE_CURVE('',#761,#758,#148,.T.);
#940=EDGE_CURVE('',#762,#760,#149,.T.);
#941=EDGE_CURVE('',#763,#762,#150,.T.);
#942=EDGE_CURVE('',#764,#763,#151,.T.);
#943=EDGE_CURVE('',#765,#764,#152,.T.);
#944=EDGE_CURVE('',#765,#761,#153,.T.);
#945=EDGE_CURVE('',#759,#766,#154,.T.);
#946=EDGE_CURVE('',#762,#766,#155,.T.);
#947=EDGE_CURVE('',#766,#767,#156,.T.);
#948=EDGE_CURVE('',#767,#763,#157,.T.);
#949=EDGE_CURVE('',#768,#765,#158,.T.);
#950=EDGE_CURVE('',#768,#758,#159,.T.);
#951=EDGE_CURVE('',#769,#767,#160,.T.);
#952=EDGE_CURVE('',#764,#769,#161,.T.);
#953=EDGE_CURVE('',#769,#768,#162,.T.);
#954=EDGE_CURVE('',#770,#771,#163,.T.);
#955=EDGE_CURVE('',#772,#770,#164,.T.);
#956=EDGE_CURVE('',#773,#772,#165,.T.);
#957=EDGE_CURVE('',#771,#773,#166,.T.);
#958=EDGE_CURVE('',#774,#772,#167,.T.);
#959=EDGE_CURVE('',#774,#775,#168,.T.);
#960=EDGE_CURVE('',#775,#776,#169,.T.);
#961=EDGE_CURVE('',#776,#777,#170,.T.);
#962=EDGE_CURVE('',#777,#773,#171,.T.);
#963=EDGE_CURVE('',#777,#778,#172,.T.);
#964=EDGE_CURVE('',#771,#778,#173,.T.);
#965=EDGE_CURVE('',#779,#776,#174,.T.);
#966=EDGE_CURVE('',#778,#779,#175,.T.);
#967=EDGE_CURVE('',#780,#770,#176,.T.);
#968=EDGE_CURVE('',#780,#774,#177,.T.);
#969=EDGE_CURVE('',#775,#781,#178,.T.);
#970=EDGE_CURVE('',#781,#779,#179,.T.);
#971=EDGE_CURVE('',#781,#780,#180,.T.);
#972=EDGE_CURVE('',#782,#783,#181,.T.);
#973=EDGE_CURVE('',#783,#784,#182,.T.);
#974=EDGE_CURVE('',#784,#785,#183,.T.);
#975=EDGE_CURVE('',#785,#782,#184,.T.);
#976=EDGE_CURVE('',#786,#784,#185,.T.);
#977=EDGE_CURVE('',#787,#786,#186,.T.);
#978=EDGE_CURVE('',#788,#787,#187,.T.);
#979=EDGE_CURVE('',#789,#788,#188,.T.);
#980=EDGE_CURVE('',#789,#785,#189,.T.);
#981=EDGE_CURVE('',#783,#790,#190,.T.);
#982=EDGE_CURVE('',#786,#790,#191,.T.);
#983=EDGE_CURVE('',#790,#791,#192,.T.);
#984=EDGE_CURVE('',#791,#787,#193,.T.);
#985=EDGE_CURVE('',#792,#789,#194,.T.);
#986=EDGE_CURVE('',#792,#782,#195,.T.);
#987=EDGE_CURVE('',#793,#791,#196,.T.);
#988=EDGE_CURVE('',#788,#793,#197,.T.);
#989=EDGE_CURVE('',#793,#792,#198,.T.);
#990=EDGE_CURVE('',#794,#795,#199,.T.);
#991=EDGE_CURVE('',#796,#794,#200,.T.);
#992=EDGE_CURVE('',#797,#796,#201,.T.);
#993=EDGE_CURVE('',#795,#797,#202,.T.);
#994=EDGE_CURVE('',#798,#796,#203,.T.);
#995=EDGE_CURVE('',#798,#799,#204,.T.);
#996=EDGE_CURVE('',#799,#800,#205,.T.);
#997=EDGE_CURVE('',#800,#801,#206,.T.);
#998=EDGE_CURVE('',#801,#797,#207,.T.);
#999=EDGE_CURVE('',#801,#802,#208,.T.);
#1000=EDGE_CURVE('',#795,#802,#209,.T.);
#1001=EDGE_CURVE('',#803,#800,#210,.T.);
#1002=EDGE_CURVE('',#802,#803,#211,.T.);
#1003=EDGE_CURVE('',#804,#794,#212,.T.);
#1004=EDGE_CURVE('',#804,#798,#213,.T.);
#1005=EDGE_CURVE('',#799,#805,#214,.T.);
#1006=EDGE_CURVE('',#805,#803,#215,.T.);
#1007=EDGE_CURVE('',#805,#804,#216,.T.);
#1008=ORIENTED_EDGE('',*,*,#806,.F.);
#1009=ORIENTED_EDGE('',*,*,#807,.T.);
#1010=ORIENTED_EDGE('',*,*,#808,.F.);
#1011=ORIENTED_EDGE('',*,*,#809,.F.);
#1012=ORIENTED_EDGE('',*,*,#810,.F.);
#1013=ORIENTED_EDGE('',*,*,#807,.F.);
#1014=ORIENTED_EDGE('',*,*,#809,.T.);
#1015=ORIENTED_EDGE('',*,*,#811,.F.);
#1016=ORIENTED_EDGE('',*,*,#812,.F.);
#1017=ORIENTED_EDGE('',*,*,#813,.F.);
#1018=ORIENTED_EDGE('',*,*,#814,.F.);
#1019=ORIENTED_EDGE('',*,*,#815,.F.);
#1020=ORIENTED_EDGE('',*,*,#812,.T.);
#1021=ORIENTED_EDGE('',*,*,#816,.T.);
#1022=ORIENTED_EDGE('',*,*,#817,.T.);
#1023=ORIENTED_EDGE('',*,*,#818,.F.);
#1024=ORIENTED_EDGE('',*,*,#806,.T.);
#1025=ORIENTED_EDGE('',*,*,#815,.T.);
#1026=ORIENTED_EDGE('',*,*,#819,.T.);
#1027=ORIENTED_EDGE('',*,*,#820,.T.);
#1028=ORIENTED_EDGE('',*,*,#816,.F.);
#1029=ORIENTED_EDGE('',*,*,#811,.T.);
#1030=ORIENTED_EDGE('',*,*,#808,.T.);
#1031=ORIENTED_EDGE('',*,*,#810,.T.);
#1032=ORIENTED_EDGE('',*,*,#814,.T.);
#1033=ORIENTED_EDGE('',*,*,#821,.T.);
#1034=ORIENTED_EDGE('',*,*,#822,.T.);
#1035=ORIENTED_EDGE('',*,*,#819,.F.);
#1036=ORIENTED_EDGE('',*,*,#823,.T.);
#1037=ORIENTED_EDGE('',*,*,#821,.F.);
#1038=ORIENTED_EDGE('',*,*,#813,.T.);
#1039=ORIENTED_EDGE('',*,*,#818,.T.);
#1040=ORIENTED_EDGE('',*,*,#823,.F.);
#1041=ORIENTED_EDGE('',*,*,#824,.F.);
#1042=ORIENTED_EDGE('',*,*,#825,.F.);
#1043=ORIENTED_EDGE('',*,*,#826,.T.);
#1044=ORIENTED_EDGE('',*,*,#817,.F.);
#1045=ORIENTED_EDGE('',*,*,#827,.F.);
#1046=ORIENTED_EDGE('',*,*,#828,.F.);
#1047=ORIENTED_EDGE('',*,*,#824,.T.);
#1048=ORIENTED_EDGE('',*,*,#829,.T.);
#1049=ORIENTED_EDGE('',*,*,#830,.T.);
#1050=ORIENTED_EDGE('',*,*,#831,.T.);
#1051=ORIENTED_EDGE('',*,*,#832,.T.);
#1052=ORIENTED_EDGE('',*,*,#833,.T.);
#1053=ORIENTED_EDGE('',*,*,#830,.F.);
#1054=ORIENTED_EDGE('',*,*,#825,.T.);
#1055=ORIENTED_EDGE('',*,*,#834,.F.);
#1056=ORIENTED_EDGE('',*,*,#835,.T.);
#1057=ORIENTED_EDGE('',*,*,#832,.F.);
#1058=ORIENTED_EDGE('',*,*,#836,.T.);
#1059=ORIENTED_EDGE('',*,*,#837,.T.);
#1060=ORIENTED_EDGE('',*,*,#828,.T.);
#1061=ORIENTED_EDGE('',*,*,#837,.F.);
#1062=ORIENTED_EDGE('',*,*,#838,.T.);
#1063=ORIENTED_EDGE('',*,*,#834,.T.);
#1064=ORIENTED_EDGE('',*,*,#822,.F.);
#1065=ORIENTED_EDGE('',*,*,#826,.F.);
#1066=ORIENTED_EDGE('',*,*,#829,.F.);
#1067=ORIENTED_EDGE('',*,*,#839,.T.);
#1068=ORIENTED_EDGE('',*,*,#831,.F.);
#1069=ORIENTED_EDGE('',*,*,#833,.F.);
#1070=ORIENTED_EDGE('',*,*,#838,.F.);
#1071=ORIENTED_EDGE('',*,*,#836,.F.);
#1072=ORIENTED_EDGE('',*,*,#820,.F.);
#1073=ORIENTED_EDGE('',*,*,#839,.F.);
#1074=ORIENTED_EDGE('',*,*,#835,.F.);
#1075=ORIENTED_EDGE('',*,*,#827,.T.);
#1076=ORIENTED_EDGE('',*,*,#840,.T.);
#1077=ORIENTED_EDGE('',*,*,#841,.T.);
#1078=ORIENTED_EDGE('',*,*,#842,.F.);
#1079=ORIENTED_EDGE('',*,*,#843,.F.);
#1080=ORIENTED_EDGE('',*,*,#844,.T.);
#1081=ORIENTED_EDGE('',*,*,#845,.T.);
#1082=ORIENTED_EDGE('',*,*,#846,.F.);
#1083=ORIENTED_EDGE('',*,*,#847,.F.);
#1084=ORIENTED_EDGE('',*,*,#848,.T.);
#1085=ORIENTED_EDGE('',*,*,#849,.T.);
#1086=ORIENTED_EDGE('',*,*,#840,.F.);
#1087=ORIENTED_EDGE('',*,*,#850,.F.);
#1088=ORIENTED_EDGE('',*,*,#851,.T.);
#1089=ORIENTED_EDGE('',*,*,#852,.T.);
#1090=ORIENTED_EDGE('',*,*,#844,.F.);
#1091=ORIENTED_EDGE('',*,*,#853,.F.);
#1092=ORIENTED_EDGE('',*,*,#854,.T.);
#1093=ORIENTED_EDGE('',*,*,#855,.T.);
#1094=ORIENTED_EDGE('',*,*,#848,.F.);
#1095=ORIENTED_EDGE('',*,*,#856,.F.);
#1096=ORIENTED_EDGE('',*,*,#857,.T.);
#1097=ORIENTED_EDGE('',*,*,#856,.T.);
#1098=ORIENTED_EDGE('',*,*,#850,.T.);
#1099=ORIENTED_EDGE('',*,*,#843,.T.);
#1100=ORIENTED_EDGE('',*,*,#858,.F.);
#1101=ORIENTED_EDGE('',*,*,#845,.F.);
#1102=ORIENTED_EDGE('',*,*,#852,.F.);
#1103=ORIENTED_EDGE('',*,*,#859,.F.);
#1104=ORIENTED_EDGE('',*,*,#860,.T.);
#1105=ORIENTED_EDGE('',*,*,#859,.T.);
#1106=ORIENTED_EDGE('',*,*,#851,.F.);
#1107=ORIENTED_EDGE('',*,*,#861,.F.);
#1108=ORIENTED_EDGE('',*,*,#862,.T.);
#1109=ORIENTED_EDGE('',*,*,#861,.T.);
#1110=ORIENTED_EDGE('',*,*,#853,.T.);
#1111=ORIENTED_EDGE('',*,*,#847,.T.);
#1112=ORIENTED_EDGE('',*,*,#863,.F.);
#1113=ORIENTED_EDGE('',*,*,#841,.F.);
#1114=ORIENTED_EDGE('',*,*,#849,.F.);
#1115=ORIENTED_EDGE('',*,*,#855,.F.);
#1116=ORIENTED_EDGE('',*,*,#863,.T.);
#1117=ORIENTED_EDGE('',*,*,#846,.T.);
#1118=ORIENTED_EDGE('',*,*,#858,.T.);
#1119=ORIENTED_EDGE('',*,*,#842,.T.);
#1120=ORIENTED_EDGE('',*,*,#862,.F.);
#1121=ORIENTED_EDGE('',*,*,#854,.F.);
#1122=ORIENTED_EDGE('',*,*,#857,.F.);
#1123=ORIENTED_EDGE('',*,*,#860,.F.);
#1124=ORIENTED_EDGE('',*,*,#864,.F.);
#1125=ORIENTED_EDGE('',*,*,#865,.T.);
#1126=ORIENTED_EDGE('',*,*,#866,.T.);
#1127=ORIENTED_EDGE('',*,*,#867,.F.);
#1128=ORIENTED_EDGE('',*,*,#868,.F.);
#1129=ORIENTED_EDGE('',*,*,#869,.T.);
#1130=ORIENTED_EDGE('',*,*,#870,.T.);
#1131=ORIENTED_EDGE('',*,*,#871,.F.);
#1132=ORIENTED_EDGE('',*,*,#872,.F.);
#1133=ORIENTED_EDGE('',*,*,#873,.T.);
#1134=ORIENTED_EDGE('',*,*,#864,.T.);
#1135=ORIENTED_EDGE('',*,*,#874,.F.);
#1136=ORIENTED_EDGE('',*,*,#875,.F.);
#1137=ORIENTED_EDGE('',*,*,#876,.T.);
#1138=ORIENTED_EDGE('',*,*,#868,.T.);
#1139=ORIENTED_EDGE('',*,*,#877,.F.);
#1140=ORIENTED_EDGE('',*,*,#878,.F.);
#1141=ORIENTED_EDGE('',*,*,#879,.T.);
#1142=ORIENTED_EDGE('',*,*,#872,.T.);
#1143=ORIENTED_EDGE('',*,*,#880,.F.);
#1144=ORIENTED_EDGE('',*,*,#881,.F.);
#1145=ORIENTED_EDGE('',*,*,#882,.T.);
#1146=ORIENTED_EDGE('',*,*,#877,.T.);
#1147=ORIENTED_EDGE('',*,*,#871,.T.);
#1148=ORIENTED_EDGE('',*,*,#883,.T.);
#1149=ORIENTED_EDGE('',*,*,#865,.F.);
#1150=ORIENTED_EDGE('',*,*,#873,.F.);
#1151=ORIENTED_EDGE('',*,*,#879,.F.);
#1152=ORIENTED_EDGE('',*,*,#884,.F.);
#1153=ORIENTED_EDGE('',*,*,#885,.T.);
#1154=ORIENTED_EDGE('',*,*,#875,.T.);
#1155=ORIENTED_EDGE('',*,*,#882,.F.);
#1156=ORIENTED_EDGE('',*,*,#886,.F.);
#1157=ORIENTED_EDGE('',*,*,#880,.T.);
#1158=ORIENTED_EDGE('',*,*,#874,.T.);
#1159=ORIENTED_EDGE('',*,*,#867,.T.);
#1160=ORIENTED_EDGE('',*,*,#887,.T.);
#1161=ORIENTED_EDGE('',*,*,#869,.F.);
#1162=ORIENTED_EDGE('',*,*,#876,.F.);
#1163=ORIENTED_EDGE('',*,*,#885,.F.);
#1164=ORIENTED_EDGE('',*,*,#887,.F.);
#1165=ORIENTED_EDGE('',*,*,#866,.F.);
#1166=ORIENTED_EDGE('',*,*,#883,.F.);
#1167=ORIENTED_EDGE('',*,*,#870,.F.);
#1168=ORIENTED_EDGE('',*,*,#886,.T.);
#1169=ORIENTED_EDGE('',*,*,#884,.T.);
#1170=ORIENTED_EDGE('',*,*,#881,.T.);
#1171=ORIENTED_EDGE('',*,*,#878,.T.);
#1172=ORIENTED_EDGE('',*,*,#888,.T.);
#1173=ORIENTED_EDGE('',*,*,#889,.T.);
#1174=ORIENTED_EDGE('',*,*,#890,.F.);
#1175=ORIENTED_EDGE('',*,*,#891,.F.);
#1176=ORIENTED_EDGE('',*,*,#892,.T.);
#1177=ORIENTED_EDGE('',*,*,#893,.T.);
#1178=ORIENTED_EDGE('',*,*,#894,.F.);
#1179=ORIENTED_EDGE('',*,*,#895,.F.);
#1180=ORIENTED_EDGE('',*,*,#896,.T.);
#1181=ORIENTED_EDGE('',*,*,#897,.T.);
#1182=ORIENTED_EDGE('',*,*,#888,.F.);
#1183=ORIENTED_EDGE('',*,*,#898,.F.);
#1184=ORIENTED_EDGE('',*,*,#899,.T.);
#1185=ORIENTED_EDGE('',*,*,#900,.T.);
#1186=ORIENTED_EDGE('',*,*,#892,.F.);
#1187=ORIENTED_EDGE('',*,*,#901,.F.);
#1188=ORIENTED_EDGE('',*,*,#902,.T.);
#1189=ORIENTED_EDGE('',*,*,#903,.T.);
#1190=ORIENTED_EDGE('',*,*,#896,.F.);
#1191=ORIENTED_EDGE('',*,*,#904,.F.);
#1192=ORIENTED_EDGE('',*,*,#905,.T.);
#1193=ORIENTED_EDGE('',*,*,#904,.T.);
#1194=ORIENTED_EDGE('',*,*,#898,.T.);
#1195=ORIENTED_EDGE('',*,*,#891,.T.);
#1196=ORIENTED_EDGE('',*,*,#906,.F.);
#1197=ORIENTED_EDGE('',*,*,#893,.F.);
#1198=ORIENTED_EDGE('',*,*,#900,.F.);
#1199=ORIENTED_EDGE('',*,*,#907,.F.);
#1200=ORIENTED_EDGE('',*,*,#908,.T.);
#1201=ORIENTED_EDGE('',*,*,#907,.T.);
#1202=ORIENTED_EDGE('',*,*,#899,.F.);
#1203=ORIENTED_EDGE('',*,*,#909,.F.);
#1204=ORIENTED_EDGE('',*,*,#910,.T.);
#1205=ORIENTED_EDGE('',*,*,#909,.T.);
#1206=ORIENTED_EDGE('',*,*,#901,.T.);
#1207=ORIENTED_EDGE('',*,*,#895,.T.);
#1208=ORIENTED_EDGE('',*,*,#911,.F.);
#1209=ORIENTED_EDGE('',*,*,#889,.F.);
#1210=ORIENTED_EDGE('',*,*,#897,.F.);
#1211=ORIENTED_EDGE('',*,*,#903,.F.);
#1212=ORIENTED_EDGE('',*,*,#911,.T.);
#1213=ORIENTED_EDGE('',*,*,#894,.T.);
#1214=ORIENTED_EDGE('',*,*,#906,.T.);
#1215=ORIENTED_EDGE('',*,*,#890,.T.);
#1216=ORIENTED_EDGE('',*,*,#910,.F.);
#1217=ORIENTED_EDGE('',*,*,#902,.F.);
#1218=ORIENTED_EDGE('',*,*,#905,.F.);
#1219=ORIENTED_EDGE('',*,*,#908,.F.);
#1220=ORIENTED_EDGE('',*,*,#912,.F.);
#1221=ORIENTED_EDGE('',*,*,#913,.T.);
#1222=ORIENTED_EDGE('',*,*,#914,.T.);
#1223=ORIENTED_EDGE('',*,*,#915,.F.);
#1224=ORIENTED_EDGE('',*,*,#916,.F.);
#1225=ORIENTED_EDGE('',*,*,#917,.T.);
#1226=ORIENTED_EDGE('',*,*,#918,.T.);
#1227=ORIENTED_EDGE('',*,*,#919,.F.);
#1228=ORIENTED_EDGE('',*,*,#920,.F.);
#1229=ORIENTED_EDGE('',*,*,#921,.T.);
#1230=ORIENTED_EDGE('',*,*,#912,.T.);
#1231=ORIENTED_EDGE('',*,*,#922,.F.);
#1232=ORIENTED_EDGE('',*,*,#923,.F.);
#1233=ORIENTED_EDGE('',*,*,#924,.T.);
#1234=ORIENTED_EDGE('',*,*,#916,.T.);
#1235=ORIENTED_EDGE('',*,*,#925,.F.);
#1236=ORIENTED_EDGE('',*,*,#926,.F.);
#1237=ORIENTED_EDGE('',*,*,#927,.T.);
#1238=ORIENTED_EDGE('',*,*,#920,.T.);
#1239=ORIENTED_EDGE('',*,*,#928,.F.);
#1240=ORIENTED_EDGE('',*,*,#929,.F.);
#1241=ORIENTED_EDGE('',*,*,#930,.T.);
#1242=ORIENTED_EDGE('',*,*,#925,.T.);
#1243=ORIENTED_EDGE('',*,*,#919,.T.);
#1244=ORIENTED_EDGE('',*,*,#931,.T.);
#1245=ORIENTED_EDGE('',*,*,#913,.F.);
#1246=ORIENTED_EDGE('',*,*,#921,.F.);
#1247=ORIENTED_EDGE('',*,*,#927,.F.);
#1248=ORIENTED_EDGE('',*,*,#932,.F.);
#1249=ORIENTED_EDGE('',*,*,#933,.T.);
#1250=ORIENTED_EDGE('',*,*,#923,.T.);
#1251=ORIENTED_EDGE('',*,*,#930,.F.);
#1252=ORIENTED_EDGE('',*,*,#934,.F.);
#1253=ORIENTED_EDGE('',*,*,#928,.T.);
#1254=ORIENTED_EDGE('',*,*,#922,.T.);
#1255=ORIENTED_EDGE('',*,*,#915,.T.);
#1256=ORIENTED_EDGE('',*,*,#935,.T.);
#1257=ORIENTED_EDGE('',*,*,#917,.F.);
#1258=ORIENTED_EDGE('',*,*,#924,.F.);
#1259=ORIENTED_EDGE('',*,*,#933,.F.);
#1260=ORIENTED_EDGE('',*,*,#935,.F.);
#1261=ORIENTED_EDGE('',*,*,#914,.F.);
#1262=ORIENTED_EDGE('',*,*,#931,.F.);
#1263=ORIENTED_EDGE('',*,*,#918,.F.);
#1264=ORIENTED_EDGE('',*,*,#934,.T.);
#1265=ORIENTED_EDGE('',*,*,#932,.T.);
#1266=ORIENTED_EDGE('',*,*,#929,.T.);
#1267=ORIENTED_EDGE('',*,*,#926,.T.);
#1268=ORIENTED_EDGE('',*,*,#936,.T.);
#1269=ORIENTED_EDGE('',*,*,#937,.T.);
#1270=ORIENTED_EDGE('',*,*,#938,.T.);
#1271=ORIENTED_EDGE('',*,*,#939,.T.);
#1272=ORIENTED_EDGE('',*,*,#938,.F.);
#1273=ORIENTED_EDGE('',*,*,#940,.F.);
#1274=ORIENTED_EDGE('',*,*,#941,.F.);
#1275=ORIENTED_EDGE('',*,*,#942,.F.);
#1276=ORIENTED_EDGE('',*,*,#943,.F.);
#1277=ORIENTED_EDGE('',*,*,#944,.T.);
#1278=ORIENTED_EDGE('',*,*,#937,.F.);
#1279=ORIENTED_EDGE('',*,*,#945,.T.);
#1280=ORIENTED_EDGE('',*,*,#946,.F.);
#1281=ORIENTED_EDGE('',*,*,#940,.T.);
#1282=ORIENTED_EDGE('',*,*,#941,.T.);
#1283=ORIENTED_EDGE('',*,*,#946,.T.);
#1284=ORIENTED_EDGE('',*,*,#947,.T.);
#1285=ORIENTED_EDGE('',*,*,#948,.T.);
#1286=ORIENTED_EDGE('',*,*,#939,.F.);
#1287=ORIENTED_EDGE('',*,*,#944,.F.);
#1288=ORIENTED_EDGE('',*,*,#949,.F.);
#1289=ORIENTED_EDGE('',*,*,#950,.T.);
#1290=ORIENTED_EDGE('',*,*,#948,.F.);
#1291=ORIENTED_EDGE('',*,*,#951,.F.);
#1292=ORIENTED_EDGE('',*,*,#952,.F.);
#1293=ORIENTED_EDGE('',*,*,#942,.T.);
#1294=ORIENTED_EDGE('',*,*,#936,.F.);
#1295=ORIENTED_EDGE('',*,*,#950,.F.);
#1296=ORIENTED_EDGE('',*,*,#953,.F.);
#1297=ORIENTED_EDGE('',*,*,#951,.T.);
#1298=ORIENTED_EDGE('',*,*,#947,.F.);
#1299=ORIENTED_EDGE('',*,*,#945,.F.);
#1300=ORIENTED_EDGE('',*,*,#953,.T.);
#1301=ORIENTED_EDGE('',*,*,#949,.T.);
#1302=ORIENTED_EDGE('',*,*,#943,.T.);
#1303=ORIENTED_EDGE('',*,*,#952,.T.);
#1304=ORIENTED_EDGE('',*,*,#954,.F.);
#1305=ORIENTED_EDGE('',*,*,#955,.F.);
#1306=ORIENTED_EDGE('',*,*,#956,.F.);
#1307=ORIENTED_EDGE('',*,*,#957,.F.);
#1308=ORIENTED_EDGE('',*,*,#956,.T.);
#1309=ORIENTED_EDGE('',*,*,#958,.F.);
#1310=ORIENTED_EDGE('',*,*,#959,.T.);
#1311=ORIENTED_EDGE('',*,*,#960,.T.);
#1312=ORIENTED_EDGE('',*,*,#961,.T.);
#1313=ORIENTED_EDGE('',*,*,#962,.T.);
#1314=ORIENTED_EDGE('',*,*,#957,.T.);
#1315=ORIENTED_EDGE('',*,*,#962,.F.);
#1316=ORIENTED_EDGE('',*,*,#963,.T.);
#1317=ORIENTED_EDGE('',*,*,#964,.F.);
#1318=ORIENTED_EDGE('',*,*,#961,.F.);
#1319=ORIENTED_EDGE('',*,*,#965,.F.);
#1320=ORIENTED_EDGE('',*,*,#966,.F.);
#1321=ORIENTED_EDGE('',*,*,#963,.F.);
#1322=ORIENTED_EDGE('',*,*,#955,.T.);
#1323=ORIENTED_EDGE('',*,*,#967,.F.);
#1324=ORIENTED_EDGE('',*,*,#968,.T.);
#1325=ORIENTED_EDGE('',*,*,#958,.T.);
#1326=ORIENTED_EDGE('',*,*,#965,.T.);
#1327=ORIENTED_EDGE('',*,*,#960,.F.);
#1328=ORIENTED_EDGE('',*,*,#969,.T.);
#1329=ORIENTED_EDGE('',*,*,#970,.T.);
#1330=ORIENTED_EDGE('',*,*,#954,.T.);
#1331=ORIENTED_EDGE('',*,*,#964,.T.);
#1332=ORIENTED_EDGE('',*,*,#966,.T.);
#1333=ORIENTED_EDGE('',*,*,#970,.F.);
#1334=ORIENTED_EDGE('',*,*,#971,.T.);
#1335=ORIENTED_EDGE('',*,*,#967,.T.);
#1336=ORIENTED_EDGE('',*,*,#971,.F.);
#1337=ORIENTED_EDGE('',*,*,#969,.F.);
#1338=ORIENTED_EDGE('',*,*,#959,.F.);
#1339=ORIENTED_EDGE('',*,*,#968,.F.);
#1340=ORIENTED_EDGE('',*,*,#972,.T.);
#1341=ORIENTED_EDGE('',*,*,#973,.T.);
#1342=ORIENTED_EDGE('',*,*,#974,.T.);
#1343=ORIENTED_EDGE('',*,*,#975,.T.);
#1344=ORIENTED_EDGE('',*,*,#974,.F.);
#1345=ORIENTED_EDGE('',*,*,#976,.F.);
#1346=ORIENTED_EDGE('',*,*,#977,.F.);
#1347=ORIENTED_EDGE('',*,*,#978,.F.);
#1348=ORIENTED_EDGE('',*,*,#979,.F.);
#1349=ORIENTED_EDGE('',*,*,#980,.T.);
#1350=ORIENTED_EDGE('',*,*,#973,.F.);
#1351=ORIENTED_EDGE('',*,*,#981,.T.);
#1352=ORIENTED_EDGE('',*,*,#982,.F.);
#1353=ORIENTED_EDGE('',*,*,#976,.T.);
#1354=ORIENTED_EDGE('',*,*,#977,.T.);
#1355=ORIENTED_EDGE('',*,*,#982,.T.);
#1356=ORIENTED_EDGE('',*,*,#983,.T.);
#1357=ORIENTED_EDGE('',*,*,#984,.T.);
#1358=ORIENTED_EDGE('',*,*,#975,.F.);
#1359=ORIENTED_EDGE('',*,*,#980,.F.);
#1360=ORIENTED_EDGE('',*,*,#985,.F.);
#1361=ORIENTED_EDGE('',*,*,#986,.T.);
#1362=ORIENTED_EDGE('',*,*,#984,.F.);
#1363=ORIENTED_EDGE('',*,*,#987,.F.);
#1364=ORIENTED_EDGE('',*,*,#988,.F.);
#1365=ORIENTED_EDGE('',*,*,#978,.T.);
#1366=ORIENTED_EDGE('',*,*,#972,.F.);
#1367=ORIENTED_EDGE('',*,*,#986,.F.);
#1368=ORIENTED_EDGE('',*,*,#989,.F.);
#1369=ORIENTED_EDGE('',*,*,#987,.T.);
#1370=ORIENTED_EDGE('',*,*,#983,.F.);
#1371=ORIENTED_EDGE('',*,*,#981,.F.);
#1372=ORIENTED_EDGE('',*,*,#989,.T.);
#1373=ORIENTED_EDGE('',*,*,#985,.T.);
#1374=ORIENTED_EDGE('',*,*,#979,.T.);
#1375=ORIENTED_EDGE('',*,*,#988,.T.);
#1376=ORIENTED_EDGE('',*,*,#990,.F.);
#1377=ORIENTED_EDGE('',*,*,#991,.F.);
#1378=ORIENTED_EDGE('',*,*,#992,.F.);
#1379=ORIENTED_EDGE('',*,*,#993,.F.);
#1380=ORIENTED_EDGE('',*,*,#992,.T.);
#1381=ORIENTED_EDGE('',*,*,#994,.F.);
#1382=ORIENTED_EDGE('',*,*,#995,.T.);
#1383=ORIENTED_EDGE('',*,*,#996,.T.);
#1384=ORIENTED_EDGE('',*,*,#997,.T.);
#1385=ORIENTED_EDGE('',*,*,#998,.T.);
#1386=ORIENTED_EDGE('',*,*,#993,.T.);
#1387=ORIENTED_EDGE('',*,*,#998,.F.);
#1388=ORIENTED_EDGE('',*,*,#999,.T.);
#1389=ORIENTED_EDGE('',*,*,#1000,.F.);
#1390=ORIENTED_EDGE('',*,*,#997,.F.);
#1391=ORIENTED_EDGE('',*,*,#1001,.F.);
#1392=ORIENTED_EDGE('',*,*,#1002,.F.);
#1393=ORIENTED_EDGE('',*,*,#999,.F.);
#1394=ORIENTED_EDGE('',*,*,#991,.T.);
#1395=ORIENTED_EDGE('',*,*,#1003,.F.);
#1396=ORIENTED_EDGE('',*,*,#1004,.T.);
#1397=ORIENTED_EDGE('',*,*,#994,.T.);
#1398=ORIENTED_EDGE('',*,*,#1001,.T.);
#1399=ORIENTED_EDGE('',*,*,#996,.F.);
#1400=ORIENTED_EDGE('',*,*,#1005,.T.);
#1401=ORIENTED_EDGE('',*,*,#1006,.T.);
#1402=ORIENTED_EDGE('',*,*,#990,.T.);
#1403=ORIENTED_EDGE('',*,*,#1000,.T.);
#1404=ORIENTED_EDGE('',*,*,#1002,.T.);
#1405=ORIENTED_EDGE('',*,*,#1006,.F.);
#1406=ORIENTED_EDGE('',*,*,#1007,.T.);
#1407=ORIENTED_EDGE('',*,*,#1003,.T.);
#1408=ORIENTED_EDGE('',*,*,#1007,.F.);
#1409=ORIENTED_EDGE('',*,*,#1005,.F.);
#1410=ORIENTED_EDGE('',*,*,#995,.F.);
#1411=ORIENTED_EDGE('',*,*,#1004,.F.);
#1412=CYLINDRICAL_SURFACE('',#1532,0.942857142857143);
#1413=CYLINDRICAL_SURFACE('',#1554,0.18);
#1414=CYLINDRICAL_SURFACE('',#1557,0.0600000000000001);
#1415=CYLINDRICAL_SURFACE('',#1568,0.18);
#1416=CYLINDRICAL_SURFACE('',#1571,0.0600000000000001);
#1417=CYLINDRICAL_SURFACE('',#1582,0.18);
#1418=CYLINDRICAL_SURFACE('',#1585,0.0600000000000001);
#1419=CYLINDRICAL_SURFACE('',#1596,0.18);
#1420=CYLINDRICAL_SURFACE('',#1599,0.0600000000000001);
#1421=ADVANCED_FACE('',(#478),#1412,.F.);
#1422=ADVANCED_FACE('',(#479),#399,.T.);
#1423=ADVANCED_FACE('',(#480),#400,.T.);
#1424=ADVANCED_FACE('',(#481),#401,.T.);
#1425=ADVANCED_FACE('',(#482),#402,.T.);
#1426=ADVANCED_FACE('',(#483),#403,.T.);
#1427=ADVANCED_FACE('',(#484),#404,.T.);
#1428=ADVANCED_FACE('',(#485),#405,.T.);
#1429=ADVANCED_FACE('',(#486),#406,.T.);
#1430=ADVANCED_FACE('',(#487),#407,.T.);
#1431=ADVANCED_FACE('',(#488),#408,.T.);
#1432=ADVANCED_FACE('',(#489),#409,.T.);
#1433=ADVANCED_FACE('',(#490),#410,.T.);
#1434=ADVANCED_FACE('',(#491),#411,.T.);
#1435=ADVANCED_FACE('',(#492),#412,.F.);
#1436=ADVANCED_FACE('',(#493),#413,.T.);
#1437=ADVANCED_FACE('',(#494),#414,.T.);
#1438=ADVANCED_FACE('',(#495),#415,.T.);
#1439=ADVANCED_FACE('',(#496),#1413,.T.);
#1440=ADVANCED_FACE('',(#497),#1414,.F.);
#1441=ADVANCED_FACE('',(#498),#416,.T.);
#1442=ADVANCED_FACE('',(#499),#417,.T.);
#1443=ADVANCED_FACE('',(#500),#418,.T.);
#1444=ADVANCED_FACE('',(#501),#419,.T.);
#1445=ADVANCED_FACE('',(#502),#420,.F.);
#1446=ADVANCED_FACE('',(#503),#421,.T.);
#1447=ADVANCED_FACE('',(#504),#422,.F.);
#1448=ADVANCED_FACE('',(#505),#423,.F.);
#1449=ADVANCED_FACE('',(#506),#1415,.T.);
#1450=ADVANCED_FACE('',(#507),#1416,.F.);
#1451=ADVANCED_FACE('',(#508),#424,.F.);
#1452=ADVANCED_FACE('',(#509),#425,.F.);
#1453=ADVANCED_FACE('',(#510),#426,.F.);
#1454=ADVANCED_FACE('',(#511),#427,.F.);
#1455=ADVANCED_FACE('',(#512),#428,.T.);
#1456=ADVANCED_FACE('',(#513),#429,.F.);
#1457=ADVANCED_FACE('',(#514),#430,.T.);
#1458=ADVANCED_FACE('',(#515),#431,.T.);
#1459=ADVANCED_FACE('',(#516),#1417,.T.);
#1460=ADVANCED_FACE('',(#517),#1418,.F.);
#1461=ADVANCED_FACE('',(#518),#432,.T.);
#1462=ADVANCED_FACE('',(#519),#433,.T.);
#1463=ADVANCED_FACE('',(#520),#434,.T.);
#1464=ADVANCED_FACE('',(#521),#435,.T.);
#1465=ADVANCED_FACE('',(#522),#436,.F.);
#1466=ADVANCED_FACE('',(#523),#437,.T.);
#1467=ADVANCED_FACE('',(#524),#438,.F.);
#1468=ADVANCED_FACE('',(#525),#439,.F.);
#1469=ADVANCED_FACE('',(#526),#1419,.T.);
#1470=ADVANCED_FACE('',(#527),#1420,.F.);
#1471=ADVANCED_FACE('',(#528),#440,.F.);
#1472=ADVANCED_FACE('',(#529),#441,.F.);
#1473=ADVANCED_FACE('',(#530),#442,.F.);
#1474=ADVANCED_FACE('',(#531),#443,.F.);
#1475=ADVANCED_FACE('',(#532),#444,.T.);
#1476=ADVANCED_FACE('',(#533),#445,.F.);
#1477=ADVANCED_FACE('',(#534),#446,.T.);
#1478=ADVANCED_FACE('',(#535),#447,.T.);
#1479=ADVANCED_FACE('',(#536),#448,.T.);
#1480=ADVANCED_FACE('',(#537),#449,.T.);
#1481=ADVANCED_FACE('',(#538),#450,.T.);
#1482=ADVANCED_FACE('',(#539),#451,.T.);
#1483=ADVANCED_FACE('',(#540),#452,.T.);
#1484=ADVANCED_FACE('',(#541),#453,.T.);
#1485=ADVANCED_FACE('',(#542),#454,.F.);
#1486=ADVANCED_FACE('',(#543),#455,.F.);
#1487=ADVANCED_FACE('',(#544),#456,.F.);
#1488=ADVANCED_FACE('',(#545),#457,.F.);
#1489=ADVANCED_FACE('',(#546),#458,.F.);
#1490=ADVANCED_FACE('',(#547),#459,.F.);
#1491=ADVANCED_FACE('',(#548),#460,.F.);
#1492=ADVANCED_FACE('',(#549),#461,.F.);
#1493=ADVANCED_FACE('',(#550),#462,.T.);
#1494=ADVANCED_FACE('',(#551),#463,.T.);
#1495=ADVANCED_FACE('',(#552),#464,.T.);
#1496=ADVANCED_FACE('',(#553),#465,.T.);
#1497=ADVANCED_FACE('',(#554),#466,.T.);
#1498=ADVANCED_FACE('',(#555),#467,.T.);
#1499=ADVANCED_FACE('',(#556),#468,.T.);
#1500=ADVANCED_FACE('',(#557),#469,.T.);
#1501=ADVANCED_FACE('',(#558),#470,.F.);
#1502=ADVANCED_FACE('',(#559),#471,.F.);
#1503=ADVANCED_FACE('',(#560),#472,.F.);
#1504=ADVANCED_FACE('',(#561),#473,.F.);
#1505=ADVANCED_FACE('',(#562),#474,.F.);
#1506=ADVANCED_FACE('',(#563),#475,.F.);
#1507=ADVANCED_FACE('',(#564),#476,.F.);
#1508=ADVANCED_FACE('',(#565),#477,.F.);
#1509=CLOSED_SHELL('',(#1421,#1422,#1423,#1424,#1425,#1426,#1427,#1428,
#1429,#1430,#1431,#1432,#1433,#1434,#1435,#1436));
#1510=CLOSED_SHELL('',(#1437,#1438,#1439,#1440,#1441,#1442,#1443,#1444,
#1445,#1446));
#1511=CLOSED_SHELL('',(#1447,#1448,#1449,#1450,#1451,#1452,#1453,#1454,
#1455,#1456));
#1512=CLOSED_SHELL('',(#1457,#1458,#1459,#1460,#1461,#1462,#1463,#1464,
#1465,#1466));
#1513=CLOSED_SHELL('',(#1467,#1468,#1469,#1470,#1471,#1472,#1473,#1474,
#1475,#1476));
#1514=CLOSED_SHELL('',(#1477,#1478,#1479,#1480,#1481,#1482,#1483,#1484));
#1515=CLOSED_SHELL('',(#1485,#1486,#1487,#1488,#1489,#1490,#1491,#1492));
#1516=CLOSED_SHELL('',(#1493,#1494,#1495,#1496,#1497,#1498,#1499,#1500));
#1517=CLOSED_SHELL('',(#1501,#1502,#1503,#1504,#1505,#1506,#1507,#1508));
#1518=DERIVED_UNIT_ELEMENT(#1520,1.);
#1519=DERIVED_UNIT_ELEMENT(#2477,-3.);
#1520=(
MASS_UNIT()
NAMED_UNIT(*)
SI_UNIT(.KILO.,.GRAM.)
);
#1521=DERIVED_UNIT((#1518,#1519));
#1522=MEASURE_REPRESENTATION_ITEM('density measure',
POSITIVE_RATIO_MEASURE(7850.),#1521);
#1523=PROPERTY_DEFINITION_REPRESENTATION(#1528,#1525);
#1524=PROPERTY_DEFINITION_REPRESENTATION(#1529,#1526);
#1525=REPRESENTATION('material name',(#1527),#2474);
#1526=REPRESENTATION('density',(#1522),#2474);
#1527=DESCRIPTIVE_REPRESENTATION_ITEM('Steel','Steel');
#1528=PROPERTY_DEFINITION('material property','material name',#2489);
#1529=PROPERTY_DEFINITION('material property','density of part',#2489);
#1530=AXIS2_PLACEMENT_3D('',#2045,#1641,#1642);
#1531=AXIS2_PLACEMENT_3D('',#2046,#1643,#1644);
#1532=AXIS2_PLACEMENT_3D('',#2047,#1645,#1646);
#1533=AXIS2_PLACEMENT_3D('',#2050,#1647,#1648);
#1534=AXIS2_PLACEMENT_3D('',#2052,#1649,#1650);
#1535=AXIS2_PLACEMENT_3D('',#2054,#1651,#1652);
#1536=AXIS2_PLACEMENT_3D('',#2055,#1653,#1654);
#1537=AXIS2_PLACEMENT_3D('',#2056,#1655,#1656);
#1538=AXIS2_PLACEMENT_3D('',#2058,#1658,#1659);
#1539=AXIS2_PLACEMENT_3D('',#2068,#1665,#1666);
#1540=AXIS2_PLACEMENT_3D('',#2074,#1670,#1671);
#1541=AXIS2_PLACEMENT_3D('',#2078,#1674,#1675);
#1542=AXIS2_PLACEMENT_3D('',#2082,#1678,#1679);
#1543=AXIS2_PLACEMENT_3D('',#2084,#1681,#1682);
#1544=AXIS2_PLACEMENT_3D('',#2090,#1686,#1687);
#1545=AXIS2_PLACEMENT_3D('',#2094,#1690,#1691);
#1546=AXIS2_PLACEMENT_3D('',#2102,#1696,#1697);
#1547=AXIS2_PLACEMENT_3D('',#2106,#1700,#1701);
#1548=AXIS2_PLACEMENT_3D('',#2111,#1705,#1706);
#1549=AXIS2_PLACEMENT_3D('',#2113,#1708,#1709);
#1550=AXIS2_PLACEMENT_3D('',#2115,#1711,#1712);
#1551=AXIS2_PLACEMENT_3D('',#2116,#1713,#1714);
#1552=AXIS2_PLACEMENT_3D('',#2117,#1715,#1716);
#1553=AXIS2_PLACEMENT_3D('',#2126,#1721,#1722);
#1554=AXIS2_PLACEMENT_3D('',#2135,#1727,#1728);
#1555=AXIS2_PLACEMENT_3D('',#2139,#1730,#1731);
#1556=AXIS2_PLACEMENT_3D('',#2140,#1732,#1733);
#1557=AXIS2_PLACEMENT_3D('',#2141,#1734,#1735);
#1558=AXIS2_PLACEMENT_3D('',#2145,#1737,#1738);
#1559=AXIS2_PLACEMENT_3D('',#2146,#1739,#1740);
#1560=AXIS2_PLACEMENT_3D('',#2147,#1741,#1742);
#1561=AXIS2_PLACEMENT_3D('',#2153,#1746,#1747);
#1562=AXIS2_PLACEMENT_3D('',#2158,#1751,#1752);
#1563=AXIS2_PLACEMENT_3D('',#2162,#1755,#1756);
#1564=AXIS2_PLACEMENT_3D('',#2165,#1759,#1760);
#1565=AXIS2_PLACEMENT_3D('',#2166,#1761,#1762);
#1566=AXIS2_PLACEMENT_3D('',#2167,#1763,#1764);
#1567=AXIS2_PLACEMENT_3D('',#2176,#1769,#1770);
#1568=AXIS2_PLACEMENT_3D('',#2185,#1775,#1776);
#1569=AXIS2_PLACEMENT_3D('',#2189,#1778,#1779);
#1570=AXIS2_PLACEMENT_3D('',#2190,#1780,#1781);
#1571=AXIS2_PLACEMENT_3D('',#2191,#1782,#1783);
#1572=AXIS2_PLACEMENT_3D('',#2195,#1785,#1786);
#1573=AXIS2_PLACEMENT_3D('',#2196,#1787,#1788);
#1574=AXIS2_PLACEMENT_3D('',#2197,#1789,#1790);
#1575=AXIS2_PLACEMENT_3D('',#2203,#1794,#1795);
#1576=AXIS2_PLACEMENT_3D('',#2208,#1799,#1800);
#1577=AXIS2_PLACEMENT_3D('',#2212,#1803,#1804);
#1578=AXIS2_PLACEMENT_3D('',#2215,#1807,#1808);
#1579=AXIS2_PLACEMENT_3D('',#2216,#1809,#1810);
#1580=AXIS2_PLACEMENT_3D('',#2217,#1811,#1812);
#1581=AXIS2_PLACEMENT_3D('',#2226,#1817,#1818);
#1582=AXIS2_PLACEMENT_3D('',#2235,#1823,#1824);
#1583=AXIS2_PLACEMENT_3D('',#2239,#1826,#1827);
#1584=AXIS2_PLACEMENT_3D('',#2240,#1828,#1829);
#1585=AXIS2_PLACEMENT_3D('',#2241,#1830,#1831);
#1586=AXIS2_PLACEMENT_3D('',#2245,#1833,#1834);
#1587=AXIS2_PLACEMENT_3D('',#2246,#1835,#1836);
#1588=AXIS2_PLACEMENT_3D('',#2247,#1837,#1838);
#1589=AXIS2_PLACEMENT_3D('',#2253,#1842,#1843);
#1590=AXIS2_PLACEMENT_3D('',#2258,#1847,#1848);
#1591=AXIS2_PLACEMENT_3D('',#2262,#1851,#1852);
#1592=AXIS2_PLACEMENT_3D('',#2265,#1855,#1856);
#1593=AXIS2_PLACEMENT_3D('',#2266,#1857,#1858);
#1594=AXIS2_PLACEMENT_3D('',#2267,#1859,#1860);
#1595=AXIS2_PLACEMENT_3D('',#2276,#1865,#1866);
#1596=AXIS2_PLACEMENT_3D('',#2285,#1871,#1872);
#1597=AXIS2_PLACEMENT_3D('',#2289,#1874,#1875);
#1598=AXIS2_PLACEMENT_3D('',#2290,#1876,#1877);
#1599=AXIS2_PLACEMENT_3D('',#2291,#1878,#1879);
#1600=AXIS2_PLACEMENT_3D('',#2295,#1881,#1882);
#1601=AXIS2_PLACEMENT_3D('',#2296,#1883,#1884);
#1602=AXIS2_PLACEMENT_3D('',#2297,#1885,#1886);
#1603=AXIS2_PLACEMENT_3D('',#2303,#1890,#1891);
#1604=AXIS2_PLACEMENT_3D('',#2308,#1895,#1896);
#1605=AXIS2_PLACEMENT_3D('',#2312,#1899,#1900);
#1606=AXIS2_PLACEMENT_3D('',#2315,#1903,#1904);
#1607=AXIS2_PLACEMENT_3D('',#2316,#1905,#1906);
#1608=AXIS2_PLACEMENT_3D('',#2317,#1907,#1908);
#1609=AXIS2_PLACEMENT_3D('',#2326,#1913,#1914);
#1610=AXIS2_PLACEMENT_3D('',#2336,#1920,#1921);
#1611=AXIS2_PLACEMENT_3D('',#2340,#1924,#1925);
#1612=AXIS2_PLACEMENT_3D('',#2344,#1928,#1929);
#1613=AXIS2_PLACEMENT_3D('',#2348,#1932,#1933);
#1614=AXIS2_PLACEMENT_3D('',#2352,#1936,#1937);
#1615=AXIS2_PLACEMENT_3D('',#2354,#1939,#1940);
#1616=AXIS2_PLACEMENT_3D('',#2355,#1941,#1942);
#1617=AXIS2_PLACEMENT_3D('',#2364,#1947,#1948);
#1618=AXIS2_PLACEMENT_3D('',#2374,#1954,#1955);
#1619=AXIS2_PLACEMENT_3D('',#2378,#1958,#1959);
#1620=AXIS2_PLACEMENT_3D('',#2382,#1962,#1963);
#1621=AXIS2_PLACEMENT_3D('',#2386,#1966,#1967);
#1622=AXIS2_PLACEMENT_3D('',#2390,#1970,#1971);
#1623=AXIS2_PLACEMENT_3D('',#2392,#1973,#1974);
#1624=AXIS2_PLACEMENT_3D('',#2393,#1975,#1976);
#1625=AXIS2_PLACEMENT_3D('',#2402,#1981,#1982);
#1626=AXIS2_PLACEMENT_3D('',#2412,#1988,#1989);
#1627=AXIS2_PLACEMENT_3D('',#2416,#1992,#1993);
#1628=AXIS2_PLACEMENT_3D('',#2420,#1996,#1997);
#1629=AXIS2_PLACEMENT_3D('',#2424,#2000,#2001);
#1630=AXIS2_PLACEMENT_3D('',#2428,#2004,#2005);
#1631=AXIS2_PLACEMENT_3D('',#2430,#2007,#2008);
#1632=AXIS2_PLACEMENT_3D('',#2431,#2009,#2010);
#1633=AXIS2_PLACEMENT_3D('',#2440,#2015,#2016);
#1634=AXIS2_PLACEMENT_3D('',#2450,#2022,#2023);
#1635=AXIS2_PLACEMENT_3D('',#2454,#2026,#2027);
#1636=AXIS2_PLACEMENT_3D('',#2458,#2030,#2031);
#1637=AXIS2_PLACEMENT_3D('',#2462,#2034,#2035);
#1638=AXIS2_PLACEMENT_3D('',#2466,#2038,#2039);
#1639=AXIS2_PLACEMENT_3D('',#2468,#2041,#2042);
#1640=AXIS2_PLACEMENT_3D('',#2469,#2043,#2044);
#1641=DIRECTION('axis',(0.,0.,1.));
#1642=DIRECTION('refdir',(1.,0.,0.));
#1643=DIRECTION('axis',(0.,0.,1.));
#1644=DIRECTION('refdir',(1.,0.,0.));
#1645=DIRECTION('center_axis',(0.,0.,-1.));
#1646=DIRECTION('ref_axis',(6.12323399573677E-17,-1.,0.));
#1647=DIRECTION('center_axis',(0.,-0.974027494514642,-0.226429768205352));
#1648=DIRECTION('ref_axis',(0.,-0.226429768205352,0.974027494514642));
#1649=DIRECTION('center_axis',(0.,0.,-1.));
#1650=DIRECTION('ref_axis',(1.,0.,0.));
#1651=DIRECTION('center_axis',(0.,-0.974027494514642,-0.226429768205352));
#1652=DIRECTION('ref_axis',(0.,-0.226429768205352,0.974027494514642));
#1653=DIRECTION('center_axis',(0.,0.,-1.));
#1654=DIRECTION('ref_axis',(1.,0.,0.));
#1655=DIRECTION('center_axis',(0.,0.,1.));
#1656=DIRECTION('ref_axis',(1.,0.,0.));
#1657=DIRECTION('',(1.,0.,0.));
#1658=DIRECTION('center_axis',(0.,0.,1.));
#1659=DIRECTION('ref_axis',(1.,0.,0.));
#1660=DIRECTION('',(1.,0.,0.));
#1661=DIRECTION('',(0.,1.,0.));
#1662=DIRECTION('',(-1.,0.,0.));
#1663=DIRECTION('',(0.,-1.,0.));
#1664=DIRECTION('',(1.,0.,0.));
#1665=DIRECTION('center_axis',(-0.974027494514642,0.,0.226429768205352));
#1666=DIRECTION('ref_axis',(0.226429768205352,0.,0.974027494514642));
#1667=DIRECTION('',(-0.220839266258435,0.220839266258435,-0.949978966586562));
#1668=DIRECTION('',(0.,-1.,0.));
#1669=DIRECTION('',(-0.220839266258435,-0.220839266258435,-0.949978966586562));
#1670=DIRECTION('center_axis',(0.,0.974027494514642,0.226429768205352));
#1671=DIRECTION('ref_axis',(0.,-0.226429768205352,0.974027494514642));
#1672=DIRECTION('',(0.220839266258435,0.220839266258435,-0.949978966586562));
#1673=DIRECTION('',(-1.,0.,0.));
#1674=DIRECTION('center_axis',(0.974027494514642,0.,0.226429768205352));
#1675=DIRECTION('ref_axis',(0.226429768205352,0.,-0.974027494514642));
#1676=DIRECTION('',(0.220839266258435,-0.220839266258435,-0.949978966586562));
#1677=DIRECTION('',(0.,1.,0.));
#1678=DIRECTION('center_axis',(0.,-0.974027494514642,0.226429768205352));
#1679=DIRECTION('ref_axis',(0.,-0.226429768205352,-0.974027494514642));
#1680=DIRECTION('',(1.,0.,0.));
#1681=DIRECTION('center_axis',(0.,-1.,0.));
#1682=DIRECTION('ref_axis',(1.,0.,0.));
#1683=DIRECTION('',(0.,0.,1.));
#1684=DIRECTION('',(-1.,0.,0.));
#1685=DIRECTION('',(0.,0.,1.));
#1686=DIRECTION('center_axis',(-1.,0.,0.));
#1687=DIRECTION('ref_axis',(0.,-1.,0.));
#1688=DIRECTION('',(0.,0.,1.));
#1689=DIRECTION('',(0.,1.,0.));
#1690=DIRECTION('center_axis',(0.974027494514642,0.,-0.226429768205352));
#1691=DIRECTION('ref_axis',(-0.226429768205352,0.,-0.974027494514642));
#1692=DIRECTION('',(0.,-1.,0.));
#1693=DIRECTION('',(-0.220839266258435,0.220839266258435,-0.949978966586562));
#1694=DIRECTION('',(0.,1.,0.));
#1695=DIRECTION('',(0.220839266258435,0.220839266258435,0.949978966586562));
#1696=DIRECTION('center_axis',(0.,-0.974027494514642,-0.226429768205352));
#1697=DIRECTION('ref_axis',(0.,0.226429768205352,-0.974027494514642));
#1698=DIRECTION('',(1.,0.,0.));
#1699=DIRECTION('',(-0.220839266258435,-0.220839266258435,0.949978966586562));
#1700=DIRECTION('center_axis',(0.,0.974027494514642,-0.226429768205352));
#1701=DIRECTION('ref_axis',(0.,0.226429768205352,0.974027494514642));
#1702=DIRECTION('',(1.,0.,0.));
#1703=DIRECTION('',(-1.,0.,0.));
#1704=DIRECTION('',(-0.220839266258435,0.220839266258435,0.949978966586562));
#1705=DIRECTION('center_axis',(-0.974027494514642,0.,-0.226429768205352));
#1706=DIRECTION('ref_axis',(-0.226429768205352,0.,0.974027494514642));
#1707=DIRECTION('',(0.,-1.,0.));
#1708=DIRECTION('center_axis',(1.,0.,0.));
#1709=DIRECTION('ref_axis',(0.,1.,0.));
#1710=DIRECTION('',(0.,0.,1.));
#1711=DIRECTION('center_axis',(0.,0.,1.));
#1712=DIRECTION('ref_axis',(1.,0.,0.));
#1713=DIRECTION('center_axis',(0.,1.,0.));
#1714=DIRECTION('ref_axis',(-1.,0.,0.));
#1715=DIRECTION('center_axis',(-1.,0.,-2.98447049630418E-16));
#1716=DIRECTION('ref_axis',(0.,1.,0.));
#1717=DIRECTION('',(0.,1.,0.));
#1718=DIRECTION('',(2.98447049630418E-16,0.,-1.));
#1719=DIRECTION('',(0.,1.,0.));
#1720=DIRECTION('',(2.98447049630418E-16,0.,-1.));
#1721=DIRECTION('center_axis',(1.,0.,2.98447049630418E-16));
#1722=DIRECTION('ref_axis',(0.,-1.,0.));
#1723=DIRECTION('',(0.,-1.,0.));
#1724=DIRECTION('',(2.98447049630418E-16,0.,-1.));
#1725=DIRECTION('',(0.,-1.,0.));
#1726=DIRECTION('',(2.98447049630418E-16,0.,-1.));
#1727=DIRECTION('center_axis',(0.,-1.,0.));
#1728=DIRECTION('ref_axis',(4.62592926927148E-15,0.,1.));
#1729=DIRECTION('',(0.,1.,0.));
#1730=DIRECTION('center_axis',(0.,-1.,0.));
#1731=DIRECTION('ref_axis',(3.08395284618099E-15,0.,1.));
#1732=DIRECTION('center_axis',(0.,-1.,0.));
#1733=DIRECTION('ref_axis',(3.08395284618099E-15,0.,1.));
#1734=DIRECTION('center_axis',(0.,-1.,0.));
#1735=DIRECTION('ref_axis',(4.62592926927148E-15,0.,1.));
#1736=DIRECTION('',(0.,-1.,0.));
#1737=DIRECTION('center_axis',(0.,-1.,0.));
#1738=DIRECTION('ref_axis',(0.,0.,1.));
#1739=DIRECTION('center_axis',(0.,-1.,0.));
#1740=DIRECTION('ref_axis',(0.,0.,1.));
#1741=DIRECTION('center_axis',(0.,0.,1.));
#1742=DIRECTION('ref_axis',(0.,1.,0.));
#1743=DIRECTION('',(0.,1.,0.));
#1744=DIRECTION('',(-1.,0.,0.));
#1745=DIRECTION('',(-1.,0.,0.));
#1746=DIRECTION('center_axis',(0.,-1.,0.));
#1747=DIRECTION('ref_axis',(0.,0.,1.));
#1748=DIRECTION('',(0.,0.,1.));
#1749=DIRECTION('',(-1.,0.,-4.60170436346829E-15));
#1750=DIRECTION('',(-1.,0.,0.));
#1751=DIRECTION('center_axis',(0.,0.,-1.));
#1752=DIRECTION('ref_axis',(0.,-1.,0.));
#1753=DIRECTION('',(0.,-1.,0.));
#1754=DIRECTION('',(-1.,0.,0.));
#1755=DIRECTION('center_axis',(0.,1.,0.));
#1756=DIRECTION('ref_axis',(0.,0.,-1.));
#1757=DIRECTION('',(0.,0.,-1.));
#1758=DIRECTION('',(1.,0.,4.60170436346829E-15));
#1759=DIRECTION('center_axis',(-4.60170436346829E-15,0.,1.));
#1760=DIRECTION('ref_axis',(1.,0.,4.60170436346829E-15));
#1761=DIRECTION('center_axis',(1.,0.,0.));
#1762=DIRECTION('ref_axis',(0.,0.,-1.));
#1763=DIRECTION('center_axis',(1.,0.,2.98447049630418E-16));
#1764=DIRECTION('ref_axis',(0.,-1.,0.));
#1765=DIRECTION('',(0.,-1.,0.));
#1766=DIRECTION('',(2.98447049630418E-16,0.,-1.));
#1767=DIRECTION('',(0.,-1.,0.));
#1768=DIRECTION('',(2.98447049630418E-16,0.,-1.));
#1769=DIRECTION('center_axis',(-1.,0.,-2.98447049630418E-16));
#1770=DIRECTION('ref_axis',(0.,1.,0.));
#1771=DIRECTION('',(0.,1.,0.));
#1772=DIRECTION('',(2.98447049630418E-16,0.,-1.));
#1773=DIRECTION('',(0.,1.,0.));
#1774=DIRECTION('',(2.98447049630418E-16,0.,-1.));
#1775=DIRECTION('center_axis',(0.,-1.,0.));
#1776=DIRECTION('ref_axis',(4.62592926927148E-15,0.,1.));
#1777=DIRECTION('',(0.,-1.,0.));
#1778=DIRECTION('center_axis',(0.,-1.,0.));
#1779=DIRECTION('ref_axis',(3.08395284618099E-15,0.,1.));
#1780=DIRECTION('center_axis',(0.,-1.,0.));
#1781=DIRECTION('ref_axis',(3.08395284618099E-15,0.,1.));
#1782=DIRECTION('center_axis',(0.,-1.,0.));
#1783=DIRECTION('ref_axis',(4.62592926927148E-15,0.,1.));
#1784=DIRECTION('',(0.,1.,0.));
#1785=DIRECTION('center_axis',(0.,-1.,0.));
#1786=DIRECTION('ref_axis',(0.,0.,1.));
#1787=DIRECTION('center_axis',(0.,-1.,0.));
#1788=DIRECTION('ref_axis',(0.,0.,1.));
#1789=DIRECTION('center_axis',(0.,0.,-1.));
#1790=DIRECTION('ref_axis',(0.,-1.,0.));
#1791=DIRECTION('',(0.,-1.,0.));
#1792=DIRECTION('',(-1.,0.,0.));
#1793=DIRECTION('',(-1.,0.,0.));
#1794=DIRECTION('center_axis',(0.,-1.,0.));
#1795=DIRECTION('ref_axis',(0.,0.,1.));
#1796=DIRECTION('',(0.,0.,1.));
#1797=DIRECTION('',(-1.,0.,0.));
#1798=DIRECTION('',(-1.,0.,-4.60170436346829E-15));
#1799=DIRECTION('center_axis',(0.,0.,1.));
#1800=DIRECTION('ref_axis',(0.,1.,0.));
#1801=DIRECTION('',(0.,1.,0.));
#1802=DIRECTION('',(-1.,0.,0.));
#1803=DIRECTION('center_axis',(0.,1.,0.));
#1804=DIRECTION('ref_axis',(0.,0.,-1.));
#1805=DIRECTION('',(0.,0.,-1.));
#1806=DIRECTION('',(1.,0.,4.60170436346829E-15));
#1807=DIRECTION('center_axis',(4.60170436346829E-15,0.,-1.));
#1808=DIRECTION('ref_axis',(1.,0.,4.60170436346829E-15));
#1809=DIRECTION('center_axis',(-1.,0.,0.));
#1810=DIRECTION('ref_axis',(0.,0.,-1.));
#1811=DIRECTION('center_axis',(1.,0.,-2.98447049630418E-16));
#1812=DIRECTION('ref_axis',(0.,-1.,0.));
#1813=DIRECTION('',(0.,-1.,0.));
#1814=DIRECTION('',(-2.98447049630418E-16,0.,-1.));
#1815=DIRECTION('',(0.,-1.,0.));
#1816=DIRECTION('',(-2.98447049630418E-16,0.,-1.));
#1817=DIRECTION('center_axis',(-1.,0.,2.98447049630418E-16));
#1818=DIRECTION('ref_axis',(0.,1.,0.));
#1819=DIRECTION('',(0.,1.,0.));
#1820=DIRECTION('',(-2.98447049630418E-16,0.,-1.));
#1821=DIRECTION('',(0.,1.,0.));
#1822=DIRECTION('',(-2.98447049630418E-16,0.,-1.));
#1823=DIRECTION('center_axis',(0.,1.,0.));
#1824=DIRECTION('ref_axis',(-4.62592926927148E-15,0.,1.));
#1825=DIRECTION('',(0.,-1.,0.));
#1826=DIRECTION('center_axis',(0.,1.,0.));
#1827=DIRECTION('ref_axis',(-3.08395284618099E-15,0.,1.));
#1828=DIRECTION('center_axis',(0.,1.,0.));
#1829=DIRECTION('ref_axis',(-3.08395284618099E-15,0.,1.));
#1830=DIRECTION('center_axis',(0.,1.,0.));
#1831=DIRECTION('ref_axis',(-4.62592926927148E-15,0.,1.));
#1832=DIRECTION('',(0.,1.,0.));
#1833=DIRECTION('center_axis',(0.,1.,0.));
#1834=DIRECTION('ref_axis',(0.,0.,1.));
#1835=DIRECTION('center_axis',(0.,1.,0.));
#1836=DIRECTION('ref_axis',(0.,0.,1.));
#1837=DIRECTION('center_axis',(0.,0.,1.));
#1838=DIRECTION('ref_axis',(0.,-1.,0.));
#1839=DIRECTION('',(0.,-1.,0.));
#1840=DIRECTION('',(1.,0.,0.));
#1841=DIRECTION('',(1.,0.,0.));
#1842=DIRECTION('center_axis',(0.,1.,0.));
#1843=DIRECTION('ref_axis',(0.,0.,1.));
#1844=DIRECTION('',(0.,0.,1.));
#1845=DIRECTION('',(1.,0.,-4.60170436346829E-15));
#1846=DIRECTION('',(1.,0.,0.));
#1847=DIRECTION('center_axis',(0.,0.,-1.));
#1848=DIRECTION('ref_axis',(0.,1.,0.));
#1849=DIRECTION('',(0.,1.,0.));
#1850=DIRECTION('',(1.,0.,0.));
#1851=DIRECTION('center_axis',(0.,-1.,0.));
#1852=DIRECTION('ref_axis',(0.,0.,-1.));
#1853=DIRECTION('',(0.,0.,-1.));
#1854=DIRECTION('',(-1.,0.,4.60170436346829E-15));
#1855=DIRECTION('center_axis',(4.60170436346829E-15,0.,1.));
#1856=DIRECTION('ref_axis',(-1.,0.,4.60170436346829E-15));
#1857=DIRECTION('center_axis',(-1.,0.,0.));
#1858=DIRECTION('ref_axis',(0.,0.,-1.));
#1859=DIRECTION('center_axis',(-1.,0.,2.98447049630418E-16));
#1860=DIRECTION('ref_axis',(0.,1.,0.));
#1861=DIRECTION('',(0.,1.,0.));
#1862=DIRECTION('',(-2.98447049630418E-16,0.,-1.));
#1863=DIRECTION('',(0.,1.,0.));
#1864=DIRECTION('',(-2.98447049630418E-16,0.,-1.));
#1865=DIRECTION('center_axis',(1.,0.,-2.98447049630418E-16));
#1866=DIRECTION('ref_axis',(0.,-1.,0.));
#1867=DIRECTION('',(0.,-1.,0.));
#1868=DIRECTION('',(-2.98447049630418E-16,0.,-1.));
#1869=DIRECTION('',(0.,-1.,0.));
#1870=DIRECTION('',(-2.98447049630418E-16,0.,-1.));
#1871=DIRECTION('center_axis',(0.,1.,0.));
#1872=DIRECTION('ref_axis',(-4.62592926927148E-15,0.,1.));
#1873=DIRECTION('',(0.,1.,0.));
#1874=DIRECTION('center_axis',(0.,1.,0.));
#1875=DIRECTION('ref_axis',(-3.08395284618099E-15,0.,1.));
#1876=DIRECTION('center_axis',(0.,1.,0.));
#1877=DIRECTION('ref_axis',(-3.08395284618099E-15,0.,1.));
#1878=DIRECTION('center_axis',(0.,1.,0.));
#1879=DIRECTION('ref_axis',(-4.62592926927148E-15,0.,1.));
#1880=DIRECTION('',(0.,-1.,0.));
#1881=DIRECTION('center_axis',(0.,1.,0.));
#1882=DIRECTION('ref_axis',(0.,0.,1.));
#1883=DIRECTION('center_axis',(0.,1.,0.));
#1884=DIRECTION('ref_axis',(0.,0.,1.));
#1885=DIRECTION('center_axis',(0.,0.,-1.));
#1886=DIRECTION('ref_axis',(0.,1.,0.));
#1887=DIRECTION('',(0.,1.,0.));
#1888=DIRECTION('',(1.,0.,0.));
#1889=DIRECTION('',(1.,0.,0.));
#1890=DIRECTION('center_axis',(0.,1.,0.));
#1891=DIRECTION('ref_axis',(0.,0.,1.));
#1892=DIRECTION('',(0.,0.,1.));
#1893=DIRECTION('',(1.,0.,0.));
#1894=DIRECTION('',(1.,0.,-4.60170436346829E-15));
#1895=DIRECTION('center_axis',(0.,0.,1.));
#1896=DIRECTION('ref_axis',(0.,-1.,0.));
#1897=DIRECTION('',(0.,-1.,0.));
#1898=DIRECTION('',(1.,0.,0.));
#1899=DIRECTION('center_axis',(0.,-1.,0.));
#1900=DIRECTION('ref_axis',(0.,0.,-1.));
#1901=DIRECTION('',(0.,0.,-1.));
#1902=DIRECTION('',(-1.,0.,4.60170436346829E-15));
#1903=DIRECTION('center_axis',(-4.60170436346829E-15,0.,-1.));
#1904=DIRECTION('ref_axis',(-1.,0.,4.60170436346829E-15));
#1905=DIRECTION('center_axis',(1.,0.,0.));
#1906=DIRECTION('ref_axis',(0.,0.,-1.));
#1907=DIRECTION('center_axis',(0.,0.894427190999916,-0.447213595499958));
#1908=DIRECTION('ref_axis',(0.,0.447213595499958,0.894427190999916));
#1909=DIRECTION('',(0.,-0.447213595499958,-0.894427190999916));
#1910=DIRECTION('',(-1.,0.,0.));
#1911=DIRECTION('',(0.,0.447213595499958,0.894427190999916));
#1912=DIRECTION('',(1.,0.,0.));
#1913=DIRECTION('center_axis',(-1.,0.,0.));
#1914=DIRECTION('ref_axis',(0.,1.,0.));
#1915=DIRECTION('',(0.,1.,0.));
#1916=DIRECTION('',(0.,0.447213595499958,-0.894427190999916));
#1917=DIRECTION('',(0.,0.,-1.));
#1918=DIRECTION('',(0.,-1.,0.));
#1919=DIRECTION('',(0.,0.,-1.));
#1920=DIRECTION('center_axis',(0.,0.,-1.));
#1921=DIRECTION('ref_axis',(-1.,0.,0.));
#1922=DIRECTION('',(0.,-1.,0.));
#1923=DIRECTION('',(1.,0.,0.));
#1924=DIRECTION('center_axis',(0.,-0.894427190999916,-0.447213595499958));
#1925=DIRECTION('ref_axis',(0.,0.447213595499958,-0.894427190999916));
#1926=DIRECTION('',(0.,-0.447213595499958,0.894427190999916));
#1927=DIRECTION('',(-1.,0.,0.));
#1928=DIRECTION('center_axis',(0.,1.,0.));
#1929=DIRECTION('ref_axis',(1.,0.,0.));
#1930=DIRECTION('',(-1.,0.,0.));
#1931=DIRECTION('',(0.,0.,-1.));
#1932=DIRECTION('center_axis',(0.,-1.,0.));
#1933=DIRECTION('ref_axis',(-1.,0.,0.));
#1934=DIRECTION('',(0.,0.,-1.));
#1935=DIRECTION('',(1.,0.,0.));
#1936=DIRECTION('center_axis',(1.,0.,0.));
#1937=DIRECTION('ref_axis',(0.,-1.,0.));
#1938=DIRECTION('',(0.,1.,0.));
#1939=DIRECTION('center_axis',(0.,0.,1.));
#1940=DIRECTION('ref_axis',(1.,0.,0.));
#1941=DIRECTION('center_axis',(0.,-0.894427190999916,0.447213595499958));
#1942=DIRECTION('ref_axis',(0.,0.447213595499958,0.894427190999916));
#1943=DIRECTION('',(0.,-0.447213595499958,-0.894427190999916));
#1944=DIRECTION('',(-1.,0.,0.));
#1945=DIRECTION('',(0.,0.447213595499958,0.894427190999916));
#1946=DIRECTION('',(1.,0.,0.));
#1947=DIRECTION('center_axis',(-1.,0.,0.));
#1948=DIRECTION('ref_axis',(0.,1.,0.));
#1949=DIRECTION('',(0.,0.,-1.));
#1950=DIRECTION('',(0.,-1.,0.));
#1951=DIRECTION('',(0.,0.,-1.));
#1952=DIRECTION('',(0.,0.447213595499958,-0.894427190999916));
#1953=DIRECTION('',(0.,1.,0.));
#1954=DIRECTION('center_axis',(0.,0.,1.));
#1955=DIRECTION('ref_axis',(1.,0.,0.));
#1956=DIRECTION('',(-1.,0.,0.));
#1957=DIRECTION('',(0.,-1.,0.));
#1958=DIRECTION('center_axis',(0.,0.894427190999916,0.447213595499958));
#1959=DIRECTION('ref_axis',(0.,0.447213595499958,-0.894427190999916));
#1960=DIRECTION('',(1.,0.,0.));
#1961=DIRECTION('',(0.,-0.447213595499958,0.894427190999916));
#1962=DIRECTION('center_axis',(0.,-1.,0.));
#1963=DIRECTION('ref_axis',(-1.,0.,0.));
#1964=DIRECTION('',(0.,0.,-1.));
#1965=DIRECTION('',(1.,0.,0.));
#1966=DIRECTION('center_axis',(0.,1.,0.));
#1967=DIRECTION('ref_axis',(1.,0.,0.));
#1968=DIRECTION('',(-1.,0.,0.));
#1969=DIRECTION('',(0.,0.,-1.));
#1970=DIRECTION('center_axis',(1.,0.,0.));
#1971=DIRECTION('ref_axis',(0.,-1.,0.));
#1972=DIRECTION('',(0.,1.,0.));
#1973=DIRECTION('center_axis',(0.,0.,-1.));
#1974=DIRECTION('ref_axis',(-1.,0.,0.));
#1975=DIRECTION('center_axis',(0.,0.894427190999916,-0.447213595499958));
#1976=DIRECTION('ref_axis',(0.,0.447213595499958,0.894427190999916));
#1977=DIRECTION('',(0.,-0.447213595499958,-0.894427190999916));
#1978=DIRECTION('',(-1.,0.,0.));
#1979=DIRECTION('',(0.,0.447213595499958,0.894427190999916));
#1980=DIRECTION('',(1.,0.,0.));
#1981=DIRECTION('center_axis',(-1.,0.,0.));
#1982=DIRECTION('ref_axis',(0.,1.,0.));
#1983=DIRECTION('',(0.,1.,0.));
#1984=DIRECTION('',(0.,0.447213595499958,-0.894427190999916));
#1985=DIRECTION('',(0.,0.,-1.));
#1986=DIRECTION('',(0.,-1.,0.));
#1987=DIRECTION('',(0.,0.,-1.));
#1988=DIRECTION('center_axis',(0.,0.,-1.));
#1989=DIRECTION('ref_axis',(-1.,0.,0.));
#1990=DIRECTION('',(0.,-1.,0.));
#1991=DIRECTION('',(1.,0.,0.));
#1992=DIRECTION('center_axis',(0.,-0.894427190999916,-0.447213595499958));
#1993=DIRECTION('ref_axis',(0.,0.447213595499958,-0.894427190999916));
#1994=DIRECTION('',(0.,-0.447213595499958,0.894427190999916));
#1995=DIRECTION('',(-1.,0.,0.));
#1996=DIRECTION('center_axis',(0.,1.,0.));
#1997=DIRECTION('ref_axis',(1.,0.,0.));
#1998=DIRECTION('',(-1.,0.,0.));
#1999=DIRECTION('',(0.,0.,-1.));
#2000=DIRECTION('center_axis',(0.,-1.,0.));
#2001=DIRECTION('ref_axis',(-1.,0.,0.));
#2002=DIRECTION('',(0.,0.,-1.));
#2003=DIRECTION('',(1.,0.,0.));
#2004=DIRECTION('center_axis',(1.,0.,0.));
#2005=DIRECTION('ref_axis',(0.,-1.,0.));
#2006=DIRECTION('',(0.,1.,0.));
#2007=DIRECTION('center_axis',(0.,0.,1.));
#2008=DIRECTION('ref_axis',(1.,0.,0.));
#2009=DIRECTION('center_axis',(0.,-0.894427190999916,0.447213595499958));
#2010=DIRECTION('ref_axis',(0.,0.447213595499958,0.894427190999916));
#2011=DIRECTION('',(0.,-0.447213595499958,-0.894427190999916));
#2012=DIRECTION('',(-1.,0.,0.));
#2013=DIRECTION('',(0.,0.447213595499958,0.894427190999916));
#2014=DIRECTION('',(1.,0.,0.));
#2015=DIRECTION('center_axis',(-1.,0.,0.));
#2016=DIRECTION('ref_axis',(0.,1.,0.));
#2017=DIRECTION('',(0.,0.,-1.));
#2018=DIRECTION('',(0.,-1.,0.));
#2019=DIRECTION('',(0.,0.,-1.));
#2020=DIRECTION('',(0.,0.447213595499958,-0.894427190999916));
#2021=DIRECTION('',(0.,1.,0.));
#2022=DIRECTION('center_axis',(0.,0.,1.));
#2023=DIRECTION('ref_axis',(1.,0.,0.));
#2024=DIRECTION('',(-1.,0.,0.));
#2025=DIRECTION('',(0.,-1.,0.));
#2026=DIRECTION('center_axis',(0.,0.894427190999916,0.447213595499958));
#2027=DIRECTION('ref_axis',(0.,0.447213595499958,-0.894427190999916));
#2028=DIRECTION('',(1.,0.,0.));
#2029=DIRECTION('',(0.,-0.447213595499958,0.894427190999916));
#2030=DIRECTION('center_axis',(0.,-1.,0.));
#2031=DIRECTION('ref_axis',(-1.,0.,0.));
#2032=DIRECTION('',(0.,0.,-1.));
#2033=DIRECTION('',(1.,0.,0.));
#2034=DIRECTION('center_axis',(0.,1.,0.));
#2035=DIRECTION('ref_axis',(1.,0.,0.));
#2036=DIRECTION('',(-1.,0.,0.));
#2037=DIRECTION('',(0.,0.,-1.));
#2038=DIRECTION('center_axis',(1.,0.,0.));
#2039=DIRECTION('ref_axis',(0.,-1.,0.));
#2040=DIRECTION('',(0.,1.,0.));
#2041=DIRECTION('center_axis',(0.,0.,-1.));
#2042=DIRECTION('ref_axis',(-1.,0.,0.));
#2043=DIRECTION('',(0.,0.,1.));
#2044=DIRECTION('',(1.,0.,0.));
#2045=CARTESIAN_POINT('',(0.,0.,0.));
#2046=CARTESIAN_POINT('',(0.,0.,0.));
#2047=CARTESIAN_POINT('Origin',(0.,2.045,3.58));
#2048=CARTESIAN_POINT('',(0.930839436183162,2.19505844155844,2.685));
#2049=CARTESIAN_POINT('',(0.941071512605038,1.987,3.58));
#2050=CARTESIAN_POINT('Origin',(0.,2.045,3.33050279329609));
#2051=CARTESIAN_POINT('',(-0.930839436183162,2.19505844155844,2.685));
#2052=CARTESIAN_POINT('Origin',(0.,2.045,2.685));
#2053=CARTESIAN_POINT('',(-0.941071512605038,1.987,3.58));
#2054=CARTESIAN_POINT('Origin',(0.,2.045,3.33050279329609));
#2055=CARTESIAN_POINT('Origin',(0.,2.045,3.58));
#2056=CARTESIAN_POINT('Origin',(0.,2.045,2.685));
#2057=CARTESIAN_POINT('',(0.825,2.19505844155844,2.685));
#2058=CARTESIAN_POINT('Origin',(0.,0.,3.58));
#2059=CARTESIAN_POINT('',(-2.942,1.987,3.58));
#2060=CARTESIAN_POINT('',(1.65,1.987,3.58));
#2061=CARTESIAN_POINT('',(-2.942,-1.987,3.58));
#2062=CARTESIAN_POINT('',(-2.942,1.1725,3.58));
#2063=CARTESIAN_POINT('',(2.942,-1.987,3.58));
#2064=CARTESIAN_POINT('',(-1.65,-1.987,3.58));
#2065=CARTESIAN_POINT('',(2.942,1.987,3.58));
#2066=CARTESIAN_POINT('',(2.942,-1.1725,3.58));
#2067=CARTESIAN_POINT('',(1.65,1.987,3.58));
#2068=CARTESIAN_POINT('Origin',(-3.121,1.1725,2.81));
#2069=CARTESIAN_POINT('',(-3.3,2.345,2.04));
#2070=CARTESIAN_POINT('',(-2.942,1.987,3.58));
#2071=CARTESIAN_POINT('',(-3.3,-2.345,2.04));
#2072=CARTESIAN_POINT('',(-3.3,1.1725,2.04));
#2073=CARTESIAN_POINT('',(-2.942,-1.987,3.58));
#2074=CARTESIAN_POINT('Origin',(1.65,2.166,2.81));
#2075=CARTESIAN_POINT('',(3.3,2.345,2.04));
#2076=CARTESIAN_POINT('',(2.942,1.987,3.58));
#2077=CARTESIAN_POINT('',(1.65,2.345,2.04));
#2078=CARTESIAN_POINT('Origin',(3.121,-1.1725,2.81));
#2079=CARTESIAN_POINT('',(3.3,-2.345,2.04));
#2080=CARTESIAN_POINT('',(2.942,-1.987,3.58));
#2081=CARTESIAN_POINT('',(3.3,-1.1725,2.04));
#2082=CARTESIAN_POINT('Origin',(-1.65,-2.166,2.81));
#2083=CARTESIAN_POINT('',(-1.65,-2.345,2.04));
#2084=CARTESIAN_POINT('Origin',(-3.3,-2.345,0.38));
#2085=CARTESIAN_POINT('',(-3.3,-2.345,1.92));
#2086=CARTESIAN_POINT('',(-3.3,-2.345,0.38));
#2087=CARTESIAN_POINT('',(3.3,-2.345,1.92));
#2088=CARTESIAN_POINT('',(-1.65,-2.345,1.92));
#2089=CARTESIAN_POINT('',(3.3,-2.345,0.38));
#2090=CARTESIAN_POINT('Origin',(-3.3,2.345,0.38));
#2091=CARTESIAN_POINT('',(-3.3,2.345,1.92));
#2092=CARTESIAN_POINT('',(-3.3,2.345,0.38));
#2093=CARTESIAN_POINT('',(-3.3,1.1725,1.92));
#2094=CARTESIAN_POINT('Origin',(3.121,-1.1725,1.15));
#2095=CARTESIAN_POINT('',(3.3,2.345,1.92));
#2096=CARTESIAN_POINT('',(3.3,-1.1725,1.92));
#2097=CARTESIAN_POINT('',(2.942,-1.987,0.38));
#2098=CARTESIAN_POINT('',(3.3,-2.345,1.92));
#2099=CARTESIAN_POINT('',(2.942,1.987,0.38));
#2100=CARTESIAN_POINT('',(2.942,-1.1725,0.38));
#2101=CARTESIAN_POINT('',(2.942,1.987,0.38));
#2102=CARTESIAN_POINT('Origin',(-1.65,-2.166,1.15));
#2103=CARTESIAN_POINT('',(-2.942,-1.987,0.38));
#2104=CARTESIAN_POINT('',(-1.65,-1.987,0.38));
#2105=CARTESIAN_POINT('',(-2.942,-1.987,0.38));
#2106=CARTESIAN_POINT('Origin',(1.65,2.166,1.15));
#2107=CARTESIAN_POINT('',(1.65,2.345,1.92));
#2108=CARTESIAN_POINT('',(-2.942,1.987,0.38));
#2109=CARTESIAN_POINT('',(1.65,1.987,0.38));
#2110=CARTESIAN_POINT('',(-2.942,1.987,0.38));
#2111=CARTESIAN_POINT('Origin',(-3.121,1.1725,1.15));
#2112=CARTESIAN_POINT('',(-2.942,1.1725,0.38));
#2113=CARTESIAN_POINT('Origin',(3.3,-2.345,0.38));
#2114=CARTESIAN_POINT('',(3.3,2.345,0.38));
#2115=CARTESIAN_POINT('Origin',(0.,0.,0.38));
#2116=CARTESIAN_POINT('Origin',(3.3,2.345,0.38));
#2117=CARTESIAN_POINT('Origin',(-3.87,-1.535,1.86));
#2118=CARTESIAN_POINT('',(-3.87,-1.535,1.86));
#2119=CARTESIAN_POINT('',(-3.87,-0.475,1.86));
#2120=CARTESIAN_POINT('',(-3.87,-1.535,1.86));
#2121=CARTESIAN_POINT('',(-3.87,-0.475,-2.77555756156289E-16));
#2122=CARTESIAN_POINT('',(-3.87,-0.475,1.86));
#2123=CARTESIAN_POINT('',(-3.87,-1.535,-2.77555756156289E-16));
#2124=CARTESIAN_POINT('',(-3.87,-1.535,-1.11022302462516E-15));
#2125=CARTESIAN_POINT('',(-3.87,-1.535,1.86));
#2126=CARTESIAN_POINT('Origin',(-3.75,-0.475,1.86));
#2127=CARTESIAN_POINT('',(-3.75,-0.475,1.86));
#2128=CARTESIAN_POINT('',(-3.75,-1.535,1.86));
#2129=CARTESIAN_POINT('',(-3.75,-0.475,1.86));
#2130=CARTESIAN_POINT('',(-3.75,-1.535,2.77555756156289E-16));
#2131=CARTESIAN_POINT('',(-3.75,-1.535,1.86));
#2132=CARTESIAN_POINT('',(-3.75,-0.475,2.77555756156289E-16));
#2133=CARTESIAN_POINT('',(-3.75,-0.475,-5.55111512312578E-16));
#2134=CARTESIAN_POINT('',(-3.75,-0.475,1.86));
#2135=CARTESIAN_POINT('Origin',(-3.69,-1.005,1.86));
#2136=CARTESIAN_POINT('',(-3.69,-1.535,2.04));
#2137=CARTESIAN_POINT('',(-3.69,-0.475,2.04));
#2138=CARTESIAN_POINT('',(-3.69,-1.535,2.04));
#2139=CARTESIAN_POINT('Origin',(-3.69,-0.475,1.86));
#2140=CARTESIAN_POINT('Origin',(-3.69,-1.535,1.86));
#2141=CARTESIAN_POINT('Origin',(-3.69,-1.005,1.86));
#2142=CARTESIAN_POINT('',(-3.69,-0.475,1.92));
#2143=CARTESIAN_POINT('',(-3.69,-1.535,1.92));
#2144=CARTESIAN_POINT('',(-3.69,-0.475,1.92));
#2145=CARTESIAN_POINT('Origin',(-3.69,-1.535,1.86));
#2146=CARTESIAN_POINT('Origin',(-3.69,-0.475,1.86));
#2147=CARTESIAN_POINT('Origin',(-3.3,-1.535,2.04));
#2148=CARTESIAN_POINT('',(-3.3,-1.535,2.04));
#2149=CARTESIAN_POINT('',(-3.3,-0.475,2.04));
#2150=CARTESIAN_POINT('',(-3.3,-1.535,2.04));
#2151=CARTESIAN_POINT('',(-3.3,-0.475,2.04));
#2152=CARTESIAN_POINT('',(-3.3,-1.535,2.04));
#2153=CARTESIAN_POINT('Origin',(-3.3,-1.535,1.92));
#2154=CARTESIAN_POINT('',(-3.3,-1.535,1.92));
#2155=CARTESIAN_POINT('',(-3.3,-1.535,1.92));
#2156=CARTESIAN_POINT('',(-3.75,-1.535,-5.55111512312578E-16));
#2157=CARTESIAN_POINT('',(-3.3,-1.535,1.92));
#2158=CARTESIAN_POINT('Origin',(-3.3,-0.475,1.92));
#2159=CARTESIAN_POINT('',(-3.3,-0.475,1.92));
#2160=CARTESIAN_POINT('',(-3.3,-0.475,1.92));
#2161=CARTESIAN_POINT('',(-3.3,-0.475,1.92));
#2162=CARTESIAN_POINT('Origin',(-3.3,-0.475,2.04));
#2163=CARTESIAN_POINT('',(-3.3,-0.475,2.04));
#2164=CARTESIAN_POINT('',(-3.87,-0.475,-1.11022302462516E-15));
#2165=CARTESIAN_POINT('Origin',(-3.81,-1.005,0.));
#2166=CARTESIAN_POINT('Origin',(-3.3,-1.005,1.98));
#2167=CARTESIAN_POINT('Origin',(-3.87,1.535,1.86));
#2168=CARTESIAN_POINT('',(-3.87,1.535,1.86));
#2169=CARTESIAN_POINT('',(-3.87,0.475,1.86));
#2170=CARTESIAN_POINT('',(-3.87,1.535,1.86));
#2171=CARTESIAN_POINT('',(-3.87,1.535,-2.77555756156289E-16));
#2172=CARTESIAN_POINT('',(-3.87,1.535,1.86));
#2173=CARTESIAN_POINT('',(-3.87,0.475,-2.77555756156289E-16));
#2174=CARTESIAN_POINT('',(-3.87,1.535,-1.11022302462516E-15));
#2175=CARTESIAN_POINT('',(-3.87,0.475,1.86));
#2176=CARTESIAN_POINT('Origin',(-3.75,0.475,1.86));
#2177=CARTESIAN_POINT('',(-3.75,0.475,1.86));
#2178=CARTESIAN_POINT('',(-3.75,1.535,1.86));
#2179=CARTESIAN_POINT('',(-3.75,0.475,1.86));
#2180=CARTESIAN_POINT('',(-3.75,0.475,2.77555756156289E-16));
#2181=CARTESIAN_POINT('',(-3.75,0.475,1.86));
#2182=CARTESIAN_POINT('',(-3.75,1.535,2.77555756156289E-16));
#2183=CARTESIAN_POINT('',(-3.75,0.475,-5.55111512312578E-16));
#2184=CARTESIAN_POINT('',(-3.75,1.535,1.86));
#2185=CARTESIAN_POINT('Origin',(-3.69,1.005,1.86));
#2186=CARTESIAN_POINT('',(-3.69,1.535,2.04));
#2187=CARTESIAN_POINT('',(-3.69,0.475,2.04));
#2188=CARTESIAN_POINT('',(-3.69,1.535,2.04));
#2189=CARTESIAN_POINT('Origin',(-3.69,1.535,1.86));
#2190=CARTESIAN_POINT('Origin',(-3.69,0.475,1.86));
#2191=CARTESIAN_POINT('Origin',(-3.69,1.005,1.86));
#2192=CARTESIAN_POINT('',(-3.69,0.475,1.92));
#2193=CARTESIAN_POINT('',(-3.69,1.535,1.92));
#2194=CARTESIAN_POINT('',(-3.69,0.475,1.92));
#2195=CARTESIAN_POINT('Origin',(-3.69,0.475,1.86));
#2196=CARTESIAN_POINT('Origin',(-3.69,1.535,1.86));
#2197=CARTESIAN_POINT('Origin',(-3.3,1.535,2.04));
#2198=CARTESIAN_POINT('',(-3.3,1.535,2.04));
#2199=CARTESIAN_POINT('',(-3.3,0.475,2.04));
#2200=CARTESIAN_POINT('',(-3.3,1.535,2.04));
#2201=CARTESIAN_POINT('',(-3.3,1.535,2.04));
#2202=CARTESIAN_POINT('',(-3.3,0.475,2.04));
#2203=CARTESIAN_POINT('Origin',(-3.3,1.535,1.92));
#2204=CARTESIAN_POINT('',(-3.3,1.535,1.92));
#2205=CARTESIAN_POINT('',(-3.3,1.535,1.92));
#2206=CARTESIAN_POINT('',(-3.3,1.535,1.92));
#2207=CARTESIAN_POINT('',(-3.75,1.535,-5.55111512312578E-16));
#2208=CARTESIAN_POINT('Origin',(-3.3,0.475,1.92));
#2209=CARTESIAN_POINT('',(-3.3,0.475,1.92));
#2210=CARTESIAN_POINT('',(-3.3,0.475,1.92));
#2211=CARTESIAN_POINT('',(-3.3,0.475,1.92));
#2212=CARTESIAN_POINT('Origin',(-3.3,0.475,2.04));
#2213=CARTESIAN_POINT('',(-3.3,0.475,2.04));
#2214=CARTESIAN_POINT('',(-3.87,0.475,-1.11022302462516E-15));
#2215=CARTESIAN_POINT('Origin',(-3.81,1.005,0.));
#2216=CARTESIAN_POINT('Origin',(-3.3,1.005,1.98));
#2217=CARTESIAN_POINT('Origin',(3.87,1.535,1.86));
#2218=CARTESIAN_POINT('',(3.87,1.535,1.86));
#2219=CARTESIAN_POINT('',(3.87,0.475,1.86));
#2220=CARTESIAN_POINT('',(3.87,1.535,1.86));
#2221=CARTESIAN_POINT('',(3.87,0.475,-2.77555756156289E-16));
#2222=CARTESIAN_POINT('',(3.87,0.475,1.86));
#2223=CARTESIAN_POINT('',(3.87,1.535,-2.77555756156289E-16));
#2224=CARTESIAN_POINT('',(3.87,1.535,-1.11022302462516E-15));
#2225=CARTESIAN_POINT('',(3.87,1.535,1.86));
#2226=CARTESIAN_POINT('Origin',(3.75,0.475,1.86));
#2227=CARTESIAN_POINT('',(3.75,0.475,1.86));
#2228=CARTESIAN_POINT('',(3.75,1.535,1.86));
#2229=CARTESIAN_POINT('',(3.75,0.475,1.86));
#2230=CARTESIAN_POINT('',(3.75,1.535,2.77555756156289E-16));
#2231=CARTESIAN_POINT('',(3.75,1.535,1.86));
#2232=CARTESIAN_POINT('',(3.75,0.475,2.77555756156289E-16));
#2233=CARTESIAN_POINT('',(3.75,0.475,-5.55111512312578E-16));
#2234=CARTESIAN_POINT('',(3.75,0.475,1.86));
#2235=CARTESIAN_POINT('Origin',(3.69,1.005,1.86));
#2236=CARTESIAN_POINT('',(3.69,1.535,2.04));
#2237=CARTESIAN_POINT('',(3.69,0.475,2.04));
#2238=CARTESIAN_POINT('',(3.69,1.535,2.04));
#2239=CARTESIAN_POINT('Origin',(3.69,0.475,1.86));
#2240=CARTESIAN_POINT('Origin',(3.69,1.535,1.86));
#2241=CARTESIAN_POINT('Origin',(3.69,1.005,1.86));
#2242=CARTESIAN_POINT('',(3.69,0.475,1.92));
#2243=CARTESIAN_POINT('',(3.69,1.535,1.92));
#2244=CARTESIAN_POINT('',(3.69,0.475,1.92));
#2245=CARTESIAN_POINT('Origin',(3.69,1.535,1.86));
#2246=CARTESIAN_POINT('Origin',(3.69,0.475,1.86));
#2247=CARTESIAN_POINT('Origin',(3.3,1.535,2.04));
#2248=CARTESIAN_POINT('',(3.3,1.535,2.04));
#2249=CARTESIAN_POINT('',(3.3,0.475,2.04));
#2250=CARTESIAN_POINT('',(3.3,1.535,2.04));
#2251=CARTESIAN_POINT('',(3.3,0.475,2.04));
#2252=CARTESIAN_POINT('',(3.3,1.535,2.04));
#2253=CARTESIAN_POINT('Origin',(3.3,1.535,1.92));
#2254=CARTESIAN_POINT('',(3.3,1.535,1.92));
#2255=CARTESIAN_POINT('',(3.3,1.535,1.92));
#2256=CARTESIAN_POINT('',(3.75,1.535,-5.55111512312578E-16));
#2257=CARTESIAN_POINT('',(3.3,1.535,1.92));
#2258=CARTESIAN_POINT('Origin',(3.3,0.475,1.92));
#2259=CARTESIAN_POINT('',(3.3,0.475,1.92));
#2260=CARTESIAN_POINT('',(3.3,0.475,1.92));
#2261=CARTESIAN_POINT('',(3.3,0.475,1.92));
#2262=CARTESIAN_POINT('Origin',(3.3,0.475,2.04));
#2263=CARTESIAN_POINT('',(3.3,0.475,2.04));
#2264=CARTESIAN_POINT('',(3.87,0.475,-1.11022302462516E-15));
#2265=CARTESIAN_POINT('Origin',(3.81,1.005,0.));
#2266=CARTESIAN_POINT('Origin',(3.3,1.005,1.98));
#2267=CARTESIAN_POINT('Origin',(3.87,-1.535,1.86));
#2268=CARTESIAN_POINT('',(3.87,-1.535,1.86));
#2269=CARTESIAN_POINT('',(3.87,-0.475,1.86));
#2270=CARTESIAN_POINT('',(3.87,-1.535,1.86));
#2271=CARTESIAN_POINT('',(3.87,-1.535,-2.77555756156289E-16));
#2272=CARTESIAN_POINT('',(3.87,-1.535,1.86));
#2273=CARTESIAN_POINT('',(3.87,-0.475,-2.77555756156289E-16));
#2274=CARTESIAN_POINT('',(3.87,-1.535,-1.11022302462516E-15));
#2275=CARTESIAN_POINT('',(3.87,-0.475,1.86));
#2276=CARTESIAN_POINT('Origin',(3.75,-0.475,1.86));
#2277=CARTESIAN_POINT('',(3.75,-0.475,1.86));
#2278=CARTESIAN_POINT('',(3.75,-1.535,1.86));
#2279=CARTESIAN_POINT('',(3.75,-0.475,1.86));
#2280=CARTESIAN_POINT('',(3.75,-0.475,2.77555756156289E-16));
#2281=CARTESIAN_POINT('',(3.75,-0.475,1.86));
#2282=CARTESIAN_POINT('',(3.75,-1.535,2.77555756156289E-16));
#2283=CARTESIAN_POINT('',(3.75,-0.475,-5.55111512312578E-16));
#2284=CARTESIAN_POINT('',(3.75,-1.535,1.86));
#2285=CARTESIAN_POINT('Origin',(3.69,-1.005,1.86));
#2286=CARTESIAN_POINT('',(3.69,-1.535,2.04));
#2287=CARTESIAN_POINT('',(3.69,-0.475,2.04));
#2288=CARTESIAN_POINT('',(3.69,-1.535,2.04));
#2289=CARTESIAN_POINT('Origin',(3.69,-1.535,1.86));
#2290=CARTESIAN_POINT('Origin',(3.69,-0.475,1.86));
#2291=CARTESIAN_POINT('Origin',(3.69,-1.005,1.86));
#2292=CARTESIAN_POINT('',(3.69,-0.475,1.92));
#2293=CARTESIAN_POINT('',(3.69,-1.535,1.92));
#2294=CARTESIAN_POINT('',(3.69,-0.475,1.92));
#2295=CARTESIAN_POINT('Origin',(3.69,-0.475,1.86));
#2296=CARTESIAN_POINT('Origin',(3.69,-1.535,1.86));
#2297=CARTESIAN_POINT('Origin',(3.3,-1.535,2.04));
#2298=CARTESIAN_POINT('',(3.3,-1.535,2.04));
#2299=CARTESIAN_POINT('',(3.3,-0.475,2.04));
#2300=CARTESIAN_POINT('',(3.3,-1.535,2.04));
#2301=CARTESIAN_POINT('',(3.3,-1.535,2.04));
#2302=CARTESIAN_POINT('',(3.3,-0.475,2.04));
#2303=CARTESIAN_POINT('Origin',(3.3,-1.535,1.92));
#2304=CARTESIAN_POINT('',(3.3,-1.535,1.92));
#2305=CARTESIAN_POINT('',(3.3,-1.535,1.92));
#2306=CARTESIAN_POINT('',(3.3,-1.535,1.92));
#2307=CARTESIAN_POINT('',(3.75,-1.535,-5.55111512312578E-16));
#2308=CARTESIAN_POINT('Origin',(3.3,-0.475,1.92));
#2309=CARTESIAN_POINT('',(3.3,-0.475,1.92));
#2310=CARTESIAN_POINT('',(3.3,-0.475,1.92));
#2311=CARTESIAN_POINT('',(3.3,-0.475,1.92));
#2312=CARTESIAN_POINT('Origin',(3.3,-0.475,2.04));
#2313=CARTESIAN_POINT('',(3.3,-0.475,2.04));
#2314=CARTESIAN_POINT('',(3.87,-0.475,-1.11022302462516E-15));
#2315=CARTESIAN_POINT('Origin',(3.81,-1.005,0.));
#2316=CARTESIAN_POINT('Origin',(3.3,-1.005,1.98));
#2317=CARTESIAN_POINT('Origin',(-3.84,-1.09333333333333,-2.22333333333333));
#2318=CARTESIAN_POINT('',(-3.75,-1.005,-2.04666666666667));
#2319=CARTESIAN_POINT('',(-3.75,-1.18166666666667,-2.4));
#2320=CARTESIAN_POINT('',(-3.75,-0.639833333333333,-1.31633333333333));
#2321=CARTESIAN_POINT('',(-3.87,-1.18166666666667,-2.4));
#2322=CARTESIAN_POINT('',(-3.84,-1.18166666666667,-2.4));
#2323=CARTESIAN_POINT('',(-3.87,-1.005,-2.04666666666667));
#2324=CARTESIAN_POINT('',(-3.87,-0.692833333333334,-1.42233333333333));
#2325=CARTESIAN_POINT('',(-3.84,-1.005,-2.04666666666667));
#2326=CARTESIAN_POINT('Origin',(-3.87,-1.535,0.));
#2327=CARTESIAN_POINT('',(-3.87,-1.35833333333333,-2.4));
#2328=CARTESIAN_POINT('',(-3.87,-1.005,-2.4));
#2329=CARTESIAN_POINT('',(-3.87,-1.535,-2.04666666666667));
#2330=CARTESIAN_POINT('',(-3.87,-1.90016666666667,-1.31633333333333));
#2331=CARTESIAN_POINT('',(-3.87,-1.535,0.));
#2332=CARTESIAN_POINT('',(-3.87,-1.535,0.));
#2333=CARTESIAN_POINT('',(-3.87,-1.005,0.));
#2334=CARTESIAN_POINT('',(-3.87,-1.005,0.));
#2335=CARTESIAN_POINT('',(-3.87,-1.005,0.));
#2336=CARTESIAN_POINT('Origin',(-3.81,-1.27,-2.4));
#2337=CARTESIAN_POINT('',(-3.75,-1.35833333333333,-2.4));
#2338=CARTESIAN_POINT('',(-3.75,-1.535,-2.4));
#2339=CARTESIAN_POINT('',(-3.78,-1.35833333333333,-2.4));
#2340=CARTESIAN_POINT('Origin',(-3.78,-1.44666666666667,-2.22333333333333));
#2341=CARTESIAN_POINT('',(-3.75,-1.535,-2.04666666666667));
#2342=CARTESIAN_POINT('',(-3.75,-1.84716666666667,-1.42233333333333));
#2343=CARTESIAN_POINT('',(-3.78,-1.535,-2.04666666666667));
#2344=CARTESIAN_POINT('Origin',(-3.87,-1.005,0.));
#2345=CARTESIAN_POINT('',(-3.75,-1.005,0.));
#2346=CARTESIAN_POINT('',(-3.75,-1.005,0.));
#2347=CARTESIAN_POINT('',(-3.75,-1.005,0.));
#2348=CARTESIAN_POINT('Origin',(-3.75,-1.535,0.));
#2349=CARTESIAN_POINT('',(-3.75,-1.535,0.));
#2350=CARTESIAN_POINT('',(-3.75,-1.535,0.));
#2351=CARTESIAN_POINT('',(-3.87,-1.535,0.));
#2352=CARTESIAN_POINT('Origin',(-3.75,-1.005,0.));
#2353=CARTESIAN_POINT('',(-3.75,-1.535,0.));
#2354=CARTESIAN_POINT('Origin',(-3.81,-1.27,0.));
#2355=CARTESIAN_POINT('Origin',(3.84,-1.09333333333333,-2.22333333333333));
#2356=CARTESIAN_POINT('',(3.75,-1.005,-2.04666666666667));
#2357=CARTESIAN_POINT('',(3.75,-1.18166666666667,-2.4));
#2358=CARTESIAN_POINT('',(3.75,-0.639833333333333,-1.31633333333333));
#2359=CARTESIAN_POINT('',(3.87,-1.005,-2.04666666666667));
#2360=CARTESIAN_POINT('',(3.84,-1.005,-2.04666666666667));
#2361=CARTESIAN_POINT('',(3.87,-1.18166666666667,-2.4));
#2362=CARTESIAN_POINT('',(3.87,-0.692833333333334,-1.42233333333333));
#2363=CARTESIAN_POINT('',(3.84,-1.18166666666667,-2.4));
#2364=CARTESIAN_POINT('Origin',(3.87,-1.535,0.));
#2365=CARTESIAN_POINT('',(3.87,-1.005,0.));
#2366=CARTESIAN_POINT('',(3.87,-1.005,0.));
#2367=CARTESIAN_POINT('',(3.87,-1.535,0.));
#2368=CARTESIAN_POINT('',(3.87,-1.005,0.));
#2369=CARTESIAN_POINT('',(3.87,-1.535,-2.04666666666667));
#2370=CARTESIAN_POINT('',(3.87,-1.535,0.));
#2371=CARTESIAN_POINT('',(3.87,-1.35833333333333,-2.4));
#2372=CARTESIAN_POINT('',(3.87,-1.90016666666667,-1.31633333333333));
#2373=CARTESIAN_POINT('',(3.87,-1.005,-2.4));
#2374=CARTESIAN_POINT('Origin',(3.81,-1.27,-2.4));
#2375=CARTESIAN_POINT('',(3.75,-1.35833333333333,-2.4));
#2376=CARTESIAN_POINT('',(3.78,-1.35833333333333,-2.4));
#2377=CARTESIAN_POINT('',(3.75,-1.535,-2.4));
#2378=CARTESIAN_POINT('Origin',(3.78,-1.44666666666667,-2.22333333333333));
#2379=CARTESIAN_POINT('',(3.75,-1.535,-2.04666666666667));
#2380=CARTESIAN_POINT('',(3.78,-1.535,-2.04666666666667));
#2381=CARTESIAN_POINT('',(3.75,-1.84716666666667,-1.42233333333333));
#2382=CARTESIAN_POINT('Origin',(3.87,-1.005,0.));
#2383=CARTESIAN_POINT('',(3.75,-1.005,0.));
#2384=CARTESIAN_POINT('',(3.75,-1.005,0.));
#2385=CARTESIAN_POINT('',(3.75,-1.005,0.));
#2386=CARTESIAN_POINT('Origin',(3.75,-1.535,0.));
#2387=CARTESIAN_POINT('',(3.75,-1.535,0.));
#2388=CARTESIAN_POINT('',(3.87,-1.535,0.));
#2389=CARTESIAN_POINT('',(3.75,-1.535,0.));
#2390=CARTESIAN_POINT('Origin',(3.75,-1.005,0.));
#2391=CARTESIAN_POINT('',(3.75,-1.535,0.));
#2392=CARTESIAN_POINT('Origin',(3.81,-1.27,0.));
#2393=CARTESIAN_POINT('Origin',(-3.84,1.44666666666667,-2.22333333333333));
#2394=CARTESIAN_POINT('',(-3.75,1.535,-2.04666666666667));
#2395=CARTESIAN_POINT('',(-3.75,1.35833333333333,-2.4));
#2396=CARTESIAN_POINT('',(-3.75,1.90016666666667,-1.31633333333333));
#2397=CARTESIAN_POINT('',(-3.87,1.35833333333333,-2.4));
#2398=CARTESIAN_POINT('',(-3.84,1.35833333333333,-2.4));
#2399=CARTESIAN_POINT('',(-3.87,1.535,-2.04666666666667));
#2400=CARTESIAN_POINT('',(-3.87,1.84716666666667,-1.42233333333333));
#2401=CARTESIAN_POINT('',(-3.84,1.535,-2.04666666666667));
#2402=CARTESIAN_POINT('Origin',(-3.87,1.005,0.));
#2403=CARTESIAN_POINT('',(-3.87,1.18166666666667,-2.4));
#2404=CARTESIAN_POINT('',(-3.87,1.535,-2.4));
#2405=CARTESIAN_POINT('',(-3.87,1.005,-2.04666666666667));
#2406=CARTESIAN_POINT('',(-3.87,0.639833333333333,-1.31633333333333));
#2407=CARTESIAN_POINT('',(-3.87,1.005,0.));
#2408=CARTESIAN_POINT('',(-3.87,1.005,0.));
#2409=CARTESIAN_POINT('',(-3.87,1.535,0.));
#2410=CARTESIAN_POINT('',(-3.87,1.535,0.));
#2411=CARTESIAN_POINT('',(-3.87,1.535,0.));
#2412=CARTESIAN_POINT('Origin',(-3.81,1.27,-2.4));
#2413=CARTESIAN_POINT('',(-3.75,1.18166666666667,-2.4));
#2414=CARTESIAN_POINT('',(-3.75,1.005,-2.4));
#2415=CARTESIAN_POINT('',(-3.78,1.18166666666667,-2.4));
#2416=CARTESIAN_POINT('Origin',(-3.78,1.09333333333333,-2.22333333333333));
#2417=CARTESIAN_POINT('',(-3.75,1.005,-2.04666666666667));
#2418=CARTESIAN_POINT('',(-3.75,0.692833333333333,-1.42233333333333));
#2419=CARTESIAN_POINT('',(-3.78,1.005,-2.04666666666667));
#2420=CARTESIAN_POINT('Origin',(-3.87,1.535,0.));
#2421=CARTESIAN_POINT('',(-3.75,1.535,0.));
#2422=CARTESIAN_POINT('',(-3.75,1.535,0.));
#2423=CARTESIAN_POINT('',(-3.75,1.535,0.));
#2424=CARTESIAN_POINT('Origin',(-3.75,1.005,0.));
#2425=CARTESIAN_POINT('',(-3.75,1.005,0.));
#2426=CARTESIAN_POINT('',(-3.75,1.005,0.));
#2427=CARTESIAN_POINT('',(-3.87,1.005,0.));
#2428=CARTESIAN_POINT('Origin',(-3.75,1.535,0.));
#2429=CARTESIAN_POINT('',(-3.75,1.005,0.));
#2430=CARTESIAN_POINT('Origin',(-3.81,1.27,0.));
#2431=CARTESIAN_POINT('Origin',(3.84,1.44666666666667,-2.22333333333333));
#2432=CARTESIAN_POINT('',(3.75,1.535,-2.04666666666667));
#2433=CARTESIAN_POINT('',(3.75,1.35833333333333,-2.4));
#2434=CARTESIAN_POINT('',(3.75,1.90016666666667,-1.31633333333333));
#2435=CARTESIAN_POINT('',(3.87,1.535,-2.04666666666667));
#2436=CARTESIAN_POINT('',(3.84,1.535,-2.04666666666667));
#2437=CARTESIAN_POINT('',(3.87,1.35833333333333,-2.4));
#2438=CARTESIAN_POINT('',(3.87,1.84716666666667,-1.42233333333333));
#2439=CARTESIAN_POINT('',(3.84,1.35833333333333,-2.4));
#2440=CARTESIAN_POINT('Origin',(3.87,1.005,0.));
#2441=CARTESIAN_POINT('',(3.87,1.535,0.));
#2442=CARTESIAN_POINT('',(3.87,1.535,0.));
#2443=CARTESIAN_POINT('',(3.87,1.005,0.));
#2444=CARTESIAN_POINT('',(3.87,1.535,0.));
#2445=CARTESIAN_POINT('',(3.87,1.005,-2.04666666666667));
#2446=CARTESIAN_POINT('',(3.87,1.005,0.));
#2447=CARTESIAN_POINT('',(3.87,1.18166666666667,-2.4));
#2448=CARTESIAN_POINT('',(3.87,0.639833333333333,-1.31633333333333));
#2449=CARTESIAN_POINT('',(3.87,1.535,-2.4));
#2450=CARTESIAN_POINT('Origin',(3.81,1.27,-2.4));
#2451=CARTESIAN_POINT('',(3.75,1.18166666666667,-2.4));
#2452=CARTESIAN_POINT('',(3.78,1.18166666666667,-2.4));
#2453=CARTESIAN_POINT('',(3.75,1.005,-2.4));
#2454=CARTESIAN_POINT('Origin',(3.78,1.09333333333333,-2.22333333333333));
#2455=CARTESIAN_POINT('',(3.75,1.005,-2.04666666666667));
#2456=CARTESIAN_POINT('',(3.78,1.005,-2.04666666666667));
#2457=CARTESIAN_POINT('',(3.75,0.692833333333333,-1.42233333333333));
#2458=CARTESIAN_POINT('Origin',(3.87,1.535,0.));
#2459=CARTESIAN_POINT('',(3.75,1.535,0.));
#2460=CARTESIAN_POINT('',(3.75,1.535,0.));
#2461=CARTESIAN_POINT('',(3.75,1.535,0.));
#2462=CARTESIAN_POINT('Origin',(3.75,1.005,0.));
#2463=CARTESIAN_POINT('',(3.75,1.005,0.));
#2464=CARTESIAN_POINT('',(3.87,1.005,0.));
#2465=CARTESIAN_POINT('',(3.75,1.005,0.));
#2466=CARTESIAN_POINT('Origin',(3.75,1.535,0.));
#2467=CARTESIAN_POINT('',(3.75,1.005,0.));
#2468=CARTESIAN_POINT('Origin',(3.81,1.27,0.));
#2469=CARTESIAN_POINT('',(0.,0.,0.));
#2470=UNCERTAINTY_MEASURE_WITH_UNIT(LENGTH_MEASURE(0.01),#2476,
'DISTANCE_ACCURACY_VALUE',
'Maximum model space distance between geometric entities at asserted c
onnectivities');
#2471=UNCERTAINTY_MEASURE_WITH_UNIT(LENGTH_MEASURE(0.01),#2476,
'DISTANCE_ACCURACY_VALUE',
'Maximum model space distance between geometric entities at asserted c
onnectivities');
#2472=UNCERTAINTY_MEASURE_WITH_UNIT(LENGTH_MEASURE(0.01),#2476,
'DISTANCE_ACCURACY_VALUE',
'Maximum model space distance between geometric entities at asserted c
onnectivities');
#2473=(
GEOMETRIC_REPRESENTATION_CONTEXT(3)
GLOBAL_UNCERTAINTY_ASSIGNED_CONTEXT((#2470))
GLOBAL_UNIT_ASSIGNED_CONTEXT((#2476,#2478,#2479))
REPRESENTATION_CONTEXT('','3D')
);
#2474=(
GEOMETRIC_REPRESENTATION_CONTEXT(3)
GLOBAL_UNCERTAINTY_ASSIGNED_CONTEXT((#2471))
GLOBAL_UNIT_ASSIGNED_CONTEXT((#2476,#2478,#2479))
REPRESENTATION_CONTEXT('','3D')
);
#2475=(
GEOMETRIC_REPRESENTATION_CONTEXT(3)
GLOBAL_UNCERTAINTY_ASSIGNED_CONTEXT((#2472))
GLOBAL_UNIT_ASSIGNED_CONTEXT((#2476,#2478,#2479))
REPRESENTATION_CONTEXT('','3D')
);
#2476=(
LENGTH_UNIT()
NAMED_UNIT(*)
SI_UNIT(.MILLI.,.METRE.)
);
#2477=(
LENGTH_UNIT()
NAMED_UNIT(*)
SI_UNIT($,.METRE.)
);
#2478=(
NAMED_UNIT(*)
PLANE_ANGLE_UNIT()
SI_UNIT($,.RADIAN.)
);
#2479=(
NAMED_UNIT(*)
SI_UNIT($,.STERADIAN.)
SOLID_ANGLE_UNIT()
);
#2480=SHAPE_DEFINITION_REPRESENTATION(#2482,#2485);
#2481=SHAPE_DEFINITION_REPRESENTATION(#2483,#2486);
#2482=PRODUCT_DEFINITION_SHAPE('',$,#2488);
#2483=PRODUCT_DEFINITION_SHAPE('',$,#2489);
#2484=PRODUCT_DEFINITION_SHAPE($,$,#14);
#2485=SHAPE_REPRESENTATION('',(#1530,#1640),#2473);
#2486=SHAPE_REPRESENTATION('',(#1531),#2474);
#2487=PRODUCT_DEFINITION_CONTEXT('part definition',#2495,'design');
#2488=PRODUCT_DEFINITION('DIP762W50P254L650H455Q4B',
'DIP762W50P254L650H455Q4B v3',#2490,#2487);
#2489=PRODUCT_DEFINITION('Model','Model',#2491,#2487);
#2490=PRODUCT_DEFINITION_FORMATION('',$,#2497);
#2491=PRODUCT_DEFINITION_FORMATION('',$,#2498);
#2492=PRODUCT_RELATED_PRODUCT_CATEGORY('DIP762W50P254L650H455Q4B v3',
'DIP762W50P254L650H455Q4B v3',(#2497));
#2493=PRODUCT_RELATED_PRODUCT_CATEGORY('Model','Model',(#2498));
#2494=APPLICATION_PROTOCOL_DEFINITION('international standard',
'automotive_design',2009,#2495);
#2495=APPLICATION_CONTEXT(
'Core Data for Automotive Mechanical Design Process');
#2496=PRODUCT_CONTEXT('part definition',#2495,'mechanical');
#2497=PRODUCT('DIP762W50P254L650H455Q4B','DIP762W50P254L650H455Q4B v3',
$,(#2496));
#2498=PRODUCT('Model','Model',$,(#2496));
#2499=PRESENTATION_STYLE_ASSIGNMENT((#2502));
#2500=PRESENTATION_STYLE_ASSIGNMENT((#2503));
#2501=PRESENTATION_STYLE_ASSIGNMENT((#2504));
#2502=SURFACE_STYLE_USAGE(.BOTH.,#2505);
#2503=SURFACE_STYLE_USAGE(.BOTH.,#2506);
#2504=SURFACE_STYLE_USAGE(.BOTH.,#2507);
#2505=SURFACE_SIDE_STYLE('',(#2508));
#2506=SURFACE_SIDE_STYLE('',(#2509));
#2507=SURFACE_SIDE_STYLE('',(#2510));
#2508=SURFACE_STYLE_FILL_AREA(#2511);
#2509=SURFACE_STYLE_FILL_AREA(#2512);
#2510=SURFACE_STYLE_FILL_AREA(#2513);
#2511=FILL_AREA_STYLE('Steel - Satin',(#2514));
#2512=FILL_AREA_STYLE('Plastic - Matte (Black)',(#2515));
#2513=FILL_AREA_STYLE('Nickel - Polished',(#2516));
#2514=FILL_AREA_STYLE_COLOUR('Steel - Satin',#2517);
#2515=FILL_AREA_STYLE_COLOUR('Plastic - Matte (Black)',#2518);
#2516=FILL_AREA_STYLE_COLOUR('Nickel - Polished',#2519);
#2517=COLOUR_RGB('Steel - Satin',0.627450980392157,0.627450980392157,0.627450980392157);
#2518=COLOUR_RGB('Plastic - Matte (Black)',0.0980392156862745,0.0980392156862745,
0.0980392156862745);
#2519=COLOUR_RGB('Nickel - Polished',0.819607843137255,0.8,0.752941176470588);
ENDSEC;
END-ISO-10303-21;
