ISO-10303-21;
HEADER;
/* Generated by software containing ST-Developer
 * from STEP Tools, Inc. (www.steptools.com) 
 */

FILE_DESCRIPTION(
/* description */ (''),
/* implementation_level */ '2;1');

FILE_NAME(
/* name */ '854061e7-215d-41e0-8071-96748188bb97.stp',
/* time_stamp */ '2026-06-09T12:26:06Z',
/* author */ (''),
/* organization */ (''),
/* preprocessor_version */ 'ST-DEVELOPER v20.1',
/* originating_system */ 'Autodesk Translation Framework v15.8.0.0',
/* authorisation */ '');

FILE_SCHEMA (('AUTOMOTIVE_DESIGN { 1 0 10303 214 3 1 1 }'));
ENDSEC;

DATA;
#10=MECHANICAL_DESIGN_GEOMETRIC_PRESENTATION_REPRESENTATION('',(#17,#18,
#19,#20,#21,#22,#23,#24,#25,#26,#27,#28,#29,#30,#31,#32,#33),#4491);
#11=ITEM_DEFINED_TRANSFORMATION($,$,#2779,#2976);
#12=(
REPRESENTATION_RELATIONSHIP($,$,#4502,#4501)
REPRESENTATION_RELATIONSHIP_WITH_TRANSFORMATION(#11)
SHAPE_REPRESENTATION_RELATIONSHIP()
);
#13=CONTEXT_DEPENDENT_SHAPE_REPRESENTATION(#12,#4500);
#14=NEXT_ASSEMBLY_USAGE_OCCURRENCE('Model:1','Model:1','Model:1',#4504,
#4505,'Model:1');
#15=SHAPE_REPRESENTATION_RELATIONSHIP('SRR','None',#4502,#16);
#16=ADVANCED_BREP_SHAPE_REPRESENTATION('',(#34,#35,#36,#37,#38,#39,#40,
#41,#42,#43,#44,#45,#46,#47,#48,#49,#50),#4490);
#17=STYLED_ITEM('',(#4516),#34);
#18=STYLED_ITEM('',(#4517),#35);
#19=STYLED_ITEM('',(#4517),#36);
#20=STYLED_ITEM('',(#4517),#37);
#21=STYLED_ITEM('',(#4517),#38);
#22=STYLED_ITEM('',(#4517),#39);
#23=STYLED_ITEM('',(#4517),#40);
#24=STYLED_ITEM('',(#4517),#41);
#25=STYLED_ITEM('',(#4517),#42);
#26=STYLED_ITEM('',(#4517),#43);
#27=STYLED_ITEM('',(#4517),#44);
#28=STYLED_ITEM('',(#4517),#45);
#29=STYLED_ITEM('',(#4517),#46);
#30=STYLED_ITEM('',(#4517),#47);
#31=STYLED_ITEM('',(#4517),#48);
#32=STYLED_ITEM('',(#4517),#49);
#33=STYLED_ITEM('',(#4517),#50);
#34=MANIFOLD_SOLID_BREP('Body1',#2749);
#35=MANIFOLD_SOLID_BREP('Body2',#2750);
#36=MANIFOLD_SOLID_BREP('Body3',#2751);
#37=MANIFOLD_SOLID_BREP('Body4',#2752);
#38=MANIFOLD_SOLID_BREP('Body5',#2753);
#39=MANIFOLD_SOLID_BREP('Body6',#2754);
#40=MANIFOLD_SOLID_BREP('Body7',#2755);
#41=MANIFOLD_SOLID_BREP('Body8',#2756);
#42=MANIFOLD_SOLID_BREP('Body9',#2757);
#43=MANIFOLD_SOLID_BREP('Body10',#2758);
#44=MANIFOLD_SOLID_BREP('Body11',#2759);
#45=MANIFOLD_SOLID_BREP('Body12',#2760);
#46=MANIFOLD_SOLID_BREP('Body13',#2761);
#47=MANIFOLD_SOLID_BREP('Body14',#2762);
#48=MANIFOLD_SOLID_BREP('Body15',#2763);
#49=MANIFOLD_SOLID_BREP('Body16',#2764);
#50=MANIFOLD_SOLID_BREP('Body17',#2765);
#51=LINE('',#3721,#385);
#52=LINE('',#3724,#386);
#53=LINE('',#3726,#387);
#54=LINE('',#3728,#388);
#55=LINE('',#3730,#389);
#56=LINE('',#3731,#390);
#57=LINE('',#3734,#391);
#58=LINE('',#3736,#392);
#59=LINE('',#3737,#393);
#60=LINE('',#3740,#394);
#61=LINE('',#3741,#395);
#62=LINE('',#3744,#396);
#63=LINE('',#3745,#397);
#64=LINE('',#3747,#398);
#65=LINE('',#3750,#399);
#66=LINE('',#3752,#400);
#67=LINE('',#3753,#401);
#68=LINE('',#3756,#402);
#69=LINE('',#3757,#403);
#70=LINE('',#3760,#404);
#71=LINE('',#3762,#405);
#72=LINE('',#3764,#406);
#73=LINE('',#3765,#407);
#74=LINE('',#3768,#408);
#75=LINE('',#3769,#409);
#76=LINE('',#3771,#410);
#77=LINE('',#3773,#411);
#78=LINE('',#3774,#412);
#79=LINE('',#3776,#413);
#80=LINE('',#3778,#414);
#81=LINE('',#3784,#415);
#82=LINE('',#3786,#416);
#83=LINE('',#3788,#417);
#84=LINE('',#3789,#418);
#85=LINE('',#3793,#419);
#86=LINE('',#3795,#420);
#87=LINE('',#3797,#421);
#88=LINE('',#3798,#422);
#89=LINE('',#3802,#423);
#90=LINE('',#3808,#424);
#91=LINE('',#3814,#425);
#92=LINE('',#3815,#426);
#93=LINE('',#3816,#427);
#94=LINE('',#3817,#428);
#95=LINE('',#3820,#429);
#96=LINE('',#3821,#430);
#97=LINE('',#3824,#431);
#98=LINE('',#3825,#432);
#99=LINE('',#3826,#433);
#100=LINE('',#3828,#434);
#101=LINE('',#3834,#435);
#102=LINE('',#3836,#436);
#103=LINE('',#3838,#437);
#104=LINE('',#3839,#438);
#105=LINE('',#3843,#439);
#106=LINE('',#3845,#440);
#107=LINE('',#3847,#441);
#108=LINE('',#3848,#442);
#109=LINE('',#3852,#443);
#110=LINE('',#3858,#444);
#111=LINE('',#3864,#445);
#112=LINE('',#3865,#446);
#113=LINE('',#3866,#447);
#114=LINE('',#3869,#448);
#115=LINE('',#3870,#449);
#116=LINE('',#3871,#450);
#117=LINE('',#3874,#451);
#118=LINE('',#3875,#452);
#119=LINE('',#3877,#453);
#120=LINE('',#3878,#454);
#121=LINE('',#3884,#455);
#122=LINE('',#3886,#456);
#123=LINE('',#3888,#457);
#124=LINE('',#3889,#458);
#125=LINE('',#3893,#459);
#126=LINE('',#3895,#460);
#127=LINE('',#3897,#461);
#128=LINE('',#3898,#462);
#129=LINE('',#3902,#463);
#130=LINE('',#3908,#464);
#131=LINE('',#3914,#465);
#132=LINE('',#3915,#466);
#133=LINE('',#3916,#467);
#134=LINE('',#3919,#468);
#135=LINE('',#3920,#469);
#136=LINE('',#3921,#470);
#137=LINE('',#3924,#471);
#138=LINE('',#3925,#472);
#139=LINE('',#3927,#473);
#140=LINE('',#3928,#474);
#141=LINE('',#3934,#475);
#142=LINE('',#3936,#476);
#143=LINE('',#3938,#477);
#144=LINE('',#3939,#478);
#145=LINE('',#3943,#479);
#146=LINE('',#3945,#480);
#147=LINE('',#3947,#481);
#148=LINE('',#3948,#482);
#149=LINE('',#3952,#483);
#150=LINE('',#3958,#484);
#151=LINE('',#3964,#485);
#152=LINE('',#3965,#486);
#153=LINE('',#3966,#487);
#154=LINE('',#3969,#488);
#155=LINE('',#3970,#489);
#156=LINE('',#3971,#490);
#157=LINE('',#3974,#491);
#158=LINE('',#3975,#492);
#159=LINE('',#3977,#493);
#160=LINE('',#3978,#494);
#161=LINE('',#3984,#495);
#162=LINE('',#3986,#496);
#163=LINE('',#3988,#497);
#164=LINE('',#3989,#498);
#165=LINE('',#3993,#499);
#166=LINE('',#3995,#500);
#167=LINE('',#3997,#501);
#168=LINE('',#3998,#502);
#169=LINE('',#4002,#503);
#170=LINE('',#4008,#504);
#171=LINE('',#4014,#505);
#172=LINE('',#4015,#506);
#173=LINE('',#4016,#507);
#174=LINE('',#4019,#508);
#175=LINE('',#4020,#509);
#176=LINE('',#4021,#510);
#177=LINE('',#4024,#511);
#178=LINE('',#4025,#512);
#179=LINE('',#4027,#513);
#180=LINE('',#4028,#514);
#181=LINE('',#4034,#515);
#182=LINE('',#4036,#516);
#183=LINE('',#4038,#517);
#184=LINE('',#4039,#518);
#185=LINE('',#4043,#519);
#186=LINE('',#4045,#520);
#187=LINE('',#4047,#521);
#188=LINE('',#4048,#522);
#189=LINE('',#4052,#523);
#190=LINE('',#4058,#524);
#191=LINE('',#4064,#525);
#192=LINE('',#4065,#526);
#193=LINE('',#4066,#527);
#194=LINE('',#4067,#528);
#195=LINE('',#4070,#529);
#196=LINE('',#4071,#530);
#197=LINE('',#4074,#531);
#198=LINE('',#4075,#532);
#199=LINE('',#4076,#533);
#200=LINE('',#4078,#534);
#201=LINE('',#4084,#535);
#202=LINE('',#4086,#536);
#203=LINE('',#4088,#537);
#204=LINE('',#4089,#538);
#205=LINE('',#4093,#539);
#206=LINE('',#4095,#540);
#207=LINE('',#4097,#541);
#208=LINE('',#4098,#542);
#209=LINE('',#4102,#543);
#210=LINE('',#4108,#544);
#211=LINE('',#4114,#545);
#212=LINE('',#4115,#546);
#213=LINE('',#4116,#547);
#214=LINE('',#4117,#548);
#215=LINE('',#4120,#549);
#216=LINE('',#4121,#550);
#217=LINE('',#4124,#551);
#218=LINE('',#4125,#552);
#219=LINE('',#4126,#553);
#220=LINE('',#4128,#554);
#221=LINE('',#4134,#555);
#222=LINE('',#4136,#556);
#223=LINE('',#4138,#557);
#224=LINE('',#4139,#558);
#225=LINE('',#4143,#559);
#226=LINE('',#4145,#560);
#227=LINE('',#4147,#561);
#228=LINE('',#4148,#562);
#229=LINE('',#4152,#563);
#230=LINE('',#4158,#564);
#231=LINE('',#4164,#565);
#232=LINE('',#4165,#566);
#233=LINE('',#4166,#567);
#234=LINE('',#4167,#568);
#235=LINE('',#4170,#569);
#236=LINE('',#4171,#570);
#237=LINE('',#4174,#571);
#238=LINE('',#4175,#572);
#239=LINE('',#4176,#573);
#240=LINE('',#4178,#574);
#241=LINE('',#4184,#575);
#242=LINE('',#4186,#576);
#243=LINE('',#4188,#577);
#244=LINE('',#4189,#578);
#245=LINE('',#4192,#579);
#246=LINE('',#4194,#580);
#247=LINE('',#4196,#581);
#248=LINE('',#4198,#582);
#249=LINE('',#4199,#583);
#250=LINE('',#4202,#584);
#251=LINE('',#4203,#585);
#252=LINE('',#4206,#586);
#253=LINE('',#4207,#587);
#254=LINE('',#4210,#588);
#255=LINE('',#4211,#589);
#256=LINE('',#4214,#590);
#257=LINE('',#4215,#591);
#258=LINE('',#4217,#592);
#259=LINE('',#4222,#593);
#260=LINE('',#4224,#594);
#261=LINE('',#4226,#595);
#262=LINE('',#4227,#596);
#263=LINE('',#4230,#597);
#264=LINE('',#4232,#598);
#265=LINE('',#4234,#599);
#266=LINE('',#4236,#600);
#267=LINE('',#4237,#601);
#268=LINE('',#4240,#602);
#269=LINE('',#4241,#603);
#270=LINE('',#4244,#604);
#271=LINE('',#4245,#605);
#272=LINE('',#4248,#606);
#273=LINE('',#4249,#607);
#274=LINE('',#4252,#608);
#275=LINE('',#4253,#609);
#276=LINE('',#4255,#610);
#277=LINE('',#4260,#611);
#278=LINE('',#4262,#612);
#279=LINE('',#4264,#613);
#280=LINE('',#4265,#614);
#281=LINE('',#4268,#615);
#282=LINE('',#4270,#616);
#283=LINE('',#4272,#617);
#284=LINE('',#4274,#618);
#285=LINE('',#4275,#619);
#286=LINE('',#4278,#620);
#287=LINE('',#4279,#621);
#288=LINE('',#4282,#622);
#289=LINE('',#4283,#623);
#290=LINE('',#4286,#624);
#291=LINE('',#4287,#625);
#292=LINE('',#4290,#626);
#293=LINE('',#4291,#627);
#294=LINE('',#4293,#628);
#295=LINE('',#4298,#629);
#296=LINE('',#4300,#630);
#297=LINE('',#4302,#631);
#298=LINE('',#4303,#632);
#299=LINE('',#4306,#633);
#300=LINE('',#4308,#634);
#301=LINE('',#4310,#635);
#302=LINE('',#4312,#636);
#303=LINE('',#4313,#637);
#304=LINE('',#4316,#638);
#305=LINE('',#4317,#639);
#306=LINE('',#4320,#640);
#307=LINE('',#4321,#641);
#308=LINE('',#4324,#642);
#309=LINE('',#4325,#643);
#310=LINE('',#4328,#644);
#311=LINE('',#4329,#645);
#312=LINE('',#4331,#646);
#313=LINE('',#4336,#647);
#314=LINE('',#4338,#648);
#315=LINE('',#4340,#649);
#316=LINE('',#4341,#650);
#317=LINE('',#4344,#651);
#318=LINE('',#4346,#652);
#319=LINE('',#4348,#653);
#320=LINE('',#4350,#654);
#321=LINE('',#4351,#655);
#322=LINE('',#4354,#656);
#323=LINE('',#4355,#657);
#324=LINE('',#4358,#658);
#325=LINE('',#4359,#659);
#326=LINE('',#4362,#660);
#327=LINE('',#4363,#661);
#328=LINE('',#4366,#662);
#329=LINE('',#4367,#663);
#330=LINE('',#4369,#664);
#331=LINE('',#4374,#665);
#332=LINE('',#4376,#666);
#333=LINE('',#4378,#667);
#334=LINE('',#4379,#668);
#335=LINE('',#4382,#669);
#336=LINE('',#4384,#670);
#337=LINE('',#4386,#671);
#338=LINE('',#4388,#672);
#339=LINE('',#4389,#673);
#340=LINE('',#4392,#674);
#341=LINE('',#4393,#675);
#342=LINE('',#4396,#676);
#343=LINE('',#4397,#677);
#344=LINE('',#4400,#678);
#345=LINE('',#4401,#679);
#346=LINE('',#4404,#680);
#347=LINE('',#4405,#681);
#348=LINE('',#4407,#682);
#349=LINE('',#4412,#683);
#350=LINE('',#4414,#684);
#351=LINE('',#4416,#685);
#352=LINE('',#4417,#686);
#353=LINE('',#4420,#687);
#354=LINE('',#4422,#688);
#355=LINE('',#4424,#689);
#356=LINE('',#4426,#690);
#357=LINE('',#4427,#691);
#358=LINE('',#4430,#692);
#359=LINE('',#4431,#693);
#360=LINE('',#4434,#694);
#361=LINE('',#4435,#695);
#362=LINE('',#4438,#696);
#363=LINE('',#4439,#697);
#364=LINE('',#4442,#698);
#365=LINE('',#4443,#699);
#366=LINE('',#4445,#700);
#367=LINE('',#4450,#701);
#368=LINE('',#4452,#702);
#369=LINE('',#4454,#703);
#370=LINE('',#4455,#704);
#371=LINE('',#4458,#705);
#372=LINE('',#4460,#706);
#373=LINE('',#4462,#707);
#374=LINE('',#4464,#708);
#375=LINE('',#4465,#709);
#376=LINE('',#4468,#710);
#377=LINE('',#4469,#711);
#378=LINE('',#4472,#712);
#379=LINE('',#4473,#713);
#380=LINE('',#4476,#714);
#381=LINE('',#4477,#715);
#382=LINE('',#4480,#716);
#383=LINE('',#4481,#717);
#384=LINE('',#4483,#718);
#385=VECTOR('',#2993,10.);
#386=VECTOR('',#2996,10.);
#387=VECTOR('',#2997,10.);
#388=VECTOR('',#2998,10.);
#389=VECTOR('',#2999,10.);
#390=VECTOR('',#3000,10.);
#391=VECTOR('',#3003,10.);
#392=VECTOR('',#3004,10.);
#393=VECTOR('',#3005,10.);
#394=VECTOR('',#3008,10.);
#395=VECTOR('',#3009,10.);
#396=VECTOR('',#3012,10.);
#397=VECTOR('',#3013,10.);
#398=VECTOR('',#3016,10.);
#399=VECTOR('',#3019,10.);
#400=VECTOR('',#3020,10.);
#401=VECTOR('',#3021,10.);
#402=VECTOR('',#3024,10.);
#403=VECTOR('',#3025,10.);
#404=VECTOR('',#3028,10.);
#405=VECTOR('',#3029,10.);
#406=VECTOR('',#3030,10.);
#407=VECTOR('',#3031,10.);
#408=VECTOR('',#3034,10.);
#409=VECTOR('',#3035,10.);
#410=VECTOR('',#3038,10.);
#411=VECTOR('',#3039,10.);
#412=VECTOR('',#3040,10.);
#413=VECTOR('',#3043,10.);
#414=VECTOR('',#3046,10.);
#415=VECTOR('',#3053,10.);
#416=VECTOR('',#3054,10.);
#417=VECTOR('',#3055,10.);
#418=VECTOR('',#3056,10.);
#419=VECTOR('',#3059,10.);
#420=VECTOR('',#3060,10.);
#421=VECTOR('',#3061,10.);
#422=VECTOR('',#3062,10.);
#423=VECTOR('',#3065,10.);
#424=VECTOR('',#3072,10.);
#425=VECTOR('',#3079,10.);
#426=VECTOR('',#3080,10.);
#427=VECTOR('',#3081,10.);
#428=VECTOR('',#3082,10.);
#429=VECTOR('',#3085,10.);
#430=VECTOR('',#3086,10.);
#431=VECTOR('',#3089,10.);
#432=VECTOR('',#3090,10.);
#433=VECTOR('',#3091,10.);
#434=VECTOR('',#3094,10.);
#435=VECTOR('',#3101,10.);
#436=VECTOR('',#3102,10.);
#437=VECTOR('',#3103,10.);
#438=VECTOR('',#3104,10.);
#439=VECTOR('',#3107,10.);
#440=VECTOR('',#3108,10.);
#441=VECTOR('',#3109,10.);
#442=VECTOR('',#3110,10.);
#443=VECTOR('',#3113,10.);
#444=VECTOR('',#3120,10.);
#445=VECTOR('',#3127,10.);
#446=VECTOR('',#3128,10.);
#447=VECTOR('',#3129,10.);
#448=VECTOR('',#3132,10.);
#449=VECTOR('',#3133,10.);
#450=VECTOR('',#3134,10.);
#451=VECTOR('',#3137,10.);
#452=VECTOR('',#3138,10.);
#453=VECTOR('',#3141,10.);
#454=VECTOR('',#3142,10.);
#455=VECTOR('',#3149,10.);
#456=VECTOR('',#3150,10.);
#457=VECTOR('',#3151,10.);
#458=VECTOR('',#3152,10.);
#459=VECTOR('',#3155,10.);
#460=VECTOR('',#3156,10.);
#461=VECTOR('',#3157,10.);
#462=VECTOR('',#3158,10.);
#463=VECTOR('',#3161,10.);
#464=VECTOR('',#3168,10.);
#465=VECTOR('',#3175,10.);
#466=VECTOR('',#3176,10.);
#467=VECTOR('',#3177,10.);
#468=VECTOR('',#3180,10.);
#469=VECTOR('',#3181,10.);
#470=VECTOR('',#3182,10.);
#471=VECTOR('',#3185,10.);
#472=VECTOR('',#3186,10.);
#473=VECTOR('',#3189,10.);
#474=VECTOR('',#3190,10.);
#475=VECTOR('',#3197,10.);
#476=VECTOR('',#3198,10.);
#477=VECTOR('',#3199,10.);
#478=VECTOR('',#3200,10.);
#479=VECTOR('',#3203,10.);
#480=VECTOR('',#3204,10.);
#481=VECTOR('',#3205,10.);
#482=VECTOR('',#3206,10.);
#483=VECTOR('',#3209,10.);
#484=VECTOR('',#3216,10.);
#485=VECTOR('',#3223,10.);
#486=VECTOR('',#3224,10.);
#487=VECTOR('',#3225,10.);
#488=VECTOR('',#3228,10.);
#489=VECTOR('',#3229,10.);
#490=VECTOR('',#3230,10.);
#491=VECTOR('',#3233,10.);
#492=VECTOR('',#3234,10.);
#493=VECTOR('',#3237,10.);
#494=VECTOR('',#3238,10.);
#495=VECTOR('',#3245,10.);
#496=VECTOR('',#3246,10.);
#497=VECTOR('',#3247,10.);
#498=VECTOR('',#3248,10.);
#499=VECTOR('',#3251,10.);
#500=VECTOR('',#3252,10.);
#501=VECTOR('',#3253,10.);
#502=VECTOR('',#3254,10.);
#503=VECTOR('',#3257,10.);
#504=VECTOR('',#3264,10.);
#505=VECTOR('',#3271,10.);
#506=VECTOR('',#3272,10.);
#507=VECTOR('',#3273,10.);
#508=VECTOR('',#3276,10.);
#509=VECTOR('',#3277,10.);
#510=VECTOR('',#3278,10.);
#511=VECTOR('',#3281,10.);
#512=VECTOR('',#3282,10.);
#513=VECTOR('',#3285,10.);
#514=VECTOR('',#3286,10.);
#515=VECTOR('',#3293,10.);
#516=VECTOR('',#3294,10.);
#517=VECTOR('',#3295,10.);
#518=VECTOR('',#3296,10.);
#519=VECTOR('',#3299,10.);
#520=VECTOR('',#3300,10.);
#521=VECTOR('',#3301,10.);
#522=VECTOR('',#3302,10.);
#523=VECTOR('',#3305,10.);
#524=VECTOR('',#3312,10.);
#525=VECTOR('',#3319,10.);
#526=VECTOR('',#3320,10.);
#527=VECTOR('',#3321,10.);
#528=VECTOR('',#3322,10.);
#529=VECTOR('',#3325,10.);
#530=VECTOR('',#3326,10.);
#531=VECTOR('',#3329,10.);
#532=VECTOR('',#3330,10.);
#533=VECTOR('',#3331,10.);
#534=VECTOR('',#3334,10.);
#535=VECTOR('',#3341,10.);
#536=VECTOR('',#3342,10.);
#537=VECTOR('',#3343,10.);
#538=VECTOR('',#3344,10.);
#539=VECTOR('',#3347,10.);
#540=VECTOR('',#3348,10.);
#541=VECTOR('',#3349,10.);
#542=VECTOR('',#3350,10.);
#543=VECTOR('',#3353,10.);
#544=VECTOR('',#3360,10.);
#545=VECTOR('',#3367,10.);
#546=VECTOR('',#3368,10.);
#547=VECTOR('',#3369,10.);
#548=VECTOR('',#3370,10.);
#549=VECTOR('',#3373,10.);
#550=VECTOR('',#3374,10.);
#551=VECTOR('',#3377,10.);
#552=VECTOR('',#3378,10.);
#553=VECTOR('',#3379,10.);
#554=VECTOR('',#3382,10.);
#555=VECTOR('',#3389,10.);
#556=VECTOR('',#3390,10.);
#557=VECTOR('',#3391,10.);
#558=VECTOR('',#3392,10.);
#559=VECTOR('',#3395,10.);
#560=VECTOR('',#3396,10.);
#561=VECTOR('',#3397,10.);
#562=VECTOR('',#3398,10.);
#563=VECTOR('',#3401,10.);
#564=VECTOR('',#3408,10.);
#565=VECTOR('',#3415,10.);
#566=VECTOR('',#3416,10.);
#567=VECTOR('',#3417,10.);
#568=VECTOR('',#3418,10.);
#569=VECTOR('',#3421,10.);
#570=VECTOR('',#3422,10.);
#571=VECTOR('',#3425,10.);
#572=VECTOR('',#3426,10.);
#573=VECTOR('',#3427,10.);
#574=VECTOR('',#3430,10.);
#575=VECTOR('',#3437,10.);
#576=VECTOR('',#3438,10.);
#577=VECTOR('',#3439,10.);
#578=VECTOR('',#3440,10.);
#579=VECTOR('',#3443,10.);
#580=VECTOR('',#3444,10.);
#581=VECTOR('',#3445,10.);
#582=VECTOR('',#3446,10.);
#583=VECTOR('',#3447,10.);
#584=VECTOR('',#3450,10.);
#585=VECTOR('',#3451,10.);
#586=VECTOR('',#3454,10.);
#587=VECTOR('',#3455,10.);
#588=VECTOR('',#3458,10.);
#589=VECTOR('',#3459,10.);
#590=VECTOR('',#3462,10.);
#591=VECTOR('',#3463,10.);
#592=VECTOR('',#3466,10.);
#593=VECTOR('',#3471,10.);
#594=VECTOR('',#3472,10.);
#595=VECTOR('',#3473,10.);
#596=VECTOR('',#3474,10.);
#597=VECTOR('',#3477,10.);
#598=VECTOR('',#3478,10.);
#599=VECTOR('',#3479,10.);
#600=VECTOR('',#3480,10.);
#601=VECTOR('',#3481,10.);
#602=VECTOR('',#3484,10.);
#603=VECTOR('',#3485,10.);
#604=VECTOR('',#3488,10.);
#605=VECTOR('',#3489,10.);
#606=VECTOR('',#3492,10.);
#607=VECTOR('',#3493,10.);
#608=VECTOR('',#3496,10.);
#609=VECTOR('',#3497,10.);
#610=VECTOR('',#3500,10.);
#611=VECTOR('',#3505,10.);
#612=VECTOR('',#3506,10.);
#613=VECTOR('',#3507,10.);
#614=VECTOR('',#3508,10.);
#615=VECTOR('',#3511,10.);
#616=VECTOR('',#3512,10.);
#617=VECTOR('',#3513,10.);
#618=VECTOR('',#3514,10.);
#619=VECTOR('',#3515,10.);
#620=VECTOR('',#3518,10.);
#621=VECTOR('',#3519,10.);
#622=VECTOR('',#3522,10.);
#623=VECTOR('',#3523,10.);
#624=VECTOR('',#3526,10.);
#625=VECTOR('',#3527,10.);
#626=VECTOR('',#3530,10.);
#627=VECTOR('',#3531,10.);
#628=VECTOR('',#3534,10.);
#629=VECTOR('',#3539,10.);
#630=VECTOR('',#3540,10.);
#631=VECTOR('',#3541,10.);
#632=VECTOR('',#3542,10.);
#633=VECTOR('',#3545,10.);
#634=VECTOR('',#3546,10.);
#635=VECTOR('',#3547,10.);
#636=VECTOR('',#3548,10.);
#637=VECTOR('',#3549,10.);
#638=VECTOR('',#3552,10.);
#639=VECTOR('',#3553,10.);
#640=VECTOR('',#3556,10.);
#641=VECTOR('',#3557,10.);
#642=VECTOR('',#3560,10.);
#643=VECTOR('',#3561,10.);
#644=VECTOR('',#3564,10.);
#645=VECTOR('',#3565,10.);
#646=VECTOR('',#3568,10.);
#647=VECTOR('',#3573,10.);
#648=VECTOR('',#3574,10.);
#649=VECTOR('',#3575,10.);
#650=VECTOR('',#3576,10.);
#651=VECTOR('',#3579,10.);
#652=VECTOR('',#3580,10.);
#653=VECTOR('',#3581,10.);
#654=VECTOR('',#3582,10.);
#655=VECTOR('',#3583,10.);
#656=VECTOR('',#3586,10.);
#657=VECTOR('',#3587,10.);
#658=VECTOR('',#3590,10.);
#659=VECTOR('',#3591,10.);
#660=VECTOR('',#3594,10.);
#661=VECTOR('',#3595,10.);
#662=VECTOR('',#3598,10.);
#663=VECTOR('',#3599,10.);
#664=VECTOR('',#3602,10.);
#665=VECTOR('',#3607,10.);
#666=VECTOR('',#3608,10.);
#667=VECTOR('',#3609,10.);
#668=VECTOR('',#3610,10.);
#669=VECTOR('',#3613,10.);
#670=VECTOR('',#3614,10.);
#671=VECTOR('',#3615,10.);
#672=VECTOR('',#3616,10.);
#673=VECTOR('',#3617,10.);
#674=VECTOR('',#3620,10.);
#675=VECTOR('',#3621,10.);
#676=VECTOR('',#3624,10.);
#677=VECTOR('',#3625,10.);
#678=VECTOR('',#3628,10.);
#679=VECTOR('',#3629,10.);
#680=VECTOR('',#3632,10.);
#681=VECTOR('',#3633,10.);
#682=VECTOR('',#3636,10.);
#683=VECTOR('',#3641,10.);
#684=VECTOR('',#3642,10.);
#685=VECTOR('',#3643,10.);
#686=VECTOR('',#3644,10.);
#687=VECTOR('',#3647,10.);
#688=VECTOR('',#3648,10.);
#689=VECTOR('',#3649,10.);
#690=VECTOR('',#3650,10.);
#691=VECTOR('',#3651,10.);
#692=VECTOR('',#3654,10.);
#693=VECTOR('',#3655,10.);
#694=VECTOR('',#3658,10.);
#695=VECTOR('',#3659,10.);
#696=VECTOR('',#3662,10.);
#697=VECTOR('',#3663,10.);
#698=VECTOR('',#3666,10.);
#699=VECTOR('',#3667,10.);
#700=VECTOR('',#3670,10.);
#701=VECTOR('',#3675,10.);
#702=VECTOR('',#3676,10.);
#703=VECTOR('',#3677,10.);
#704=VECTOR('',#3678,10.);
#705=VECTOR('',#3681,10.);
#706=VECTOR('',#3682,10.);
#707=VECTOR('',#3683,10.);
#708=VECTOR('',#3684,10.);
#709=VECTOR('',#3685,10.);
#710=VECTOR('',#3688,10.);
#711=VECTOR('',#3689,10.);
#712=VECTOR('',#3692,10.);
#713=VECTOR('',#3693,10.);
#714=VECTOR('',#3696,10.);
#715=VECTOR('',#3697,10.);
#716=VECTOR('',#3700,10.);
#717=VECTOR('',#3701,10.);
#718=VECTOR('',#3704,10.);
#719=PLANE('',#2785);
#720=PLANE('',#2786);
#721=PLANE('',#2787);
#722=PLANE('',#2788);
#723=PLANE('',#2789);
#724=PLANE('',#2790);
#725=PLANE('',#2791);
#726=PLANE('',#2792);
#727=PLANE('',#2793);
#728=PLANE('',#2794);
#729=PLANE('',#2795);
#730=PLANE('',#2796);
#731=PLANE('',#2797);
#732=PLANE('',#2798);
#733=PLANE('',#2799);
#734=PLANE('',#2800);
#735=PLANE('',#2801);
#736=PLANE('',#2808);
#737=PLANE('',#2809);
#738=PLANE('',#2810);
#739=PLANE('',#2811);
#740=PLANE('',#2812);
#741=PLANE('',#2813);
#742=PLANE('',#2814);
#743=PLANE('',#2815);
#744=PLANE('',#2822);
#745=PLANE('',#2823);
#746=PLANE('',#2824);
#747=PLANE('',#2825);
#748=PLANE('',#2826);
#749=PLANE('',#2827);
#750=PLANE('',#2828);
#751=PLANE('',#2829);
#752=PLANE('',#2836);
#753=PLANE('',#2837);
#754=PLANE('',#2838);
#755=PLANE('',#2839);
#756=PLANE('',#2840);
#757=PLANE('',#2841);
#758=PLANE('',#2842);
#759=PLANE('',#2843);
#760=PLANE('',#2850);
#761=PLANE('',#2851);
#762=PLANE('',#2852);
#763=PLANE('',#2853);
#764=PLANE('',#2854);
#765=PLANE('',#2855);
#766=PLANE('',#2856);
#767=PLANE('',#2857);
#768=PLANE('',#2864);
#769=PLANE('',#2865);
#770=PLANE('',#2866);
#771=PLANE('',#2867);
#772=PLANE('',#2868);
#773=PLANE('',#2869);
#774=PLANE('',#2870);
#775=PLANE('',#2871);
#776=PLANE('',#2878);
#777=PLANE('',#2879);
#778=PLANE('',#2880);
#779=PLANE('',#2881);
#780=PLANE('',#2882);
#781=PLANE('',#2883);
#782=PLANE('',#2884);
#783=PLANE('',#2885);
#784=PLANE('',#2892);
#785=PLANE('',#2893);
#786=PLANE('',#2894);
#787=PLANE('',#2895);
#788=PLANE('',#2896);
#789=PLANE('',#2897);
#790=PLANE('',#2898);
#791=PLANE('',#2899);
#792=PLANE('',#2906);
#793=PLANE('',#2907);
#794=PLANE('',#2908);
#795=PLANE('',#2909);
#796=PLANE('',#2910);
#797=PLANE('',#2911);
#798=PLANE('',#2912);
#799=PLANE('',#2913);
#800=PLANE('',#2914);
#801=PLANE('',#2915);
#802=PLANE('',#2916);
#803=PLANE('',#2917);
#804=PLANE('',#2918);
#805=PLANE('',#2919);
#806=PLANE('',#2920);
#807=PLANE('',#2921);
#808=PLANE('',#2922);
#809=PLANE('',#2923);
#810=PLANE('',#2924);
#811=PLANE('',#2925);
#812=PLANE('',#2926);
#813=PLANE('',#2927);
#814=PLANE('',#2928);
#815=PLANE('',#2929);
#816=PLANE('',#2930);
#817=PLANE('',#2931);
#818=PLANE('',#2932);
#819=PLANE('',#2933);
#820=PLANE('',#2934);
#821=PLANE('',#2935);
#822=PLANE('',#2936);
#823=PLANE('',#2937);
#824=PLANE('',#2938);
#825=PLANE('',#2939);
#826=PLANE('',#2940);
#827=PLANE('',#2941);
#828=PLANE('',#2942);
#829=PLANE('',#2943);
#830=PLANE('',#2944);
#831=PLANE('',#2945);
#832=PLANE('',#2946);
#833=PLANE('',#2947);
#834=PLANE('',#2948);
#835=PLANE('',#2949);
#836=PLANE('',#2950);
#837=PLANE('',#2951);
#838=PLANE('',#2952);
#839=PLANE('',#2953);
#840=PLANE('',#2954);
#841=PLANE('',#2955);
#842=PLANE('',#2956);
#843=PLANE('',#2957);
#844=PLANE('',#2958);
#845=PLANE('',#2959);
#846=PLANE('',#2960);
#847=PLANE('',#2961);
#848=PLANE('',#2962);
#849=PLANE('',#2963);
#850=PLANE('',#2964);
#851=PLANE('',#2965);
#852=PLANE('',#2966);
#853=PLANE('',#2967);
#854=PLANE('',#2968);
#855=PLANE('',#2969);
#856=PLANE('',#2970);
#857=PLANE('',#2971);
#858=PLANE('',#2972);
#859=PLANE('',#2973);
#860=PLANE('',#2974);
#861=PLANE('',#2975);
#862=FACE_OUTER_BOUND('',#1022,.T.);
#863=FACE_OUTER_BOUND('',#1023,.T.);
#864=FACE_OUTER_BOUND('',#1024,.T.);
#865=FACE_OUTER_BOUND('',#1025,.T.);
#866=FACE_OUTER_BOUND('',#1026,.T.);
#867=FACE_OUTER_BOUND('',#1027,.T.);
#868=FACE_OUTER_BOUND('',#1028,.T.);
#869=FACE_OUTER_BOUND('',#1029,.T.);
#870=FACE_OUTER_BOUND('',#1030,.T.);
#871=FACE_OUTER_BOUND('',#1031,.T.);
#872=FACE_OUTER_BOUND('',#1032,.T.);
#873=FACE_OUTER_BOUND('',#1033,.T.);
#874=FACE_OUTER_BOUND('',#1034,.T.);
#875=FACE_OUTER_BOUND('',#1035,.T.);
#876=FACE_OUTER_BOUND('',#1036,.T.);
#877=FACE_OUTER_BOUND('',#1037,.T.);
#878=FACE_OUTER_BOUND('',#1038,.T.);
#879=FACE_OUTER_BOUND('',#1039,.T.);
#880=FACE_OUTER_BOUND('',#1040,.T.);
#881=FACE_OUTER_BOUND('',#1041,.T.);
#882=FACE_OUTER_BOUND('',#1042,.T.);
#883=FACE_OUTER_BOUND('',#1043,.T.);
#884=FACE_OUTER_BOUND('',#1044,.T.);
#885=FACE_OUTER_BOUND('',#1045,.T.);
#886=FACE_OUTER_BOUND('',#1046,.T.);
#887=FACE_OUTER_BOUND('',#1047,.T.);
#888=FACE_OUTER_BOUND('',#1048,.T.);
#889=FACE_OUTER_BOUND('',#1049,.T.);
#890=FACE_OUTER_BOUND('',#1050,.T.);
#891=FACE_OUTER_BOUND('',#1051,.T.);
#892=FACE_OUTER_BOUND('',#1052,.T.);
#893=FACE_OUTER_BOUND('',#1053,.T.);
#894=FACE_OUTER_BOUND('',#1054,.T.);
#895=FACE_OUTER_BOUND('',#1055,.T.);
#896=FACE_OUTER_BOUND('',#1056,.T.);
#897=FACE_OUTER_BOUND('',#1057,.T.);
#898=FACE_OUTER_BOUND('',#1058,.T.);
#899=FACE_OUTER_BOUND('',#1059,.T.);
#900=FACE_OUTER_BOUND('',#1060,.T.);
#901=FACE_OUTER_BOUND('',#1061,.T.);
#902=FACE_OUTER_BOUND('',#1062,.T.);
#903=FACE_OUTER_BOUND('',#1063,.T.);
#904=FACE_OUTER_BOUND('',#1064,.T.);
#905=FACE_OUTER_BOUND('',#1065,.T.);
#906=FACE_OUTER_BOUND('',#1066,.T.);
#907=FACE_OUTER_BOUND('',#1067,.T.);
#908=FACE_OUTER_BOUND('',#1068,.T.);
#909=FACE_OUTER_BOUND('',#1069,.T.);
#910=FACE_OUTER_BOUND('',#1070,.T.);
#911=FACE_OUTER_BOUND('',#1071,.T.);
#912=FACE_OUTER_BOUND('',#1072,.T.);
#913=FACE_OUTER_BOUND('',#1073,.T.);
#914=FACE_OUTER_BOUND('',#1074,.T.);
#915=FACE_OUTER_BOUND('',#1075,.T.);
#916=FACE_OUTER_BOUND('',#1076,.T.);
#917=FACE_OUTER_BOUND('',#1077,.T.);
#918=FACE_OUTER_BOUND('',#1078,.T.);
#919=FACE_OUTER_BOUND('',#1079,.T.);
#920=FACE_OUTER_BOUND('',#1080,.T.);
#921=FACE_OUTER_BOUND('',#1081,.T.);
#922=FACE_OUTER_BOUND('',#1082,.T.);
#923=FACE_OUTER_BOUND('',#1083,.T.);
#924=FACE_OUTER_BOUND('',#1084,.T.);
#925=FACE_OUTER_BOUND('',#1085,.T.);
#926=FACE_OUTER_BOUND('',#1086,.T.);
#927=FACE_OUTER_BOUND('',#1087,.T.);
#928=FACE_OUTER_BOUND('',#1088,.T.);
#929=FACE_OUTER_BOUND('',#1089,.T.);
#930=FACE_OUTER_BOUND('',#1090,.T.);
#931=FACE_OUTER_BOUND('',#1091,.T.);
#932=FACE_OUTER_BOUND('',#1092,.T.);
#933=FACE_OUTER_BOUND('',#1093,.T.);
#934=FACE_OUTER_BOUND('',#1094,.T.);
#935=FACE_OUTER_BOUND('',#1095,.T.);
#936=FACE_OUTER_BOUND('',#1096,.T.);
#937=FACE_OUTER_BOUND('',#1097,.T.);
#938=FACE_OUTER_BOUND('',#1098,.T.);
#939=FACE_OUTER_BOUND('',#1099,.T.);
#940=FACE_OUTER_BOUND('',#1100,.T.);
#941=FACE_OUTER_BOUND('',#1101,.T.);
#942=FACE_OUTER_BOUND('',#1102,.T.);
#943=FACE_OUTER_BOUND('',#1103,.T.);
#944=FACE_OUTER_BOUND('',#1104,.T.);
#945=FACE_OUTER_BOUND('',#1105,.T.);
#946=FACE_OUTER_BOUND('',#1106,.T.);
#947=FACE_OUTER_BOUND('',#1107,.T.);
#948=FACE_OUTER_BOUND('',#1108,.T.);
#949=FACE_OUTER_BOUND('',#1109,.T.);
#950=FACE_OUTER_BOUND('',#1110,.T.);
#951=FACE_OUTER_BOUND('',#1111,.T.);
#952=FACE_OUTER_BOUND('',#1112,.T.);
#953=FACE_OUTER_BOUND('',#1113,.T.);
#954=FACE_OUTER_BOUND('',#1114,.T.);
#955=FACE_OUTER_BOUND('',#1115,.T.);
#956=FACE_OUTER_BOUND('',#1116,.T.);
#957=FACE_OUTER_BOUND('',#1117,.T.);
#958=FACE_OUTER_BOUND('',#1118,.T.);
#959=FACE_OUTER_BOUND('',#1119,.T.);
#960=FACE_OUTER_BOUND('',#1120,.T.);
#961=FACE_OUTER_BOUND('',#1121,.T.);
#962=FACE_OUTER_BOUND('',#1122,.T.);
#963=FACE_OUTER_BOUND('',#1123,.T.);
#964=FACE_OUTER_BOUND('',#1124,.T.);
#965=FACE_OUTER_BOUND('',#1125,.T.);
#966=FACE_OUTER_BOUND('',#1126,.T.);
#967=FACE_OUTER_BOUND('',#1127,.T.);
#968=FACE_OUTER_BOUND('',#1128,.T.);
#969=FACE_OUTER_BOUND('',#1129,.T.);
#970=FACE_OUTER_BOUND('',#1130,.T.);
#971=FACE_OUTER_BOUND('',#1131,.T.);
#972=FACE_OUTER_BOUND('',#1132,.T.);
#973=FACE_OUTER_BOUND('',#1133,.T.);
#974=FACE_OUTER_BOUND('',#1134,.T.);
#975=FACE_OUTER_BOUND('',#1135,.T.);
#976=FACE_OUTER_BOUND('',#1136,.T.);
#977=FACE_OUTER_BOUND('',#1137,.T.);
#978=FACE_OUTER_BOUND('',#1138,.T.);
#979=FACE_OUTER_BOUND('',#1139,.T.);
#980=FACE_OUTER_BOUND('',#1140,.T.);
#981=FACE_OUTER_BOUND('',#1141,.T.);
#982=FACE_OUTER_BOUND('',#1142,.T.);
#983=FACE_OUTER_BOUND('',#1143,.T.);
#984=FACE_OUTER_BOUND('',#1144,.T.);
#985=FACE_OUTER_BOUND('',#1145,.T.);
#986=FACE_OUTER_BOUND('',#1146,.T.);
#987=FACE_OUTER_BOUND('',#1147,.T.);
#988=FACE_OUTER_BOUND('',#1148,.T.);
#989=FACE_OUTER_BOUND('',#1149,.T.);
#990=FACE_OUTER_BOUND('',#1150,.T.);
#991=FACE_OUTER_BOUND('',#1151,.T.);
#992=FACE_OUTER_BOUND('',#1152,.T.);
#993=FACE_OUTER_BOUND('',#1153,.T.);
#994=FACE_OUTER_BOUND('',#1154,.T.);
#995=FACE_OUTER_BOUND('',#1155,.T.);
#996=FACE_OUTER_BOUND('',#1156,.T.);
#997=FACE_OUTER_BOUND('',#1157,.T.);
#998=FACE_OUTER_BOUND('',#1158,.T.);
#999=FACE_OUTER_BOUND('',#1159,.T.);
#1000=FACE_OUTER_BOUND('',#1160,.T.);
#1001=FACE_OUTER_BOUND('',#1161,.T.);
#1002=FACE_OUTER_BOUND('',#1162,.T.);
#1003=FACE_OUTER_BOUND('',#1163,.T.);
#1004=FACE_OUTER_BOUND('',#1164,.T.);
#1005=FACE_OUTER_BOUND('',#1165,.T.);
#1006=FACE_OUTER_BOUND('',#1166,.T.);
#1007=FACE_OUTER_BOUND('',#1167,.T.);
#1008=FACE_OUTER_BOUND('',#1168,.T.);
#1009=FACE_OUTER_BOUND('',#1169,.T.);
#1010=FACE_OUTER_BOUND('',#1170,.T.);
#1011=FACE_OUTER_BOUND('',#1171,.T.);
#1012=FACE_OUTER_BOUND('',#1172,.T.);
#1013=FACE_OUTER_BOUND('',#1173,.T.);
#1014=FACE_OUTER_BOUND('',#1174,.T.);
#1015=FACE_OUTER_BOUND('',#1175,.T.);
#1016=FACE_OUTER_BOUND('',#1176,.T.);
#1017=FACE_OUTER_BOUND('',#1177,.T.);
#1018=FACE_OUTER_BOUND('',#1178,.T.);
#1019=FACE_OUTER_BOUND('',#1179,.T.);
#1020=FACE_OUTER_BOUND('',#1180,.T.);
#1021=FACE_OUTER_BOUND('',#1181,.T.);
#1022=EDGE_LOOP('',(#1832,#1833,#1834,#1835));
#1023=EDGE_LOOP('',(#1836,#1837));
#1024=EDGE_LOOP('',(#1838,#1839,#1840,#1841,#1842,#1843));
#1025=EDGE_LOOP('',(#1844,#1845,#1846,#1847));
#1026=EDGE_LOOP('',(#1848,#1849,#1850,#1851,#1852,#1853,#1854,#1855));
#1027=EDGE_LOOP('',(#1856,#1857,#1858,#1859));
#1028=EDGE_LOOP('',(#1860,#1861,#1862,#1863));
#1029=EDGE_LOOP('',(#1864,#1865,#1866,#1867));
#1030=EDGE_LOOP('',(#1868,#1869,#1870,#1871));
#1031=EDGE_LOOP('',(#1872,#1873,#1874,#1875));
#1032=EDGE_LOOP('',(#1876,#1877,#1878,#1879));
#1033=EDGE_LOOP('',(#1880,#1881,#1882,#1883));
#1034=EDGE_LOOP('',(#1884,#1885,#1886,#1887));
#1035=EDGE_LOOP('',(#1888,#1889,#1890,#1891));
#1036=EDGE_LOOP('',(#1892,#1893,#1894,#1895));
#1037=EDGE_LOOP('',(#1896,#1897,#1898,#1899));
#1038=EDGE_LOOP('',(#1900,#1901,#1902,#1903));
#1039=EDGE_LOOP('',(#1904,#1905,#1906,#1907));
#1040=EDGE_LOOP('',(#1908,#1909,#1910,#1911));
#1041=EDGE_LOOP('',(#1912,#1913,#1914,#1915));
#1042=EDGE_LOOP('',(#1916,#1917,#1918,#1919,#1920,#1921,#1922,#1923));
#1043=EDGE_LOOP('',(#1924,#1925,#1926,#1927));
#1044=EDGE_LOOP('',(#1928,#1929,#1930,#1931,#1932,#1933,#1934,#1935));
#1045=EDGE_LOOP('',(#1936,#1937,#1938,#1939));
#1046=EDGE_LOOP('',(#1940,#1941,#1942,#1943));
#1047=EDGE_LOOP('',(#1944,#1945,#1946,#1947));
#1048=EDGE_LOOP('',(#1948,#1949,#1950,#1951));
#1049=EDGE_LOOP('',(#1952,#1953,#1954,#1955));
#1050=EDGE_LOOP('',(#1956,#1957,#1958,#1959));
#1051=EDGE_LOOP('',(#1960,#1961,#1962,#1963));
#1052=EDGE_LOOP('',(#1964,#1965,#1966,#1967));
#1053=EDGE_LOOP('',(#1968,#1969,#1970,#1971,#1972,#1973,#1974,#1975));
#1054=EDGE_LOOP('',(#1976,#1977,#1978,#1979));
#1055=EDGE_LOOP('',(#1980,#1981,#1982,#1983,#1984,#1985,#1986,#1987));
#1056=EDGE_LOOP('',(#1988,#1989,#1990,#1991));
#1057=EDGE_LOOP('',(#1992,#1993,#1994,#1995));
#1058=EDGE_LOOP('',(#1996,#1997,#1998,#1999));
#1059=EDGE_LOOP('',(#2000,#2001,#2002,#2003));
#1060=EDGE_LOOP('',(#2004,#2005,#2006,#2007));
#1061=EDGE_LOOP('',(#2008,#2009,#2010,#2011));
#1062=EDGE_LOOP('',(#2012,#2013,#2014,#2015));
#1063=EDGE_LOOP('',(#2016,#2017,#2018,#2019,#2020,#2021,#2022,#2023));
#1064=EDGE_LOOP('',(#2024,#2025,#2026,#2027));
#1065=EDGE_LOOP('',(#2028,#2029,#2030,#2031,#2032,#2033,#2034,#2035));
#1066=EDGE_LOOP('',(#2036,#2037,#2038,#2039));
#1067=EDGE_LOOP('',(#2040,#2041,#2042,#2043));
#1068=EDGE_LOOP('',(#2044,#2045,#2046,#2047));
#1069=EDGE_LOOP('',(#2048,#2049,#2050,#2051));
#1070=EDGE_LOOP('',(#2052,#2053,#2054,#2055));
#1071=EDGE_LOOP('',(#2056,#2057,#2058,#2059));
#1072=EDGE_LOOP('',(#2060,#2061,#2062,#2063));
#1073=EDGE_LOOP('',(#2064,#2065,#2066,#2067,#2068,#2069,#2070,#2071));
#1074=EDGE_LOOP('',(#2072,#2073,#2074,#2075));
#1075=EDGE_LOOP('',(#2076,#2077,#2078,#2079,#2080,#2081,#2082,#2083));
#1076=EDGE_LOOP('',(#2084,#2085,#2086,#2087));
#1077=EDGE_LOOP('',(#2088,#2089,#2090,#2091));
#1078=EDGE_LOOP('',(#2092,#2093,#2094,#2095));
#1079=EDGE_LOOP('',(#2096,#2097,#2098,#2099));
#1080=EDGE_LOOP('',(#2100,#2101,#2102,#2103));
#1081=EDGE_LOOP('',(#2104,#2105,#2106,#2107));
#1082=EDGE_LOOP('',(#2108,#2109,#2110,#2111));
#1083=EDGE_LOOP('',(#2112,#2113,#2114,#2115,#2116,#2117,#2118,#2119));
#1084=EDGE_LOOP('',(#2120,#2121,#2122,#2123));
#1085=EDGE_LOOP('',(#2124,#2125,#2126,#2127,#2128,#2129,#2130,#2131));
#1086=EDGE_LOOP('',(#2132,#2133,#2134,#2135));
#1087=EDGE_LOOP('',(#2136,#2137,#2138,#2139));
#1088=EDGE_LOOP('',(#2140,#2141,#2142,#2143));
#1089=EDGE_LOOP('',(#2144,#2145,#2146,#2147));
#1090=EDGE_LOOP('',(#2148,#2149,#2150,#2151));
#1091=EDGE_LOOP('',(#2152,#2153,#2154,#2155));
#1092=EDGE_LOOP('',(#2156,#2157,#2158,#2159,#2160,#2161,#2162,#2163));
#1093=EDGE_LOOP('',(#2164,#2165,#2166,#2167));
#1094=EDGE_LOOP('',(#2168,#2169,#2170,#2171,#2172,#2173,#2174,#2175));
#1095=EDGE_LOOP('',(#2176,#2177,#2178,#2179));
#1096=EDGE_LOOP('',(#2180,#2181,#2182,#2183));
#1097=EDGE_LOOP('',(#2184,#2185,#2186,#2187));
#1098=EDGE_LOOP('',(#2188,#2189,#2190,#2191));
#1099=EDGE_LOOP('',(#2192,#2193,#2194,#2195));
#1100=EDGE_LOOP('',(#2196,#2197,#2198,#2199));
#1101=EDGE_LOOP('',(#2200,#2201,#2202,#2203));
#1102=EDGE_LOOP('',(#2204,#2205,#2206,#2207,#2208,#2209,#2210,#2211));
#1103=EDGE_LOOP('',(#2212,#2213,#2214,#2215));
#1104=EDGE_LOOP('',(#2216,#2217,#2218,#2219,#2220,#2221,#2222,#2223));
#1105=EDGE_LOOP('',(#2224,#2225,#2226,#2227));
#1106=EDGE_LOOP('',(#2228,#2229,#2230,#2231));
#1107=EDGE_LOOP('',(#2232,#2233,#2234,#2235));
#1108=EDGE_LOOP('',(#2236,#2237,#2238,#2239));
#1109=EDGE_LOOP('',(#2240,#2241,#2242,#2243));
#1110=EDGE_LOOP('',(#2244,#2245,#2246,#2247));
#1111=EDGE_LOOP('',(#2248,#2249,#2250,#2251));
#1112=EDGE_LOOP('',(#2252,#2253,#2254,#2255,#2256,#2257,#2258,#2259));
#1113=EDGE_LOOP('',(#2260,#2261,#2262,#2263));
#1114=EDGE_LOOP('',(#2264,#2265,#2266,#2267,#2268,#2269,#2270,#2271));
#1115=EDGE_LOOP('',(#2272,#2273,#2274,#2275));
#1116=EDGE_LOOP('',(#2276,#2277,#2278,#2279));
#1117=EDGE_LOOP('',(#2280,#2281,#2282,#2283));
#1118=EDGE_LOOP('',(#2284,#2285,#2286,#2287));
#1119=EDGE_LOOP('',(#2288,#2289,#2290,#2291,#2292,#2293));
#1120=EDGE_LOOP('',(#2294,#2295,#2296,#2297));
#1121=EDGE_LOOP('',(#2298,#2299,#2300,#2301));
#1122=EDGE_LOOP('',(#2302,#2303,#2304,#2305));
#1123=EDGE_LOOP('',(#2306,#2307,#2308,#2309));
#1124=EDGE_LOOP('',(#2310,#2311,#2312,#2313,#2314,#2315));
#1125=EDGE_LOOP('',(#2316,#2317,#2318,#2319));
#1126=EDGE_LOOP('',(#2320,#2321,#2322,#2323));
#1127=EDGE_LOOP('',(#2324,#2325,#2326,#2327,#2328,#2329));
#1128=EDGE_LOOP('',(#2330,#2331,#2332,#2333));
#1129=EDGE_LOOP('',(#2334,#2335,#2336,#2337));
#1130=EDGE_LOOP('',(#2338,#2339,#2340,#2341));
#1131=EDGE_LOOP('',(#2342,#2343,#2344,#2345));
#1132=EDGE_LOOP('',(#2346,#2347,#2348,#2349,#2350,#2351));
#1133=EDGE_LOOP('',(#2352,#2353,#2354,#2355));
#1134=EDGE_LOOP('',(#2356,#2357,#2358,#2359));
#1135=EDGE_LOOP('',(#2360,#2361,#2362,#2363,#2364,#2365));
#1136=EDGE_LOOP('',(#2366,#2367,#2368,#2369));
#1137=EDGE_LOOP('',(#2370,#2371,#2372,#2373));
#1138=EDGE_LOOP('',(#2374,#2375,#2376,#2377));
#1139=EDGE_LOOP('',(#2378,#2379,#2380,#2381));
#1140=EDGE_LOOP('',(#2382,#2383,#2384,#2385,#2386,#2387));
#1141=EDGE_LOOP('',(#2388,#2389,#2390,#2391));
#1142=EDGE_LOOP('',(#2392,#2393,#2394,#2395));
#1143=EDGE_LOOP('',(#2396,#2397,#2398,#2399,#2400,#2401));
#1144=EDGE_LOOP('',(#2402,#2403,#2404,#2405));
#1145=EDGE_LOOP('',(#2406,#2407,#2408,#2409));
#1146=EDGE_LOOP('',(#2410,#2411,#2412,#2413));
#1147=EDGE_LOOP('',(#2414,#2415,#2416,#2417));
#1148=EDGE_LOOP('',(#2418,#2419,#2420,#2421,#2422,#2423));
#1149=EDGE_LOOP('',(#2424,#2425,#2426,#2427));
#1150=EDGE_LOOP('',(#2428,#2429,#2430,#2431));
#1151=EDGE_LOOP('',(#2432,#2433,#2434,#2435,#2436,#2437));
#1152=EDGE_LOOP('',(#2438,#2439,#2440,#2441));
#1153=EDGE_LOOP('',(#2442,#2443,#2444,#2445));
#1154=EDGE_LOOP('',(#2446,#2447,#2448,#2449));
#1155=EDGE_LOOP('',(#2450,#2451,#2452,#2453));
#1156=EDGE_LOOP('',(#2454,#2455,#2456,#2457,#2458,#2459));
#1157=EDGE_LOOP('',(#2460,#2461,#2462,#2463));
#1158=EDGE_LOOP('',(#2464,#2465,#2466,#2467));
#1159=EDGE_LOOP('',(#2468,#2469,#2470,#2471,#2472,#2473));
#1160=EDGE_LOOP('',(#2474,#2475,#2476,#2477));
#1161=EDGE_LOOP('',(#2478,#2479,#2480,#2481));
#1162=EDGE_LOOP('',(#2482,#2483,#2484,#2485));
#1163=EDGE_LOOP('',(#2486,#2487,#2488,#2489));
#1164=EDGE_LOOP('',(#2490,#2491,#2492,#2493,#2494,#2495));
#1165=EDGE_LOOP('',(#2496,#2497,#2498,#2499));
#1166=EDGE_LOOP('',(#2500,#2501,#2502,#2503));
#1167=EDGE_LOOP('',(#2504,#2505,#2506,#2507,#2508,#2509));
#1168=EDGE_LOOP('',(#2510,#2511,#2512,#2513));
#1169=EDGE_LOOP('',(#2514,#2515,#2516,#2517));
#1170=EDGE_LOOP('',(#2518,#2519,#2520,#2521));
#1171=EDGE_LOOP('',(#2522,#2523,#2524,#2525));
#1172=EDGE_LOOP('',(#2526,#2527,#2528,#2529,#2530,#2531));
#1173=EDGE_LOOP('',(#2532,#2533,#2534,#2535));
#1174=EDGE_LOOP('',(#2536,#2537,#2538,#2539));
#1175=EDGE_LOOP('',(#2540,#2541,#2542,#2543,#2544,#2545));
#1176=EDGE_LOOP('',(#2546,#2547,#2548,#2549));
#1177=EDGE_LOOP('',(#2550,#2551,#2552,#2553));
#1178=EDGE_LOOP('',(#2554,#2555,#2556,#2557));
#1179=EDGE_LOOP('',(#2558,#2559,#2560,#2561));
#1180=EDGE_LOOP('',(#2562,#2563,#2564,#2565,#2566,#2567));
#1181=EDGE_LOOP('',(#2568,#2569,#2570,#2571));
#1182=CIRCLE('',#2782,0.942857142857143);
#1183=CIRCLE('',#2784,0.942857142857143);
#1184=CIRCLE('',#2803,0.179999999999998);
#1185=CIRCLE('',#2804,0.179999999999998);
#1186=CIRCLE('',#2806,0.0599999999999989);
#1187=CIRCLE('',#2807,0.0599999999999989);
#1188=CIRCLE('',#2817,0.179999999999998);
#1189=CIRCLE('',#2818,0.179999999999998);
#1190=CIRCLE('',#2820,0.0599999999999989);
#1191=CIRCLE('',#2821,0.0599999999999989);
#1192=CIRCLE('',#2831,0.179999999999998);
#1193=CIRCLE('',#2832,0.179999999999998);
#1194=CIRCLE('',#2834,0.0599999999999989);
#1195=CIRCLE('',#2835,0.0599999999999989);
#1196=CIRCLE('',#2845,0.179999999999998);
#1197=CIRCLE('',#2846,0.179999999999998);
#1198=CIRCLE('',#2848,0.0599999999999989);
#1199=CIRCLE('',#2849,0.0599999999999989);
#1200=CIRCLE('',#2859,0.179999999999998);
#1201=CIRCLE('',#2860,0.179999999999998);
#1202=CIRCLE('',#2862,0.0599999999999989);
#1203=CIRCLE('',#2863,0.0599999999999989);
#1204=CIRCLE('',#2873,0.179999999999998);
#1205=CIRCLE('',#2874,0.179999999999998);
#1206=CIRCLE('',#2876,0.0599999999999989);
#1207=CIRCLE('',#2877,0.0599999999999989);
#1208=CIRCLE('',#2887,0.179999999999998);
#1209=CIRCLE('',#2888,0.179999999999998);
#1210=CIRCLE('',#2890,0.0599999999999989);
#1211=CIRCLE('',#2891,0.0599999999999989);
#1212=CIRCLE('',#2901,0.179999999999998);
#1213=CIRCLE('',#2902,0.179999999999998);
#1214=CIRCLE('',#2904,0.0599999999999989);
#1215=CIRCLE('',#2905,0.0599999999999989);
#1216=ELLIPSE('',#2781,4.3536042536188,0.942857142857143);
#1217=ELLIPSE('',#2783,4.3536042536188,0.942857142857143);
#1218=VERTEX_POINT('',#3712);
#1219=VERTEX_POINT('',#3713);
#1220=VERTEX_POINT('',#3715);
#1221=VERTEX_POINT('',#3717);
#1222=VERTEX_POINT('',#3723);
#1223=VERTEX_POINT('',#3725);
#1224=VERTEX_POINT('',#3727);
#1225=VERTEX_POINT('',#3729);
#1226=VERTEX_POINT('',#3733);
#1227=VERTEX_POINT('',#3735);
#1228=VERTEX_POINT('',#3739);
#1229=VERTEX_POINT('',#3743);
#1230=VERTEX_POINT('',#3749);
#1231=VERTEX_POINT('',#3751);
#1232=VERTEX_POINT('',#3755);
#1233=VERTEX_POINT('',#3759);
#1234=VERTEX_POINT('',#3761);
#1235=VERTEX_POINT('',#3763);
#1236=VERTEX_POINT('',#3767);
#1237=VERTEX_POINT('',#3772);
#1238=VERTEX_POINT('',#3782);
#1239=VERTEX_POINT('',#3783);
#1240=VERTEX_POINT('',#3785);
#1241=VERTEX_POINT('',#3787);
#1242=VERTEX_POINT('',#3791);
#1243=VERTEX_POINT('',#3792);
#1244=VERTEX_POINT('',#3794);
#1245=VERTEX_POINT('',#3796);
#1246=VERTEX_POINT('',#3800);
#1247=VERTEX_POINT('',#3801);
#1248=VERTEX_POINT('',#3806);
#1249=VERTEX_POINT('',#3807);
#1250=VERTEX_POINT('',#3812);
#1251=VERTEX_POINT('',#3813);
#1252=VERTEX_POINT('',#3819);
#1253=VERTEX_POINT('',#3823);
#1254=VERTEX_POINT('',#3832);
#1255=VERTEX_POINT('',#3833);
#1256=VERTEX_POINT('',#3835);
#1257=VERTEX_POINT('',#3837);
#1258=VERTEX_POINT('',#3841);
#1259=VERTEX_POINT('',#3842);
#1260=VERTEX_POINT('',#3844);
#1261=VERTEX_POINT('',#3846);
#1262=VERTEX_POINT('',#3850);
#1263=VERTEX_POINT('',#3851);
#1264=VERTEX_POINT('',#3856);
#1265=VERTEX_POINT('',#3857);
#1266=VERTEX_POINT('',#3862);
#1267=VERTEX_POINT('',#3863);
#1268=VERTEX_POINT('',#3868);
#1269=VERTEX_POINT('',#3873);
#1270=VERTEX_POINT('',#3882);
#1271=VERTEX_POINT('',#3883);
#1272=VERTEX_POINT('',#3885);
#1273=VERTEX_POINT('',#3887);
#1274=VERTEX_POINT('',#3891);
#1275=VERTEX_POINT('',#3892);
#1276=VERTEX_POINT('',#3894);
#1277=VERTEX_POINT('',#3896);
#1278=VERTEX_POINT('',#3900);
#1279=VERTEX_POINT('',#3901);
#1280=VERTEX_POINT('',#3906);
#1281=VERTEX_POINT('',#3907);
#1282=VERTEX_POINT('',#3912);
#1283=VERTEX_POINT('',#3913);
#1284=VERTEX_POINT('',#3918);
#1285=VERTEX_POINT('',#3923);
#1286=VERTEX_POINT('',#3932);
#1287=VERTEX_POINT('',#3933);
#1288=VERTEX_POINT('',#3935);
#1289=VERTEX_POINT('',#3937);
#1290=VERTEX_POINT('',#3941);
#1291=VERTEX_POINT('',#3942);
#1292=VERTEX_POINT('',#3944);
#1293=VERTEX_POINT('',#3946);
#1294=VERTEX_POINT('',#3950);
#1295=VERTEX_POINT('',#3951);
#1296=VERTEX_POINT('',#3956);
#1297=VERTEX_POINT('',#3957);
#1298=VERTEX_POINT('',#3962);
#1299=VERTEX_POINT('',#3963);
#1300=VERTEX_POINT('',#3968);
#1301=VERTEX_POINT('',#3973);
#1302=VERTEX_POINT('',#3982);
#1303=VERTEX_POINT('',#3983);
#1304=VERTEX_POINT('',#3985);
#1305=VERTEX_POINT('',#3987);
#1306=VERTEX_POINT('',#3991);
#1307=VERTEX_POINT('',#3992);
#1308=VERTEX_POINT('',#3994);
#1309=VERTEX_POINT('',#3996);
#1310=VERTEX_POINT('',#4000);
#1311=VERTEX_POINT('',#4001);
#1312=VERTEX_POINT('',#4006);
#1313=VERTEX_POINT('',#4007);
#1314=VERTEX_POINT('',#4012);
#1315=VERTEX_POINT('',#4013);
#1316=VERTEX_POINT('',#4018);
#1317=VERTEX_POINT('',#4023);
#1318=VERTEX_POINT('',#4032);
#1319=VERTEX_POINT('',#4033);
#1320=VERTEX_POINT('',#4035);
#1321=VERTEX_POINT('',#4037);
#1322=VERTEX_POINT('',#4041);
#1323=VERTEX_POINT('',#4042);
#1324=VERTEX_POINT('',#4044);
#1325=VERTEX_POINT('',#4046);
#1326=VERTEX_POINT('',#4050);
#1327=VERTEX_POINT('',#4051);
#1328=VERTEX_POINT('',#4056);
#1329=VERTEX_POINT('',#4057);
#1330=VERTEX_POINT('',#4062);
#1331=VERTEX_POINT('',#4063);
#1332=VERTEX_POINT('',#4069);
#1333=VERTEX_POINT('',#4073);
#1334=VERTEX_POINT('',#4082);
#1335=VERTEX_POINT('',#4083);
#1336=VERTEX_POINT('',#4085);
#1337=VERTEX_POINT('',#4087);
#1338=VERTEX_POINT('',#4091);
#1339=VERTEX_POINT('',#4092);
#1340=VERTEX_POINT('',#4094);
#1341=VERTEX_POINT('',#4096);
#1342=VERTEX_POINT('',#4100);
#1343=VERTEX_POINT('',#4101);
#1344=VERTEX_POINT('',#4106);
#1345=VERTEX_POINT('',#4107);
#1346=VERTEX_POINT('',#4112);
#1347=VERTEX_POINT('',#4113);
#1348=VERTEX_POINT('',#4119);
#1349=VERTEX_POINT('',#4123);
#1350=VERTEX_POINT('',#4132);
#1351=VERTEX_POINT('',#4133);
#1352=VERTEX_POINT('',#4135);
#1353=VERTEX_POINT('',#4137);
#1354=VERTEX_POINT('',#4141);
#1355=VERTEX_POINT('',#4142);
#1356=VERTEX_POINT('',#4144);
#1357=VERTEX_POINT('',#4146);
#1358=VERTEX_POINT('',#4150);
#1359=VERTEX_POINT('',#4151);
#1360=VERTEX_POINT('',#4156);
#1361=VERTEX_POINT('',#4157);
#1362=VERTEX_POINT('',#4162);
#1363=VERTEX_POINT('',#4163);
#1364=VERTEX_POINT('',#4169);
#1365=VERTEX_POINT('',#4173);
#1366=VERTEX_POINT('',#4182);
#1367=VERTEX_POINT('',#4183);
#1368=VERTEX_POINT('',#4185);
#1369=VERTEX_POINT('',#4187);
#1370=VERTEX_POINT('',#4191);
#1371=VERTEX_POINT('',#4193);
#1372=VERTEX_POINT('',#4195);
#1373=VERTEX_POINT('',#4197);
#1374=VERTEX_POINT('',#4201);
#1375=VERTEX_POINT('',#4205);
#1376=VERTEX_POINT('',#4209);
#1377=VERTEX_POINT('',#4213);
#1378=VERTEX_POINT('',#4220);
#1379=VERTEX_POINT('',#4221);
#1380=VERTEX_POINT('',#4223);
#1381=VERTEX_POINT('',#4225);
#1382=VERTEX_POINT('',#4229);
#1383=VERTEX_POINT('',#4231);
#1384=VERTEX_POINT('',#4233);
#1385=VERTEX_POINT('',#4235);
#1386=VERTEX_POINT('',#4239);
#1387=VERTEX_POINT('',#4243);
#1388=VERTEX_POINT('',#4247);
#1389=VERTEX_POINT('',#4251);
#1390=VERTEX_POINT('',#4258);
#1391=VERTEX_POINT('',#4259);
#1392=VERTEX_POINT('',#4261);
#1393=VERTEX_POINT('',#4263);
#1394=VERTEX_POINT('',#4267);
#1395=VERTEX_POINT('',#4269);
#1396=VERTEX_POINT('',#4271);
#1397=VERTEX_POINT('',#4273);
#1398=VERTEX_POINT('',#4277);
#1399=VERTEX_POINT('',#4281);
#1400=VERTEX_POINT('',#4285);
#1401=VERTEX_POINT('',#4289);
#1402=VERTEX_POINT('',#4296);
#1403=VERTEX_POINT('',#4297);
#1404=VERTEX_POINT('',#4299);
#1405=VERTEX_POINT('',#4301);
#1406=VERTEX_POINT('',#4305);
#1407=VERTEX_POINT('',#4307);
#1408=VERTEX_POINT('',#4309);
#1409=VERTEX_POINT('',#4311);
#1410=VERTEX_POINT('',#4315);
#1411=VERTEX_POINT('',#4319);
#1412=VERTEX_POINT('',#4323);
#1413=VERTEX_POINT('',#4327);
#1414=VERTEX_POINT('',#4334);
#1415=VERTEX_POINT('',#4335);
#1416=VERTEX_POINT('',#4337);
#1417=VERTEX_POINT('',#4339);
#1418=VERTEX_POINT('',#4343);
#1419=VERTEX_POINT('',#4345);
#1420=VERTEX_POINT('',#4347);
#1421=VERTEX_POINT('',#4349);
#1422=VERTEX_POINT('',#4353);
#1423=VERTEX_POINT('',#4357);
#1424=VERTEX_POINT('',#4361);
#1425=VERTEX_POINT('',#4365);
#1426=VERTEX_POINT('',#4372);
#1427=VERTEX_POINT('',#4373);
#1428=VERTEX_POINT('',#4375);
#1429=VERTEX_POINT('',#4377);
#1430=VERTEX_POINT('',#4381);
#1431=VERTEX_POINT('',#4383);
#1432=VERTEX_POINT('',#4385);
#1433=VERTEX_POINT('',#4387);
#1434=VERTEX_POINT('',#4391);
#1435=VERTEX_POINT('',#4395);
#1436=VERTEX_POINT('',#4399);
#1437=VERTEX_POINT('',#4403);
#1438=VERTEX_POINT('',#4410);
#1439=VERTEX_POINT('',#4411);
#1440=VERTEX_POINT('',#4413);
#1441=VERTEX_POINT('',#4415);
#1442=VERTEX_POINT('',#4419);
#1443=VERTEX_POINT('',#4421);
#1444=VERTEX_POINT('',#4423);
#1445=VERTEX_POINT('',#4425);
#1446=VERTEX_POINT('',#4429);
#1447=VERTEX_POINT('',#4433);
#1448=VERTEX_POINT('',#4437);
#1449=VERTEX_POINT('',#4441);
#1450=VERTEX_POINT('',#4448);
#1451=VERTEX_POINT('',#4449);
#1452=VERTEX_POINT('',#4451);
#1453=VERTEX_POINT('',#4453);
#1454=VERTEX_POINT('',#4457);
#1455=VERTEX_POINT('',#4459);
#1456=VERTEX_POINT('',#4461);
#1457=VERTEX_POINT('',#4463);
#1458=VERTEX_POINT('',#4467);
#1459=VERTEX_POINT('',#4471);
#1460=VERTEX_POINT('',#4475);
#1461=VERTEX_POINT('',#4479);
#1462=EDGE_CURVE('',#1218,#1219,#1216,.T.);
#1463=EDGE_CURVE('',#1218,#1220,#1182,.T.);
#1464=EDGE_CURVE('',#1221,#1220,#1217,.T.);
#1465=EDGE_CURVE('',#1219,#1221,#1183,.T.);
#1466=EDGE_CURVE('',#1220,#1218,#51,.T.);
#1467=EDGE_CURVE('',#1222,#1221,#52,.T.);
#1468=EDGE_CURVE('',#1223,#1222,#53,.T.);
#1469=EDGE_CURVE('',#1224,#1223,#54,.T.);
#1470=EDGE_CURVE('',#1225,#1224,#55,.T.);
#1471=EDGE_CURVE('',#1219,#1225,#56,.T.);
#1472=EDGE_CURVE('',#1222,#1226,#57,.T.);
#1473=EDGE_CURVE('',#1226,#1227,#58,.T.);
#1474=EDGE_CURVE('',#1223,#1227,#59,.T.);
#1475=EDGE_CURVE('',#1225,#1228,#60,.T.);
#1476=EDGE_CURVE('',#1228,#1226,#61,.T.);
#1477=EDGE_CURVE('',#1224,#1229,#62,.T.);
#1478=EDGE_CURVE('',#1229,#1228,#63,.T.);
#1479=EDGE_CURVE('',#1227,#1229,#64,.T.);
#1480=EDGE_CURVE('',#1230,#1227,#65,.T.);
#1481=EDGE_CURVE('',#1231,#1230,#66,.T.);
#1482=EDGE_CURVE('',#1231,#1229,#67,.T.);
#1483=EDGE_CURVE('',#1232,#1226,#68,.T.);
#1484=EDGE_CURVE('',#1230,#1232,#69,.T.);
#1485=EDGE_CURVE('',#1233,#1231,#70,.T.);
#1486=EDGE_CURVE('',#1231,#1234,#71,.T.);
#1487=EDGE_CURVE('',#1234,#1235,#72,.T.);
#1488=EDGE_CURVE('',#1235,#1233,#73,.T.);
#1489=EDGE_CURVE('',#1236,#1234,#74,.T.);
#1490=EDGE_CURVE('',#1236,#1230,#75,.T.);
#1491=EDGE_CURVE('',#1232,#1233,#76,.T.);
#1492=EDGE_CURVE('',#1235,#1237,#77,.T.);
#1493=EDGE_CURVE('',#1237,#1232,#78,.T.);
#1494=EDGE_CURVE('',#1237,#1236,#79,.T.);
#1495=EDGE_CURVE('',#1233,#1228,#80,.T.);
#1496=EDGE_CURVE('',#1238,#1239,#81,.T.);
#1497=EDGE_CURVE('',#1239,#1240,#82,.T.);
#1498=EDGE_CURVE('',#1241,#1240,#83,.T.);
#1499=EDGE_CURVE('',#1238,#1241,#84,.T.);
#1500=EDGE_CURVE('',#1242,#1243,#85,.T.);
#1501=EDGE_CURVE('',#1243,#1244,#86,.T.);
#1502=EDGE_CURVE('',#1245,#1244,#87,.T.);
#1503=EDGE_CURVE('',#1242,#1245,#88,.T.);
#1504=EDGE_CURVE('',#1246,#1247,#89,.T.);
#1505=EDGE_CURVE('',#1247,#1239,#1184,.T.);
#1506=EDGE_CURVE('',#1246,#1238,#1185,.T.);
#1507=EDGE_CURVE('',#1248,#1249,#90,.T.);
#1508=EDGE_CURVE('',#1249,#1243,#1186,.T.);
#1509=EDGE_CURVE('',#1248,#1242,#1187,.T.);
#1510=EDGE_CURVE('',#1250,#1251,#91,.T.);
#1511=EDGE_CURVE('',#1250,#1248,#92,.T.);
#1512=EDGE_CURVE('',#1240,#1245,#93,.T.);
#1513=EDGE_CURVE('',#1251,#1247,#94,.T.);
#1514=EDGE_CURVE('',#1251,#1252,#95,.T.);
#1515=EDGE_CURVE('',#1252,#1246,#96,.T.);
#1516=EDGE_CURVE('',#1252,#1253,#97,.T.);
#1517=EDGE_CURVE('',#1244,#1241,#98,.T.);
#1518=EDGE_CURVE('',#1253,#1249,#99,.T.);
#1519=EDGE_CURVE('',#1253,#1250,#100,.T.);
#1520=EDGE_CURVE('',#1254,#1255,#101,.T.);
#1521=EDGE_CURVE('',#1255,#1256,#102,.T.);
#1522=EDGE_CURVE('',#1257,#1256,#103,.T.);
#1523=EDGE_CURVE('',#1254,#1257,#104,.T.);
#1524=EDGE_CURVE('',#1258,#1259,#105,.T.);
#1525=EDGE_CURVE('',#1259,#1260,#106,.T.);
#1526=EDGE_CURVE('',#1261,#1260,#107,.T.);
#1527=EDGE_CURVE('',#1258,#1261,#108,.T.);
#1528=EDGE_CURVE('',#1262,#1263,#109,.T.);
#1529=EDGE_CURVE('',#1263,#1255,#1188,.T.);
#1530=EDGE_CURVE('',#1262,#1254,#1189,.T.);
#1531=EDGE_CURVE('',#1264,#1265,#110,.T.);
#1532=EDGE_CURVE('',#1265,#1259,#1190,.T.);
#1533=EDGE_CURVE('',#1264,#1258,#1191,.T.);
#1534=EDGE_CURVE('',#1266,#1267,#111,.T.);
#1535=EDGE_CURVE('',#1267,#1263,#112,.T.);
#1536=EDGE_CURVE('',#1266,#1262,#113,.T.);
#1537=EDGE_CURVE('',#1268,#1266,#114,.T.);
#1538=EDGE_CURVE('',#1260,#1257,#115,.T.);
#1539=EDGE_CURVE('',#1268,#1265,#116,.T.);
#1540=EDGE_CURVE('',#1269,#1268,#117,.T.);
#1541=EDGE_CURVE('',#1269,#1264,#118,.T.);
#1542=EDGE_CURVE('',#1267,#1269,#119,.T.);
#1543=EDGE_CURVE('',#1256,#1261,#120,.T.);
#1544=EDGE_CURVE('',#1270,#1271,#121,.T.);
#1545=EDGE_CURVE('',#1270,#1272,#122,.T.);
#1546=EDGE_CURVE('',#1272,#1273,#123,.T.);
#1547=EDGE_CURVE('',#1271,#1273,#124,.T.);
#1548=EDGE_CURVE('',#1274,#1275,#125,.T.);
#1549=EDGE_CURVE('',#1274,#1276,#126,.T.);
#1550=EDGE_CURVE('',#1276,#1277,#127,.T.);
#1551=EDGE_CURVE('',#1275,#1277,#128,.T.);
#1552=EDGE_CURVE('',#1278,#1279,#129,.T.);
#1553=EDGE_CURVE('',#1278,#1270,#1192,.T.);
#1554=EDGE_CURVE('',#1279,#1271,#1193,.T.);
#1555=EDGE_CURVE('',#1280,#1281,#130,.T.);
#1556=EDGE_CURVE('',#1280,#1274,#1194,.T.);
#1557=EDGE_CURVE('',#1281,#1275,#1195,.T.);
#1558=EDGE_CURVE('',#1282,#1283,#131,.T.);
#1559=EDGE_CURVE('',#1282,#1278,#132,.T.);
#1560=EDGE_CURVE('',#1283,#1279,#133,.T.);
#1561=EDGE_CURVE('',#1284,#1282,#134,.T.);
#1562=EDGE_CURVE('',#1284,#1281,#135,.T.);
#1563=EDGE_CURVE('',#1277,#1272,#136,.T.);
#1564=EDGE_CURVE('',#1285,#1284,#137,.T.);
#1565=EDGE_CURVE('',#1285,#1280,#138,.T.);
#1566=EDGE_CURVE('',#1283,#1285,#139,.T.);
#1567=EDGE_CURVE('',#1273,#1276,#140,.T.);
#1568=EDGE_CURVE('',#1286,#1287,#141,.T.);
#1569=EDGE_CURVE('',#1287,#1288,#142,.T.);
#1570=EDGE_CURVE('',#1289,#1288,#143,.T.);
#1571=EDGE_CURVE('',#1286,#1289,#144,.T.);
#1572=EDGE_CURVE('',#1290,#1291,#145,.T.);
#1573=EDGE_CURVE('',#1291,#1292,#146,.T.);
#1574=EDGE_CURVE('',#1293,#1292,#147,.T.);
#1575=EDGE_CURVE('',#1290,#1293,#148,.T.);
#1576=EDGE_CURVE('',#1294,#1295,#149,.T.);
#1577=EDGE_CURVE('',#1295,#1287,#1196,.T.);
#1578=EDGE_CURVE('',#1294,#1286,#1197,.T.);
#1579=EDGE_CURVE('',#1296,#1297,#150,.T.);
#1580=EDGE_CURVE('',#1297,#1291,#1198,.T.);
#1581=EDGE_CURVE('',#1296,#1290,#1199,.T.);
#1582=EDGE_CURVE('',#1298,#1299,#151,.T.);
#1583=EDGE_CURVE('',#1299,#1295,#152,.T.);
#1584=EDGE_CURVE('',#1298,#1294,#153,.T.);
#1585=EDGE_CURVE('',#1300,#1298,#154,.T.);
#1586=EDGE_CURVE('',#1292,#1289,#155,.T.);
#1587=EDGE_CURVE('',#1300,#1297,#156,.T.);
#1588=EDGE_CURVE('',#1301,#1300,#157,.T.);
#1589=EDGE_CURVE('',#1301,#1296,#158,.T.);
#1590=EDGE_CURVE('',#1299,#1301,#159,.T.);
#1591=EDGE_CURVE('',#1288,#1293,#160,.T.);
#1592=EDGE_CURVE('',#1302,#1303,#161,.T.);
#1593=EDGE_CURVE('',#1302,#1304,#162,.T.);
#1594=EDGE_CURVE('',#1304,#1305,#163,.T.);
#1595=EDGE_CURVE('',#1303,#1305,#164,.T.);
#1596=EDGE_CURVE('',#1306,#1307,#165,.T.);
#1597=EDGE_CURVE('',#1306,#1308,#166,.T.);
#1598=EDGE_CURVE('',#1308,#1309,#167,.T.);
#1599=EDGE_CURVE('',#1307,#1309,#168,.T.);
#1600=EDGE_CURVE('',#1310,#1311,#169,.T.);
#1601=EDGE_CURVE('',#1310,#1302,#1200,.T.);
#1602=EDGE_CURVE('',#1311,#1303,#1201,.T.);
#1603=EDGE_CURVE('',#1312,#1313,#170,.T.);
#1604=EDGE_CURVE('',#1312,#1306,#1202,.T.);
#1605=EDGE_CURVE('',#1313,#1307,#1203,.T.);
#1606=EDGE_CURVE('',#1314,#1315,#171,.T.);
#1607=EDGE_CURVE('',#1314,#1310,#172,.T.);
#1608=EDGE_CURVE('',#1315,#1311,#173,.T.);
#1609=EDGE_CURVE('',#1316,#1314,#174,.T.);
#1610=EDGE_CURVE('',#1316,#1313,#175,.T.);
#1611=EDGE_CURVE('',#1309,#1304,#176,.T.);
#1612=EDGE_CURVE('',#1317,#1316,#177,.T.);
#1613=EDGE_CURVE('',#1317,#1312,#178,.T.);
#1614=EDGE_CURVE('',#1315,#1317,#179,.T.);
#1615=EDGE_CURVE('',#1305,#1308,#180,.T.);
#1616=EDGE_CURVE('',#1318,#1319,#181,.T.);
#1617=EDGE_CURVE('',#1318,#1320,#182,.T.);
#1618=EDGE_CURVE('',#1320,#1321,#183,.T.);
#1619=EDGE_CURVE('',#1319,#1321,#184,.T.);
#1620=EDGE_CURVE('',#1322,#1323,#185,.T.);
#1621=EDGE_CURVE('',#1322,#1324,#186,.T.);
#1622=EDGE_CURVE('',#1324,#1325,#187,.T.);
#1623=EDGE_CURVE('',#1323,#1325,#188,.T.);
#1624=EDGE_CURVE('',#1326,#1327,#189,.T.);
#1625=EDGE_CURVE('',#1326,#1318,#1204,.T.);
#1626=EDGE_CURVE('',#1327,#1319,#1205,.T.);
#1627=EDGE_CURVE('',#1328,#1329,#190,.T.);
#1628=EDGE_CURVE('',#1328,#1322,#1206,.T.);
#1629=EDGE_CURVE('',#1329,#1323,#1207,.T.);
#1630=EDGE_CURVE('',#1330,#1331,#191,.T.);
#1631=EDGE_CURVE('',#1331,#1327,#192,.T.);
#1632=EDGE_CURVE('',#1321,#1324,#193,.T.);
#1633=EDGE_CURVE('',#1330,#1328,#194,.T.);
#1634=EDGE_CURVE('',#1331,#1332,#195,.T.);
#1635=EDGE_CURVE('',#1332,#1326,#196,.T.);
#1636=EDGE_CURVE('',#1332,#1333,#197,.T.);
#1637=EDGE_CURVE('',#1333,#1329,#198,.T.);
#1638=EDGE_CURVE('',#1325,#1320,#199,.T.);
#1639=EDGE_CURVE('',#1333,#1330,#200,.T.);
#1640=EDGE_CURVE('',#1334,#1335,#201,.T.);
#1641=EDGE_CURVE('',#1335,#1336,#202,.T.);
#1642=EDGE_CURVE('',#1337,#1336,#203,.T.);
#1643=EDGE_CURVE('',#1334,#1337,#204,.T.);
#1644=EDGE_CURVE('',#1338,#1339,#205,.T.);
#1645=EDGE_CURVE('',#1339,#1340,#206,.T.);
#1646=EDGE_CURVE('',#1341,#1340,#207,.T.);
#1647=EDGE_CURVE('',#1338,#1341,#208,.T.);
#1648=EDGE_CURVE('',#1342,#1343,#209,.T.);
#1649=EDGE_CURVE('',#1343,#1335,#1208,.T.);
#1650=EDGE_CURVE('',#1342,#1334,#1209,.T.);
#1651=EDGE_CURVE('',#1344,#1345,#210,.T.);
#1652=EDGE_CURVE('',#1345,#1339,#1210,.T.);
#1653=EDGE_CURVE('',#1344,#1338,#1211,.T.);
#1654=EDGE_CURVE('',#1346,#1347,#211,.T.);
#1655=EDGE_CURVE('',#1346,#1344,#212,.T.);
#1656=EDGE_CURVE('',#1336,#1341,#213,.T.);
#1657=EDGE_CURVE('',#1347,#1343,#214,.T.);
#1658=EDGE_CURVE('',#1347,#1348,#215,.T.);
#1659=EDGE_CURVE('',#1348,#1342,#216,.T.);
#1660=EDGE_CURVE('',#1348,#1349,#217,.T.);
#1661=EDGE_CURVE('',#1340,#1337,#218,.T.);
#1662=EDGE_CURVE('',#1349,#1345,#219,.T.);
#1663=EDGE_CURVE('',#1349,#1346,#220,.T.);
#1664=EDGE_CURVE('',#1350,#1351,#221,.T.);
#1665=EDGE_CURVE('',#1350,#1352,#222,.T.);
#1666=EDGE_CURVE('',#1352,#1353,#223,.T.);
#1667=EDGE_CURVE('',#1351,#1353,#224,.T.);
#1668=EDGE_CURVE('',#1354,#1355,#225,.T.);
#1669=EDGE_CURVE('',#1354,#1356,#226,.T.);
#1670=EDGE_CURVE('',#1356,#1357,#227,.T.);
#1671=EDGE_CURVE('',#1355,#1357,#228,.T.);
#1672=EDGE_CURVE('',#1358,#1359,#229,.T.);
#1673=EDGE_CURVE('',#1358,#1350,#1212,.T.);
#1674=EDGE_CURVE('',#1359,#1351,#1213,.T.);
#1675=EDGE_CURVE('',#1360,#1361,#230,.T.);
#1676=EDGE_CURVE('',#1360,#1354,#1214,.T.);
#1677=EDGE_CURVE('',#1361,#1355,#1215,.T.);
#1678=EDGE_CURVE('',#1362,#1363,#231,.T.);
#1679=EDGE_CURVE('',#1363,#1359,#232,.T.);
#1680=EDGE_CURVE('',#1353,#1356,#233,.T.);
#1681=EDGE_CURVE('',#1362,#1360,#234,.T.);
#1682=EDGE_CURVE('',#1363,#1364,#235,.T.);
#1683=EDGE_CURVE('',#1364,#1358,#236,.T.);
#1684=EDGE_CURVE('',#1364,#1365,#237,.T.);
#1685=EDGE_CURVE('',#1365,#1361,#238,.T.);
#1686=EDGE_CURVE('',#1357,#1352,#239,.T.);
#1687=EDGE_CURVE('',#1365,#1362,#240,.T.);
#1688=EDGE_CURVE('',#1366,#1367,#241,.T.);
#1689=EDGE_CURVE('',#1367,#1368,#242,.T.);
#1690=EDGE_CURVE('',#1368,#1369,#243,.T.);
#1691=EDGE_CURVE('',#1369,#1366,#244,.T.);
#1692=EDGE_CURVE('',#1370,#1368,#245,.T.);
#1693=EDGE_CURVE('',#1371,#1370,#246,.T.);
#1694=EDGE_CURVE('',#1372,#1371,#247,.T.);
#1695=EDGE_CURVE('',#1373,#1372,#248,.T.);
#1696=EDGE_CURVE('',#1373,#1369,#249,.T.);
#1697=EDGE_CURVE('',#1367,#1374,#250,.T.);
#1698=EDGE_CURVE('',#1370,#1374,#251,.T.);
#1699=EDGE_CURVE('',#1374,#1375,#252,.T.);
#1700=EDGE_CURVE('',#1375,#1371,#253,.T.);
#1701=EDGE_CURVE('',#1376,#1373,#254,.T.);
#1702=EDGE_CURVE('',#1376,#1366,#255,.T.);
#1703=EDGE_CURVE('',#1377,#1375,#256,.T.);
#1704=EDGE_CURVE('',#1372,#1377,#257,.T.);
#1705=EDGE_CURVE('',#1377,#1376,#258,.T.);
#1706=EDGE_CURVE('',#1378,#1379,#259,.T.);
#1707=EDGE_CURVE('',#1380,#1378,#260,.T.);
#1708=EDGE_CURVE('',#1381,#1380,#261,.T.);
#1709=EDGE_CURVE('',#1379,#1381,#262,.T.);
#1710=EDGE_CURVE('',#1382,#1380,#263,.T.);
#1711=EDGE_CURVE('',#1382,#1383,#264,.T.);
#1712=EDGE_CURVE('',#1383,#1384,#265,.T.);
#1713=EDGE_CURVE('',#1384,#1385,#266,.T.);
#1714=EDGE_CURVE('',#1385,#1381,#267,.T.);
#1715=EDGE_CURVE('',#1385,#1386,#268,.T.);
#1716=EDGE_CURVE('',#1379,#1386,#269,.T.);
#1717=EDGE_CURVE('',#1387,#1384,#270,.T.);
#1718=EDGE_CURVE('',#1386,#1387,#271,.T.);
#1719=EDGE_CURVE('',#1388,#1378,#272,.T.);
#1720=EDGE_CURVE('',#1388,#1382,#273,.T.);
#1721=EDGE_CURVE('',#1383,#1389,#274,.T.);
#1722=EDGE_CURVE('',#1389,#1387,#275,.T.);
#1723=EDGE_CURVE('',#1389,#1388,#276,.T.);
#1724=EDGE_CURVE('',#1390,#1391,#277,.T.);
#1725=EDGE_CURVE('',#1391,#1392,#278,.T.);
#1726=EDGE_CURVE('',#1392,#1393,#279,.T.);
#1727=EDGE_CURVE('',#1393,#1390,#280,.T.);
#1728=EDGE_CURVE('',#1394,#1392,#281,.T.);
#1729=EDGE_CURVE('',#1395,#1394,#282,.T.);
#1730=EDGE_CURVE('',#1396,#1395,#283,.T.);
#1731=EDGE_CURVE('',#1397,#1396,#284,.T.);
#1732=EDGE_CURVE('',#1397,#1393,#285,.T.);
#1733=EDGE_CURVE('',#1391,#1398,#286,.T.);
#1734=EDGE_CURVE('',#1394,#1398,#287,.T.);
#1735=EDGE_CURVE('',#1398,#1399,#288,.T.);
#1736=EDGE_CURVE('',#1399,#1395,#289,.T.);
#1737=EDGE_CURVE('',#1400,#1397,#290,.T.);
#1738=EDGE_CURVE('',#1400,#1390,#291,.T.);
#1739=EDGE_CURVE('',#1401,#1399,#292,.T.);
#1740=EDGE_CURVE('',#1396,#1401,#293,.T.);
#1741=EDGE_CURVE('',#1401,#1400,#294,.T.);
#1742=EDGE_CURVE('',#1402,#1403,#295,.T.);
#1743=EDGE_CURVE('',#1403,#1404,#296,.T.);
#1744=EDGE_CURVE('',#1404,#1405,#297,.T.);
#1745=EDGE_CURVE('',#1405,#1402,#298,.T.);
#1746=EDGE_CURVE('',#1406,#1404,#299,.T.);
#1747=EDGE_CURVE('',#1407,#1406,#300,.T.);
#1748=EDGE_CURVE('',#1408,#1407,#301,.T.);
#1749=EDGE_CURVE('',#1409,#1408,#302,.T.);
#1750=EDGE_CURVE('',#1409,#1405,#303,.T.);
#1751=EDGE_CURVE('',#1403,#1410,#304,.T.);
#1752=EDGE_CURVE('',#1406,#1410,#305,.T.);
#1753=EDGE_CURVE('',#1410,#1411,#306,.T.);
#1754=EDGE_CURVE('',#1411,#1407,#307,.T.);
#1755=EDGE_CURVE('',#1412,#1409,#308,.T.);
#1756=EDGE_CURVE('',#1412,#1402,#309,.T.);
#1757=EDGE_CURVE('',#1413,#1411,#310,.T.);
#1758=EDGE_CURVE('',#1408,#1413,#311,.T.);
#1759=EDGE_CURVE('',#1413,#1412,#312,.T.);
#1760=EDGE_CURVE('',#1414,#1415,#313,.T.);
#1761=EDGE_CURVE('',#1415,#1416,#314,.T.);
#1762=EDGE_CURVE('',#1416,#1417,#315,.T.);
#1763=EDGE_CURVE('',#1417,#1414,#316,.T.);
#1764=EDGE_CURVE('',#1418,#1416,#317,.T.);
#1765=EDGE_CURVE('',#1419,#1418,#318,.T.);
#1766=EDGE_CURVE('',#1420,#1419,#319,.T.);
#1767=EDGE_CURVE('',#1421,#1420,#320,.T.);
#1768=EDGE_CURVE('',#1421,#1417,#321,.T.);
#1769=EDGE_CURVE('',#1415,#1422,#322,.T.);
#1770=EDGE_CURVE('',#1418,#1422,#323,.T.);
#1771=EDGE_CURVE('',#1422,#1423,#324,.T.);
#1772=EDGE_CURVE('',#1423,#1419,#325,.T.);
#1773=EDGE_CURVE('',#1424,#1421,#326,.T.);
#1774=EDGE_CURVE('',#1424,#1414,#327,.T.);
#1775=EDGE_CURVE('',#1425,#1423,#328,.T.);
#1776=EDGE_CURVE('',#1420,#1425,#329,.T.);
#1777=EDGE_CURVE('',#1425,#1424,#330,.T.);
#1778=EDGE_CURVE('',#1426,#1427,#331,.T.);
#1779=EDGE_CURVE('',#1428,#1426,#332,.T.);
#1780=EDGE_CURVE('',#1429,#1428,#333,.T.);
#1781=EDGE_CURVE('',#1427,#1429,#334,.T.);
#1782=EDGE_CURVE('',#1430,#1428,#335,.T.);
#1783=EDGE_CURVE('',#1430,#1431,#336,.T.);
#1784=EDGE_CURVE('',#1431,#1432,#337,.T.);
#1785=EDGE_CURVE('',#1432,#1433,#338,.T.);
#1786=EDGE_CURVE('',#1433,#1429,#339,.T.);
#1787=EDGE_CURVE('',#1433,#1434,#340,.T.);
#1788=EDGE_CURVE('',#1427,#1434,#341,.T.);
#1789=EDGE_CURVE('',#1435,#1432,#342,.T.);
#1790=EDGE_CURVE('',#1434,#1435,#343,.T.);
#1791=EDGE_CURVE('',#1436,#1426,#344,.T.);
#1792=EDGE_CURVE('',#1436,#1430,#345,.T.);
#1793=EDGE_CURVE('',#1431,#1437,#346,.T.);
#1794=EDGE_CURVE('',#1437,#1435,#347,.T.);
#1795=EDGE_CURVE('',#1437,#1436,#348,.T.);
#1796=EDGE_CURVE('',#1438,#1439,#349,.T.);
#1797=EDGE_CURVE('',#1440,#1438,#350,.T.);
#1798=EDGE_CURVE('',#1441,#1440,#351,.T.);
#1799=EDGE_CURVE('',#1439,#1441,#352,.T.);
#1800=EDGE_CURVE('',#1442,#1440,#353,.T.);
#1801=EDGE_CURVE('',#1442,#1443,#354,.T.);
#1802=EDGE_CURVE('',#1443,#1444,#355,.T.);
#1803=EDGE_CURVE('',#1444,#1445,#356,.T.);
#1804=EDGE_CURVE('',#1445,#1441,#357,.T.);
#1805=EDGE_CURVE('',#1445,#1446,#358,.T.);
#1806=EDGE_CURVE('',#1439,#1446,#359,.T.);
#1807=EDGE_CURVE('',#1447,#1444,#360,.T.);
#1808=EDGE_CURVE('',#1446,#1447,#361,.T.);
#1809=EDGE_CURVE('',#1448,#1438,#362,.T.);
#1810=EDGE_CURVE('',#1448,#1442,#363,.T.);
#1811=EDGE_CURVE('',#1443,#1449,#364,.T.);
#1812=EDGE_CURVE('',#1449,#1447,#365,.T.);
#1813=EDGE_CURVE('',#1449,#1448,#366,.T.);
#1814=EDGE_CURVE('',#1450,#1451,#367,.T.);
#1815=EDGE_CURVE('',#1452,#1450,#368,.T.);
#1816=EDGE_CURVE('',#1453,#1452,#369,.T.);
#1817=EDGE_CURVE('',#1451,#1453,#370,.T.);
#1818=EDGE_CURVE('',#1454,#1452,#371,.T.);
#1819=EDGE_CURVE('',#1454,#1455,#372,.T.);
#1820=EDGE_CURVE('',#1455,#1456,#373,.T.);
#1821=EDGE_CURVE('',#1456,#1457,#374,.T.);
#1822=EDGE_CURVE('',#1457,#1453,#375,.T.);
#1823=EDGE_CURVE('',#1457,#1458,#376,.T.);
#1824=EDGE_CURVE('',#1451,#1458,#377,.T.);
#1825=EDGE_CURVE('',#1459,#1456,#378,.T.);
#1826=EDGE_CURVE('',#1458,#1459,#379,.T.);
#1827=EDGE_CURVE('',#1460,#1450,#380,.T.);
#1828=EDGE_CURVE('',#1460,#1454,#381,.T.);
#1829=EDGE_CURVE('',#1455,#1461,#382,.T.);
#1830=EDGE_CURVE('',#1461,#1459,#383,.T.);
#1831=EDGE_CURVE('',#1461,#1460,#384,.T.);
#1832=ORIENTED_EDGE('',*,*,#1462,.F.);
#1833=ORIENTED_EDGE('',*,*,#1463,.T.);
#1834=ORIENTED_EDGE('',*,*,#1464,.F.);
#1835=ORIENTED_EDGE('',*,*,#1465,.F.);
#1836=ORIENTED_EDGE('',*,*,#1466,.F.);
#1837=ORIENTED_EDGE('',*,*,#1463,.F.);
#1838=ORIENTED_EDGE('',*,*,#1465,.T.);
#1839=ORIENTED_EDGE('',*,*,#1467,.F.);
#1840=ORIENTED_EDGE('',*,*,#1468,.F.);
#1841=ORIENTED_EDGE('',*,*,#1469,.F.);
#1842=ORIENTED_EDGE('',*,*,#1470,.F.);
#1843=ORIENTED_EDGE('',*,*,#1471,.F.);
#1844=ORIENTED_EDGE('',*,*,#1468,.T.);
#1845=ORIENTED_EDGE('',*,*,#1472,.T.);
#1846=ORIENTED_EDGE('',*,*,#1473,.T.);
#1847=ORIENTED_EDGE('',*,*,#1474,.F.);
#1848=ORIENTED_EDGE('',*,*,#1462,.T.);
#1849=ORIENTED_EDGE('',*,*,#1471,.T.);
#1850=ORIENTED_EDGE('',*,*,#1475,.T.);
#1851=ORIENTED_EDGE('',*,*,#1476,.T.);
#1852=ORIENTED_EDGE('',*,*,#1472,.F.);
#1853=ORIENTED_EDGE('',*,*,#1467,.T.);
#1854=ORIENTED_EDGE('',*,*,#1464,.T.);
#1855=ORIENTED_EDGE('',*,*,#1466,.T.);
#1856=ORIENTED_EDGE('',*,*,#1470,.T.);
#1857=ORIENTED_EDGE('',*,*,#1477,.T.);
#1858=ORIENTED_EDGE('',*,*,#1478,.T.);
#1859=ORIENTED_EDGE('',*,*,#1475,.F.);
#1860=ORIENTED_EDGE('',*,*,#1479,.T.);
#1861=ORIENTED_EDGE('',*,*,#1477,.F.);
#1862=ORIENTED_EDGE('',*,*,#1469,.T.);
#1863=ORIENTED_EDGE('',*,*,#1474,.T.);
#1864=ORIENTED_EDGE('',*,*,#1479,.F.);
#1865=ORIENTED_EDGE('',*,*,#1480,.F.);
#1866=ORIENTED_EDGE('',*,*,#1481,.F.);
#1867=ORIENTED_EDGE('',*,*,#1482,.T.);
#1868=ORIENTED_EDGE('',*,*,#1473,.F.);
#1869=ORIENTED_EDGE('',*,*,#1483,.F.);
#1870=ORIENTED_EDGE('',*,*,#1484,.F.);
#1871=ORIENTED_EDGE('',*,*,#1480,.T.);
#1872=ORIENTED_EDGE('',*,*,#1485,.T.);
#1873=ORIENTED_EDGE('',*,*,#1486,.T.);
#1874=ORIENTED_EDGE('',*,*,#1487,.T.);
#1875=ORIENTED_EDGE('',*,*,#1488,.T.);
#1876=ORIENTED_EDGE('',*,*,#1489,.T.);
#1877=ORIENTED_EDGE('',*,*,#1486,.F.);
#1878=ORIENTED_EDGE('',*,*,#1481,.T.);
#1879=ORIENTED_EDGE('',*,*,#1490,.F.);
#1880=ORIENTED_EDGE('',*,*,#1491,.T.);
#1881=ORIENTED_EDGE('',*,*,#1488,.F.);
#1882=ORIENTED_EDGE('',*,*,#1492,.T.);
#1883=ORIENTED_EDGE('',*,*,#1493,.T.);
#1884=ORIENTED_EDGE('',*,*,#1484,.T.);
#1885=ORIENTED_EDGE('',*,*,#1493,.F.);
#1886=ORIENTED_EDGE('',*,*,#1494,.T.);
#1887=ORIENTED_EDGE('',*,*,#1490,.T.);
#1888=ORIENTED_EDGE('',*,*,#1478,.F.);
#1889=ORIENTED_EDGE('',*,*,#1482,.F.);
#1890=ORIENTED_EDGE('',*,*,#1485,.F.);
#1891=ORIENTED_EDGE('',*,*,#1495,.T.);
#1892=ORIENTED_EDGE('',*,*,#1487,.F.);
#1893=ORIENTED_EDGE('',*,*,#1489,.F.);
#1894=ORIENTED_EDGE('',*,*,#1494,.F.);
#1895=ORIENTED_EDGE('',*,*,#1492,.F.);
#1896=ORIENTED_EDGE('',*,*,#1476,.F.);
#1897=ORIENTED_EDGE('',*,*,#1495,.F.);
#1898=ORIENTED_EDGE('',*,*,#1491,.F.);
#1899=ORIENTED_EDGE('',*,*,#1483,.T.);
#1900=ORIENTED_EDGE('',*,*,#1496,.T.);
#1901=ORIENTED_EDGE('',*,*,#1497,.T.);
#1902=ORIENTED_EDGE('',*,*,#1498,.F.);
#1903=ORIENTED_EDGE('',*,*,#1499,.F.);
#1904=ORIENTED_EDGE('',*,*,#1500,.T.);
#1905=ORIENTED_EDGE('',*,*,#1501,.T.);
#1906=ORIENTED_EDGE('',*,*,#1502,.F.);
#1907=ORIENTED_EDGE('',*,*,#1503,.F.);
#1908=ORIENTED_EDGE('',*,*,#1504,.T.);
#1909=ORIENTED_EDGE('',*,*,#1505,.T.);
#1910=ORIENTED_EDGE('',*,*,#1496,.F.);
#1911=ORIENTED_EDGE('',*,*,#1506,.F.);
#1912=ORIENTED_EDGE('',*,*,#1507,.T.);
#1913=ORIENTED_EDGE('',*,*,#1508,.T.);
#1914=ORIENTED_EDGE('',*,*,#1500,.F.);
#1915=ORIENTED_EDGE('',*,*,#1509,.F.);
#1916=ORIENTED_EDGE('',*,*,#1510,.F.);
#1917=ORIENTED_EDGE('',*,*,#1511,.T.);
#1918=ORIENTED_EDGE('',*,*,#1509,.T.);
#1919=ORIENTED_EDGE('',*,*,#1503,.T.);
#1920=ORIENTED_EDGE('',*,*,#1512,.F.);
#1921=ORIENTED_EDGE('',*,*,#1497,.F.);
#1922=ORIENTED_EDGE('',*,*,#1505,.F.);
#1923=ORIENTED_EDGE('',*,*,#1513,.F.);
#1924=ORIENTED_EDGE('',*,*,#1514,.F.);
#1925=ORIENTED_EDGE('',*,*,#1513,.T.);
#1926=ORIENTED_EDGE('',*,*,#1504,.F.);
#1927=ORIENTED_EDGE('',*,*,#1515,.F.);
#1928=ORIENTED_EDGE('',*,*,#1516,.F.);
#1929=ORIENTED_EDGE('',*,*,#1515,.T.);
#1930=ORIENTED_EDGE('',*,*,#1506,.T.);
#1931=ORIENTED_EDGE('',*,*,#1499,.T.);
#1932=ORIENTED_EDGE('',*,*,#1517,.F.);
#1933=ORIENTED_EDGE('',*,*,#1501,.F.);
#1934=ORIENTED_EDGE('',*,*,#1508,.F.);
#1935=ORIENTED_EDGE('',*,*,#1518,.F.);
#1936=ORIENTED_EDGE('',*,*,#1519,.F.);
#1937=ORIENTED_EDGE('',*,*,#1518,.T.);
#1938=ORIENTED_EDGE('',*,*,#1507,.F.);
#1939=ORIENTED_EDGE('',*,*,#1511,.F.);
#1940=ORIENTED_EDGE('',*,*,#1502,.T.);
#1941=ORIENTED_EDGE('',*,*,#1517,.T.);
#1942=ORIENTED_EDGE('',*,*,#1498,.T.);
#1943=ORIENTED_EDGE('',*,*,#1512,.T.);
#1944=ORIENTED_EDGE('',*,*,#1519,.T.);
#1945=ORIENTED_EDGE('',*,*,#1510,.T.);
#1946=ORIENTED_EDGE('',*,*,#1514,.T.);
#1947=ORIENTED_EDGE('',*,*,#1516,.T.);
#1948=ORIENTED_EDGE('',*,*,#1520,.T.);
#1949=ORIENTED_EDGE('',*,*,#1521,.T.);
#1950=ORIENTED_EDGE('',*,*,#1522,.F.);
#1951=ORIENTED_EDGE('',*,*,#1523,.F.);
#1952=ORIENTED_EDGE('',*,*,#1524,.T.);
#1953=ORIENTED_EDGE('',*,*,#1525,.T.);
#1954=ORIENTED_EDGE('',*,*,#1526,.F.);
#1955=ORIENTED_EDGE('',*,*,#1527,.F.);
#1956=ORIENTED_EDGE('',*,*,#1528,.T.);
#1957=ORIENTED_EDGE('',*,*,#1529,.T.);
#1958=ORIENTED_EDGE('',*,*,#1520,.F.);
#1959=ORIENTED_EDGE('',*,*,#1530,.F.);
#1960=ORIENTED_EDGE('',*,*,#1531,.T.);
#1961=ORIENTED_EDGE('',*,*,#1532,.T.);
#1962=ORIENTED_EDGE('',*,*,#1524,.F.);
#1963=ORIENTED_EDGE('',*,*,#1533,.F.);
#1964=ORIENTED_EDGE('',*,*,#1534,.T.);
#1965=ORIENTED_EDGE('',*,*,#1535,.T.);
#1966=ORIENTED_EDGE('',*,*,#1528,.F.);
#1967=ORIENTED_EDGE('',*,*,#1536,.F.);
#1968=ORIENTED_EDGE('',*,*,#1537,.T.);
#1969=ORIENTED_EDGE('',*,*,#1536,.T.);
#1970=ORIENTED_EDGE('',*,*,#1530,.T.);
#1971=ORIENTED_EDGE('',*,*,#1523,.T.);
#1972=ORIENTED_EDGE('',*,*,#1538,.F.);
#1973=ORIENTED_EDGE('',*,*,#1525,.F.);
#1974=ORIENTED_EDGE('',*,*,#1532,.F.);
#1975=ORIENTED_EDGE('',*,*,#1539,.F.);
#1976=ORIENTED_EDGE('',*,*,#1540,.T.);
#1977=ORIENTED_EDGE('',*,*,#1539,.T.);
#1978=ORIENTED_EDGE('',*,*,#1531,.F.);
#1979=ORIENTED_EDGE('',*,*,#1541,.F.);
#1980=ORIENTED_EDGE('',*,*,#1542,.T.);
#1981=ORIENTED_EDGE('',*,*,#1541,.T.);
#1982=ORIENTED_EDGE('',*,*,#1533,.T.);
#1983=ORIENTED_EDGE('',*,*,#1527,.T.);
#1984=ORIENTED_EDGE('',*,*,#1543,.F.);
#1985=ORIENTED_EDGE('',*,*,#1521,.F.);
#1986=ORIENTED_EDGE('',*,*,#1529,.F.);
#1987=ORIENTED_EDGE('',*,*,#1535,.F.);
#1988=ORIENTED_EDGE('',*,*,#1543,.T.);
#1989=ORIENTED_EDGE('',*,*,#1526,.T.);
#1990=ORIENTED_EDGE('',*,*,#1538,.T.);
#1991=ORIENTED_EDGE('',*,*,#1522,.T.);
#1992=ORIENTED_EDGE('',*,*,#1542,.F.);
#1993=ORIENTED_EDGE('',*,*,#1534,.F.);
#1994=ORIENTED_EDGE('',*,*,#1537,.F.);
#1995=ORIENTED_EDGE('',*,*,#1540,.F.);
#1996=ORIENTED_EDGE('',*,*,#1544,.F.);
#1997=ORIENTED_EDGE('',*,*,#1545,.T.);
#1998=ORIENTED_EDGE('',*,*,#1546,.T.);
#1999=ORIENTED_EDGE('',*,*,#1547,.F.);
#2000=ORIENTED_EDGE('',*,*,#1548,.F.);
#2001=ORIENTED_EDGE('',*,*,#1549,.T.);
#2002=ORIENTED_EDGE('',*,*,#1550,.T.);
#2003=ORIENTED_EDGE('',*,*,#1551,.F.);
#2004=ORIENTED_EDGE('',*,*,#1552,.F.);
#2005=ORIENTED_EDGE('',*,*,#1553,.T.);
#2006=ORIENTED_EDGE('',*,*,#1544,.T.);
#2007=ORIENTED_EDGE('',*,*,#1554,.F.);
#2008=ORIENTED_EDGE('',*,*,#1555,.F.);
#2009=ORIENTED_EDGE('',*,*,#1556,.T.);
#2010=ORIENTED_EDGE('',*,*,#1548,.T.);
#2011=ORIENTED_EDGE('',*,*,#1557,.F.);
#2012=ORIENTED_EDGE('',*,*,#1558,.F.);
#2013=ORIENTED_EDGE('',*,*,#1559,.T.);
#2014=ORIENTED_EDGE('',*,*,#1552,.T.);
#2015=ORIENTED_EDGE('',*,*,#1560,.F.);
#2016=ORIENTED_EDGE('',*,*,#1561,.F.);
#2017=ORIENTED_EDGE('',*,*,#1562,.T.);
#2018=ORIENTED_EDGE('',*,*,#1557,.T.);
#2019=ORIENTED_EDGE('',*,*,#1551,.T.);
#2020=ORIENTED_EDGE('',*,*,#1563,.T.);
#2021=ORIENTED_EDGE('',*,*,#1545,.F.);
#2022=ORIENTED_EDGE('',*,*,#1553,.F.);
#2023=ORIENTED_EDGE('',*,*,#1559,.F.);
#2024=ORIENTED_EDGE('',*,*,#1564,.F.);
#2025=ORIENTED_EDGE('',*,*,#1565,.T.);
#2026=ORIENTED_EDGE('',*,*,#1555,.T.);
#2027=ORIENTED_EDGE('',*,*,#1562,.F.);
#2028=ORIENTED_EDGE('',*,*,#1566,.F.);
#2029=ORIENTED_EDGE('',*,*,#1560,.T.);
#2030=ORIENTED_EDGE('',*,*,#1554,.T.);
#2031=ORIENTED_EDGE('',*,*,#1547,.T.);
#2032=ORIENTED_EDGE('',*,*,#1567,.T.);
#2033=ORIENTED_EDGE('',*,*,#1549,.F.);
#2034=ORIENTED_EDGE('',*,*,#1556,.F.);
#2035=ORIENTED_EDGE('',*,*,#1565,.F.);
#2036=ORIENTED_EDGE('',*,*,#1567,.F.);
#2037=ORIENTED_EDGE('',*,*,#1546,.F.);
#2038=ORIENTED_EDGE('',*,*,#1563,.F.);
#2039=ORIENTED_EDGE('',*,*,#1550,.F.);
#2040=ORIENTED_EDGE('',*,*,#1566,.T.);
#2041=ORIENTED_EDGE('',*,*,#1564,.T.);
#2042=ORIENTED_EDGE('',*,*,#1561,.T.);
#2043=ORIENTED_EDGE('',*,*,#1558,.T.);
#2044=ORIENTED_EDGE('',*,*,#1568,.T.);
#2045=ORIENTED_EDGE('',*,*,#1569,.T.);
#2046=ORIENTED_EDGE('',*,*,#1570,.F.);
#2047=ORIENTED_EDGE('',*,*,#1571,.F.);
#2048=ORIENTED_EDGE('',*,*,#1572,.T.);
#2049=ORIENTED_EDGE('',*,*,#1573,.T.);
#2050=ORIENTED_EDGE('',*,*,#1574,.F.);
#2051=ORIENTED_EDGE('',*,*,#1575,.F.);
#2052=ORIENTED_EDGE('',*,*,#1576,.T.);
#2053=ORIENTED_EDGE('',*,*,#1577,.T.);
#2054=ORIENTED_EDGE('',*,*,#1568,.F.);
#2055=ORIENTED_EDGE('',*,*,#1578,.F.);
#2056=ORIENTED_EDGE('',*,*,#1579,.T.);
#2057=ORIENTED_EDGE('',*,*,#1580,.T.);
#2058=ORIENTED_EDGE('',*,*,#1572,.F.);
#2059=ORIENTED_EDGE('',*,*,#1581,.F.);
#2060=ORIENTED_EDGE('',*,*,#1582,.T.);
#2061=ORIENTED_EDGE('',*,*,#1583,.T.);
#2062=ORIENTED_EDGE('',*,*,#1576,.F.);
#2063=ORIENTED_EDGE('',*,*,#1584,.F.);
#2064=ORIENTED_EDGE('',*,*,#1585,.T.);
#2065=ORIENTED_EDGE('',*,*,#1584,.T.);
#2066=ORIENTED_EDGE('',*,*,#1578,.T.);
#2067=ORIENTED_EDGE('',*,*,#1571,.T.);
#2068=ORIENTED_EDGE('',*,*,#1586,.F.);
#2069=ORIENTED_EDGE('',*,*,#1573,.F.);
#2070=ORIENTED_EDGE('',*,*,#1580,.F.);
#2071=ORIENTED_EDGE('',*,*,#1587,.F.);
#2072=ORIENTED_EDGE('',*,*,#1588,.T.);
#2073=ORIENTED_EDGE('',*,*,#1587,.T.);
#2074=ORIENTED_EDGE('',*,*,#1579,.F.);
#2075=ORIENTED_EDGE('',*,*,#1589,.F.);
#2076=ORIENTED_EDGE('',*,*,#1590,.T.);
#2077=ORIENTED_EDGE('',*,*,#1589,.T.);
#2078=ORIENTED_EDGE('',*,*,#1581,.T.);
#2079=ORIENTED_EDGE('',*,*,#1575,.T.);
#2080=ORIENTED_EDGE('',*,*,#1591,.F.);
#2081=ORIENTED_EDGE('',*,*,#1569,.F.);
#2082=ORIENTED_EDGE('',*,*,#1577,.F.);
#2083=ORIENTED_EDGE('',*,*,#1583,.F.);
#2084=ORIENTED_EDGE('',*,*,#1591,.T.);
#2085=ORIENTED_EDGE('',*,*,#1574,.T.);
#2086=ORIENTED_EDGE('',*,*,#1586,.T.);
#2087=ORIENTED_EDGE('',*,*,#1570,.T.);
#2088=ORIENTED_EDGE('',*,*,#1590,.F.);
#2089=ORIENTED_EDGE('',*,*,#1582,.F.);
#2090=ORIENTED_EDGE('',*,*,#1585,.F.);
#2091=ORIENTED_EDGE('',*,*,#1588,.F.);
#2092=ORIENTED_EDGE('',*,*,#1592,.F.);
#2093=ORIENTED_EDGE('',*,*,#1593,.T.);
#2094=ORIENTED_EDGE('',*,*,#1594,.T.);
#2095=ORIENTED_EDGE('',*,*,#1595,.F.);
#2096=ORIENTED_EDGE('',*,*,#1596,.F.);
#2097=ORIENTED_EDGE('',*,*,#1597,.T.);
#2098=ORIENTED_EDGE('',*,*,#1598,.T.);
#2099=ORIENTED_EDGE('',*,*,#1599,.F.);
#2100=ORIENTED_EDGE('',*,*,#1600,.F.);
#2101=ORIENTED_EDGE('',*,*,#1601,.T.);
#2102=ORIENTED_EDGE('',*,*,#1592,.T.);
#2103=ORIENTED_EDGE('',*,*,#1602,.F.);
#2104=ORIENTED_EDGE('',*,*,#1603,.F.);
#2105=ORIENTED_EDGE('',*,*,#1604,.T.);
#2106=ORIENTED_EDGE('',*,*,#1596,.T.);
#2107=ORIENTED_EDGE('',*,*,#1605,.F.);
#2108=ORIENTED_EDGE('',*,*,#1606,.F.);
#2109=ORIENTED_EDGE('',*,*,#1607,.T.);
#2110=ORIENTED_EDGE('',*,*,#1600,.T.);
#2111=ORIENTED_EDGE('',*,*,#1608,.F.);
#2112=ORIENTED_EDGE('',*,*,#1609,.F.);
#2113=ORIENTED_EDGE('',*,*,#1610,.T.);
#2114=ORIENTED_EDGE('',*,*,#1605,.T.);
#2115=ORIENTED_EDGE('',*,*,#1599,.T.);
#2116=ORIENTED_EDGE('',*,*,#1611,.T.);
#2117=ORIENTED_EDGE('',*,*,#1593,.F.);
#2118=ORIENTED_EDGE('',*,*,#1601,.F.);
#2119=ORIENTED_EDGE('',*,*,#1607,.F.);
#2120=ORIENTED_EDGE('',*,*,#1612,.F.);
#2121=ORIENTED_EDGE('',*,*,#1613,.T.);
#2122=ORIENTED_EDGE('',*,*,#1603,.T.);
#2123=ORIENTED_EDGE('',*,*,#1610,.F.);
#2124=ORIENTED_EDGE('',*,*,#1614,.F.);
#2125=ORIENTED_EDGE('',*,*,#1608,.T.);
#2126=ORIENTED_EDGE('',*,*,#1602,.T.);
#2127=ORIENTED_EDGE('',*,*,#1595,.T.);
#2128=ORIENTED_EDGE('',*,*,#1615,.T.);
#2129=ORIENTED_EDGE('',*,*,#1597,.F.);
#2130=ORIENTED_EDGE('',*,*,#1604,.F.);
#2131=ORIENTED_EDGE('',*,*,#1613,.F.);
#2132=ORIENTED_EDGE('',*,*,#1615,.F.);
#2133=ORIENTED_EDGE('',*,*,#1594,.F.);
#2134=ORIENTED_EDGE('',*,*,#1611,.F.);
#2135=ORIENTED_EDGE('',*,*,#1598,.F.);
#2136=ORIENTED_EDGE('',*,*,#1614,.T.);
#2137=ORIENTED_EDGE('',*,*,#1612,.T.);
#2138=ORIENTED_EDGE('',*,*,#1609,.T.);
#2139=ORIENTED_EDGE('',*,*,#1606,.T.);
#2140=ORIENTED_EDGE('',*,*,#1616,.F.);
#2141=ORIENTED_EDGE('',*,*,#1617,.T.);
#2142=ORIENTED_EDGE('',*,*,#1618,.T.);
#2143=ORIENTED_EDGE('',*,*,#1619,.F.);
#2144=ORIENTED_EDGE('',*,*,#1620,.F.);
#2145=ORIENTED_EDGE('',*,*,#1621,.T.);
#2146=ORIENTED_EDGE('',*,*,#1622,.T.);
#2147=ORIENTED_EDGE('',*,*,#1623,.F.);
#2148=ORIENTED_EDGE('',*,*,#1624,.F.);
#2149=ORIENTED_EDGE('',*,*,#1625,.T.);
#2150=ORIENTED_EDGE('',*,*,#1616,.T.);
#2151=ORIENTED_EDGE('',*,*,#1626,.F.);
#2152=ORIENTED_EDGE('',*,*,#1627,.F.);
#2153=ORIENTED_EDGE('',*,*,#1628,.T.);
#2154=ORIENTED_EDGE('',*,*,#1620,.T.);
#2155=ORIENTED_EDGE('',*,*,#1629,.F.);
#2156=ORIENTED_EDGE('',*,*,#1630,.T.);
#2157=ORIENTED_EDGE('',*,*,#1631,.T.);
#2158=ORIENTED_EDGE('',*,*,#1626,.T.);
#2159=ORIENTED_EDGE('',*,*,#1619,.T.);
#2160=ORIENTED_EDGE('',*,*,#1632,.T.);
#2161=ORIENTED_EDGE('',*,*,#1621,.F.);
#2162=ORIENTED_EDGE('',*,*,#1628,.F.);
#2163=ORIENTED_EDGE('',*,*,#1633,.F.);
#2164=ORIENTED_EDGE('',*,*,#1634,.T.);
#2165=ORIENTED_EDGE('',*,*,#1635,.T.);
#2166=ORIENTED_EDGE('',*,*,#1624,.T.);
#2167=ORIENTED_EDGE('',*,*,#1631,.F.);
#2168=ORIENTED_EDGE('',*,*,#1636,.T.);
#2169=ORIENTED_EDGE('',*,*,#1637,.T.);
#2170=ORIENTED_EDGE('',*,*,#1629,.T.);
#2171=ORIENTED_EDGE('',*,*,#1623,.T.);
#2172=ORIENTED_EDGE('',*,*,#1638,.T.);
#2173=ORIENTED_EDGE('',*,*,#1617,.F.);
#2174=ORIENTED_EDGE('',*,*,#1625,.F.);
#2175=ORIENTED_EDGE('',*,*,#1635,.F.);
#2176=ORIENTED_EDGE('',*,*,#1639,.T.);
#2177=ORIENTED_EDGE('',*,*,#1633,.T.);
#2178=ORIENTED_EDGE('',*,*,#1627,.T.);
#2179=ORIENTED_EDGE('',*,*,#1637,.F.);
#2180=ORIENTED_EDGE('',*,*,#1622,.F.);
#2181=ORIENTED_EDGE('',*,*,#1632,.F.);
#2182=ORIENTED_EDGE('',*,*,#1618,.F.);
#2183=ORIENTED_EDGE('',*,*,#1638,.F.);
#2184=ORIENTED_EDGE('',*,*,#1639,.F.);
#2185=ORIENTED_EDGE('',*,*,#1636,.F.);
#2186=ORIENTED_EDGE('',*,*,#1634,.F.);
#2187=ORIENTED_EDGE('',*,*,#1630,.F.);
#2188=ORIENTED_EDGE('',*,*,#1640,.T.);
#2189=ORIENTED_EDGE('',*,*,#1641,.T.);
#2190=ORIENTED_EDGE('',*,*,#1642,.F.);
#2191=ORIENTED_EDGE('',*,*,#1643,.F.);
#2192=ORIENTED_EDGE('',*,*,#1644,.T.);
#2193=ORIENTED_EDGE('',*,*,#1645,.T.);
#2194=ORIENTED_EDGE('',*,*,#1646,.F.);
#2195=ORIENTED_EDGE('',*,*,#1647,.F.);
#2196=ORIENTED_EDGE('',*,*,#1648,.T.);
#2197=ORIENTED_EDGE('',*,*,#1649,.T.);
#2198=ORIENTED_EDGE('',*,*,#1640,.F.);
#2199=ORIENTED_EDGE('',*,*,#1650,.F.);
#2200=ORIENTED_EDGE('',*,*,#1651,.T.);
#2201=ORIENTED_EDGE('',*,*,#1652,.T.);
#2202=ORIENTED_EDGE('',*,*,#1644,.F.);
#2203=ORIENTED_EDGE('',*,*,#1653,.F.);
#2204=ORIENTED_EDGE('',*,*,#1654,.F.);
#2205=ORIENTED_EDGE('',*,*,#1655,.T.);
#2206=ORIENTED_EDGE('',*,*,#1653,.T.);
#2207=ORIENTED_EDGE('',*,*,#1647,.T.);
#2208=ORIENTED_EDGE('',*,*,#1656,.F.);
#2209=ORIENTED_EDGE('',*,*,#1641,.F.);
#2210=ORIENTED_EDGE('',*,*,#1649,.F.);
#2211=ORIENTED_EDGE('',*,*,#1657,.F.);
#2212=ORIENTED_EDGE('',*,*,#1658,.F.);
#2213=ORIENTED_EDGE('',*,*,#1657,.T.);
#2214=ORIENTED_EDGE('',*,*,#1648,.F.);
#2215=ORIENTED_EDGE('',*,*,#1659,.F.);
#2216=ORIENTED_EDGE('',*,*,#1660,.F.);
#2217=ORIENTED_EDGE('',*,*,#1659,.T.);
#2218=ORIENTED_EDGE('',*,*,#1650,.T.);
#2219=ORIENTED_EDGE('',*,*,#1643,.T.);
#2220=ORIENTED_EDGE('',*,*,#1661,.F.);
#2221=ORIENTED_EDGE('',*,*,#1645,.F.);
#2222=ORIENTED_EDGE('',*,*,#1652,.F.);
#2223=ORIENTED_EDGE('',*,*,#1662,.F.);
#2224=ORIENTED_EDGE('',*,*,#1663,.F.);
#2225=ORIENTED_EDGE('',*,*,#1662,.T.);
#2226=ORIENTED_EDGE('',*,*,#1651,.F.);
#2227=ORIENTED_EDGE('',*,*,#1655,.F.);
#2228=ORIENTED_EDGE('',*,*,#1646,.T.);
#2229=ORIENTED_EDGE('',*,*,#1661,.T.);
#2230=ORIENTED_EDGE('',*,*,#1642,.T.);
#2231=ORIENTED_EDGE('',*,*,#1656,.T.);
#2232=ORIENTED_EDGE('',*,*,#1663,.T.);
#2233=ORIENTED_EDGE('',*,*,#1654,.T.);
#2234=ORIENTED_EDGE('',*,*,#1658,.T.);
#2235=ORIENTED_EDGE('',*,*,#1660,.T.);
#2236=ORIENTED_EDGE('',*,*,#1664,.F.);
#2237=ORIENTED_EDGE('',*,*,#1665,.T.);
#2238=ORIENTED_EDGE('',*,*,#1666,.T.);
#2239=ORIENTED_EDGE('',*,*,#1667,.F.);
#2240=ORIENTED_EDGE('',*,*,#1668,.F.);
#2241=ORIENTED_EDGE('',*,*,#1669,.T.);
#2242=ORIENTED_EDGE('',*,*,#1670,.T.);
#2243=ORIENTED_EDGE('',*,*,#1671,.F.);
#2244=ORIENTED_EDGE('',*,*,#1672,.F.);
#2245=ORIENTED_EDGE('',*,*,#1673,.T.);
#2246=ORIENTED_EDGE('',*,*,#1664,.T.);
#2247=ORIENTED_EDGE('',*,*,#1674,.F.);
#2248=ORIENTED_EDGE('',*,*,#1675,.F.);
#2249=ORIENTED_EDGE('',*,*,#1676,.T.);
#2250=ORIENTED_EDGE('',*,*,#1668,.T.);
#2251=ORIENTED_EDGE('',*,*,#1677,.F.);
#2252=ORIENTED_EDGE('',*,*,#1678,.T.);
#2253=ORIENTED_EDGE('',*,*,#1679,.T.);
#2254=ORIENTED_EDGE('',*,*,#1674,.T.);
#2255=ORIENTED_EDGE('',*,*,#1667,.T.);
#2256=ORIENTED_EDGE('',*,*,#1680,.T.);
#2257=ORIENTED_EDGE('',*,*,#1669,.F.);
#2258=ORIENTED_EDGE('',*,*,#1676,.F.);
#2259=ORIENTED_EDGE('',*,*,#1681,.F.);
#2260=ORIENTED_EDGE('',*,*,#1682,.T.);
#2261=ORIENTED_EDGE('',*,*,#1683,.T.);
#2262=ORIENTED_EDGE('',*,*,#1672,.T.);
#2263=ORIENTED_EDGE('',*,*,#1679,.F.);
#2264=ORIENTED_EDGE('',*,*,#1684,.T.);
#2265=ORIENTED_EDGE('',*,*,#1685,.T.);
#2266=ORIENTED_EDGE('',*,*,#1677,.T.);
#2267=ORIENTED_EDGE('',*,*,#1671,.T.);
#2268=ORIENTED_EDGE('',*,*,#1686,.T.);
#2269=ORIENTED_EDGE('',*,*,#1665,.F.);
#2270=ORIENTED_EDGE('',*,*,#1673,.F.);
#2271=ORIENTED_EDGE('',*,*,#1683,.F.);
#2272=ORIENTED_EDGE('',*,*,#1687,.T.);
#2273=ORIENTED_EDGE('',*,*,#1681,.T.);
#2274=ORIENTED_EDGE('',*,*,#1675,.T.);
#2275=ORIENTED_EDGE('',*,*,#1685,.F.);
#2276=ORIENTED_EDGE('',*,*,#1670,.F.);
#2277=ORIENTED_EDGE('',*,*,#1680,.F.);
#2278=ORIENTED_EDGE('',*,*,#1666,.F.);
#2279=ORIENTED_EDGE('',*,*,#1686,.F.);
#2280=ORIENTED_EDGE('',*,*,#1687,.F.);
#2281=ORIENTED_EDGE('',*,*,#1684,.F.);
#2282=ORIENTED_EDGE('',*,*,#1682,.F.);
#2283=ORIENTED_EDGE('',*,*,#1678,.F.);
#2284=ORIENTED_EDGE('',*,*,#1688,.T.);
#2285=ORIENTED_EDGE('',*,*,#1689,.T.);
#2286=ORIENTED_EDGE('',*,*,#1690,.T.);
#2287=ORIENTED_EDGE('',*,*,#1691,.T.);
#2288=ORIENTED_EDGE('',*,*,#1690,.F.);
#2289=ORIENTED_EDGE('',*,*,#1692,.F.);
#2290=ORIENTED_EDGE('',*,*,#1693,.F.);
#2291=ORIENTED_EDGE('',*,*,#1694,.F.);
#2292=ORIENTED_EDGE('',*,*,#1695,.F.);
#2293=ORIENTED_EDGE('',*,*,#1696,.T.);
#2294=ORIENTED_EDGE('',*,*,#1689,.F.);
#2295=ORIENTED_EDGE('',*,*,#1697,.T.);
#2296=ORIENTED_EDGE('',*,*,#1698,.F.);
#2297=ORIENTED_EDGE('',*,*,#1692,.T.);
#2298=ORIENTED_EDGE('',*,*,#1693,.T.);
#2299=ORIENTED_EDGE('',*,*,#1698,.T.);
#2300=ORIENTED_EDGE('',*,*,#1699,.T.);
#2301=ORIENTED_EDGE('',*,*,#1700,.T.);
#2302=ORIENTED_EDGE('',*,*,#1691,.F.);
#2303=ORIENTED_EDGE('',*,*,#1696,.F.);
#2304=ORIENTED_EDGE('',*,*,#1701,.F.);
#2305=ORIENTED_EDGE('',*,*,#1702,.T.);
#2306=ORIENTED_EDGE('',*,*,#1700,.F.);
#2307=ORIENTED_EDGE('',*,*,#1703,.F.);
#2308=ORIENTED_EDGE('',*,*,#1704,.F.);
#2309=ORIENTED_EDGE('',*,*,#1694,.T.);
#2310=ORIENTED_EDGE('',*,*,#1688,.F.);
#2311=ORIENTED_EDGE('',*,*,#1702,.F.);
#2312=ORIENTED_EDGE('',*,*,#1705,.F.);
#2313=ORIENTED_EDGE('',*,*,#1703,.T.);
#2314=ORIENTED_EDGE('',*,*,#1699,.F.);
#2315=ORIENTED_EDGE('',*,*,#1697,.F.);
#2316=ORIENTED_EDGE('',*,*,#1705,.T.);
#2317=ORIENTED_EDGE('',*,*,#1701,.T.);
#2318=ORIENTED_EDGE('',*,*,#1695,.T.);
#2319=ORIENTED_EDGE('',*,*,#1704,.T.);
#2320=ORIENTED_EDGE('',*,*,#1706,.F.);
#2321=ORIENTED_EDGE('',*,*,#1707,.F.);
#2322=ORIENTED_EDGE('',*,*,#1708,.F.);
#2323=ORIENTED_EDGE('',*,*,#1709,.F.);
#2324=ORIENTED_EDGE('',*,*,#1708,.T.);
#2325=ORIENTED_EDGE('',*,*,#1710,.F.);
#2326=ORIENTED_EDGE('',*,*,#1711,.T.);
#2327=ORIENTED_EDGE('',*,*,#1712,.T.);
#2328=ORIENTED_EDGE('',*,*,#1713,.T.);
#2329=ORIENTED_EDGE('',*,*,#1714,.T.);
#2330=ORIENTED_EDGE('',*,*,#1709,.T.);
#2331=ORIENTED_EDGE('',*,*,#1714,.F.);
#2332=ORIENTED_EDGE('',*,*,#1715,.T.);
#2333=ORIENTED_EDGE('',*,*,#1716,.F.);
#2334=ORIENTED_EDGE('',*,*,#1713,.F.);
#2335=ORIENTED_EDGE('',*,*,#1717,.F.);
#2336=ORIENTED_EDGE('',*,*,#1718,.F.);
#2337=ORIENTED_EDGE('',*,*,#1715,.F.);
#2338=ORIENTED_EDGE('',*,*,#1707,.T.);
#2339=ORIENTED_EDGE('',*,*,#1719,.F.);
#2340=ORIENTED_EDGE('',*,*,#1720,.T.);
#2341=ORIENTED_EDGE('',*,*,#1710,.T.);
#2342=ORIENTED_EDGE('',*,*,#1717,.T.);
#2343=ORIENTED_EDGE('',*,*,#1712,.F.);
#2344=ORIENTED_EDGE('',*,*,#1721,.T.);
#2345=ORIENTED_EDGE('',*,*,#1722,.T.);
#2346=ORIENTED_EDGE('',*,*,#1706,.T.);
#2347=ORIENTED_EDGE('',*,*,#1716,.T.);
#2348=ORIENTED_EDGE('',*,*,#1718,.T.);
#2349=ORIENTED_EDGE('',*,*,#1722,.F.);
#2350=ORIENTED_EDGE('',*,*,#1723,.T.);
#2351=ORIENTED_EDGE('',*,*,#1719,.T.);
#2352=ORIENTED_EDGE('',*,*,#1723,.F.);
#2353=ORIENTED_EDGE('',*,*,#1721,.F.);
#2354=ORIENTED_EDGE('',*,*,#1711,.F.);
#2355=ORIENTED_EDGE('',*,*,#1720,.F.);
#2356=ORIENTED_EDGE('',*,*,#1724,.T.);
#2357=ORIENTED_EDGE('',*,*,#1725,.T.);
#2358=ORIENTED_EDGE('',*,*,#1726,.T.);
#2359=ORIENTED_EDGE('',*,*,#1727,.T.);
#2360=ORIENTED_EDGE('',*,*,#1726,.F.);
#2361=ORIENTED_EDGE('',*,*,#1728,.F.);
#2362=ORIENTED_EDGE('',*,*,#1729,.F.);
#2363=ORIENTED_EDGE('',*,*,#1730,.F.);
#2364=ORIENTED_EDGE('',*,*,#1731,.F.);
#2365=ORIENTED_EDGE('',*,*,#1732,.T.);
#2366=ORIENTED_EDGE('',*,*,#1725,.F.);
#2367=ORIENTED_EDGE('',*,*,#1733,.T.);
#2368=ORIENTED_EDGE('',*,*,#1734,.F.);
#2369=ORIENTED_EDGE('',*,*,#1728,.T.);
#2370=ORIENTED_EDGE('',*,*,#1729,.T.);
#2371=ORIENTED_EDGE('',*,*,#1734,.T.);
#2372=ORIENTED_EDGE('',*,*,#1735,.T.);
#2373=ORIENTED_EDGE('',*,*,#1736,.T.);
#2374=ORIENTED_EDGE('',*,*,#1727,.F.);
#2375=ORIENTED_EDGE('',*,*,#1732,.F.);
#2376=ORIENTED_EDGE('',*,*,#1737,.F.);
#2377=ORIENTED_EDGE('',*,*,#1738,.T.);
#2378=ORIENTED_EDGE('',*,*,#1736,.F.);
#2379=ORIENTED_EDGE('',*,*,#1739,.F.);
#2380=ORIENTED_EDGE('',*,*,#1740,.F.);
#2381=ORIENTED_EDGE('',*,*,#1730,.T.);
#2382=ORIENTED_EDGE('',*,*,#1724,.F.);
#2383=ORIENTED_EDGE('',*,*,#1738,.F.);
#2384=ORIENTED_EDGE('',*,*,#1741,.F.);
#2385=ORIENTED_EDGE('',*,*,#1739,.T.);
#2386=ORIENTED_EDGE('',*,*,#1735,.F.);
#2387=ORIENTED_EDGE('',*,*,#1733,.F.);
#2388=ORIENTED_EDGE('',*,*,#1741,.T.);
#2389=ORIENTED_EDGE('',*,*,#1737,.T.);
#2390=ORIENTED_EDGE('',*,*,#1731,.T.);
#2391=ORIENTED_EDGE('',*,*,#1740,.T.);
#2392=ORIENTED_EDGE('',*,*,#1742,.T.);
#2393=ORIENTED_EDGE('',*,*,#1743,.T.);
#2394=ORIENTED_EDGE('',*,*,#1744,.T.);
#2395=ORIENTED_EDGE('',*,*,#1745,.T.);
#2396=ORIENTED_EDGE('',*,*,#1744,.F.);
#2397=ORIENTED_EDGE('',*,*,#1746,.F.);
#2398=ORIENTED_EDGE('',*,*,#1747,.F.);
#2399=ORIENTED_EDGE('',*,*,#1748,.F.);
#2400=ORIENTED_EDGE('',*,*,#1749,.F.);
#2401=ORIENTED_EDGE('',*,*,#1750,.T.);
#2402=ORIENTED_EDGE('',*,*,#1743,.F.);
#2403=ORIENTED_EDGE('',*,*,#1751,.T.);
#2404=ORIENTED_EDGE('',*,*,#1752,.F.);
#2405=ORIENTED_EDGE('',*,*,#1746,.T.);
#2406=ORIENTED_EDGE('',*,*,#1747,.T.);
#2407=ORIENTED_EDGE('',*,*,#1752,.T.);
#2408=ORIENTED_EDGE('',*,*,#1753,.T.);
#2409=ORIENTED_EDGE('',*,*,#1754,.T.);
#2410=ORIENTED_EDGE('',*,*,#1745,.F.);
#2411=ORIENTED_EDGE('',*,*,#1750,.F.);
#2412=ORIENTED_EDGE('',*,*,#1755,.F.);
#2413=ORIENTED_EDGE('',*,*,#1756,.T.);
#2414=ORIENTED_EDGE('',*,*,#1754,.F.);
#2415=ORIENTED_EDGE('',*,*,#1757,.F.);
#2416=ORIENTED_EDGE('',*,*,#1758,.F.);
#2417=ORIENTED_EDGE('',*,*,#1748,.T.);
#2418=ORIENTED_EDGE('',*,*,#1742,.F.);
#2419=ORIENTED_EDGE('',*,*,#1756,.F.);
#2420=ORIENTED_EDGE('',*,*,#1759,.F.);
#2421=ORIENTED_EDGE('',*,*,#1757,.T.);
#2422=ORIENTED_EDGE('',*,*,#1753,.F.);
#2423=ORIENTED_EDGE('',*,*,#1751,.F.);
#2424=ORIENTED_EDGE('',*,*,#1759,.T.);
#2425=ORIENTED_EDGE('',*,*,#1755,.T.);
#2426=ORIENTED_EDGE('',*,*,#1749,.T.);
#2427=ORIENTED_EDGE('',*,*,#1758,.T.);
#2428=ORIENTED_EDGE('',*,*,#1760,.T.);
#2429=ORIENTED_EDGE('',*,*,#1761,.T.);
#2430=ORIENTED_EDGE('',*,*,#1762,.T.);
#2431=ORIENTED_EDGE('',*,*,#1763,.T.);
#2432=ORIENTED_EDGE('',*,*,#1762,.F.);
#2433=ORIENTED_EDGE('',*,*,#1764,.F.);
#2434=ORIENTED_EDGE('',*,*,#1765,.F.);
#2435=ORIENTED_EDGE('',*,*,#1766,.F.);
#2436=ORIENTED_EDGE('',*,*,#1767,.F.);
#2437=ORIENTED_EDGE('',*,*,#1768,.T.);
#2438=ORIENTED_EDGE('',*,*,#1761,.F.);
#2439=ORIENTED_EDGE('',*,*,#1769,.T.);
#2440=ORIENTED_EDGE('',*,*,#1770,.F.);
#2441=ORIENTED_EDGE('',*,*,#1764,.T.);
#2442=ORIENTED_EDGE('',*,*,#1765,.T.);
#2443=ORIENTED_EDGE('',*,*,#1770,.T.);
#2444=ORIENTED_EDGE('',*,*,#1771,.T.);
#2445=ORIENTED_EDGE('',*,*,#1772,.T.);
#2446=ORIENTED_EDGE('',*,*,#1763,.F.);
#2447=ORIENTED_EDGE('',*,*,#1768,.F.);
#2448=ORIENTED_EDGE('',*,*,#1773,.F.);
#2449=ORIENTED_EDGE('',*,*,#1774,.T.);
#2450=ORIENTED_EDGE('',*,*,#1772,.F.);
#2451=ORIENTED_EDGE('',*,*,#1775,.F.);
#2452=ORIENTED_EDGE('',*,*,#1776,.F.);
#2453=ORIENTED_EDGE('',*,*,#1766,.T.);
#2454=ORIENTED_EDGE('',*,*,#1760,.F.);
#2455=ORIENTED_EDGE('',*,*,#1774,.F.);
#2456=ORIENTED_EDGE('',*,*,#1777,.F.);
#2457=ORIENTED_EDGE('',*,*,#1775,.T.);
#2458=ORIENTED_EDGE('',*,*,#1771,.F.);
#2459=ORIENTED_EDGE('',*,*,#1769,.F.);
#2460=ORIENTED_EDGE('',*,*,#1777,.T.);
#2461=ORIENTED_EDGE('',*,*,#1773,.T.);
#2462=ORIENTED_EDGE('',*,*,#1767,.T.);
#2463=ORIENTED_EDGE('',*,*,#1776,.T.);
#2464=ORIENTED_EDGE('',*,*,#1778,.F.);
#2465=ORIENTED_EDGE('',*,*,#1779,.F.);
#2466=ORIENTED_EDGE('',*,*,#1780,.F.);
#2467=ORIENTED_EDGE('',*,*,#1781,.F.);
#2468=ORIENTED_EDGE('',*,*,#1780,.T.);
#2469=ORIENTED_EDGE('',*,*,#1782,.F.);
#2470=ORIENTED_EDGE('',*,*,#1783,.T.);
#2471=ORIENTED_EDGE('',*,*,#1784,.T.);
#2472=ORIENTED_EDGE('',*,*,#1785,.T.);
#2473=ORIENTED_EDGE('',*,*,#1786,.T.);
#2474=ORIENTED_EDGE('',*,*,#1781,.T.);
#2475=ORIENTED_EDGE('',*,*,#1786,.F.);
#2476=ORIENTED_EDGE('',*,*,#1787,.T.);
#2477=ORIENTED_EDGE('',*,*,#1788,.F.);
#2478=ORIENTED_EDGE('',*,*,#1785,.F.);
#2479=ORIENTED_EDGE('',*,*,#1789,.F.);
#2480=ORIENTED_EDGE('',*,*,#1790,.F.);
#2481=ORIENTED_EDGE('',*,*,#1787,.F.);
#2482=ORIENTED_EDGE('',*,*,#1779,.T.);
#2483=ORIENTED_EDGE('',*,*,#1791,.F.);
#2484=ORIENTED_EDGE('',*,*,#1792,.T.);
#2485=ORIENTED_EDGE('',*,*,#1782,.T.);
#2486=ORIENTED_EDGE('',*,*,#1789,.T.);
#2487=ORIENTED_EDGE('',*,*,#1784,.F.);
#2488=ORIENTED_EDGE('',*,*,#1793,.T.);
#2489=ORIENTED_EDGE('',*,*,#1794,.T.);
#2490=ORIENTED_EDGE('',*,*,#1778,.T.);
#2491=ORIENTED_EDGE('',*,*,#1788,.T.);
#2492=ORIENTED_EDGE('',*,*,#1790,.T.);
#2493=ORIENTED_EDGE('',*,*,#1794,.F.);
#2494=ORIENTED_EDGE('',*,*,#1795,.T.);
#2495=ORIENTED_EDGE('',*,*,#1791,.T.);
#2496=ORIENTED_EDGE('',*,*,#1795,.F.);
#2497=ORIENTED_EDGE('',*,*,#1793,.F.);
#2498=ORIENTED_EDGE('',*,*,#1783,.F.);
#2499=ORIENTED_EDGE('',*,*,#1792,.F.);
#2500=ORIENTED_EDGE('',*,*,#1796,.F.);
#2501=ORIENTED_EDGE('',*,*,#1797,.F.);
#2502=ORIENTED_EDGE('',*,*,#1798,.F.);
#2503=ORIENTED_EDGE('',*,*,#1799,.F.);
#2504=ORIENTED_EDGE('',*,*,#1798,.T.);
#2505=ORIENTED_EDGE('',*,*,#1800,.F.);
#2506=ORIENTED_EDGE('',*,*,#1801,.T.);
#2507=ORIENTED_EDGE('',*,*,#1802,.T.);
#2508=ORIENTED_EDGE('',*,*,#1803,.T.);
#2509=ORIENTED_EDGE('',*,*,#1804,.T.);
#2510=ORIENTED_EDGE('',*,*,#1799,.T.);
#2511=ORIENTED_EDGE('',*,*,#1804,.F.);
#2512=ORIENTED_EDGE('',*,*,#1805,.T.);
#2513=ORIENTED_EDGE('',*,*,#1806,.F.);
#2514=ORIENTED_EDGE('',*,*,#1803,.F.);
#2515=ORIENTED_EDGE('',*,*,#1807,.F.);
#2516=ORIENTED_EDGE('',*,*,#1808,.F.);
#2517=ORIENTED_EDGE('',*,*,#1805,.F.);
#2518=ORIENTED_EDGE('',*,*,#1797,.T.);
#2519=ORIENTED_EDGE('',*,*,#1809,.F.);
#2520=ORIENTED_EDGE('',*,*,#1810,.T.);
#2521=ORIENTED_EDGE('',*,*,#1800,.T.);
#2522=ORIENTED_EDGE('',*,*,#1807,.T.);
#2523=ORIENTED_EDGE('',*,*,#1802,.F.);
#2524=ORIENTED_EDGE('',*,*,#1811,.T.);
#2525=ORIENTED_EDGE('',*,*,#1812,.T.);
#2526=ORIENTED_EDGE('',*,*,#1796,.T.);
#2527=ORIENTED_EDGE('',*,*,#1806,.T.);
#2528=ORIENTED_EDGE('',*,*,#1808,.T.);
#2529=ORIENTED_EDGE('',*,*,#1812,.F.);
#2530=ORIENTED_EDGE('',*,*,#1813,.T.);
#2531=ORIENTED_EDGE('',*,*,#1809,.T.);
#2532=ORIENTED_EDGE('',*,*,#1813,.F.);
#2533=ORIENTED_EDGE('',*,*,#1811,.F.);
#2534=ORIENTED_EDGE('',*,*,#1801,.F.);
#2535=ORIENTED_EDGE('',*,*,#1810,.F.);
#2536=ORIENTED_EDGE('',*,*,#1814,.F.);
#2537=ORIENTED_EDGE('',*,*,#1815,.F.);
#2538=ORIENTED_EDGE('',*,*,#1816,.F.);
#2539=ORIENTED_EDGE('',*,*,#1817,.F.);
#2540=ORIENTED_EDGE('',*,*,#1816,.T.);
#2541=ORIENTED_EDGE('',*,*,#1818,.F.);
#2542=ORIENTED_EDGE('',*,*,#1819,.T.);
#2543=ORIENTED_EDGE('',*,*,#1820,.T.);
#2544=ORIENTED_EDGE('',*,*,#1821,.T.);
#2545=ORIENTED_EDGE('',*,*,#1822,.T.);
#2546=ORIENTED_EDGE('',*,*,#1817,.T.);
#2547=ORIENTED_EDGE('',*,*,#1822,.F.);
#2548=ORIENTED_EDGE('',*,*,#1823,.T.);
#2549=ORIENTED_EDGE('',*,*,#1824,.F.);
#2550=ORIENTED_EDGE('',*,*,#1821,.F.);
#2551=ORIENTED_EDGE('',*,*,#1825,.F.);
#2552=ORIENTED_EDGE('',*,*,#1826,.F.);
#2553=ORIENTED_EDGE('',*,*,#1823,.F.);
#2554=ORIENTED_EDGE('',*,*,#1815,.T.);
#2555=ORIENTED_EDGE('',*,*,#1827,.F.);
#2556=ORIENTED_EDGE('',*,*,#1828,.T.);
#2557=ORIENTED_EDGE('',*,*,#1818,.T.);
#2558=ORIENTED_EDGE('',*,*,#1825,.T.);
#2559=ORIENTED_EDGE('',*,*,#1820,.F.);
#2560=ORIENTED_EDGE('',*,*,#1829,.T.);
#2561=ORIENTED_EDGE('',*,*,#1830,.T.);
#2562=ORIENTED_EDGE('',*,*,#1814,.T.);
#2563=ORIENTED_EDGE('',*,*,#1824,.T.);
#2564=ORIENTED_EDGE('',*,*,#1826,.T.);
#2565=ORIENTED_EDGE('',*,*,#1830,.F.);
#2566=ORIENTED_EDGE('',*,*,#1831,.T.);
#2567=ORIENTED_EDGE('',*,*,#1827,.T.);
#2568=ORIENTED_EDGE('',*,*,#1831,.F.);
#2569=ORIENTED_EDGE('',*,*,#1829,.F.);
#2570=ORIENTED_EDGE('',*,*,#1819,.F.);
#2571=ORIENTED_EDGE('',*,*,#1828,.F.);
#2572=CYLINDRICAL_SURFACE('',#2780,0.942857142857143);
#2573=CYLINDRICAL_SURFACE('',#2802,0.179999999999999);
#2574=CYLINDRICAL_SURFACE('',#2805,0.0599999999999989);
#2575=CYLINDRICAL_SURFACE('',#2816,0.179999999999999);
#2576=CYLINDRICAL_SURFACE('',#2819,0.0599999999999989);
#2577=CYLINDRICAL_SURFACE('',#2830,0.179999999999999);
#2578=CYLINDRICAL_SURFACE('',#2833,0.0599999999999989);
#2579=CYLINDRICAL_SURFACE('',#2844,0.179999999999999);
#2580=CYLINDRICAL_SURFACE('',#2847,0.0599999999999989);
#2581=CYLINDRICAL_SURFACE('',#2858,0.179999999999999);
#2582=CYLINDRICAL_SURFACE('',#2861,0.0599999999999989);
#2583=CYLINDRICAL_SURFACE('',#2872,0.179999999999999);
#2584=CYLINDRICAL_SURFACE('',#2875,0.0599999999999989);
#2585=CYLINDRICAL_SURFACE('',#2886,0.179999999999999);
#2586=CYLINDRICAL_SURFACE('',#2889,0.0599999999999989);
#2587=CYLINDRICAL_SURFACE('',#2900,0.179999999999999);
#2588=CYLINDRICAL_SURFACE('',#2903,0.0599999999999989);
#2589=ADVANCED_FACE('',(#862),#2572,.F.);
#2590=ADVANCED_FACE('',(#863),#719,.T.);
#2591=ADVANCED_FACE('',(#864),#720,.T.);
#2592=ADVANCED_FACE('',(#865),#721,.T.);
#2593=ADVANCED_FACE('',(#866),#722,.T.);
#2594=ADVANCED_FACE('',(#867),#723,.T.);
#2595=ADVANCED_FACE('',(#868),#724,.T.);
#2596=ADVANCED_FACE('',(#869),#725,.T.);
#2597=ADVANCED_FACE('',(#870),#726,.T.);
#2598=ADVANCED_FACE('',(#871),#727,.T.);
#2599=ADVANCED_FACE('',(#872),#728,.T.);
#2600=ADVANCED_FACE('',(#873),#729,.T.);
#2601=ADVANCED_FACE('',(#874),#730,.T.);
#2602=ADVANCED_FACE('',(#875),#731,.T.);
#2603=ADVANCED_FACE('',(#876),#732,.F.);
#2604=ADVANCED_FACE('',(#877),#733,.T.);
#2605=ADVANCED_FACE('',(#878),#734,.T.);
#2606=ADVANCED_FACE('',(#879),#735,.T.);
#2607=ADVANCED_FACE('',(#880),#2573,.T.);
#2608=ADVANCED_FACE('',(#881),#2574,.F.);
#2609=ADVANCED_FACE('',(#882),#736,.T.);
#2610=ADVANCED_FACE('',(#883),#737,.T.);
#2611=ADVANCED_FACE('',(#884),#738,.T.);
#2612=ADVANCED_FACE('',(#885),#739,.T.);
#2613=ADVANCED_FACE('',(#886),#740,.F.);
#2614=ADVANCED_FACE('',(#887),#741,.T.);
#2615=ADVANCED_FACE('',(#888),#742,.T.);
#2616=ADVANCED_FACE('',(#889),#743,.T.);
#2617=ADVANCED_FACE('',(#890),#2575,.T.);
#2618=ADVANCED_FACE('',(#891),#2576,.F.);
#2619=ADVANCED_FACE('',(#892),#744,.T.);
#2620=ADVANCED_FACE('',(#893),#745,.T.);
#2621=ADVANCED_FACE('',(#894),#746,.T.);
#2622=ADVANCED_FACE('',(#895),#747,.T.);
#2623=ADVANCED_FACE('',(#896),#748,.F.);
#2624=ADVANCED_FACE('',(#897),#749,.T.);
#2625=ADVANCED_FACE('',(#898),#750,.F.);
#2626=ADVANCED_FACE('',(#899),#751,.F.);
#2627=ADVANCED_FACE('',(#900),#2577,.T.);
#2628=ADVANCED_FACE('',(#901),#2578,.F.);
#2629=ADVANCED_FACE('',(#902),#752,.F.);
#2630=ADVANCED_FACE('',(#903),#753,.F.);
#2631=ADVANCED_FACE('',(#904),#754,.F.);
#2632=ADVANCED_FACE('',(#905),#755,.F.);
#2633=ADVANCED_FACE('',(#906),#756,.T.);
#2634=ADVANCED_FACE('',(#907),#757,.F.);
#2635=ADVANCED_FACE('',(#908),#758,.T.);
#2636=ADVANCED_FACE('',(#909),#759,.T.);
#2637=ADVANCED_FACE('',(#910),#2579,.T.);
#2638=ADVANCED_FACE('',(#911),#2580,.F.);
#2639=ADVANCED_FACE('',(#912),#760,.T.);
#2640=ADVANCED_FACE('',(#913),#761,.T.);
#2641=ADVANCED_FACE('',(#914),#762,.T.);
#2642=ADVANCED_FACE('',(#915),#763,.T.);
#2643=ADVANCED_FACE('',(#916),#764,.F.);
#2644=ADVANCED_FACE('',(#917),#765,.T.);
#2645=ADVANCED_FACE('',(#918),#766,.F.);
#2646=ADVANCED_FACE('',(#919),#767,.F.);
#2647=ADVANCED_FACE('',(#920),#2581,.T.);
#2648=ADVANCED_FACE('',(#921),#2582,.F.);
#2649=ADVANCED_FACE('',(#922),#768,.F.);
#2650=ADVANCED_FACE('',(#923),#769,.F.);
#2651=ADVANCED_FACE('',(#924),#770,.F.);
#2652=ADVANCED_FACE('',(#925),#771,.F.);
#2653=ADVANCED_FACE('',(#926),#772,.T.);
#2654=ADVANCED_FACE('',(#927),#773,.F.);
#2655=ADVANCED_FACE('',(#928),#774,.F.);
#2656=ADVANCED_FACE('',(#929),#775,.F.);
#2657=ADVANCED_FACE('',(#930),#2583,.T.);
#2658=ADVANCED_FACE('',(#931),#2584,.F.);
#2659=ADVANCED_FACE('',(#932),#776,.F.);
#2660=ADVANCED_FACE('',(#933),#777,.F.);
#2661=ADVANCED_FACE('',(#934),#778,.F.);
#2662=ADVANCED_FACE('',(#935),#779,.F.);
#2663=ADVANCED_FACE('',(#936),#780,.T.);
#2664=ADVANCED_FACE('',(#937),#781,.F.);
#2665=ADVANCED_FACE('',(#938),#782,.T.);
#2666=ADVANCED_FACE('',(#939),#783,.T.);
#2667=ADVANCED_FACE('',(#940),#2585,.T.);
#2668=ADVANCED_FACE('',(#941),#2586,.F.);
#2669=ADVANCED_FACE('',(#942),#784,.T.);
#2670=ADVANCED_FACE('',(#943),#785,.T.);
#2671=ADVANCED_FACE('',(#944),#786,.T.);
#2672=ADVANCED_FACE('',(#945),#787,.T.);
#2673=ADVANCED_FACE('',(#946),#788,.F.);
#2674=ADVANCED_FACE('',(#947),#789,.T.);
#2675=ADVANCED_FACE('',(#948),#790,.F.);
#2676=ADVANCED_FACE('',(#949),#791,.F.);
#2677=ADVANCED_FACE('',(#950),#2587,.T.);
#2678=ADVANCED_FACE('',(#951),#2588,.F.);
#2679=ADVANCED_FACE('',(#952),#792,.F.);
#2680=ADVANCED_FACE('',(#953),#793,.F.);
#2681=ADVANCED_FACE('',(#954),#794,.F.);
#2682=ADVANCED_FACE('',(#955),#795,.F.);
#2683=ADVANCED_FACE('',(#956),#796,.T.);
#2684=ADVANCED_FACE('',(#957),#797,.F.);
#2685=ADVANCED_FACE('',(#958),#798,.T.);
#2686=ADVANCED_FACE('',(#959),#799,.T.);
#2687=ADVANCED_FACE('',(#960),#800,.T.);
#2688=ADVANCED_FACE('',(#961),#801,.T.);
#2689=ADVANCED_FACE('',(#962),#802,.T.);
#2690=ADVANCED_FACE('',(#963),#803,.T.);
#2691=ADVANCED_FACE('',(#964),#804,.T.);
#2692=ADVANCED_FACE('',(#965),#805,.T.);
#2693=ADVANCED_FACE('',(#966),#806,.F.);
#2694=ADVANCED_FACE('',(#967),#807,.F.);
#2695=ADVANCED_FACE('',(#968),#808,.F.);
#2696=ADVANCED_FACE('',(#969),#809,.F.);
#2697=ADVANCED_FACE('',(#970),#810,.F.);
#2698=ADVANCED_FACE('',(#971),#811,.F.);
#2699=ADVANCED_FACE('',(#972),#812,.F.);
#2700=ADVANCED_FACE('',(#973),#813,.F.);
#2701=ADVANCED_FACE('',(#974),#814,.T.);
#2702=ADVANCED_FACE('',(#975),#815,.T.);
#2703=ADVANCED_FACE('',(#976),#816,.T.);
#2704=ADVANCED_FACE('',(#977),#817,.T.);
#2705=ADVANCED_FACE('',(#978),#818,.T.);
#2706=ADVANCED_FACE('',(#979),#819,.T.);
#2707=ADVANCED_FACE('',(#980),#820,.T.);
#2708=ADVANCED_FACE('',(#981),#821,.T.);
#2709=ADVANCED_FACE('',(#982),#822,.T.);
#2710=ADVANCED_FACE('',(#983),#823,.T.);
#2711=ADVANCED_FACE('',(#984),#824,.T.);
#2712=ADVANCED_FACE('',(#985),#825,.T.);
#2713=ADVANCED_FACE('',(#986),#826,.T.);
#2714=ADVANCED_FACE('',(#987),#827,.T.);
#2715=ADVANCED_FACE('',(#988),#828,.T.);
#2716=ADVANCED_FACE('',(#989),#829,.T.);
#2717=ADVANCED_FACE('',(#990),#830,.T.);
#2718=ADVANCED_FACE('',(#991),#831,.T.);
#2719=ADVANCED_FACE('',(#992),#832,.T.);
#2720=ADVANCED_FACE('',(#993),#833,.T.);
#2721=ADVANCED_FACE('',(#994),#834,.T.);
#2722=ADVANCED_FACE('',(#995),#835,.T.);
#2723=ADVANCED_FACE('',(#996),#836,.T.);
#2724=ADVANCED_FACE('',(#997),#837,.T.);
#2725=ADVANCED_FACE('',(#998),#838,.F.);
#2726=ADVANCED_FACE('',(#999),#839,.F.);
#2727=ADVANCED_FACE('',(#1000),#840,.F.);
#2728=ADVANCED_FACE('',(#1001),#841,.F.);
#2729=ADVANCED_FACE('',(#1002),#842,.F.);
#2730=ADVANCED_FACE('',(#1003),#843,.F.);
#2731=ADVANCED_FACE('',(#1004),#844,.F.);
#2732=ADVANCED_FACE('',(#1005),#845,.F.);
#2733=ADVANCED_FACE('',(#1006),#846,.F.);
#2734=ADVANCED_FACE('',(#1007),#847,.F.);
#2735=ADVANCED_FACE('',(#1008),#848,.F.);
#2736=ADVANCED_FACE('',(#1009),#849,.F.);
#2737=ADVANCED_FACE('',(#1010),#850,.F.);
#2738=ADVANCED_FACE('',(#1011),#851,.F.);
#2739=ADVANCED_FACE('',(#1012),#852,.F.);
#2740=ADVANCED_FACE('',(#1013),#853,.F.);
#2741=ADVANCED_FACE('',(#1014),#854,.F.);
#2742=ADVANCED_FACE('',(#1015),#855,.F.);
#2743=ADVANCED_FACE('',(#1016),#856,.F.);
#2744=ADVANCED_FACE('',(#1017),#857,.F.);
#2745=ADVANCED_FACE('',(#1018),#858,.F.);
#2746=ADVANCED_FACE('',(#1019),#859,.F.);
#2747=ADVANCED_FACE('',(#1020),#860,.F.);
#2748=ADVANCED_FACE('',(#1021),#861,.F.);
#2749=CLOSED_SHELL('',(#2589,#2590,#2591,#2592,#2593,#2594,#2595,#2596,
#2597,#2598,#2599,#2600,#2601,#2602,#2603,#2604));
#2750=CLOSED_SHELL('',(#2605,#2606,#2607,#2608,#2609,#2610,#2611,#2612,
#2613,#2614));
#2751=CLOSED_SHELL('',(#2615,#2616,#2617,#2618,#2619,#2620,#2621,#2622,
#2623,#2624));
#2752=CLOSED_SHELL('',(#2625,#2626,#2627,#2628,#2629,#2630,#2631,#2632,
#2633,#2634));
#2753=CLOSED_SHELL('',(#2635,#2636,#2637,#2638,#2639,#2640,#2641,#2642,
#2643,#2644));
#2754=CLOSED_SHELL('',(#2645,#2646,#2647,#2648,#2649,#2650,#2651,#2652,
#2653,#2654));
#2755=CLOSED_SHELL('',(#2655,#2656,#2657,#2658,#2659,#2660,#2661,#2662,
#2663,#2664));
#2756=CLOSED_SHELL('',(#2665,#2666,#2667,#2668,#2669,#2670,#2671,#2672,
#2673,#2674));
#2757=CLOSED_SHELL('',(#2675,#2676,#2677,#2678,#2679,#2680,#2681,#2682,
#2683,#2684));
#2758=CLOSED_SHELL('',(#2685,#2686,#2687,#2688,#2689,#2690,#2691,#2692));
#2759=CLOSED_SHELL('',(#2693,#2694,#2695,#2696,#2697,#2698,#2699,#2700));
#2760=CLOSED_SHELL('',(#2701,#2702,#2703,#2704,#2705,#2706,#2707,#2708));
#2761=CLOSED_SHELL('',(#2709,#2710,#2711,#2712,#2713,#2714,#2715,#2716));
#2762=CLOSED_SHELL('',(#2717,#2718,#2719,#2720,#2721,#2722,#2723,#2724));
#2763=CLOSED_SHELL('',(#2725,#2726,#2727,#2728,#2729,#2730,#2731,#2732));
#2764=CLOSED_SHELL('',(#2733,#2734,#2735,#2736,#2737,#2738,#2739,#2740));
#2765=CLOSED_SHELL('',(#2741,#2742,#2743,#2744,#2745,#2746,#2747,#2748));
#2766=DERIVED_UNIT_ELEMENT(#2768,1.);
#2767=DERIVED_UNIT_ELEMENT(#4493,-3.);
#2768=(
MASS_UNIT()
NAMED_UNIT(*)
SI_UNIT(.KILO.,.GRAM.)
);
#2769=DERIVED_UNIT((#2766,#2767));
#2770=MEASURE_REPRESENTATION_ITEM('density measure',
POSITIVE_RATIO_MEASURE(7850.),#2769);
#2771=PROPERTY_DEFINITION_REPRESENTATION(#2776,#2773);
#2772=PROPERTY_DEFINITION_REPRESENTATION(#2777,#2774);
#2773=REPRESENTATION('material name',(#2775),#4490);
#2774=REPRESENTATION('density',(#2770),#4490);
#2775=DESCRIPTIVE_REPRESENTATION_ITEM('Steel','Steel');
#2776=PROPERTY_DEFINITION('material property','material name',#4505);
#2777=PROPERTY_DEFINITION('material property','density of part',#4505);
#2778=AXIS2_PLACEMENT_3D('',#3709,#2977,#2978);
#2779=AXIS2_PLACEMENT_3D('',#3710,#2979,#2980);
#2780=AXIS2_PLACEMENT_3D('',#3711,#2981,#2982);
#2781=AXIS2_PLACEMENT_3D('',#3714,#2983,#2984);
#2782=AXIS2_PLACEMENT_3D('',#3716,#2985,#2986);
#2783=AXIS2_PLACEMENT_3D('',#3718,#2987,#2988);
#2784=AXIS2_PLACEMENT_3D('',#3719,#2989,#2990);
#2785=AXIS2_PLACEMENT_3D('',#3720,#2991,#2992);
#2786=AXIS2_PLACEMENT_3D('',#3722,#2994,#2995);
#2787=AXIS2_PLACEMENT_3D('',#3732,#3001,#3002);
#2788=AXIS2_PLACEMENT_3D('',#3738,#3006,#3007);
#2789=AXIS2_PLACEMENT_3D('',#3742,#3010,#3011);
#2790=AXIS2_PLACEMENT_3D('',#3746,#3014,#3015);
#2791=AXIS2_PLACEMENT_3D('',#3748,#3017,#3018);
#2792=AXIS2_PLACEMENT_3D('',#3754,#3022,#3023);
#2793=AXIS2_PLACEMENT_3D('',#3758,#3026,#3027);
#2794=AXIS2_PLACEMENT_3D('',#3766,#3032,#3033);
#2795=AXIS2_PLACEMENT_3D('',#3770,#3036,#3037);
#2796=AXIS2_PLACEMENT_3D('',#3775,#3041,#3042);
#2797=AXIS2_PLACEMENT_3D('',#3777,#3044,#3045);
#2798=AXIS2_PLACEMENT_3D('',#3779,#3047,#3048);
#2799=AXIS2_PLACEMENT_3D('',#3780,#3049,#3050);
#2800=AXIS2_PLACEMENT_3D('',#3781,#3051,#3052);
#2801=AXIS2_PLACEMENT_3D('',#3790,#3057,#3058);
#2802=AXIS2_PLACEMENT_3D('',#3799,#3063,#3064);
#2803=AXIS2_PLACEMENT_3D('',#3803,#3066,#3067);
#2804=AXIS2_PLACEMENT_3D('',#3804,#3068,#3069);
#2805=AXIS2_PLACEMENT_3D('',#3805,#3070,#3071);
#2806=AXIS2_PLACEMENT_3D('',#3809,#3073,#3074);
#2807=AXIS2_PLACEMENT_3D('',#3810,#3075,#3076);
#2808=AXIS2_PLACEMENT_3D('',#3811,#3077,#3078);
#2809=AXIS2_PLACEMENT_3D('',#3818,#3083,#3084);
#2810=AXIS2_PLACEMENT_3D('',#3822,#3087,#3088);
#2811=AXIS2_PLACEMENT_3D('',#3827,#3092,#3093);
#2812=AXIS2_PLACEMENT_3D('',#3829,#3095,#3096);
#2813=AXIS2_PLACEMENT_3D('',#3830,#3097,#3098);
#2814=AXIS2_PLACEMENT_3D('',#3831,#3099,#3100);
#2815=AXIS2_PLACEMENT_3D('',#3840,#3105,#3106);
#2816=AXIS2_PLACEMENT_3D('',#3849,#3111,#3112);
#2817=AXIS2_PLACEMENT_3D('',#3853,#3114,#3115);
#2818=AXIS2_PLACEMENT_3D('',#3854,#3116,#3117);
#2819=AXIS2_PLACEMENT_3D('',#3855,#3118,#3119);
#2820=AXIS2_PLACEMENT_3D('',#3859,#3121,#3122);
#2821=AXIS2_PLACEMENT_3D('',#3860,#3123,#3124);
#2822=AXIS2_PLACEMENT_3D('',#3861,#3125,#3126);
#2823=AXIS2_PLACEMENT_3D('',#3867,#3130,#3131);
#2824=AXIS2_PLACEMENT_3D('',#3872,#3135,#3136);
#2825=AXIS2_PLACEMENT_3D('',#3876,#3139,#3140);
#2826=AXIS2_PLACEMENT_3D('',#3879,#3143,#3144);
#2827=AXIS2_PLACEMENT_3D('',#3880,#3145,#3146);
#2828=AXIS2_PLACEMENT_3D('',#3881,#3147,#3148);
#2829=AXIS2_PLACEMENT_3D('',#3890,#3153,#3154);
#2830=AXIS2_PLACEMENT_3D('',#3899,#3159,#3160);
#2831=AXIS2_PLACEMENT_3D('',#3903,#3162,#3163);
#2832=AXIS2_PLACEMENT_3D('',#3904,#3164,#3165);
#2833=AXIS2_PLACEMENT_3D('',#3905,#3166,#3167);
#2834=AXIS2_PLACEMENT_3D('',#3909,#3169,#3170);
#2835=AXIS2_PLACEMENT_3D('',#3910,#3171,#3172);
#2836=AXIS2_PLACEMENT_3D('',#3911,#3173,#3174);
#2837=AXIS2_PLACEMENT_3D('',#3917,#3178,#3179);
#2838=AXIS2_PLACEMENT_3D('',#3922,#3183,#3184);
#2839=AXIS2_PLACEMENT_3D('',#3926,#3187,#3188);
#2840=AXIS2_PLACEMENT_3D('',#3929,#3191,#3192);
#2841=AXIS2_PLACEMENT_3D('',#3930,#3193,#3194);
#2842=AXIS2_PLACEMENT_3D('',#3931,#3195,#3196);
#2843=AXIS2_PLACEMENT_3D('',#3940,#3201,#3202);
#2844=AXIS2_PLACEMENT_3D('',#3949,#3207,#3208);
#2845=AXIS2_PLACEMENT_3D('',#3953,#3210,#3211);
#2846=AXIS2_PLACEMENT_3D('',#3954,#3212,#3213);
#2847=AXIS2_PLACEMENT_3D('',#3955,#3214,#3215);
#2848=AXIS2_PLACEMENT_3D('',#3959,#3217,#3218);
#2849=AXIS2_PLACEMENT_3D('',#3960,#3219,#3220);
#2850=AXIS2_PLACEMENT_3D('',#3961,#3221,#3222);
#2851=AXIS2_PLACEMENT_3D('',#3967,#3226,#3227);
#2852=AXIS2_PLACEMENT_3D('',#3972,#3231,#3232);
#2853=AXIS2_PLACEMENT_3D('',#3976,#3235,#3236);
#2854=AXIS2_PLACEMENT_3D('',#3979,#3239,#3240);
#2855=AXIS2_PLACEMENT_3D('',#3980,#3241,#3242);
#2856=AXIS2_PLACEMENT_3D('',#3981,#3243,#3244);
#2857=AXIS2_PLACEMENT_3D('',#3990,#3249,#3250);
#2858=AXIS2_PLACEMENT_3D('',#3999,#3255,#3256);
#2859=AXIS2_PLACEMENT_3D('',#4003,#3258,#3259);
#2860=AXIS2_PLACEMENT_3D('',#4004,#3260,#3261);
#2861=AXIS2_PLACEMENT_3D('',#4005,#3262,#3263);
#2862=AXIS2_PLACEMENT_3D('',#4009,#3265,#3266);
#2863=AXIS2_PLACEMENT_3D('',#4010,#3267,#3268);
#2864=AXIS2_PLACEMENT_3D('',#4011,#3269,#3270);
#2865=AXIS2_PLACEMENT_3D('',#4017,#3274,#3275);
#2866=AXIS2_PLACEMENT_3D('',#4022,#3279,#3280);
#2867=AXIS2_PLACEMENT_3D('',#4026,#3283,#3284);
#2868=AXIS2_PLACEMENT_3D('',#4029,#3287,#3288);
#2869=AXIS2_PLACEMENT_3D('',#4030,#3289,#3290);
#2870=AXIS2_PLACEMENT_3D('',#4031,#3291,#3292);
#2871=AXIS2_PLACEMENT_3D('',#4040,#3297,#3298);
#2872=AXIS2_PLACEMENT_3D('',#4049,#3303,#3304);
#2873=AXIS2_PLACEMENT_3D('',#4053,#3306,#3307);
#2874=AXIS2_PLACEMENT_3D('',#4054,#3308,#3309);
#2875=AXIS2_PLACEMENT_3D('',#4055,#3310,#3311);
#2876=AXIS2_PLACEMENT_3D('',#4059,#3313,#3314);
#2877=AXIS2_PLACEMENT_3D('',#4060,#3315,#3316);
#2878=AXIS2_PLACEMENT_3D('',#4061,#3317,#3318);
#2879=AXIS2_PLACEMENT_3D('',#4068,#3323,#3324);
#2880=AXIS2_PLACEMENT_3D('',#4072,#3327,#3328);
#2881=AXIS2_PLACEMENT_3D('',#4077,#3332,#3333);
#2882=AXIS2_PLACEMENT_3D('',#4079,#3335,#3336);
#2883=AXIS2_PLACEMENT_3D('',#4080,#3337,#3338);
#2884=AXIS2_PLACEMENT_3D('',#4081,#3339,#3340);
#2885=AXIS2_PLACEMENT_3D('',#4090,#3345,#3346);
#2886=AXIS2_PLACEMENT_3D('',#4099,#3351,#3352);
#2887=AXIS2_PLACEMENT_3D('',#4103,#3354,#3355);
#2888=AXIS2_PLACEMENT_3D('',#4104,#3356,#3357);
#2889=AXIS2_PLACEMENT_3D('',#4105,#3358,#3359);
#2890=AXIS2_PLACEMENT_3D('',#4109,#3361,#3362);
#2891=AXIS2_PLACEMENT_3D('',#4110,#3363,#3364);
#2892=AXIS2_PLACEMENT_3D('',#4111,#3365,#3366);
#2893=AXIS2_PLACEMENT_3D('',#4118,#3371,#3372);
#2894=AXIS2_PLACEMENT_3D('',#4122,#3375,#3376);
#2895=AXIS2_PLACEMENT_3D('',#4127,#3380,#3381);
#2896=AXIS2_PLACEMENT_3D('',#4129,#3383,#3384);
#2897=AXIS2_PLACEMENT_3D('',#4130,#3385,#3386);
#2898=AXIS2_PLACEMENT_3D('',#4131,#3387,#3388);
#2899=AXIS2_PLACEMENT_3D('',#4140,#3393,#3394);
#2900=AXIS2_PLACEMENT_3D('',#4149,#3399,#3400);
#2901=AXIS2_PLACEMENT_3D('',#4153,#3402,#3403);
#2902=AXIS2_PLACEMENT_3D('',#4154,#3404,#3405);
#2903=AXIS2_PLACEMENT_3D('',#4155,#3406,#3407);
#2904=AXIS2_PLACEMENT_3D('',#4159,#3409,#3410);
#2905=AXIS2_PLACEMENT_3D('',#4160,#3411,#3412);
#2906=AXIS2_PLACEMENT_3D('',#4161,#3413,#3414);
#2907=AXIS2_PLACEMENT_3D('',#4168,#3419,#3420);
#2908=AXIS2_PLACEMENT_3D('',#4172,#3423,#3424);
#2909=AXIS2_PLACEMENT_3D('',#4177,#3428,#3429);
#2910=AXIS2_PLACEMENT_3D('',#4179,#3431,#3432);
#2911=AXIS2_PLACEMENT_3D('',#4180,#3433,#3434);
#2912=AXIS2_PLACEMENT_3D('',#4181,#3435,#3436);
#2913=AXIS2_PLACEMENT_3D('',#4190,#3441,#3442);
#2914=AXIS2_PLACEMENT_3D('',#4200,#3448,#3449);
#2915=AXIS2_PLACEMENT_3D('',#4204,#3452,#3453);
#2916=AXIS2_PLACEMENT_3D('',#4208,#3456,#3457);
#2917=AXIS2_PLACEMENT_3D('',#4212,#3460,#3461);
#2918=AXIS2_PLACEMENT_3D('',#4216,#3464,#3465);
#2919=AXIS2_PLACEMENT_3D('',#4218,#3467,#3468);
#2920=AXIS2_PLACEMENT_3D('',#4219,#3469,#3470);
#2921=AXIS2_PLACEMENT_3D('',#4228,#3475,#3476);
#2922=AXIS2_PLACEMENT_3D('',#4238,#3482,#3483);
#2923=AXIS2_PLACEMENT_3D('',#4242,#3486,#3487);
#2924=AXIS2_PLACEMENT_3D('',#4246,#3490,#3491);
#2925=AXIS2_PLACEMENT_3D('',#4250,#3494,#3495);
#2926=AXIS2_PLACEMENT_3D('',#4254,#3498,#3499);
#2927=AXIS2_PLACEMENT_3D('',#4256,#3501,#3502);
#2928=AXIS2_PLACEMENT_3D('',#4257,#3503,#3504);
#2929=AXIS2_PLACEMENT_3D('',#4266,#3509,#3510);
#2930=AXIS2_PLACEMENT_3D('',#4276,#3516,#3517);
#2931=AXIS2_PLACEMENT_3D('',#4280,#3520,#3521);
#2932=AXIS2_PLACEMENT_3D('',#4284,#3524,#3525);
#2933=AXIS2_PLACEMENT_3D('',#4288,#3528,#3529);
#2934=AXIS2_PLACEMENT_3D('',#4292,#3532,#3533);
#2935=AXIS2_PLACEMENT_3D('',#4294,#3535,#3536);
#2936=AXIS2_PLACEMENT_3D('',#4295,#3537,#3538);
#2937=AXIS2_PLACEMENT_3D('',#4304,#3543,#3544);
#2938=AXIS2_PLACEMENT_3D('',#4314,#3550,#3551);
#2939=AXIS2_PLACEMENT_3D('',#4318,#3554,#3555);
#2940=AXIS2_PLACEMENT_3D('',#4322,#3558,#3559);
#2941=AXIS2_PLACEMENT_3D('',#4326,#3562,#3563);
#2942=AXIS2_PLACEMENT_3D('',#4330,#3566,#3567);
#2943=AXIS2_PLACEMENT_3D('',#4332,#3569,#3570);
#2944=AXIS2_PLACEMENT_3D('',#4333,#3571,#3572);
#2945=AXIS2_PLACEMENT_3D('',#4342,#3577,#3578);
#2946=AXIS2_PLACEMENT_3D('',#4352,#3584,#3585);
#2947=AXIS2_PLACEMENT_3D('',#4356,#3588,#3589);
#2948=AXIS2_PLACEMENT_3D('',#4360,#3592,#3593);
#2949=AXIS2_PLACEMENT_3D('',#4364,#3596,#3597);
#2950=AXIS2_PLACEMENT_3D('',#4368,#3600,#3601);
#2951=AXIS2_PLACEMENT_3D('',#4370,#3603,#3604);
#2952=AXIS2_PLACEMENT_3D('',#4371,#3605,#3606);
#2953=AXIS2_PLACEMENT_3D('',#4380,#3611,#3612);
#2954=AXIS2_PLACEMENT_3D('',#4390,#3618,#3619);
#2955=AXIS2_PLACEMENT_3D('',#4394,#3622,#3623);
#2956=AXIS2_PLACEMENT_3D('',#4398,#3626,#3627);
#2957=AXIS2_PLACEMENT_3D('',#4402,#3630,#3631);
#2958=AXIS2_PLACEMENT_3D('',#4406,#3634,#3635);
#2959=AXIS2_PLACEMENT_3D('',#4408,#3637,#3638);
#2960=AXIS2_PLACEMENT_3D('',#4409,#3639,#3640);
#2961=AXIS2_PLACEMENT_3D('',#4418,#3645,#3646);
#2962=AXIS2_PLACEMENT_3D('',#4428,#3652,#3653);
#2963=AXIS2_PLACEMENT_3D('',#4432,#3656,#3657);
#2964=AXIS2_PLACEMENT_3D('',#4436,#3660,#3661);
#2965=AXIS2_PLACEMENT_3D('',#4440,#3664,#3665);
#2966=AXIS2_PLACEMENT_3D('',#4444,#3668,#3669);
#2967=AXIS2_PLACEMENT_3D('',#4446,#3671,#3672);
#2968=AXIS2_PLACEMENT_3D('',#4447,#3673,#3674);
#2969=AXIS2_PLACEMENT_3D('',#4456,#3679,#3680);
#2970=AXIS2_PLACEMENT_3D('',#4466,#3686,#3687);
#2971=AXIS2_PLACEMENT_3D('',#4470,#3690,#3691);
#2972=AXIS2_PLACEMENT_3D('',#4474,#3694,#3695);
#2973=AXIS2_PLACEMENT_3D('',#4478,#3698,#3699);
#2974=AXIS2_PLACEMENT_3D('',#4482,#3702,#3703);
#2975=AXIS2_PLACEMENT_3D('',#4484,#3705,#3706);
#2976=AXIS2_PLACEMENT_3D('',#4485,#3707,#3708);
#2977=DIRECTION('axis',(0.,0.,1.));
#2978=DIRECTION('refdir',(1.,0.,0.));
#2979=DIRECTION('axis',(0.,0.,1.));
#2980=DIRECTION('refdir',(1.,0.,0.));
#2981=DIRECTION('center_axis',(0.,0.,-1.));
#2982=DIRECTION('ref_axis',(2.83276944882399E-16,-1.,0.));
#2983=DIRECTION('center_axis',(0.,-0.976267241404688,-0.216569326914228));
#2984=DIRECTION('ref_axis',(0.,-0.216569326914228,0.976267241404687));
#2985=DIRECTION('center_axis',(0.,0.,-1.));
#2986=DIRECTION('ref_axis',(1.,0.,0.));
#2987=DIRECTION('center_axis',(0.,-0.976267241404688,-0.216569326914228));
#2988=DIRECTION('ref_axis',(0.,-0.216569326914228,0.976267241404687));
#2989=DIRECTION('center_axis',(0.,0.,-1.));
#2990=DIRECTION('ref_axis',(1.,0.,0.));
#2991=DIRECTION('center_axis',(0.,0.,1.));
#2992=DIRECTION('ref_axis',(1.,0.,0.));
#2993=DIRECTION('',(1.,0.,0.));
#2994=DIRECTION('center_axis',(0.,0.,1.));
#2995=DIRECTION('ref_axis',(1.,0.,0.));
#2996=DIRECTION('',(1.,0.,0.));
#2997=DIRECTION('',(0.,1.,0.));
#2998=DIRECTION('',(-1.,0.,0.));
#2999=DIRECTION('',(0.,-1.,0.));
#3000=DIRECTION('',(1.,0.,0.));
#3001=DIRECTION('center_axis',(-0.976267241404688,0.,0.216569326914228));
#3002=DIRECTION('ref_axis',(0.216569326914228,0.,0.976267241404688));
#3003=DIRECTION('',(-0.211662477554919,0.211662477554919,-0.954147782678672));
#3004=DIRECTION('',(0.,-1.,0.));
#3005=DIRECTION('',(-0.211662477554919,-0.211662477554919,-0.954147782678672));
#3006=DIRECTION('center_axis',(0.,0.976267241404688,0.216569326914228));
#3007=DIRECTION('ref_axis',(0.,-0.216569326914228,0.976267241404688));
#3008=DIRECTION('',(0.211662477554919,0.211662477554919,-0.954147782678672));
#3009=DIRECTION('',(-1.,0.,0.));
#3010=DIRECTION('center_axis',(0.976267241404688,0.,0.216569326914228));
#3011=DIRECTION('ref_axis',(0.216569326914228,0.,-0.976267241404688));
#3012=DIRECTION('',(0.211662477554919,-0.211662477554919,-0.954147782678672));
#3013=DIRECTION('',(0.,1.,0.));
#3014=DIRECTION('center_axis',(0.,-0.976267241404688,0.216569326914228));
#3015=DIRECTION('ref_axis',(0.,-0.216569326914228,-0.976267241404688));
#3016=DIRECTION('',(1.,0.,0.));
#3017=DIRECTION('center_axis',(0.,-1.,0.));
#3018=DIRECTION('ref_axis',(1.,0.,0.));
#3019=DIRECTION('',(0.,0.,1.));
#3020=DIRECTION('',(-1.,0.,0.));
#3021=DIRECTION('',(0.,0.,1.));
#3022=DIRECTION('center_axis',(-1.,0.,0.));
#3023=DIRECTION('ref_axis',(0.,-1.,0.));
#3024=DIRECTION('',(0.,0.,1.));
#3025=DIRECTION('',(0.,1.,0.));
#3026=DIRECTION('center_axis',(0.976267241404688,0.,-0.216569326914228));
#3027=DIRECTION('ref_axis',(-0.216569326914228,0.,-0.976267241404688));
#3028=DIRECTION('',(0.,-1.,0.));
#3029=DIRECTION('',(-0.211662477554919,0.211662477554919,-0.954147782678672));
#3030=DIRECTION('',(0.,1.,0.));
#3031=DIRECTION('',(0.211662477554919,0.211662477554919,0.954147782678672));
#3032=DIRECTION('center_axis',(0.,-0.976267241404688,-0.216569326914228));
#3033=DIRECTION('ref_axis',(0.,0.216569326914228,-0.976267241404688));
#3034=DIRECTION('',(1.,0.,0.));
#3035=DIRECTION('',(-0.211662477554919,-0.211662477554919,0.954147782678672));
#3036=DIRECTION('center_axis',(0.,0.976267241404688,-0.216569326914228));
#3037=DIRECTION('ref_axis',(0.,0.216569326914228,0.976267241404688));
#3038=DIRECTION('',(1.,0.,0.));
#3039=DIRECTION('',(-1.,0.,0.));
#3040=DIRECTION('',(-0.211662477554919,0.211662477554919,0.954147782678672));
#3041=DIRECTION('center_axis',(-0.976267241404688,0.,-0.216569326914228));
#3042=DIRECTION('ref_axis',(-0.216569326914228,0.,0.976267241404688));
#3043=DIRECTION('',(0.,-1.,0.));
#3044=DIRECTION('center_axis',(1.,0.,0.));
#3045=DIRECTION('ref_axis',(0.,1.,0.));
#3046=DIRECTION('',(0.,0.,1.));
#3047=DIRECTION('center_axis',(0.,0.,1.));
#3048=DIRECTION('ref_axis',(1.,0.,0.));
#3049=DIRECTION('center_axis',(0.,1.,0.));
#3050=DIRECTION('ref_axis',(-1.,0.,0.));
#3051=DIRECTION('center_axis',(-1.,0.,0.));
#3052=DIRECTION('ref_axis',(0.,1.,0.));
#3053=DIRECTION('',(0.,1.,0.));
#3054=DIRECTION('',(0.,0.,-1.));
#3055=DIRECTION('',(0.,1.,0.));
#3056=DIRECTION('',(0.,0.,-1.));
#3057=DIRECTION('center_axis',(1.,0.,0.));
#3058=DIRECTION('ref_axis',(0.,-1.,0.));
#3059=DIRECTION('',(0.,-1.,0.));
#3060=DIRECTION('',(0.,0.,-1.));
#3061=DIRECTION('',(0.,-1.,0.));
#3062=DIRECTION('',(0.,0.,-1.));
#3063=DIRECTION('center_axis',(0.,-1.,0.));
#3064=DIRECTION('ref_axis',(9.25185853854305E-15,0.,1.));
#3065=DIRECTION('',(0.,1.,0.));
#3066=DIRECTION('center_axis',(0.,-1.,0.));
#3067=DIRECTION('ref_axis',(9.25185853854305E-15,0.,1.));
#3068=DIRECTION('center_axis',(0.,-1.,0.));
#3069=DIRECTION('ref_axis',(9.25185853854305E-15,0.,1.));
#3070=DIRECTION('center_axis',(0.,-1.,0.));
#3071=DIRECTION('ref_axis',(9.25185853854305E-15,0.,1.));
#3072=DIRECTION('',(0.,-1.,0.));
#3073=DIRECTION('center_axis',(0.,-1.,0.));
#3074=DIRECTION('ref_axis',(1.85037170770863E-14,0.,1.));
#3075=DIRECTION('center_axis',(0.,-1.,0.));
#3076=DIRECTION('ref_axis',(1.85037170770863E-14,0.,1.));
#3077=DIRECTION('center_axis',(0.,1.,0.));
#3078=DIRECTION('ref_axis',(0.,0.,-1.));
#3079=DIRECTION('',(0.,0.,1.));
#3080=DIRECTION('',(-1.,0.,0.));
#3081=DIRECTION('',(1.,0.,1.85905144737453E-14));
#3082=DIRECTION('',(-1.,0.,0.));
#3083=DIRECTION('center_axis',(0.,0.,1.));
#3084=DIRECTION('ref_axis',(0.,1.,0.));
#3085=DIRECTION('',(0.,-1.,0.));
#3086=DIRECTION('',(-1.,0.,0.));
#3087=DIRECTION('center_axis',(0.,-1.,0.));
#3088=DIRECTION('ref_axis',(0.,0.,1.));
#3089=DIRECTION('',(0.,0.,-1.));
#3090=DIRECTION('',(-1.,0.,-1.85905144737453E-14));
#3091=DIRECTION('',(-1.,0.,0.));
#3092=DIRECTION('center_axis',(0.,0.,-1.));
#3093=DIRECTION('ref_axis',(0.,-1.,0.));
#3094=DIRECTION('',(0.,1.,0.));
#3095=DIRECTION('center_axis',(-1.85905144737453E-14,0.,1.));
#3096=DIRECTION('ref_axis',(1.,0.,1.85905144737453E-14));
#3097=DIRECTION('center_axis',(1.,0.,0.));
#3098=DIRECTION('ref_axis',(0.,0.,-1.));
#3099=DIRECTION('center_axis',(-1.,0.,0.));
#3100=DIRECTION('ref_axis',(0.,1.,0.));
#3101=DIRECTION('',(0.,1.,0.));
#3102=DIRECTION('',(0.,0.,-1.));
#3103=DIRECTION('',(0.,1.,0.));
#3104=DIRECTION('',(0.,0.,-1.));
#3105=DIRECTION('center_axis',(1.,0.,0.));
#3106=DIRECTION('ref_axis',(0.,-1.,0.));
#3107=DIRECTION('',(0.,-1.,0.));
#3108=DIRECTION('',(0.,0.,-1.));
#3109=DIRECTION('',(0.,-1.,0.));
#3110=DIRECTION('',(0.,0.,-1.));
#3111=DIRECTION('center_axis',(0.,-1.,0.));
#3112=DIRECTION('ref_axis',(9.25185853854305E-15,0.,1.));
#3113=DIRECTION('',(0.,1.,0.));
#3114=DIRECTION('center_axis',(0.,-1.,0.));
#3115=DIRECTION('ref_axis',(9.25185853854305E-15,0.,1.));
#3116=DIRECTION('center_axis',(0.,-1.,0.));
#3117=DIRECTION('ref_axis',(9.25185853854305E-15,0.,1.));
#3118=DIRECTION('center_axis',(0.,-1.,0.));
#3119=DIRECTION('ref_axis',(9.25185853854305E-15,0.,1.));
#3120=DIRECTION('',(0.,-1.,0.));
#3121=DIRECTION('center_axis',(0.,-1.,0.));
#3122=DIRECTION('ref_axis',(1.85037170770863E-14,0.,1.));
#3123=DIRECTION('center_axis',(0.,-1.,0.));
#3124=DIRECTION('ref_axis',(1.85037170770863E-14,0.,1.));
#3125=DIRECTION('center_axis',(0.,0.,1.));
#3126=DIRECTION('ref_axis',(0.,1.,0.));
#3127=DIRECTION('',(0.,1.,0.));
#3128=DIRECTION('',(-1.,0.,0.));
#3129=DIRECTION('',(-1.,0.,0.));
#3130=DIRECTION('center_axis',(0.,-1.,0.));
#3131=DIRECTION('ref_axis',(0.,0.,1.));
#3132=DIRECTION('',(0.,0.,1.));
#3133=DIRECTION('',(-1.,0.,-1.85905144737453E-14));
#3134=DIRECTION('',(-1.,0.,0.));
#3135=DIRECTION('center_axis',(0.,0.,-1.));
#3136=DIRECTION('ref_axis',(0.,-1.,0.));
#3137=DIRECTION('',(0.,-1.,0.));
#3138=DIRECTION('',(-1.,0.,0.));
#3139=DIRECTION('center_axis',(0.,1.,0.));
#3140=DIRECTION('ref_axis',(0.,0.,-1.));
#3141=DIRECTION('',(0.,0.,-1.));
#3142=DIRECTION('',(1.,0.,1.85905144737453E-14));
#3143=DIRECTION('center_axis',(-1.85905144737453E-14,0.,1.));
#3144=DIRECTION('ref_axis',(1.,0.,1.85905144737453E-14));
#3145=DIRECTION('center_axis',(1.,0.,0.));
#3146=DIRECTION('ref_axis',(0.,0.,-1.));
#3147=DIRECTION('center_axis',(1.,0.,0.));
#3148=DIRECTION('ref_axis',(0.,-1.,0.));
#3149=DIRECTION('',(0.,-1.,0.));
#3150=DIRECTION('',(0.,0.,-1.));
#3151=DIRECTION('',(0.,-1.,0.));
#3152=DIRECTION('',(0.,0.,-1.));
#3153=DIRECTION('center_axis',(-1.,0.,0.));
#3154=DIRECTION('ref_axis',(0.,1.,0.));
#3155=DIRECTION('',(0.,1.,0.));
#3156=DIRECTION('',(0.,0.,-1.));
#3157=DIRECTION('',(0.,1.,0.));
#3158=DIRECTION('',(0.,0.,-1.));
#3159=DIRECTION('center_axis',(0.,-1.,0.));
#3160=DIRECTION('ref_axis',(9.25185853854305E-15,0.,1.));
#3161=DIRECTION('',(0.,-1.,0.));
#3162=DIRECTION('center_axis',(0.,-1.,0.));
#3163=DIRECTION('ref_axis',(9.25185853854305E-15,0.,1.));
#3164=DIRECTION('center_axis',(0.,-1.,0.));
#3165=DIRECTION('ref_axis',(9.25185853854305E-15,0.,1.));
#3166=DIRECTION('center_axis',(0.,-1.,0.));
#3167=DIRECTION('ref_axis',(9.25185853854305E-15,0.,1.));
#3168=DIRECTION('',(0.,1.,0.));
#3169=DIRECTION('center_axis',(0.,-1.,0.));
#3170=DIRECTION('ref_axis',(1.85037170770863E-14,0.,1.));
#3171=DIRECTION('center_axis',(0.,-1.,0.));
#3172=DIRECTION('ref_axis',(1.85037170770863E-14,0.,1.));
#3173=DIRECTION('center_axis',(0.,0.,-1.));
#3174=DIRECTION('ref_axis',(0.,-1.,0.));
#3175=DIRECTION('',(0.,-1.,0.));
#3176=DIRECTION('',(-1.,0.,0.));
#3177=DIRECTION('',(-1.,0.,0.));
#3178=DIRECTION('center_axis',(0.,-1.,0.));
#3179=DIRECTION('ref_axis',(0.,0.,1.));
#3180=DIRECTION('',(0.,0.,1.));
#3181=DIRECTION('',(-1.,0.,0.));
#3182=DIRECTION('',(-1.,0.,-1.85905144737453E-14));
#3183=DIRECTION('center_axis',(0.,0.,1.));
#3184=DIRECTION('ref_axis',(0.,1.,0.));
#3185=DIRECTION('',(0.,1.,0.));
#3186=DIRECTION('',(-1.,0.,0.));
#3187=DIRECTION('center_axis',(0.,1.,0.));
#3188=DIRECTION('ref_axis',(0.,0.,-1.));
#3189=DIRECTION('',(0.,0.,-1.));
#3190=DIRECTION('',(1.,0.,1.85905144737453E-14));
#3191=DIRECTION('center_axis',(1.85905144737453E-14,0.,-1.));
#3192=DIRECTION('ref_axis',(1.,0.,1.85905144737453E-14));
#3193=DIRECTION('center_axis',(-1.,0.,0.));
#3194=DIRECTION('ref_axis',(0.,0.,-1.));
#3195=DIRECTION('center_axis',(1.,0.,0.));
#3196=DIRECTION('ref_axis',(0.,-1.,0.));
#3197=DIRECTION('',(0.,-1.,0.));
#3198=DIRECTION('',(0.,0.,-1.));
#3199=DIRECTION('',(0.,-1.,0.));
#3200=DIRECTION('',(0.,0.,-1.));
#3201=DIRECTION('center_axis',(-1.,0.,0.));
#3202=DIRECTION('ref_axis',(0.,1.,0.));
#3203=DIRECTION('',(0.,1.,0.));
#3204=DIRECTION('',(0.,0.,-1.));
#3205=DIRECTION('',(0.,1.,0.));
#3206=DIRECTION('',(0.,0.,-1.));
#3207=DIRECTION('center_axis',(0.,1.,0.));
#3208=DIRECTION('ref_axis',(-9.25185853854305E-15,0.,1.));
#3209=DIRECTION('',(0.,-1.,0.));
#3210=DIRECTION('center_axis',(0.,1.,0.));
#3211=DIRECTION('ref_axis',(-9.25185853854305E-15,0.,1.));
#3212=DIRECTION('center_axis',(0.,1.,0.));
#3213=DIRECTION('ref_axis',(-9.25185853854305E-15,0.,1.));
#3214=DIRECTION('center_axis',(0.,1.,0.));
#3215=DIRECTION('ref_axis',(-9.25185853854305E-15,0.,1.));
#3216=DIRECTION('',(0.,1.,0.));
#3217=DIRECTION('center_axis',(0.,1.,0.));
#3218=DIRECTION('ref_axis',(-1.85037170770863E-14,0.,1.));
#3219=DIRECTION('center_axis',(0.,1.,0.));
#3220=DIRECTION('ref_axis',(-1.85037170770863E-14,0.,1.));
#3221=DIRECTION('center_axis',(0.,0.,1.));
#3222=DIRECTION('ref_axis',(0.,-1.,0.));
#3223=DIRECTION('',(0.,-1.,0.));
#3224=DIRECTION('',(1.,0.,0.));
#3225=DIRECTION('',(1.,0.,0.));
#3226=DIRECTION('center_axis',(0.,1.,0.));
#3227=DIRECTION('ref_axis',(0.,0.,1.));
#3228=DIRECTION('',(0.,0.,1.));
#3229=DIRECTION('',(1.,0.,-1.85905144737453E-14));
#3230=DIRECTION('',(1.,0.,0.));
#3231=DIRECTION('center_axis',(0.,0.,-1.));
#3232=DIRECTION('ref_axis',(0.,1.,0.));
#3233=DIRECTION('',(0.,1.,0.));
#3234=DIRECTION('',(1.,0.,0.));
#3235=DIRECTION('center_axis',(0.,-1.,0.));
#3236=DIRECTION('ref_axis',(0.,0.,-1.));
#3237=DIRECTION('',(0.,0.,-1.));
#3238=DIRECTION('',(-1.,0.,1.85905144737453E-14));
#3239=DIRECTION('center_axis',(1.85905144737453E-14,0.,1.));
#3240=DIRECTION('ref_axis',(-1.,0.,1.85905144737453E-14));
#3241=DIRECTION('center_axis',(-1.,0.,0.));
#3242=DIRECTION('ref_axis',(0.,0.,-1.));
#3243=DIRECTION('center_axis',(-1.,0.,0.));
#3244=DIRECTION('ref_axis',(0.,1.,0.));
#3245=DIRECTION('',(0.,1.,0.));
#3246=DIRECTION('',(0.,0.,-1.));
#3247=DIRECTION('',(0.,1.,0.));
#3248=DIRECTION('',(0.,0.,-1.));
#3249=DIRECTION('center_axis',(1.,0.,0.));
#3250=DIRECTION('ref_axis',(0.,-1.,0.));
#3251=DIRECTION('',(0.,-1.,0.));
#3252=DIRECTION('',(0.,0.,-1.));
#3253=DIRECTION('',(0.,-1.,0.));
#3254=DIRECTION('',(0.,0.,-1.));
#3255=DIRECTION('center_axis',(0.,1.,0.));
#3256=DIRECTION('ref_axis',(-9.25185853854305E-15,0.,1.));
#3257=DIRECTION('',(0.,1.,0.));
#3258=DIRECTION('center_axis',(0.,1.,0.));
#3259=DIRECTION('ref_axis',(-9.25185853854305E-15,0.,1.));
#3260=DIRECTION('center_axis',(0.,1.,0.));
#3261=DIRECTION('ref_axis',(-9.25185853854305E-15,0.,1.));
#3262=DIRECTION('center_axis',(0.,1.,0.));
#3263=DIRECTION('ref_axis',(-9.25185853854305E-15,0.,1.));
#3264=DIRECTION('',(0.,-1.,0.));
#3265=DIRECTION('center_axis',(0.,1.,0.));
#3266=DIRECTION('ref_axis',(-1.85037170770863E-14,0.,1.));
#3267=DIRECTION('center_axis',(0.,1.,0.));
#3268=DIRECTION('ref_axis',(-1.85037170770863E-14,0.,1.));
#3269=DIRECTION('center_axis',(0.,0.,-1.));
#3270=DIRECTION('ref_axis',(0.,1.,0.));
#3271=DIRECTION('',(0.,1.,0.));
#3272=DIRECTION('',(1.,0.,0.));
#3273=DIRECTION('',(1.,0.,0.));
#3274=DIRECTION('center_axis',(0.,1.,0.));
#3275=DIRECTION('ref_axis',(0.,0.,1.));
#3276=DIRECTION('',(0.,0.,1.));
#3277=DIRECTION('',(1.,0.,0.));
#3278=DIRECTION('',(1.,0.,-1.85905144737453E-14));
#3279=DIRECTION('center_axis',(0.,0.,1.));
#3280=DIRECTION('ref_axis',(0.,-1.,0.));
#3281=DIRECTION('',(0.,-1.,0.));
#3282=DIRECTION('',(1.,0.,0.));
#3283=DIRECTION('center_axis',(0.,-1.,0.));
#3284=DIRECTION('ref_axis',(0.,0.,-1.));
#3285=DIRECTION('',(0.,0.,-1.));
#3286=DIRECTION('',(-1.,0.,1.85905144737453E-14));
#3287=DIRECTION('center_axis',(-1.85905144737453E-14,0.,-1.));
#3288=DIRECTION('ref_axis',(-1.,0.,1.85905144737453E-14));
#3289=DIRECTION('center_axis',(1.,0.,0.));
#3290=DIRECTION('ref_axis',(0.,0.,-1.));
#3291=DIRECTION('center_axis',(-1.,0.,0.));
#3292=DIRECTION('ref_axis',(0.,1.,0.));
#3293=DIRECTION('',(0.,1.,0.));
#3294=DIRECTION('',(0.,0.,-1.));
#3295=DIRECTION('',(0.,1.,0.));
#3296=DIRECTION('',(0.,0.,-1.));
#3297=DIRECTION('center_axis',(1.,0.,0.));
#3298=DIRECTION('ref_axis',(0.,-1.,0.));
#3299=DIRECTION('',(0.,-1.,0.));
#3300=DIRECTION('',(0.,0.,-1.));
#3301=DIRECTION('',(0.,-1.,0.));
#3302=DIRECTION('',(0.,0.,-1.));
#3303=DIRECTION('center_axis',(0.,1.,0.));
#3304=DIRECTION('ref_axis',(-9.25185853854305E-15,0.,1.));
#3305=DIRECTION('',(0.,1.,0.));
#3306=DIRECTION('center_axis',(0.,1.,0.));
#3307=DIRECTION('ref_axis',(-9.25185853854305E-15,0.,1.));
#3308=DIRECTION('center_axis',(0.,1.,0.));
#3309=DIRECTION('ref_axis',(-9.25185853854305E-15,0.,1.));
#3310=DIRECTION('center_axis',(0.,1.,0.));
#3311=DIRECTION('ref_axis',(-9.25185853854305E-15,0.,1.));
#3312=DIRECTION('',(0.,-1.,0.));
#3313=DIRECTION('center_axis',(0.,1.,0.));
#3314=DIRECTION('ref_axis',(-1.85037170770863E-14,0.,1.));
#3315=DIRECTION('center_axis',(0.,1.,0.));
#3316=DIRECTION('ref_axis',(-1.85037170770863E-14,0.,1.));
#3317=DIRECTION('center_axis',(0.,-1.,0.));
#3318=DIRECTION('ref_axis',(0.,0.,-1.));
#3319=DIRECTION('',(0.,0.,1.));
#3320=DIRECTION('',(1.,0.,0.));
#3321=DIRECTION('',(-1.,0.,1.85905144737453E-14));
#3322=DIRECTION('',(1.,0.,0.));
#3323=DIRECTION('center_axis',(0.,0.,-1.));
#3324=DIRECTION('ref_axis',(0.,1.,0.));
#3325=DIRECTION('',(0.,-1.,0.));
#3326=DIRECTION('',(1.,0.,0.));
#3327=DIRECTION('center_axis',(0.,1.,0.));
#3328=DIRECTION('ref_axis',(0.,0.,1.));
#3329=DIRECTION('',(0.,0.,-1.));
#3330=DIRECTION('',(1.,0.,0.));
#3331=DIRECTION('',(1.,0.,-1.85905144737453E-14));
#3332=DIRECTION('center_axis',(0.,0.,1.));
#3333=DIRECTION('ref_axis',(0.,-1.,0.));
#3334=DIRECTION('',(0.,1.,0.));
#3335=DIRECTION('center_axis',(-1.85905144737453E-14,0.,-1.));
#3336=DIRECTION('ref_axis',(-1.,0.,1.85905144737453E-14));
#3337=DIRECTION('center_axis',(1.,0.,0.));
#3338=DIRECTION('ref_axis',(0.,0.,-1.));
#3339=DIRECTION('center_axis',(-1.,0.,0.));
#3340=DIRECTION('ref_axis',(0.,1.,0.));
#3341=DIRECTION('',(0.,1.,0.));
#3342=DIRECTION('',(0.,0.,-1.));
#3343=DIRECTION('',(0.,1.,0.));
#3344=DIRECTION('',(0.,0.,-1.));
#3345=DIRECTION('center_axis',(1.,0.,0.));
#3346=DIRECTION('ref_axis',(0.,-1.,0.));
#3347=DIRECTION('',(0.,-1.,0.));
#3348=DIRECTION('',(0.,0.,-1.));
#3349=DIRECTION('',(0.,-1.,0.));
#3350=DIRECTION('',(0.,0.,-1.));
#3351=DIRECTION('center_axis',(0.,-1.,0.));
#3352=DIRECTION('ref_axis',(9.25185853854305E-15,0.,1.));
#3353=DIRECTION('',(0.,1.,0.));
#3354=DIRECTION('center_axis',(0.,-1.,0.));
#3355=DIRECTION('ref_axis',(9.25185853854305E-15,0.,1.));
#3356=DIRECTION('center_axis',(0.,-1.,0.));
#3357=DIRECTION('ref_axis',(9.25185853854305E-15,0.,1.));
#3358=DIRECTION('center_axis',(0.,-1.,0.));
#3359=DIRECTION('ref_axis',(9.25185853854305E-15,0.,1.));
#3360=DIRECTION('',(0.,-1.,0.));
#3361=DIRECTION('center_axis',(0.,-1.,0.));
#3362=DIRECTION('ref_axis',(1.85037170770863E-14,0.,1.));
#3363=DIRECTION('center_axis',(0.,-1.,0.));
#3364=DIRECTION('ref_axis',(1.85037170770863E-14,0.,1.));
#3365=DIRECTION('center_axis',(0.,1.,0.));
#3366=DIRECTION('ref_axis',(0.,0.,-1.));
#3367=DIRECTION('',(0.,0.,1.));
#3368=DIRECTION('',(-1.,0.,0.));
#3369=DIRECTION('',(1.,0.,1.85905144737453E-14));
#3370=DIRECTION('',(-1.,0.,0.));
#3371=DIRECTION('center_axis',(0.,0.,1.));
#3372=DIRECTION('ref_axis',(0.,1.,0.));
#3373=DIRECTION('',(0.,-1.,0.));
#3374=DIRECTION('',(-1.,0.,0.));
#3375=DIRECTION('center_axis',(0.,-1.,0.));
#3376=DIRECTION('ref_axis',(0.,0.,1.));
#3377=DIRECTION('',(0.,0.,-1.));
#3378=DIRECTION('',(-1.,0.,-1.85905144737453E-14));
#3379=DIRECTION('',(-1.,0.,0.));
#3380=DIRECTION('center_axis',(0.,0.,-1.));
#3381=DIRECTION('ref_axis',(0.,-1.,0.));
#3382=DIRECTION('',(0.,1.,0.));
#3383=DIRECTION('center_axis',(-1.85905144737453E-14,0.,1.));
#3384=DIRECTION('ref_axis',(1.,0.,1.85905144737453E-14));
#3385=DIRECTION('center_axis',(1.,0.,0.));
#3386=DIRECTION('ref_axis',(0.,0.,-1.));
#3387=DIRECTION('center_axis',(-1.,0.,0.));
#3388=DIRECTION('ref_axis',(0.,1.,0.));
#3389=DIRECTION('',(0.,1.,0.));
#3390=DIRECTION('',(0.,0.,-1.));
#3391=DIRECTION('',(0.,1.,0.));
#3392=DIRECTION('',(0.,0.,-1.));
#3393=DIRECTION('center_axis',(1.,0.,0.));
#3394=DIRECTION('ref_axis',(0.,-1.,0.));
#3395=DIRECTION('',(0.,-1.,0.));
#3396=DIRECTION('',(0.,0.,-1.));
#3397=DIRECTION('',(0.,-1.,0.));
#3398=DIRECTION('',(0.,0.,-1.));
#3399=DIRECTION('center_axis',(0.,1.,0.));
#3400=DIRECTION('ref_axis',(-9.25185853854305E-15,0.,1.));
#3401=DIRECTION('',(0.,1.,0.));
#3402=DIRECTION('center_axis',(0.,1.,0.));
#3403=DIRECTION('ref_axis',(-9.25185853854305E-15,0.,1.));
#3404=DIRECTION('center_axis',(0.,1.,0.));
#3405=DIRECTION('ref_axis',(-9.25185853854305E-15,0.,1.));
#3406=DIRECTION('center_axis',(0.,1.,0.));
#3407=DIRECTION('ref_axis',(-9.25185853854305E-15,0.,1.));
#3408=DIRECTION('',(0.,-1.,0.));
#3409=DIRECTION('center_axis',(0.,1.,0.));
#3410=DIRECTION('ref_axis',(-1.85037170770863E-14,0.,1.));
#3411=DIRECTION('center_axis',(0.,1.,0.));
#3412=DIRECTION('ref_axis',(-1.85037170770863E-14,0.,1.));
#3413=DIRECTION('center_axis',(0.,-1.,0.));
#3414=DIRECTION('ref_axis',(0.,0.,-1.));
#3415=DIRECTION('',(0.,0.,1.));
#3416=DIRECTION('',(1.,0.,0.));
#3417=DIRECTION('',(-1.,0.,1.85905144737453E-14));
#3418=DIRECTION('',(1.,0.,0.));
#3419=DIRECTION('center_axis',(0.,0.,-1.));
#3420=DIRECTION('ref_axis',(0.,1.,0.));
#3421=DIRECTION('',(0.,-1.,0.));
#3422=DIRECTION('',(1.,0.,0.));
#3423=DIRECTION('center_axis',(0.,1.,0.));
#3424=DIRECTION('ref_axis',(0.,0.,1.));
#3425=DIRECTION('',(0.,0.,-1.));
#3426=DIRECTION('',(1.,0.,0.));
#3427=DIRECTION('',(1.,0.,-1.85905144737453E-14));
#3428=DIRECTION('center_axis',(0.,0.,1.));
#3429=DIRECTION('ref_axis',(0.,-1.,0.));
#3430=DIRECTION('',(0.,1.,0.));
#3431=DIRECTION('center_axis',(-1.85905144737453E-14,0.,-1.));
#3432=DIRECTION('ref_axis',(-1.,0.,1.85905144737453E-14));
#3433=DIRECTION('center_axis',(1.,0.,0.));
#3434=DIRECTION('ref_axis',(0.,0.,-1.));
#3435=DIRECTION('center_axis',(0.,0.894427190999916,-0.447213595499958));
#3436=DIRECTION('ref_axis',(0.,0.447213595499958,0.894427190999916));
#3437=DIRECTION('',(0.,-0.447213595499958,-0.894427190999916));
#3438=DIRECTION('',(-1.,0.,0.));
#3439=DIRECTION('',(0.,0.447213595499958,0.894427190999916));
#3440=DIRECTION('',(1.,0.,0.));
#3441=DIRECTION('center_axis',(-1.,0.,0.));
#3442=DIRECTION('ref_axis',(0.,1.,0.));
#3443=DIRECTION('',(0.,1.,0.));
#3444=DIRECTION('',(0.,0.447213595499958,-0.894427190999916));
#3445=DIRECTION('',(0.,0.,-1.));
#3446=DIRECTION('',(0.,-1.,0.));
#3447=DIRECTION('',(0.,0.,-1.));
#3448=DIRECTION('center_axis',(0.,0.,-1.));
#3449=DIRECTION('ref_axis',(-1.,0.,0.));
#3450=DIRECTION('',(0.,-1.,0.));
#3451=DIRECTION('',(1.,0.,0.));
#3452=DIRECTION('center_axis',(0.,-0.894427190999916,-0.447213595499958));
#3453=DIRECTION('ref_axis',(0.,0.447213595499958,-0.894427190999916));
#3454=DIRECTION('',(0.,-0.447213595499958,0.894427190999916));
#3455=DIRECTION('',(-1.,0.,0.));
#3456=DIRECTION('center_axis',(0.,1.,0.));
#3457=DIRECTION('ref_axis',(1.,0.,0.));
#3458=DIRECTION('',(-1.,0.,0.));
#3459=DIRECTION('',(0.,0.,-1.));
#3460=DIRECTION('center_axis',(0.,-1.,0.));
#3461=DIRECTION('ref_axis',(-1.,0.,0.));
#3462=DIRECTION('',(0.,0.,-1.));
#3463=DIRECTION('',(1.,0.,0.));
#3464=DIRECTION('center_axis',(1.,0.,0.));
#3465=DIRECTION('ref_axis',(0.,-1.,0.));
#3466=DIRECTION('',(0.,1.,0.));
#3467=DIRECTION('center_axis',(0.,0.,1.));
#3468=DIRECTION('ref_axis',(1.,0.,0.));
#3469=DIRECTION('center_axis',(0.,-0.894427190999916,0.447213595499958));
#3470=DIRECTION('ref_axis',(0.,0.447213595499958,0.894427190999916));
#3471=DIRECTION('',(0.,-0.447213595499958,-0.894427190999916));
#3472=DIRECTION('',(-1.,0.,0.));
#3473=DIRECTION('',(0.,0.447213595499958,0.894427190999916));
#3474=DIRECTION('',(1.,0.,0.));
#3475=DIRECTION('center_axis',(-1.,0.,0.));
#3476=DIRECTION('ref_axis',(0.,1.,0.));
#3477=DIRECTION('',(0.,0.,-1.));
#3478=DIRECTION('',(0.,-1.,0.));
#3479=DIRECTION('',(0.,0.,-1.));
#3480=DIRECTION('',(0.,0.447213595499958,-0.894427190999916));
#3481=DIRECTION('',(0.,1.,0.));
#3482=DIRECTION('center_axis',(0.,0.,1.));
#3483=DIRECTION('ref_axis',(1.,0.,0.));
#3484=DIRECTION('',(-1.,0.,0.));
#3485=DIRECTION('',(0.,-1.,0.));
#3486=DIRECTION('center_axis',(0.,0.894427190999916,0.447213595499958));
#3487=DIRECTION('ref_axis',(0.,0.447213595499958,-0.894427190999916));
#3488=DIRECTION('',(1.,0.,0.));
#3489=DIRECTION('',(0.,-0.447213595499958,0.894427190999916));
#3490=DIRECTION('center_axis',(0.,-1.,0.));
#3491=DIRECTION('ref_axis',(-1.,0.,0.));
#3492=DIRECTION('',(0.,0.,-1.));
#3493=DIRECTION('',(1.,0.,0.));
#3494=DIRECTION('center_axis',(0.,1.,0.));
#3495=DIRECTION('ref_axis',(1.,0.,0.));
#3496=DIRECTION('',(-1.,0.,0.));
#3497=DIRECTION('',(0.,0.,-1.));
#3498=DIRECTION('center_axis',(1.,0.,0.));
#3499=DIRECTION('ref_axis',(0.,-1.,0.));
#3500=DIRECTION('',(0.,1.,0.));
#3501=DIRECTION('center_axis',(0.,0.,-1.));
#3502=DIRECTION('ref_axis',(-1.,0.,0.));
#3503=DIRECTION('center_axis',(0.,0.894427190999916,-0.447213595499958));
#3504=DIRECTION('ref_axis',(0.,0.447213595499958,0.894427190999916));
#3505=DIRECTION('',(0.,-0.447213595499958,-0.894427190999916));
#3506=DIRECTION('',(-1.,0.,0.));
#3507=DIRECTION('',(0.,0.447213595499958,0.894427190999916));
#3508=DIRECTION('',(1.,0.,0.));
#3509=DIRECTION('center_axis',(-1.,0.,0.));
#3510=DIRECTION('ref_axis',(0.,1.,0.));
#3511=DIRECTION('',(0.,1.,0.));
#3512=DIRECTION('',(0.,0.447213595499958,-0.894427190999916));
#3513=DIRECTION('',(0.,0.,-1.));
#3514=DIRECTION('',(0.,-1.,0.));
#3515=DIRECTION('',(0.,0.,-1.));
#3516=DIRECTION('center_axis',(0.,0.,-1.));
#3517=DIRECTION('ref_axis',(-1.,0.,0.));
#3518=DIRECTION('',(0.,-1.,0.));
#3519=DIRECTION('',(1.,0.,0.));
#3520=DIRECTION('center_axis',(0.,-0.894427190999916,-0.447213595499958));
#3521=DIRECTION('ref_axis',(0.,0.447213595499958,-0.894427190999916));
#3522=DIRECTION('',(0.,-0.447213595499958,0.894427190999916));
#3523=DIRECTION('',(-1.,0.,0.));
#3524=DIRECTION('center_axis',(0.,1.,0.));
#3525=DIRECTION('ref_axis',(1.,0.,0.));
#3526=DIRECTION('',(-1.,0.,0.));
#3527=DIRECTION('',(0.,0.,-1.));
#3528=DIRECTION('center_axis',(0.,-1.,0.));
#3529=DIRECTION('ref_axis',(-1.,0.,0.));
#3530=DIRECTION('',(0.,0.,-1.));
#3531=DIRECTION('',(1.,0.,0.));
#3532=DIRECTION('center_axis',(1.,0.,0.));
#3533=DIRECTION('ref_axis',(0.,-1.,0.));
#3534=DIRECTION('',(0.,1.,0.));
#3535=DIRECTION('center_axis',(0.,0.,1.));
#3536=DIRECTION('ref_axis',(1.,0.,0.));
#3537=DIRECTION('center_axis',(0.,0.894427190999916,-0.447213595499958));
#3538=DIRECTION('ref_axis',(0.,0.447213595499958,0.894427190999916));
#3539=DIRECTION('',(0.,-0.447213595499958,-0.894427190999916));
#3540=DIRECTION('',(-1.,0.,0.));
#3541=DIRECTION('',(0.,0.447213595499958,0.894427190999916));
#3542=DIRECTION('',(1.,0.,0.));
#3543=DIRECTION('center_axis',(-1.,0.,0.));
#3544=DIRECTION('ref_axis',(0.,1.,0.));
#3545=DIRECTION('',(0.,1.,0.));
#3546=DIRECTION('',(0.,0.447213595499958,-0.894427190999916));
#3547=DIRECTION('',(0.,0.,-1.));
#3548=DIRECTION('',(0.,-1.,0.));
#3549=DIRECTION('',(0.,0.,-1.));
#3550=DIRECTION('center_axis',(0.,0.,-1.));
#3551=DIRECTION('ref_axis',(-1.,0.,0.));
#3552=DIRECTION('',(0.,-1.,0.));
#3553=DIRECTION('',(1.,0.,0.));
#3554=DIRECTION('center_axis',(0.,-0.894427190999916,-0.447213595499958));
#3555=DIRECTION('ref_axis',(0.,0.447213595499958,-0.894427190999916));
#3556=DIRECTION('',(0.,-0.447213595499958,0.894427190999916));
#3557=DIRECTION('',(-1.,0.,0.));
#3558=DIRECTION('center_axis',(0.,1.,0.));
#3559=DIRECTION('ref_axis',(1.,0.,0.));
#3560=DIRECTION('',(-1.,0.,0.));
#3561=DIRECTION('',(0.,0.,-1.));
#3562=DIRECTION('center_axis',(0.,-1.,0.));
#3563=DIRECTION('ref_axis',(-1.,0.,0.));
#3564=DIRECTION('',(0.,0.,-1.));
#3565=DIRECTION('',(1.,0.,0.));
#3566=DIRECTION('center_axis',(1.,0.,0.));
#3567=DIRECTION('ref_axis',(0.,-1.,0.));
#3568=DIRECTION('',(0.,1.,0.));
#3569=DIRECTION('center_axis',(0.,0.,1.));
#3570=DIRECTION('ref_axis',(1.,0.,0.));
#3571=DIRECTION('center_axis',(0.,0.894427190999916,-0.447213595499958));
#3572=DIRECTION('ref_axis',(0.,0.447213595499958,0.894427190999916));
#3573=DIRECTION('',(0.,-0.447213595499958,-0.894427190999916));
#3574=DIRECTION('',(-1.,0.,0.));
#3575=DIRECTION('',(0.,0.447213595499958,0.894427190999916));
#3576=DIRECTION('',(1.,0.,0.));
#3577=DIRECTION('center_axis',(-1.,0.,0.));
#3578=DIRECTION('ref_axis',(0.,1.,0.));
#3579=DIRECTION('',(0.,1.,0.));
#3580=DIRECTION('',(0.,0.447213595499958,-0.894427190999916));
#3581=DIRECTION('',(0.,0.,-1.));
#3582=DIRECTION('',(0.,-1.,0.));
#3583=DIRECTION('',(0.,0.,-1.));
#3584=DIRECTION('center_axis',(0.,0.,-1.));
#3585=DIRECTION('ref_axis',(-1.,0.,0.));
#3586=DIRECTION('',(0.,-1.,0.));
#3587=DIRECTION('',(1.,0.,0.));
#3588=DIRECTION('center_axis',(0.,-0.894427190999916,-0.447213595499958));
#3589=DIRECTION('ref_axis',(0.,0.447213595499958,-0.894427190999916));
#3590=DIRECTION('',(0.,-0.447213595499958,0.894427190999916));
#3591=DIRECTION('',(-1.,0.,0.));
#3592=DIRECTION('center_axis',(0.,1.,0.));
#3593=DIRECTION('ref_axis',(1.,0.,0.));
#3594=DIRECTION('',(-1.,0.,0.));
#3595=DIRECTION('',(0.,0.,-1.));
#3596=DIRECTION('center_axis',(0.,-1.,0.));
#3597=DIRECTION('ref_axis',(-1.,0.,0.));
#3598=DIRECTION('',(0.,0.,-1.));
#3599=DIRECTION('',(1.,0.,0.));
#3600=DIRECTION('center_axis',(1.,0.,0.));
#3601=DIRECTION('ref_axis',(0.,-1.,0.));
#3602=DIRECTION('',(0.,1.,0.));
#3603=DIRECTION('center_axis',(0.,0.,1.));
#3604=DIRECTION('ref_axis',(1.,0.,0.));
#3605=DIRECTION('center_axis',(0.,-0.894427190999916,0.447213595499958));
#3606=DIRECTION('ref_axis',(0.,0.447213595499958,0.894427190999916));
#3607=DIRECTION('',(0.,-0.447213595499958,-0.894427190999916));
#3608=DIRECTION('',(-1.,0.,0.));
#3609=DIRECTION('',(0.,0.447213595499958,0.894427190999916));
#3610=DIRECTION('',(1.,0.,0.));
#3611=DIRECTION('center_axis',(-1.,0.,0.));
#3612=DIRECTION('ref_axis',(0.,1.,0.));
#3613=DIRECTION('',(0.,0.,-1.));
#3614=DIRECTION('',(0.,-1.,0.));
#3615=DIRECTION('',(0.,0.,-1.));
#3616=DIRECTION('',(0.,0.447213595499958,-0.894427190999916));
#3617=DIRECTION('',(0.,1.,0.));
#3618=DIRECTION('center_axis',(0.,0.,1.));
#3619=DIRECTION('ref_axis',(1.,0.,0.));
#3620=DIRECTION('',(-1.,0.,0.));
#3621=DIRECTION('',(0.,-1.,0.));
#3622=DIRECTION('center_axis',(0.,0.894427190999916,0.447213595499958));
#3623=DIRECTION('ref_axis',(0.,0.447213595499958,-0.894427190999916));
#3624=DIRECTION('',(1.,0.,0.));
#3625=DIRECTION('',(0.,-0.447213595499958,0.894427190999916));
#3626=DIRECTION('center_axis',(0.,-1.,0.));
#3627=DIRECTION('ref_axis',(-1.,0.,0.));
#3628=DIRECTION('',(0.,0.,-1.));
#3629=DIRECTION('',(1.,0.,0.));
#3630=DIRECTION('center_axis',(0.,1.,0.));
#3631=DIRECTION('ref_axis',(1.,0.,0.));
#3632=DIRECTION('',(-1.,0.,0.));
#3633=DIRECTION('',(0.,0.,-1.));
#3634=DIRECTION('center_axis',(1.,0.,0.));
#3635=DIRECTION('ref_axis',(0.,-1.,0.));
#3636=DIRECTION('',(0.,1.,0.));
#3637=DIRECTION('center_axis',(0.,0.,-1.));
#3638=DIRECTION('ref_axis',(-1.,0.,0.));
#3639=DIRECTION('center_axis',(0.,-0.894427190999916,0.447213595499958));
#3640=DIRECTION('ref_axis',(0.,0.447213595499958,0.894427190999916));
#3641=DIRECTION('',(0.,-0.447213595499958,-0.894427190999916));
#3642=DIRECTION('',(-1.,0.,0.));
#3643=DIRECTION('',(0.,0.447213595499958,0.894427190999916));
#3644=DIRECTION('',(1.,0.,0.));
#3645=DIRECTION('center_axis',(-1.,0.,0.));
#3646=DIRECTION('ref_axis',(0.,1.,0.));
#3647=DIRECTION('',(0.,0.,-1.));
#3648=DIRECTION('',(0.,-1.,0.));
#3649=DIRECTION('',(0.,0.,-1.));
#3650=DIRECTION('',(0.,0.447213595499958,-0.894427190999916));
#3651=DIRECTION('',(0.,1.,0.));
#3652=DIRECTION('center_axis',(0.,0.,1.));
#3653=DIRECTION('ref_axis',(1.,0.,0.));
#3654=DIRECTION('',(-1.,0.,0.));
#3655=DIRECTION('',(0.,-1.,0.));
#3656=DIRECTION('center_axis',(0.,0.894427190999916,0.447213595499958));
#3657=DIRECTION('ref_axis',(0.,0.447213595499958,-0.894427190999916));
#3658=DIRECTION('',(1.,0.,0.));
#3659=DIRECTION('',(0.,-0.447213595499958,0.894427190999916));
#3660=DIRECTION('center_axis',(0.,-1.,0.));
#3661=DIRECTION('ref_axis',(-1.,0.,0.));
#3662=DIRECTION('',(0.,0.,-1.));
#3663=DIRECTION('',(1.,0.,0.));
#3664=DIRECTION('center_axis',(0.,1.,0.));
#3665=DIRECTION('ref_axis',(1.,0.,0.));
#3666=DIRECTION('',(-1.,0.,0.));
#3667=DIRECTION('',(0.,0.,-1.));
#3668=DIRECTION('center_axis',(1.,0.,0.));
#3669=DIRECTION('ref_axis',(0.,-1.,0.));
#3670=DIRECTION('',(0.,1.,0.));
#3671=DIRECTION('center_axis',(0.,0.,-1.));
#3672=DIRECTION('ref_axis',(-1.,0.,0.));
#3673=DIRECTION('center_axis',(0.,-0.894427190999916,0.447213595499958));
#3674=DIRECTION('ref_axis',(0.,0.447213595499958,0.894427190999916));
#3675=DIRECTION('',(0.,-0.447213595499958,-0.894427190999916));
#3676=DIRECTION('',(-1.,0.,0.));
#3677=DIRECTION('',(0.,0.447213595499958,0.894427190999916));
#3678=DIRECTION('',(1.,0.,0.));
#3679=DIRECTION('center_axis',(-1.,0.,0.));
#3680=DIRECTION('ref_axis',(0.,1.,0.));
#3681=DIRECTION('',(0.,0.,-1.));
#3682=DIRECTION('',(0.,-1.,0.));
#3683=DIRECTION('',(0.,0.,-1.));
#3684=DIRECTION('',(0.,0.447213595499958,-0.894427190999916));
#3685=DIRECTION('',(0.,1.,0.));
#3686=DIRECTION('center_axis',(0.,0.,1.));
#3687=DIRECTION('ref_axis',(1.,0.,0.));
#3688=DIRECTION('',(-1.,0.,0.));
#3689=DIRECTION('',(0.,-1.,0.));
#3690=DIRECTION('center_axis',(0.,0.894427190999916,0.447213595499958));
#3691=DIRECTION('ref_axis',(0.,0.447213595499958,-0.894427190999916));
#3692=DIRECTION('',(1.,0.,0.));
#3693=DIRECTION('',(0.,-0.447213595499958,0.894427190999916));
#3694=DIRECTION('center_axis',(0.,-1.,0.));
#3695=DIRECTION('ref_axis',(-1.,0.,0.));
#3696=DIRECTION('',(0.,0.,-1.));
#3697=DIRECTION('',(1.,0.,0.));
#3698=DIRECTION('center_axis',(0.,1.,0.));
#3699=DIRECTION('ref_axis',(1.,0.,0.));
#3700=DIRECTION('',(-1.,0.,0.));
#3701=DIRECTION('',(0.,0.,-1.));
#3702=DIRECTION('center_axis',(1.,0.,0.));
#3703=DIRECTION('ref_axis',(0.,-1.,0.));
#3704=DIRECTION('',(0.,1.,0.));
#3705=DIRECTION('center_axis',(0.,0.,-1.));
#3706=DIRECTION('ref_axis',(-1.,0.,0.));
#3707=DIRECTION('',(0.,0.,1.));
#3708=DIRECTION('',(1.,0.,0.));
#3709=CARTESIAN_POINT('',(0.,0.,0.));
#3710=CARTESIAN_POINT('',(0.,0.,0.));
#3711=CARTESIAN_POINT('Origin',(0.,5.045,5.08));
#3712=CARTESIAN_POINT('',(0.939969993353142,5.11872925764192,3.81));
#3713=CARTESIAN_POINT('',(0.919627963818378,4.837,5.08));
#3714=CARTESIAN_POINT('Origin',(0.,5.045,4.14236220472441));
#3715=CARTESIAN_POINT('',(-0.939969993353142,5.11872925764192,3.81));
#3716=CARTESIAN_POINT('Origin',(0.,5.045,3.81));
#3717=CARTESIAN_POINT('',(-0.919627963818378,4.837,5.08));
#3718=CARTESIAN_POINT('Origin',(0.,5.045,4.14236220472441));
#3719=CARTESIAN_POINT('Origin',(0.,5.045,5.08));
#3720=CARTESIAN_POINT('Origin',(0.,5.045,3.81));
#3721=CARTESIAN_POINT('',(0.825,5.11872925764192,3.81));
#3722=CARTESIAN_POINT('Origin',(-5.55111512312578E-16,0.,5.08));
#3723=CARTESIAN_POINT('',(-2.792,4.837,5.08));
#3724=CARTESIAN_POINT('',(1.65,4.837,5.08));
#3725=CARTESIAN_POINT('',(-2.792,-4.837,5.08));
#3726=CARTESIAN_POINT('',(-2.792,2.6725,5.08));
#3727=CARTESIAN_POINT('',(2.792,-4.837,5.08));
#3728=CARTESIAN_POINT('',(-1.65,-4.837,5.08));
#3729=CARTESIAN_POINT('',(2.792,4.837,5.08));
#3730=CARTESIAN_POINT('',(2.792,-2.6725,5.08));
#3731=CARTESIAN_POINT('',(1.65,4.837,5.08));
#3732=CARTESIAN_POINT('Origin',(-3.046,2.6725,3.935));
#3733=CARTESIAN_POINT('',(-3.3,5.345,2.79));
#3734=CARTESIAN_POINT('',(-2.792,4.837,5.08));
#3735=CARTESIAN_POINT('',(-3.3,-5.345,2.79));
#3736=CARTESIAN_POINT('',(-3.3,2.6725,2.79));
#3737=CARTESIAN_POINT('',(-2.792,-4.837,5.08));
#3738=CARTESIAN_POINT('Origin',(1.65,5.091,3.935));
#3739=CARTESIAN_POINT('',(3.3,5.345,2.79));
#3740=CARTESIAN_POINT('',(2.792,4.837,5.08));
#3741=CARTESIAN_POINT('',(1.65,5.345,2.79));
#3742=CARTESIAN_POINT('Origin',(3.046,-2.6725,3.935));
#3743=CARTESIAN_POINT('',(3.3,-5.345,2.79));
#3744=CARTESIAN_POINT('',(2.792,-4.837,5.08));
#3745=CARTESIAN_POINT('',(3.3,-2.6725,2.79));
#3746=CARTESIAN_POINT('Origin',(-1.65,-5.091,3.935));
#3747=CARTESIAN_POINT('',(-1.65,-5.345,2.79));
#3748=CARTESIAN_POINT('Origin',(-3.3,-5.345,0.38));
#3749=CARTESIAN_POINT('',(-3.3,-5.345,2.67));
#3750=CARTESIAN_POINT('',(-3.3,-5.345,0.38));
#3751=CARTESIAN_POINT('',(3.3,-5.345,2.67));
#3752=CARTESIAN_POINT('',(-1.65,-5.345,2.67));
#3753=CARTESIAN_POINT('',(3.3,-5.345,0.38));
#3754=CARTESIAN_POINT('Origin',(-3.3,5.345,0.38));
#3755=CARTESIAN_POINT('',(-3.3,5.345,2.67));
#3756=CARTESIAN_POINT('',(-3.3,5.345,0.38));
#3757=CARTESIAN_POINT('',(-3.3,2.6725,2.67));
#3758=CARTESIAN_POINT('Origin',(3.046,-2.6725,1.525));
#3759=CARTESIAN_POINT('',(3.3,5.345,2.67));
#3760=CARTESIAN_POINT('',(3.3,-2.6725,2.67));
#3761=CARTESIAN_POINT('',(2.792,-4.837,0.38));
#3762=CARTESIAN_POINT('',(3.3,-5.345,2.67));
#3763=CARTESIAN_POINT('',(2.792,4.837,0.38));
#3764=CARTESIAN_POINT('',(2.792,-2.6725,0.38));
#3765=CARTESIAN_POINT('',(2.792,4.837,0.38));
#3766=CARTESIAN_POINT('Origin',(-1.65,-5.091,1.525));
#3767=CARTESIAN_POINT('',(-2.792,-4.837,0.38));
#3768=CARTESIAN_POINT('',(-1.65,-4.837,0.38));
#3769=CARTESIAN_POINT('',(-2.792,-4.837,0.38));
#3770=CARTESIAN_POINT('Origin',(1.65,5.091,1.525));
#3771=CARTESIAN_POINT('',(1.65,5.345,2.67));
#3772=CARTESIAN_POINT('',(-2.792,4.837,0.38));
#3773=CARTESIAN_POINT('',(1.65,4.837,0.38));
#3774=CARTESIAN_POINT('',(-2.792,4.837,0.38));
#3775=CARTESIAN_POINT('Origin',(-3.046,2.6725,1.525));
#3776=CARTESIAN_POINT('',(-2.792,2.6725,0.38));
#3777=CARTESIAN_POINT('Origin',(3.3,-5.345,0.38));
#3778=CARTESIAN_POINT('',(3.3,5.345,0.38));
#3779=CARTESIAN_POINT('Origin',(-5.55111512312578E-16,0.,0.38));
#3780=CARTESIAN_POINT('Origin',(3.3,5.345,0.38));
#3781=CARTESIAN_POINT('Origin',(-3.87,-2.065,2.61));
#3782=CARTESIAN_POINT('',(-3.87,-2.065,2.61));
#3783=CARTESIAN_POINT('',(-3.87,-0.475,2.61));
#3784=CARTESIAN_POINT('',(-3.87,-0.475,2.61));
#3785=CARTESIAN_POINT('',(-3.87,-0.475,-1.11022302462516E-15));
#3786=CARTESIAN_POINT('',(-3.87,-0.475,2.61));
#3787=CARTESIAN_POINT('',(-3.87,-2.065,-1.11022302462516E-15));
#3788=CARTESIAN_POINT('',(-3.87,-0.475,-5.55111512312578E-16));
#3789=CARTESIAN_POINT('',(-3.87,-2.065,2.61));
#3790=CARTESIAN_POINT('Origin',(-3.75,-0.475,2.61));
#3791=CARTESIAN_POINT('',(-3.75,-0.475,2.61));
#3792=CARTESIAN_POINT('',(-3.75,-2.065,2.61));
#3793=CARTESIAN_POINT('',(-3.75,-2.065,2.61));
#3794=CARTESIAN_POINT('',(-3.75,-2.065,1.11022302462516E-15));
#3795=CARTESIAN_POINT('',(-3.75,-2.065,2.61));
#3796=CARTESIAN_POINT('',(-3.75,-0.475,1.11022302462516E-15));
#3797=CARTESIAN_POINT('',(-3.75,-2.065,1.66533453693773E-15));
#3798=CARTESIAN_POINT('',(-3.75,-0.475,2.61));
#3799=CARTESIAN_POINT('Origin',(-3.69,-1.27,2.61));
#3800=CARTESIAN_POINT('',(-3.69,-2.065,2.79));
#3801=CARTESIAN_POINT('',(-3.69,-0.475,2.79));
#3802=CARTESIAN_POINT('',(-3.69,-0.475,2.79));
#3803=CARTESIAN_POINT('Origin',(-3.69,-0.475,2.61));
#3804=CARTESIAN_POINT('Origin',(-3.69,-2.065,2.61));
#3805=CARTESIAN_POINT('Origin',(-3.69,-1.27,2.61));
#3806=CARTESIAN_POINT('',(-3.69,-0.475,2.67));
#3807=CARTESIAN_POINT('',(-3.69,-2.065,2.67));
#3808=CARTESIAN_POINT('',(-3.69,-2.065,2.67));
#3809=CARTESIAN_POINT('Origin',(-3.69,-2.065,2.61));
#3810=CARTESIAN_POINT('Origin',(-3.69,-0.475,2.61));
#3811=CARTESIAN_POINT('Origin',(-3.3,-0.475,2.79));
#3812=CARTESIAN_POINT('',(-3.3,-0.475,2.67));
#3813=CARTESIAN_POINT('',(-3.3,-0.475,2.79));
#3814=CARTESIAN_POINT('',(-3.3,-0.475,2.67));
#3815=CARTESIAN_POINT('',(-3.3,-0.475,2.67));
#3816=CARTESIAN_POINT('',(-3.75,-0.475,1.66533453693773E-15));
#3817=CARTESIAN_POINT('',(-3.3,-0.475,2.79));
#3818=CARTESIAN_POINT('Origin',(-3.3,-2.065,2.79));
#3819=CARTESIAN_POINT('',(-3.3,-2.065,2.79));
#3820=CARTESIAN_POINT('',(-3.3,-0.475,2.79));
#3821=CARTESIAN_POINT('',(-3.3,-2.065,2.79));
#3822=CARTESIAN_POINT('Origin',(-3.3,-2.065,2.67));
#3823=CARTESIAN_POINT('',(-3.3,-2.065,2.67));
#3824=CARTESIAN_POINT('',(-3.3,-2.065,2.79));
#3825=CARTESIAN_POINT('',(-3.87,-2.065,-5.55111512312578E-16));
#3826=CARTESIAN_POINT('',(-3.3,-2.065,2.67));
#3827=CARTESIAN_POINT('Origin',(-3.3,-0.475,2.67));
#3828=CARTESIAN_POINT('',(-3.3,-2.065,2.67));
#3829=CARTESIAN_POINT('Origin',(-3.81,-1.27,0.));
#3830=CARTESIAN_POINT('Origin',(-3.3,-1.27,2.73));
#3831=CARTESIAN_POINT('Origin',(-3.87,-4.075,2.61));
#3832=CARTESIAN_POINT('',(-3.87,-4.075,2.61));
#3833=CARTESIAN_POINT('',(-3.87,-3.015,2.61));
#3834=CARTESIAN_POINT('',(-3.87,-4.075,2.61));
#3835=CARTESIAN_POINT('',(-3.87,-3.015,-1.11022302462516E-15));
#3836=CARTESIAN_POINT('',(-3.87,-3.015,2.61));
#3837=CARTESIAN_POINT('',(-3.87,-4.075,-1.11022302462516E-15));
#3838=CARTESIAN_POINT('',(-3.87,-4.075,-5.55111512312578E-16));
#3839=CARTESIAN_POINT('',(-3.87,-4.075,2.61));
#3840=CARTESIAN_POINT('Origin',(-3.75,-3.015,2.61));
#3841=CARTESIAN_POINT('',(-3.75,-3.015,2.61));
#3842=CARTESIAN_POINT('',(-3.75,-4.075,2.61));
#3843=CARTESIAN_POINT('',(-3.75,-3.015,2.61));
#3844=CARTESIAN_POINT('',(-3.75,-4.075,1.11022302462516E-15));
#3845=CARTESIAN_POINT('',(-3.75,-4.075,2.61));
#3846=CARTESIAN_POINT('',(-3.75,-3.015,1.11022302462516E-15));
#3847=CARTESIAN_POINT('',(-3.75,-3.015,1.66533453693773E-15));
#3848=CARTESIAN_POINT('',(-3.75,-3.015,2.61));
#3849=CARTESIAN_POINT('Origin',(-3.69,-3.545,2.61));
#3850=CARTESIAN_POINT('',(-3.69,-4.075,2.79));
#3851=CARTESIAN_POINT('',(-3.69,-3.015,2.79));
#3852=CARTESIAN_POINT('',(-3.69,-4.075,2.79));
#3853=CARTESIAN_POINT('Origin',(-3.69,-3.015,2.61));
#3854=CARTESIAN_POINT('Origin',(-3.69,-4.075,2.61));
#3855=CARTESIAN_POINT('Origin',(-3.69,-3.545,2.61));
#3856=CARTESIAN_POINT('',(-3.69,-3.015,2.67));
#3857=CARTESIAN_POINT('',(-3.69,-4.075,2.67));
#3858=CARTESIAN_POINT('',(-3.69,-3.015,2.67));
#3859=CARTESIAN_POINT('Origin',(-3.69,-4.075,2.61));
#3860=CARTESIAN_POINT('Origin',(-3.69,-3.015,2.61));
#3861=CARTESIAN_POINT('Origin',(-3.3,-4.075,2.79));
#3862=CARTESIAN_POINT('',(-3.3,-4.075,2.79));
#3863=CARTESIAN_POINT('',(-3.3,-3.015,2.79));
#3864=CARTESIAN_POINT('',(-3.3,-4.075,2.79));
#3865=CARTESIAN_POINT('',(-3.3,-3.015,2.79));
#3866=CARTESIAN_POINT('',(-3.3,-4.075,2.79));
#3867=CARTESIAN_POINT('Origin',(-3.3,-4.075,2.67));
#3868=CARTESIAN_POINT('',(-3.3,-4.075,2.67));
#3869=CARTESIAN_POINT('',(-3.3,-4.075,2.67));
#3870=CARTESIAN_POINT('',(-3.75,-4.075,1.66533453693773E-15));
#3871=CARTESIAN_POINT('',(-3.3,-4.075,2.67));
#3872=CARTESIAN_POINT('Origin',(-3.3,-3.015,2.67));
#3873=CARTESIAN_POINT('',(-3.3,-3.015,2.67));
#3874=CARTESIAN_POINT('',(-3.3,-3.015,2.67));
#3875=CARTESIAN_POINT('',(-3.3,-3.015,2.67));
#3876=CARTESIAN_POINT('Origin',(-3.3,-3.015,2.79));
#3877=CARTESIAN_POINT('',(-3.3,-3.015,2.79));
#3878=CARTESIAN_POINT('',(-3.87,-3.015,-5.55111512312578E-16));
#3879=CARTESIAN_POINT('Origin',(-3.81,-3.545,0.));
#3880=CARTESIAN_POINT('Origin',(-3.3,-3.545,2.73));
#3881=CARTESIAN_POINT('Origin',(-3.87,4.075,2.61));
#3882=CARTESIAN_POINT('',(-3.87,4.075,2.61));
#3883=CARTESIAN_POINT('',(-3.87,3.015,2.61));
#3884=CARTESIAN_POINT('',(-3.87,4.075,2.61));
#3885=CARTESIAN_POINT('',(-3.87,4.075,-1.11022302462516E-15));
#3886=CARTESIAN_POINT('',(-3.87,4.075,2.61));
#3887=CARTESIAN_POINT('',(-3.87,3.015,-1.11022302462516E-15));
#3888=CARTESIAN_POINT('',(-3.87,4.075,-5.55111512312578E-16));
#3889=CARTESIAN_POINT('',(-3.87,3.015,2.61));
#3890=CARTESIAN_POINT('Origin',(-3.75,3.015,2.61));
#3891=CARTESIAN_POINT('',(-3.75,3.015,2.61));
#3892=CARTESIAN_POINT('',(-3.75,4.075,2.61));
#3893=CARTESIAN_POINT('',(-3.75,3.015,2.61));
#3894=CARTESIAN_POINT('',(-3.75,3.015,1.11022302462516E-15));
#3895=CARTESIAN_POINT('',(-3.75,3.015,2.61));
#3896=CARTESIAN_POINT('',(-3.75,4.075,1.11022302462516E-15));
#3897=CARTESIAN_POINT('',(-3.75,3.015,1.66533453693773E-15));
#3898=CARTESIAN_POINT('',(-3.75,4.075,2.61));
#3899=CARTESIAN_POINT('Origin',(-3.69,3.545,2.61));
#3900=CARTESIAN_POINT('',(-3.69,4.075,2.79));
#3901=CARTESIAN_POINT('',(-3.69,3.015,2.79));
#3902=CARTESIAN_POINT('',(-3.69,4.075,2.79));
#3903=CARTESIAN_POINT('Origin',(-3.69,4.075,2.61));
#3904=CARTESIAN_POINT('Origin',(-3.69,3.015,2.61));
#3905=CARTESIAN_POINT('Origin',(-3.69,3.545,2.61));
#3906=CARTESIAN_POINT('',(-3.69,3.015,2.67));
#3907=CARTESIAN_POINT('',(-3.69,4.075,2.67));
#3908=CARTESIAN_POINT('',(-3.69,3.015,2.67));
#3909=CARTESIAN_POINT('Origin',(-3.69,3.015,2.61));
#3910=CARTESIAN_POINT('Origin',(-3.69,4.075,2.61));
#3911=CARTESIAN_POINT('Origin',(-3.3,4.075,2.79));
#3912=CARTESIAN_POINT('',(-3.3,4.075,2.79));
#3913=CARTESIAN_POINT('',(-3.3,3.015,2.79));
#3914=CARTESIAN_POINT('',(-3.3,4.075,2.79));
#3915=CARTESIAN_POINT('',(-3.3,4.075,2.79));
#3916=CARTESIAN_POINT('',(-3.3,3.015,2.79));
#3917=CARTESIAN_POINT('Origin',(-3.3,4.075,2.67));
#3918=CARTESIAN_POINT('',(-3.3,4.075,2.67));
#3919=CARTESIAN_POINT('',(-3.3,4.075,2.67));
#3920=CARTESIAN_POINT('',(-3.3,4.075,2.67));
#3921=CARTESIAN_POINT('',(-3.75,4.075,1.66533453693773E-15));
#3922=CARTESIAN_POINT('Origin',(-3.3,3.015,2.67));
#3923=CARTESIAN_POINT('',(-3.3,3.015,2.67));
#3924=CARTESIAN_POINT('',(-3.3,3.015,2.67));
#3925=CARTESIAN_POINT('',(-3.3,3.015,2.67));
#3926=CARTESIAN_POINT('Origin',(-3.3,3.015,2.79));
#3927=CARTESIAN_POINT('',(-3.3,3.015,2.79));
#3928=CARTESIAN_POINT('',(-3.87,3.015,-5.55111512312578E-16));
#3929=CARTESIAN_POINT('Origin',(-3.81,3.545,0.));
#3930=CARTESIAN_POINT('Origin',(-3.3,3.545,2.73));
#3931=CARTESIAN_POINT('Origin',(3.87,4.075,2.61));
#3932=CARTESIAN_POINT('',(3.87,4.075,2.61));
#3933=CARTESIAN_POINT('',(3.87,3.015,2.61));
#3934=CARTESIAN_POINT('',(3.87,4.075,2.61));
#3935=CARTESIAN_POINT('',(3.87,3.015,-1.11022302462516E-15));
#3936=CARTESIAN_POINT('',(3.87,3.015,2.61));
#3937=CARTESIAN_POINT('',(3.87,4.075,-1.11022302462516E-15));
#3938=CARTESIAN_POINT('',(3.87,4.075,-5.55111512312578E-16));
#3939=CARTESIAN_POINT('',(3.87,4.075,2.61));
#3940=CARTESIAN_POINT('Origin',(3.75,3.015,2.61));
#3941=CARTESIAN_POINT('',(3.75,3.015,2.61));
#3942=CARTESIAN_POINT('',(3.75,4.075,2.61));
#3943=CARTESIAN_POINT('',(3.75,3.015,2.61));
#3944=CARTESIAN_POINT('',(3.75,4.075,1.11022302462516E-15));
#3945=CARTESIAN_POINT('',(3.75,4.075,2.61));
#3946=CARTESIAN_POINT('',(3.75,3.015,1.11022302462516E-15));
#3947=CARTESIAN_POINT('',(3.75,3.015,1.66533453693773E-15));
#3948=CARTESIAN_POINT('',(3.75,3.015,2.61));
#3949=CARTESIAN_POINT('Origin',(3.69,3.545,2.61));
#3950=CARTESIAN_POINT('',(3.69,4.075,2.79));
#3951=CARTESIAN_POINT('',(3.69,3.015,2.79));
#3952=CARTESIAN_POINT('',(3.69,4.075,2.79));
#3953=CARTESIAN_POINT('Origin',(3.69,3.015,2.61));
#3954=CARTESIAN_POINT('Origin',(3.69,4.075,2.61));
#3955=CARTESIAN_POINT('Origin',(3.69,3.545,2.61));
#3956=CARTESIAN_POINT('',(3.69,3.015,2.67));
#3957=CARTESIAN_POINT('',(3.69,4.075,2.67));
#3958=CARTESIAN_POINT('',(3.69,3.015,2.67));
#3959=CARTESIAN_POINT('Origin',(3.69,4.075,2.61));
#3960=CARTESIAN_POINT('Origin',(3.69,3.015,2.61));
#3961=CARTESIAN_POINT('Origin',(3.3,4.075,2.79));
#3962=CARTESIAN_POINT('',(3.3,4.075,2.79));
#3963=CARTESIAN_POINT('',(3.3,3.015,2.79));
#3964=CARTESIAN_POINT('',(3.3,4.075,2.79));
#3965=CARTESIAN_POINT('',(3.3,3.015,2.79));
#3966=CARTESIAN_POINT('',(3.3,4.075,2.79));
#3967=CARTESIAN_POINT('Origin',(3.3,4.075,2.67));
#3968=CARTESIAN_POINT('',(3.3,4.075,2.67));
#3969=CARTESIAN_POINT('',(3.3,4.075,2.67));
#3970=CARTESIAN_POINT('',(3.75,4.075,1.66533453693773E-15));
#3971=CARTESIAN_POINT('',(3.3,4.075,2.67));
#3972=CARTESIAN_POINT('Origin',(3.3,3.015,2.67));
#3973=CARTESIAN_POINT('',(3.3,3.015,2.67));
#3974=CARTESIAN_POINT('',(3.3,3.015,2.67));
#3975=CARTESIAN_POINT('',(3.3,3.015,2.67));
#3976=CARTESIAN_POINT('Origin',(3.3,3.015,2.79));
#3977=CARTESIAN_POINT('',(3.3,3.015,2.79));
#3978=CARTESIAN_POINT('',(3.87,3.015,-5.55111512312578E-16));
#3979=CARTESIAN_POINT('Origin',(3.81,3.545,0.));
#3980=CARTESIAN_POINT('Origin',(3.3,3.545,2.73));
#3981=CARTESIAN_POINT('Origin',(3.87,-4.075,2.61));
#3982=CARTESIAN_POINT('',(3.87,-4.075,2.61));
#3983=CARTESIAN_POINT('',(3.87,-3.015,2.61));
#3984=CARTESIAN_POINT('',(3.87,-4.075,2.61));
#3985=CARTESIAN_POINT('',(3.87,-4.075,-1.11022302462516E-15));
#3986=CARTESIAN_POINT('',(3.87,-4.075,2.61));
#3987=CARTESIAN_POINT('',(3.87,-3.015,-1.11022302462516E-15));
#3988=CARTESIAN_POINT('',(3.87,-4.075,-5.55111512312578E-16));
#3989=CARTESIAN_POINT('',(3.87,-3.015,2.61));
#3990=CARTESIAN_POINT('Origin',(3.75,-3.015,2.61));
#3991=CARTESIAN_POINT('',(3.75,-3.015,2.61));
#3992=CARTESIAN_POINT('',(3.75,-4.075,2.61));
#3993=CARTESIAN_POINT('',(3.75,-3.015,2.61));
#3994=CARTESIAN_POINT('',(3.75,-3.015,1.11022302462516E-15));
#3995=CARTESIAN_POINT('',(3.75,-3.015,2.61));
#3996=CARTESIAN_POINT('',(3.75,-4.075,1.11022302462516E-15));
#3997=CARTESIAN_POINT('',(3.75,-3.015,1.66533453693773E-15));
#3998=CARTESIAN_POINT('',(3.75,-4.075,2.61));
#3999=CARTESIAN_POINT('Origin',(3.69,-3.545,2.61));
#4000=CARTESIAN_POINT('',(3.69,-4.075,2.79));
#4001=CARTESIAN_POINT('',(3.69,-3.015,2.79));
#4002=CARTESIAN_POINT('',(3.69,-4.075,2.79));
#4003=CARTESIAN_POINT('Origin',(3.69,-4.075,2.61));
#4004=CARTESIAN_POINT('Origin',(3.69,-3.015,2.61));
#4005=CARTESIAN_POINT('Origin',(3.69,-3.545,2.61));
#4006=CARTESIAN_POINT('',(3.69,-3.015,2.67));
#4007=CARTESIAN_POINT('',(3.69,-4.075,2.67));
#4008=CARTESIAN_POINT('',(3.69,-3.015,2.67));
#4009=CARTESIAN_POINT('Origin',(3.69,-3.015,2.61));
#4010=CARTESIAN_POINT('Origin',(3.69,-4.075,2.61));
#4011=CARTESIAN_POINT('Origin',(3.3,-4.075,2.79));
#4012=CARTESIAN_POINT('',(3.3,-4.075,2.79));
#4013=CARTESIAN_POINT('',(3.3,-3.015,2.79));
#4014=CARTESIAN_POINT('',(3.3,-4.075,2.79));
#4015=CARTESIAN_POINT('',(3.3,-4.075,2.79));
#4016=CARTESIAN_POINT('',(3.3,-3.015,2.79));
#4017=CARTESIAN_POINT('Origin',(3.3,-4.075,2.67));
#4018=CARTESIAN_POINT('',(3.3,-4.075,2.67));
#4019=CARTESIAN_POINT('',(3.3,-4.075,2.67));
#4020=CARTESIAN_POINT('',(3.3,-4.075,2.67));
#4021=CARTESIAN_POINT('',(3.75,-4.075,1.66533453693773E-15));
#4022=CARTESIAN_POINT('Origin',(3.3,-3.015,2.67));
#4023=CARTESIAN_POINT('',(3.3,-3.015,2.67));
#4024=CARTESIAN_POINT('',(3.3,-3.015,2.67));
#4025=CARTESIAN_POINT('',(3.3,-3.015,2.67));
#4026=CARTESIAN_POINT('Origin',(3.3,-3.015,2.79));
#4027=CARTESIAN_POINT('',(3.3,-3.015,2.79));
#4028=CARTESIAN_POINT('',(3.87,-3.015,-5.55111512312578E-16));
#4029=CARTESIAN_POINT('Origin',(3.81,-3.545,0.));
#4030=CARTESIAN_POINT('Origin',(3.3,-3.545,2.73));
#4031=CARTESIAN_POINT('Origin',(3.87,-2.065,2.61));
#4032=CARTESIAN_POINT('',(3.87,-2.065,2.61));
#4033=CARTESIAN_POINT('',(3.87,-0.475,2.61));
#4034=CARTESIAN_POINT('',(3.87,-0.475,2.61));
#4035=CARTESIAN_POINT('',(3.87,-2.065,-1.11022302462516E-15));
#4036=CARTESIAN_POINT('',(3.87,-2.065,2.61));
#4037=CARTESIAN_POINT('',(3.87,-0.475,-1.11022302462516E-15));
#4038=CARTESIAN_POINT('',(3.87,-0.475,-5.55111512312578E-16));
#4039=CARTESIAN_POINT('',(3.87,-0.475,2.61));
#4040=CARTESIAN_POINT('Origin',(3.75,-0.475,2.61));
#4041=CARTESIAN_POINT('',(3.75,-0.475,2.61));
#4042=CARTESIAN_POINT('',(3.75,-2.065,2.61));
#4043=CARTESIAN_POINT('',(3.75,-2.065,2.61));
#4044=CARTESIAN_POINT('',(3.75,-0.475,1.11022302462516E-15));
#4045=CARTESIAN_POINT('',(3.75,-0.475,2.61));
#4046=CARTESIAN_POINT('',(3.75,-2.065,1.11022302462516E-15));
#4047=CARTESIAN_POINT('',(3.75,-2.065,1.66533453693773E-15));
#4048=CARTESIAN_POINT('',(3.75,-2.065,2.61));
#4049=CARTESIAN_POINT('Origin',(3.69,-1.27,2.61));
#4050=CARTESIAN_POINT('',(3.69,-2.065,2.79));
#4051=CARTESIAN_POINT('',(3.69,-0.475,2.79));
#4052=CARTESIAN_POINT('',(3.69,-0.475,2.79));
#4053=CARTESIAN_POINT('Origin',(3.69,-2.065,2.61));
#4054=CARTESIAN_POINT('Origin',(3.69,-0.475,2.61));
#4055=CARTESIAN_POINT('Origin',(3.69,-1.27,2.61));
#4056=CARTESIAN_POINT('',(3.69,-0.475,2.67));
#4057=CARTESIAN_POINT('',(3.69,-2.065,2.67));
#4058=CARTESIAN_POINT('',(3.69,-2.065,2.67));
#4059=CARTESIAN_POINT('Origin',(3.69,-0.475,2.61));
#4060=CARTESIAN_POINT('Origin',(3.69,-2.065,2.61));
#4061=CARTESIAN_POINT('Origin',(3.3,-0.475,2.79));
#4062=CARTESIAN_POINT('',(3.3,-0.475,2.67));
#4063=CARTESIAN_POINT('',(3.3,-0.475,2.79));
#4064=CARTESIAN_POINT('',(3.3,-0.475,2.67));
#4065=CARTESIAN_POINT('',(3.3,-0.475,2.79));
#4066=CARTESIAN_POINT('',(3.75,-0.475,1.66533453693773E-15));
#4067=CARTESIAN_POINT('',(3.3,-0.475,2.67));
#4068=CARTESIAN_POINT('Origin',(3.3,-2.065,2.79));
#4069=CARTESIAN_POINT('',(3.3,-2.065,2.79));
#4070=CARTESIAN_POINT('',(3.3,-0.475,2.79));
#4071=CARTESIAN_POINT('',(3.3,-2.065,2.79));
#4072=CARTESIAN_POINT('Origin',(3.3,-2.065,2.67));
#4073=CARTESIAN_POINT('',(3.3,-2.065,2.67));
#4074=CARTESIAN_POINT('',(3.3,-2.065,2.79));
#4075=CARTESIAN_POINT('',(3.3,-2.065,2.67));
#4076=CARTESIAN_POINT('',(3.87,-2.065,-5.55111512312578E-16));
#4077=CARTESIAN_POINT('Origin',(3.3,-0.475,2.67));
#4078=CARTESIAN_POINT('',(3.3,-2.065,2.67));
#4079=CARTESIAN_POINT('Origin',(3.81,-1.27,0.));
#4080=CARTESIAN_POINT('Origin',(3.3,-1.27,2.73));
#4081=CARTESIAN_POINT('Origin',(-3.87,0.475,2.61));
#4082=CARTESIAN_POINT('',(-3.87,0.475,2.61));
#4083=CARTESIAN_POINT('',(-3.87,2.065,2.61));
#4084=CARTESIAN_POINT('',(-3.87,2.065,2.61));
#4085=CARTESIAN_POINT('',(-3.87,2.065,-1.11022302462516E-15));
#4086=CARTESIAN_POINT('',(-3.87,2.065,2.61));
#4087=CARTESIAN_POINT('',(-3.87,0.475,-1.11022302462516E-15));
#4088=CARTESIAN_POINT('',(-3.87,2.065,-5.55111512312578E-16));
#4089=CARTESIAN_POINT('',(-3.87,0.475,2.61));
#4090=CARTESIAN_POINT('Origin',(-3.75,2.065,2.61));
#4091=CARTESIAN_POINT('',(-3.75,2.065,2.61));
#4092=CARTESIAN_POINT('',(-3.75,0.475,2.61));
#4093=CARTESIAN_POINT('',(-3.75,0.475,2.61));
#4094=CARTESIAN_POINT('',(-3.75,0.475,1.11022302462516E-15));
#4095=CARTESIAN_POINT('',(-3.75,0.475,2.61));
#4096=CARTESIAN_POINT('',(-3.75,2.065,1.11022302462516E-15));
#4097=CARTESIAN_POINT('',(-3.75,0.475,1.66533453693773E-15));
#4098=CARTESIAN_POINT('',(-3.75,2.065,2.61));
#4099=CARTESIAN_POINT('Origin',(-3.69,1.27,2.61));
#4100=CARTESIAN_POINT('',(-3.69,0.475,2.79));
#4101=CARTESIAN_POINT('',(-3.69,2.065,2.79));
#4102=CARTESIAN_POINT('',(-3.69,2.065,2.79));
#4103=CARTESIAN_POINT('Origin',(-3.69,2.065,2.61));
#4104=CARTESIAN_POINT('Origin',(-3.69,0.475,2.61));
#4105=CARTESIAN_POINT('Origin',(-3.69,1.27,2.61));
#4106=CARTESIAN_POINT('',(-3.69,2.065,2.67));
#4107=CARTESIAN_POINT('',(-3.69,0.475,2.67));
#4108=CARTESIAN_POINT('',(-3.69,0.475,2.67));
#4109=CARTESIAN_POINT('Origin',(-3.69,0.475,2.61));
#4110=CARTESIAN_POINT('Origin',(-3.69,2.065,2.61));
#4111=CARTESIAN_POINT('Origin',(-3.3,2.065,2.79));
#4112=CARTESIAN_POINT('',(-3.3,2.065,2.67));
#4113=CARTESIAN_POINT('',(-3.3,2.065,2.79));
#4114=CARTESIAN_POINT('',(-3.3,2.065,2.67));
#4115=CARTESIAN_POINT('',(-3.3,2.065,2.67));
#4116=CARTESIAN_POINT('',(-3.75,2.065,1.66533453693773E-15));
#4117=CARTESIAN_POINT('',(-3.3,2.065,2.79));
#4118=CARTESIAN_POINT('Origin',(-3.3,0.475,2.79));
#4119=CARTESIAN_POINT('',(-3.3,0.475,2.79));
#4120=CARTESIAN_POINT('',(-3.3,2.065,2.79));
#4121=CARTESIAN_POINT('',(-3.3,0.475,2.79));
#4122=CARTESIAN_POINT('Origin',(-3.3,0.475,2.67));
#4123=CARTESIAN_POINT('',(-3.3,0.475,2.67));
#4124=CARTESIAN_POINT('',(-3.3,0.475,2.79));
#4125=CARTESIAN_POINT('',(-3.87,0.475,-5.55111512312578E-16));
#4126=CARTESIAN_POINT('',(-3.3,0.475,2.67));
#4127=CARTESIAN_POINT('Origin',(-3.3,2.065,2.67));
#4128=CARTESIAN_POINT('',(-3.3,0.475,2.67));
#4129=CARTESIAN_POINT('Origin',(-3.81,1.27,0.));
#4130=CARTESIAN_POINT('Origin',(-3.3,1.27,2.73));
#4131=CARTESIAN_POINT('Origin',(3.87,0.475,2.61));
#4132=CARTESIAN_POINT('',(3.87,0.475,2.61));
#4133=CARTESIAN_POINT('',(3.87,2.065,2.61));
#4134=CARTESIAN_POINT('',(3.87,2.065,2.61));
#4135=CARTESIAN_POINT('',(3.87,0.475,-1.11022302462516E-15));
#4136=CARTESIAN_POINT('',(3.87,0.475,2.61));
#4137=CARTESIAN_POINT('',(3.87,2.065,-1.11022302462516E-15));
#4138=CARTESIAN_POINT('',(3.87,2.065,-5.55111512312578E-16));
#4139=CARTESIAN_POINT('',(3.87,2.065,2.61));
#4140=CARTESIAN_POINT('Origin',(3.75,2.065,2.61));
#4141=CARTESIAN_POINT('',(3.75,2.065,2.61));
#4142=CARTESIAN_POINT('',(3.75,0.475,2.61));
#4143=CARTESIAN_POINT('',(3.75,0.475,2.61));
#4144=CARTESIAN_POINT('',(3.75,2.065,1.11022302462516E-15));
#4145=CARTESIAN_POINT('',(3.75,2.065,2.61));
#4146=CARTESIAN_POINT('',(3.75,0.475,1.11022302462516E-15));
#4147=CARTESIAN_POINT('',(3.75,0.475,1.66533453693773E-15));
#4148=CARTESIAN_POINT('',(3.75,0.475,2.61));
#4149=CARTESIAN_POINT('Origin',(3.69,1.27,2.61));
#4150=CARTESIAN_POINT('',(3.69,0.475,2.79));
#4151=CARTESIAN_POINT('',(3.69,2.065,2.79));
#4152=CARTESIAN_POINT('',(3.69,2.065,2.79));
#4153=CARTESIAN_POINT('Origin',(3.69,0.475,2.61));
#4154=CARTESIAN_POINT('Origin',(3.69,2.065,2.61));
#4155=CARTESIAN_POINT('Origin',(3.69,1.27,2.61));
#4156=CARTESIAN_POINT('',(3.69,2.065,2.67));
#4157=CARTESIAN_POINT('',(3.69,0.475,2.67));
#4158=CARTESIAN_POINT('',(3.69,0.475,2.67));
#4159=CARTESIAN_POINT('Origin',(3.69,2.065,2.61));
#4160=CARTESIAN_POINT('Origin',(3.69,0.475,2.61));
#4161=CARTESIAN_POINT('Origin',(3.3,2.065,2.79));
#4162=CARTESIAN_POINT('',(3.3,2.065,2.67));
#4163=CARTESIAN_POINT('',(3.3,2.065,2.79));
#4164=CARTESIAN_POINT('',(3.3,2.065,2.67));
#4165=CARTESIAN_POINT('',(3.3,2.065,2.79));
#4166=CARTESIAN_POINT('',(3.75,2.065,1.66533453693773E-15));
#4167=CARTESIAN_POINT('',(3.3,2.065,2.67));
#4168=CARTESIAN_POINT('Origin',(3.3,0.475,2.79));
#4169=CARTESIAN_POINT('',(3.3,0.475,2.79));
#4170=CARTESIAN_POINT('',(3.3,2.065,2.79));
#4171=CARTESIAN_POINT('',(3.3,0.475,2.79));
#4172=CARTESIAN_POINT('Origin',(3.3,0.475,2.67));
#4173=CARTESIAN_POINT('',(3.3,0.475,2.67));
#4174=CARTESIAN_POINT('',(3.3,0.475,2.79));
#4175=CARTESIAN_POINT('',(3.3,0.475,2.67));
#4176=CARTESIAN_POINT('',(3.87,0.475,-5.55111512312578E-16));
#4177=CARTESIAN_POINT('Origin',(3.3,2.065,2.67));
#4178=CARTESIAN_POINT('',(3.3,0.475,2.67));
#4179=CARTESIAN_POINT('Origin',(3.81,1.27,0.));
#4180=CARTESIAN_POINT('Origin',(3.3,1.27,2.73));
#4181=CARTESIAN_POINT('Origin',(-3.84,-3.63333333333333,-2.22333333333333));
#4182=CARTESIAN_POINT('',(-3.75,-3.545,-2.04666666666667));
#4183=CARTESIAN_POINT('',(-3.75,-3.72166666666667,-2.4));
#4184=CARTESIAN_POINT('',(-3.75,-3.17983333333333,-1.31633333333333));
#4185=CARTESIAN_POINT('',(-3.87,-3.72166666666667,-2.4));
#4186=CARTESIAN_POINT('',(-3.84,-3.72166666666667,-2.4));
#4187=CARTESIAN_POINT('',(-3.87,-3.545,-2.04666666666667));
#4188=CARTESIAN_POINT('',(-3.87,-3.23283333333333,-1.42233333333333));
#4189=CARTESIAN_POINT('',(-3.84,-3.545,-2.04666666666667));
#4190=CARTESIAN_POINT('Origin',(-3.87,-4.075,0.));
#4191=CARTESIAN_POINT('',(-3.87,-3.89833333333333,-2.4));
#4192=CARTESIAN_POINT('',(-3.87,-3.545,-2.4));
#4193=CARTESIAN_POINT('',(-3.87,-4.075,-2.04666666666667));
#4194=CARTESIAN_POINT('',(-3.87,-4.44016666666667,-1.31633333333333));
#4195=CARTESIAN_POINT('',(-3.87,-4.075,0.));
#4196=CARTESIAN_POINT('',(-3.87,-4.075,0.));
#4197=CARTESIAN_POINT('',(-3.87,-3.545,0.));
#4198=CARTESIAN_POINT('',(-3.87,-3.545,0.));
#4199=CARTESIAN_POINT('',(-3.87,-3.545,0.));
#4200=CARTESIAN_POINT('Origin',(-3.81,-3.81,-2.4));
#4201=CARTESIAN_POINT('',(-3.75,-3.89833333333333,-2.4));
#4202=CARTESIAN_POINT('',(-3.75,-4.075,-2.4));
#4203=CARTESIAN_POINT('',(-3.78,-3.89833333333333,-2.4));
#4204=CARTESIAN_POINT('Origin',(-3.78,-3.98666666666667,-2.22333333333333));
#4205=CARTESIAN_POINT('',(-3.75,-4.075,-2.04666666666667));
#4206=CARTESIAN_POINT('',(-3.75,-4.38716666666667,-1.42233333333333));
#4207=CARTESIAN_POINT('',(-3.78,-4.075,-2.04666666666667));
#4208=CARTESIAN_POINT('Origin',(-3.87,-3.545,0.));
#4209=CARTESIAN_POINT('',(-3.75,-3.545,0.));
#4210=CARTESIAN_POINT('',(-3.75,-3.545,0.));
#4211=CARTESIAN_POINT('',(-3.75,-3.545,0.));
#4212=CARTESIAN_POINT('Origin',(-3.75,-4.075,0.));
#4213=CARTESIAN_POINT('',(-3.75,-4.075,0.));
#4214=CARTESIAN_POINT('',(-3.75,-4.075,0.));
#4215=CARTESIAN_POINT('',(-3.87,-4.075,0.));
#4216=CARTESIAN_POINT('Origin',(-3.75,-3.545,0.));
#4217=CARTESIAN_POINT('',(-3.75,-4.075,0.));
#4218=CARTESIAN_POINT('Origin',(-3.81,-3.81,0.));
#4219=CARTESIAN_POINT('Origin',(3.84,-3.63333333333333,-2.22333333333333));
#4220=CARTESIAN_POINT('',(3.75,-3.545,-2.04666666666667));
#4221=CARTESIAN_POINT('',(3.75,-3.72166666666667,-2.4));
#4222=CARTESIAN_POINT('',(3.75,-3.17983333333333,-1.31633333333333));
#4223=CARTESIAN_POINT('',(3.87,-3.545,-2.04666666666667));
#4224=CARTESIAN_POINT('',(3.84,-3.545,-2.04666666666667));
#4225=CARTESIAN_POINT('',(3.87,-3.72166666666667,-2.4));
#4226=CARTESIAN_POINT('',(3.87,-3.23283333333333,-1.42233333333333));
#4227=CARTESIAN_POINT('',(3.84,-3.72166666666667,-2.4));
#4228=CARTESIAN_POINT('Origin',(3.87,-4.075,0.));
#4229=CARTESIAN_POINT('',(3.87,-3.545,0.));
#4230=CARTESIAN_POINT('',(3.87,-3.545,0.));
#4231=CARTESIAN_POINT('',(3.87,-4.075,0.));
#4232=CARTESIAN_POINT('',(3.87,-3.545,0.));
#4233=CARTESIAN_POINT('',(3.87,-4.075,-2.04666666666667));
#4234=CARTESIAN_POINT('',(3.87,-4.075,0.));
#4235=CARTESIAN_POINT('',(3.87,-3.89833333333333,-2.4));
#4236=CARTESIAN_POINT('',(3.87,-4.44016666666667,-1.31633333333333));
#4237=CARTESIAN_POINT('',(3.87,-3.545,-2.4));
#4238=CARTESIAN_POINT('Origin',(3.81,-3.81,-2.4));
#4239=CARTESIAN_POINT('',(3.75,-3.89833333333333,-2.4));
#4240=CARTESIAN_POINT('',(3.78,-3.89833333333333,-2.4));
#4241=CARTESIAN_POINT('',(3.75,-4.075,-2.4));
#4242=CARTESIAN_POINT('Origin',(3.78,-3.98666666666667,-2.22333333333333));
#4243=CARTESIAN_POINT('',(3.75,-4.075,-2.04666666666667));
#4244=CARTESIAN_POINT('',(3.78,-4.075,-2.04666666666667));
#4245=CARTESIAN_POINT('',(3.75,-4.38716666666667,-1.42233333333333));
#4246=CARTESIAN_POINT('Origin',(3.87,-3.545,0.));
#4247=CARTESIAN_POINT('',(3.75,-3.545,0.));
#4248=CARTESIAN_POINT('',(3.75,-3.545,0.));
#4249=CARTESIAN_POINT('',(3.75,-3.545,0.));
#4250=CARTESIAN_POINT('Origin',(3.75,-4.075,0.));
#4251=CARTESIAN_POINT('',(3.75,-4.075,0.));
#4252=CARTESIAN_POINT('',(3.87,-4.075,0.));
#4253=CARTESIAN_POINT('',(3.75,-4.075,0.));
#4254=CARTESIAN_POINT('Origin',(3.75,-3.545,0.));
#4255=CARTESIAN_POINT('',(3.75,-4.075,0.));
#4256=CARTESIAN_POINT('Origin',(3.81,-3.81,0.));
#4257=CARTESIAN_POINT('Origin',(-3.84,-1.09333333333333,-2.22333333333333));
#4258=CARTESIAN_POINT('',(-3.75,-1.005,-2.04666666666667));
#4259=CARTESIAN_POINT('',(-3.75,-1.18166666666667,-2.4));
#4260=CARTESIAN_POINT('',(-3.75,-0.639833333333333,-1.31633333333333));
#4261=CARTESIAN_POINT('',(-3.87,-1.18166666666667,-2.4));
#4262=CARTESIAN_POINT('',(-3.84,-1.18166666666667,-2.4));
#4263=CARTESIAN_POINT('',(-3.87,-1.005,-2.04666666666667));
#4264=CARTESIAN_POINT('',(-3.87,-0.692833333333333,-1.42233333333333));
#4265=CARTESIAN_POINT('',(-3.84,-1.005,-2.04666666666667));
#4266=CARTESIAN_POINT('Origin',(-3.87,-1.535,0.));
#4267=CARTESIAN_POINT('',(-3.87,-1.35833333333333,-2.4));
#4268=CARTESIAN_POINT('',(-3.87,-1.005,-2.4));
#4269=CARTESIAN_POINT('',(-3.87,-1.535,-2.04666666666667));
#4270=CARTESIAN_POINT('',(-3.87,-1.90016666666667,-1.31633333333333));
#4271=CARTESIAN_POINT('',(-3.87,-1.535,0.));
#4272=CARTESIAN_POINT('',(-3.87,-1.535,0.));
#4273=CARTESIAN_POINT('',(-3.87,-1.005,0.));
#4274=CARTESIAN_POINT('',(-3.87,-1.005,0.));
#4275=CARTESIAN_POINT('',(-3.87,-1.005,0.));
#4276=CARTESIAN_POINT('Origin',(-3.81,-1.27,-2.4));
#4277=CARTESIAN_POINT('',(-3.75,-1.35833333333333,-2.4));
#4278=CARTESIAN_POINT('',(-3.75,-1.535,-2.4));
#4279=CARTESIAN_POINT('',(-3.78,-1.35833333333333,-2.4));
#4280=CARTESIAN_POINT('Origin',(-3.78,-1.44666666666667,-2.22333333333333));
#4281=CARTESIAN_POINT('',(-3.75,-1.535,-2.04666666666667));
#4282=CARTESIAN_POINT('',(-3.75,-1.84716666666667,-1.42233333333333));
#4283=CARTESIAN_POINT('',(-3.78,-1.535,-2.04666666666667));
#4284=CARTESIAN_POINT('Origin',(-3.87,-1.005,0.));
#4285=CARTESIAN_POINT('',(-3.75,-1.005,0.));
#4286=CARTESIAN_POINT('',(-3.75,-1.005,0.));
#4287=CARTESIAN_POINT('',(-3.75,-1.005,0.));
#4288=CARTESIAN_POINT('Origin',(-3.75,-1.535,0.));
#4289=CARTESIAN_POINT('',(-3.75,-1.535,0.));
#4290=CARTESIAN_POINT('',(-3.75,-1.535,0.));
#4291=CARTESIAN_POINT('',(-3.87,-1.535,0.));
#4292=CARTESIAN_POINT('Origin',(-3.75,-1.005,0.));
#4293=CARTESIAN_POINT('',(-3.75,-1.535,0.));
#4294=CARTESIAN_POINT('Origin',(-3.81,-1.27,0.));
#4295=CARTESIAN_POINT('Origin',(-3.84,1.44666666666667,-2.22333333333333));
#4296=CARTESIAN_POINT('',(-3.75,1.535,-2.04666666666667));
#4297=CARTESIAN_POINT('',(-3.75,1.35833333333333,-2.4));
#4298=CARTESIAN_POINT('',(-3.75,1.90016666666667,-1.31633333333333));
#4299=CARTESIAN_POINT('',(-3.87,1.35833333333333,-2.4));
#4300=CARTESIAN_POINT('',(-3.84,1.35833333333333,-2.4));
#4301=CARTESIAN_POINT('',(-3.87,1.535,-2.04666666666667));
#4302=CARTESIAN_POINT('',(-3.87,1.84716666666667,-1.42233333333333));
#4303=CARTESIAN_POINT('',(-3.84,1.535,-2.04666666666667));
#4304=CARTESIAN_POINT('Origin',(-3.87,1.005,0.));
#4305=CARTESIAN_POINT('',(-3.87,1.18166666666667,-2.4));
#4306=CARTESIAN_POINT('',(-3.87,1.535,-2.4));
#4307=CARTESIAN_POINT('',(-3.87,1.005,-2.04666666666667));
#4308=CARTESIAN_POINT('',(-3.87,0.639833333333333,-1.31633333333333));
#4309=CARTESIAN_POINT('',(-3.87,1.005,0.));
#4310=CARTESIAN_POINT('',(-3.87,1.005,0.));
#4311=CARTESIAN_POINT('',(-3.87,1.535,0.));
#4312=CARTESIAN_POINT('',(-3.87,1.535,0.));
#4313=CARTESIAN_POINT('',(-3.87,1.535,0.));
#4314=CARTESIAN_POINT('Origin',(-3.81,1.27,-2.4));
#4315=CARTESIAN_POINT('',(-3.75,1.18166666666667,-2.4));
#4316=CARTESIAN_POINT('',(-3.75,1.005,-2.4));
#4317=CARTESIAN_POINT('',(-3.78,1.18166666666667,-2.4));
#4318=CARTESIAN_POINT('Origin',(-3.78,1.09333333333333,-2.22333333333333));
#4319=CARTESIAN_POINT('',(-3.75,1.005,-2.04666666666667));
#4320=CARTESIAN_POINT('',(-3.75,0.692833333333333,-1.42233333333333));
#4321=CARTESIAN_POINT('',(-3.78,1.005,-2.04666666666667));
#4322=CARTESIAN_POINT('Origin',(-3.87,1.535,0.));
#4323=CARTESIAN_POINT('',(-3.75,1.535,0.));
#4324=CARTESIAN_POINT('',(-3.75,1.535,0.));
#4325=CARTESIAN_POINT('',(-3.75,1.535,0.));
#4326=CARTESIAN_POINT('Origin',(-3.75,1.005,0.));
#4327=CARTESIAN_POINT('',(-3.75,1.005,0.));
#4328=CARTESIAN_POINT('',(-3.75,1.005,0.));
#4329=CARTESIAN_POINT('',(-3.87,1.005,0.));
#4330=CARTESIAN_POINT('Origin',(-3.75,1.535,0.));
#4331=CARTESIAN_POINT('',(-3.75,1.005,0.));
#4332=CARTESIAN_POINT('Origin',(-3.81,1.27,0.));
#4333=CARTESIAN_POINT('Origin',(-3.84,3.98666666666667,-2.22333333333333));
#4334=CARTESIAN_POINT('',(-3.75,4.075,-2.04666666666667));
#4335=CARTESIAN_POINT('',(-3.75,3.89833333333333,-2.4));
#4336=CARTESIAN_POINT('',(-3.75,4.44016666666667,-1.31633333333333));
#4337=CARTESIAN_POINT('',(-3.87,3.89833333333333,-2.4));
#4338=CARTESIAN_POINT('',(-3.84,3.89833333333333,-2.4));
#4339=CARTESIAN_POINT('',(-3.87,4.075,-2.04666666666667));
#4340=CARTESIAN_POINT('',(-3.87,4.38716666666667,-1.42233333333333));
#4341=CARTESIAN_POINT('',(-3.84,4.075,-2.04666666666667));
#4342=CARTESIAN_POINT('Origin',(-3.87,3.545,0.));
#4343=CARTESIAN_POINT('',(-3.87,3.72166666666667,-2.4));
#4344=CARTESIAN_POINT('',(-3.87,4.075,-2.4));
#4345=CARTESIAN_POINT('',(-3.87,3.545,-2.04666666666667));
#4346=CARTESIAN_POINT('',(-3.87,3.17983333333333,-1.31633333333333));
#4347=CARTESIAN_POINT('',(-3.87,3.545,0.));
#4348=CARTESIAN_POINT('',(-3.87,3.545,0.));
#4349=CARTESIAN_POINT('',(-3.87,4.075,0.));
#4350=CARTESIAN_POINT('',(-3.87,4.075,0.));
#4351=CARTESIAN_POINT('',(-3.87,4.075,0.));
#4352=CARTESIAN_POINT('Origin',(-3.81,3.81,-2.4));
#4353=CARTESIAN_POINT('',(-3.75,3.72166666666667,-2.4));
#4354=CARTESIAN_POINT('',(-3.75,3.545,-2.4));
#4355=CARTESIAN_POINT('',(-3.78,3.72166666666667,-2.4));
#4356=CARTESIAN_POINT('Origin',(-3.78,3.63333333333333,-2.22333333333333));
#4357=CARTESIAN_POINT('',(-3.75,3.545,-2.04666666666667));
#4358=CARTESIAN_POINT('',(-3.75,3.23283333333333,-1.42233333333333));
#4359=CARTESIAN_POINT('',(-3.78,3.545,-2.04666666666667));
#4360=CARTESIAN_POINT('Origin',(-3.87,4.075,0.));
#4361=CARTESIAN_POINT('',(-3.75,4.075,0.));
#4362=CARTESIAN_POINT('',(-3.75,4.075,0.));
#4363=CARTESIAN_POINT('',(-3.75,4.075,0.));
#4364=CARTESIAN_POINT('Origin',(-3.75,3.545,0.));
#4365=CARTESIAN_POINT('',(-3.75,3.545,0.));
#4366=CARTESIAN_POINT('',(-3.75,3.545,0.));
#4367=CARTESIAN_POINT('',(-3.87,3.545,0.));
#4368=CARTESIAN_POINT('Origin',(-3.75,4.075,0.));
#4369=CARTESIAN_POINT('',(-3.75,3.545,0.));
#4370=CARTESIAN_POINT('Origin',(-3.81,3.81,0.));
#4371=CARTESIAN_POINT('Origin',(3.84,-1.09333333333333,-2.22333333333333));
#4372=CARTESIAN_POINT('',(3.75,-1.005,-2.04666666666667));
#4373=CARTESIAN_POINT('',(3.75,-1.18166666666667,-2.4));
#4374=CARTESIAN_POINT('',(3.75,-0.639833333333333,-1.31633333333333));
#4375=CARTESIAN_POINT('',(3.87,-1.005,-2.04666666666667));
#4376=CARTESIAN_POINT('',(3.84,-1.005,-2.04666666666667));
#4377=CARTESIAN_POINT('',(3.87,-1.18166666666667,-2.4));
#4378=CARTESIAN_POINT('',(3.87,-0.692833333333333,-1.42233333333333));
#4379=CARTESIAN_POINT('',(3.84,-1.18166666666667,-2.4));
#4380=CARTESIAN_POINT('Origin',(3.87,-1.535,0.));
#4381=CARTESIAN_POINT('',(3.87,-1.005,0.));
#4382=CARTESIAN_POINT('',(3.87,-1.005,0.));
#4383=CARTESIAN_POINT('',(3.87,-1.535,0.));
#4384=CARTESIAN_POINT('',(3.87,-1.005,0.));
#4385=CARTESIAN_POINT('',(3.87,-1.535,-2.04666666666667));
#4386=CARTESIAN_POINT('',(3.87,-1.535,0.));
#4387=CARTESIAN_POINT('',(3.87,-1.35833333333333,-2.4));
#4388=CARTESIAN_POINT('',(3.87,-1.90016666666667,-1.31633333333333));
#4389=CARTESIAN_POINT('',(3.87,-1.005,-2.4));
#4390=CARTESIAN_POINT('Origin',(3.81,-1.27,-2.4));
#4391=CARTESIAN_POINT('',(3.75,-1.35833333333333,-2.4));
#4392=CARTESIAN_POINT('',(3.78,-1.35833333333333,-2.4));
#4393=CARTESIAN_POINT('',(3.75,-1.535,-2.4));
#4394=CARTESIAN_POINT('Origin',(3.78,-1.44666666666667,-2.22333333333333));
#4395=CARTESIAN_POINT('',(3.75,-1.535,-2.04666666666667));
#4396=CARTESIAN_POINT('',(3.78,-1.535,-2.04666666666667));
#4397=CARTESIAN_POINT('',(3.75,-1.84716666666667,-1.42233333333333));
#4398=CARTESIAN_POINT('Origin',(3.87,-1.005,0.));
#4399=CARTESIAN_POINT('',(3.75,-1.005,0.));
#4400=CARTESIAN_POINT('',(3.75,-1.005,0.));
#4401=CARTESIAN_POINT('',(3.75,-1.005,0.));
#4402=CARTESIAN_POINT('Origin',(3.75,-1.535,0.));
#4403=CARTESIAN_POINT('',(3.75,-1.535,0.));
#4404=CARTESIAN_POINT('',(3.87,-1.535,0.));
#4405=CARTESIAN_POINT('',(3.75,-1.535,0.));
#4406=CARTESIAN_POINT('Origin',(3.75,-1.005,0.));
#4407=CARTESIAN_POINT('',(3.75,-1.535,0.));
#4408=CARTESIAN_POINT('Origin',(3.81,-1.27,0.));
#4409=CARTESIAN_POINT('Origin',(3.84,1.44666666666667,-2.22333333333333));
#4410=CARTESIAN_POINT('',(3.75,1.535,-2.04666666666667));
#4411=CARTESIAN_POINT('',(3.75,1.35833333333333,-2.4));
#4412=CARTESIAN_POINT('',(3.75,1.90016666666667,-1.31633333333333));
#4413=CARTESIAN_POINT('',(3.87,1.535,-2.04666666666667));
#4414=CARTESIAN_POINT('',(3.84,1.535,-2.04666666666667));
#4415=CARTESIAN_POINT('',(3.87,1.35833333333333,-2.4));
#4416=CARTESIAN_POINT('',(3.87,1.84716666666667,-1.42233333333333));
#4417=CARTESIAN_POINT('',(3.84,1.35833333333333,-2.4));
#4418=CARTESIAN_POINT('Origin',(3.87,1.005,0.));
#4419=CARTESIAN_POINT('',(3.87,1.535,0.));
#4420=CARTESIAN_POINT('',(3.87,1.535,0.));
#4421=CARTESIAN_POINT('',(3.87,1.005,0.));
#4422=CARTESIAN_POINT('',(3.87,1.535,0.));
#4423=CARTESIAN_POINT('',(3.87,1.005,-2.04666666666667));
#4424=CARTESIAN_POINT('',(3.87,1.005,0.));
#4425=CARTESIAN_POINT('',(3.87,1.18166666666667,-2.4));
#4426=CARTESIAN_POINT('',(3.87,0.639833333333333,-1.31633333333333));
#4427=CARTESIAN_POINT('',(3.87,1.535,-2.4));
#4428=CARTESIAN_POINT('Origin',(3.81,1.27,-2.4));
#4429=CARTESIAN_POINT('',(3.75,1.18166666666667,-2.4));
#4430=CARTESIAN_POINT('',(3.78,1.18166666666667,-2.4));
#4431=CARTESIAN_POINT('',(3.75,1.005,-2.4));
#4432=CARTESIAN_POINT('Origin',(3.78,1.09333333333333,-2.22333333333333));
#4433=CARTESIAN_POINT('',(3.75,1.005,-2.04666666666667));
#4434=CARTESIAN_POINT('',(3.78,1.005,-2.04666666666667));
#4435=CARTESIAN_POINT('',(3.75,0.692833333333333,-1.42233333333333));
#4436=CARTESIAN_POINT('Origin',(3.87,1.535,0.));
#4437=CARTESIAN_POINT('',(3.75,1.535,0.));
#4438=CARTESIAN_POINT('',(3.75,1.535,0.));
#4439=CARTESIAN_POINT('',(3.75,1.535,0.));
#4440=CARTESIAN_POINT('Origin',(3.75,1.005,0.));
#4441=CARTESIAN_POINT('',(3.75,1.005,0.));
#4442=CARTESIAN_POINT('',(3.87,1.005,0.));
#4443=CARTESIAN_POINT('',(3.75,1.005,0.));
#4444=CARTESIAN_POINT('Origin',(3.75,1.535,0.));
#4445=CARTESIAN_POINT('',(3.75,1.005,0.));
#4446=CARTESIAN_POINT('Origin',(3.81,1.27,0.));
#4447=CARTESIAN_POINT('Origin',(3.84,3.98666666666667,-2.22333333333333));
#4448=CARTESIAN_POINT('',(3.75,4.075,-2.04666666666667));
#4449=CARTESIAN_POINT('',(3.75,3.89833333333333,-2.4));
#4450=CARTESIAN_POINT('',(3.75,4.44016666666667,-1.31633333333333));
#4451=CARTESIAN_POINT('',(3.87,4.075,-2.04666666666667));
#4452=CARTESIAN_POINT('',(3.84,4.075,-2.04666666666667));
#4453=CARTESIAN_POINT('',(3.87,3.89833333333333,-2.4));
#4454=CARTESIAN_POINT('',(3.87,4.38716666666667,-1.42233333333333));
#4455=CARTESIAN_POINT('',(3.84,3.89833333333333,-2.4));
#4456=CARTESIAN_POINT('Origin',(3.87,3.545,0.));
#4457=CARTESIAN_POINT('',(3.87,4.075,0.));
#4458=CARTESIAN_POINT('',(3.87,4.075,0.));
#4459=CARTESIAN_POINT('',(3.87,3.545,0.));
#4460=CARTESIAN_POINT('',(3.87,4.075,0.));
#4461=CARTESIAN_POINT('',(3.87,3.545,-2.04666666666667));
#4462=CARTESIAN_POINT('',(3.87,3.545,0.));
#4463=CARTESIAN_POINT('',(3.87,3.72166666666667,-2.4));
#4464=CARTESIAN_POINT('',(3.87,3.17983333333333,-1.31633333333333));
#4465=CARTESIAN_POINT('',(3.87,4.075,-2.4));
#4466=CARTESIAN_POINT('Origin',(3.81,3.81,-2.4));
#4467=CARTESIAN_POINT('',(3.75,3.72166666666667,-2.4));
#4468=CARTESIAN_POINT('',(3.78,3.72166666666667,-2.4));
#4469=CARTESIAN_POINT('',(3.75,3.545,-2.4));
#4470=CARTESIAN_POINT('Origin',(3.78,3.63333333333333,-2.22333333333333));
#4471=CARTESIAN_POINT('',(3.75,3.545,-2.04666666666667));
#4472=CARTESIAN_POINT('',(3.78,3.545,-2.04666666666667));
#4473=CARTESIAN_POINT('',(3.75,3.23283333333333,-1.42233333333333));
#4474=CARTESIAN_POINT('Origin',(3.87,4.075,0.));
#4475=CARTESIAN_POINT('',(3.75,4.075,0.));
#4476=CARTESIAN_POINT('',(3.75,4.075,0.));
#4477=CARTESIAN_POINT('',(3.75,4.075,0.));
#4478=CARTESIAN_POINT('Origin',(3.75,3.545,0.));
#4479=CARTESIAN_POINT('',(3.75,3.545,0.));
#4480=CARTESIAN_POINT('',(3.87,3.545,0.));
#4481=CARTESIAN_POINT('',(3.75,3.545,0.));
#4482=CARTESIAN_POINT('Origin',(3.75,4.075,0.));
#4483=CARTESIAN_POINT('',(3.75,3.545,0.));
#4484=CARTESIAN_POINT('Origin',(3.81,3.81,0.));
#4485=CARTESIAN_POINT('',(0.,0.,0.));
#4486=UNCERTAINTY_MEASURE_WITH_UNIT(LENGTH_MEASURE(0.01),#4492,
'DISTANCE_ACCURACY_VALUE',
'Maximum model space distance between geometric entities at asserted c
onnectivities');
#4487=UNCERTAINTY_MEASURE_WITH_UNIT(LENGTH_MEASURE(0.01),#4492,
'DISTANCE_ACCURACY_VALUE',
'Maximum model space distance between geometric entities at asserted c
onnectivities');
#4488=UNCERTAINTY_MEASURE_WITH_UNIT(LENGTH_MEASURE(0.01),#4492,
'DISTANCE_ACCURACY_VALUE',
'Maximum model space distance between geometric entities at asserted c
onnectivities');
#4489=(
GEOMETRIC_REPRESENTATION_CONTEXT(3)
GLOBAL_UNCERTAINTY_ASSIGNED_CONTEXT((#4486))
GLOBAL_UNIT_ASSIGNED_CONTEXT((#4492,#4494,#4495))
REPRESENTATION_CONTEXT('','3D')
);
#4490=(
GEOMETRIC_REPRESENTATION_CONTEXT(3)
GLOBAL_UNCERTAINTY_ASSIGNED_CONTEXT((#4487))
GLOBAL_UNIT_ASSIGNED_CONTEXT((#4492,#4494,#4495))
REPRESENTATION_CONTEXT('','3D')
);
#4491=(
GEOMETRIC_REPRESENTATION_CONTEXT(3)
GLOBAL_UNCERTAINTY_ASSIGNED_CONTEXT((#4488))
GLOBAL_UNIT_ASSIGNED_CONTEXT((#4492,#4494,#4495))
REPRESENTATION_CONTEXT('','3D')
);
#4492=(
LENGTH_UNIT()
NAMED_UNIT(*)
SI_UNIT(.MILLI.,.METRE.)
);
#4493=(
LENGTH_UNIT()
NAMED_UNIT(*)
SI_UNIT($,.METRE.)
);
#4494=(
NAMED_UNIT(*)
PLANE_ANGLE_UNIT()
SI_UNIT($,.RADIAN.)
);
#4495=(
NAMED_UNIT(*)
SI_UNIT($,.STERADIAN.)
SOLID_ANGLE_UNIT()
);
#4496=SHAPE_DEFINITION_REPRESENTATION(#4498,#4501);
#4497=SHAPE_DEFINITION_REPRESENTATION(#4499,#4502);
#4498=PRODUCT_DEFINITION_SHAPE('',$,#4504);
#4499=PRODUCT_DEFINITION_SHAPE('',$,#4505);
#4500=PRODUCT_DEFINITION_SHAPE($,$,#14);
#4501=SHAPE_REPRESENTATION('',(#2778,#2976),#4489);
#4502=SHAPE_REPRESENTATION('',(#2779),#4490);
#4503=PRODUCT_DEFINITION_CONTEXT('part definition',#4511,'design');
#4504=PRODUCT_DEFINITION('DIP794W45P254L959H508Q8',
'DIP794W45P254L959H508Q8 v2',#4506,#4503);
#4505=PRODUCT_DEFINITION('Model','Model',#4507,#4503);
#4506=PRODUCT_DEFINITION_FORMATION('',$,#4513);
#4507=PRODUCT_DEFINITION_FORMATION('',$,#4514);
#4508=PRODUCT_RELATED_PRODUCT_CATEGORY('DIP794W45P254L959H508Q8 v2',
'DIP794W45P254L959H508Q8 v2',(#4513));
#4509=PRODUCT_RELATED_PRODUCT_CATEGORY('Model','Model',(#4514));
#4510=APPLICATION_PROTOCOL_DEFINITION('international standard',
'automotive_design',2009,#4511);
#4511=APPLICATION_CONTEXT(
'Core Data for Automotive Mechanical Design Process');
#4512=PRODUCT_CONTEXT('part definition',#4511,'mechanical');
#4513=PRODUCT('DIP794W45P254L959H508Q8','DIP794W45P254L959H508Q8 v2',$,
(#4512));
#4514=PRODUCT('Model','Model',$,(#4512));
#4515=PRESENTATION_STYLE_ASSIGNMENT((#4518));
#4516=PRESENTATION_STYLE_ASSIGNMENT((#4519));
#4517=PRESENTATION_STYLE_ASSIGNMENT((#4520));
#4518=SURFACE_STYLE_USAGE(.BOTH.,#4521);
#4519=SURFACE_STYLE_USAGE(.BOTH.,#4522);
#4520=SURFACE_STYLE_USAGE(.BOTH.,#4523);
#4521=SURFACE_SIDE_STYLE('',(#4524));
#4522=SURFACE_SIDE_STYLE('',(#4525));
#4523=SURFACE_SIDE_STYLE('',(#4526));
#4524=SURFACE_STYLE_FILL_AREA(#4527);
#4525=SURFACE_STYLE_FILL_AREA(#4528);
#4526=SURFACE_STYLE_FILL_AREA(#4529);
#4527=FILL_AREA_STYLE('Steel - Satin',(#4530));
#4528=FILL_AREA_STYLE('Plastic - Matte (Black)',(#4531));
#4529=FILL_AREA_STYLE('Nickel - Polished',(#4532));
#4530=FILL_AREA_STYLE_COLOUR('Steel - Satin',#4533);
#4531=FILL_AREA_STYLE_COLOUR('Plastic - Matte (Black)',#4534);
#4532=FILL_AREA_STYLE_COLOUR('Nickel - Polished',#4535);
#4533=COLOUR_RGB('Steel - Satin',0.627450980392157,0.627450980392157,0.627450980392157);
#4534=COLOUR_RGB('Plastic - Matte (Black)',0.0980392156862745,0.0980392156862745,
0.0980392156862745);
#4535=COLOUR_RGB('Nickel - Polished',0.819607843137255,0.8,0.752941176470588);
ENDSEC;
END-ISO-10303-21;
