ISO-10303-21;
HEADER;
/* Generated by software containing ST-Developer
 * from STEP Tools, Inc. (www.steptools.com) 
 */

FILE_DESCRIPTION(
/* description */ ('STEP AP214'),
/* implementation_level */ '2;1');

FILE_NAME(
/* name */ '1c418c7d-8560-485d-ab8d-7924b34ca9e0.stp',
/* time_stamp */ '2026-06-09T12:26:09Z',
/* author */ (''),
/* organization */ (''),
/* preprocessor_version */ 'ST-DEVELOPER v20.1',
/* originating_system */ 'Autodesk Translation Framework v15.8.0.0',
/* authorisation */ '');

FILE_SCHEMA (('AUTOMOTIVE_DESIGN { 1 0 10303 214 3 1 1 }'));
ENDSEC;

DATA;
#10=MECHANICAL_DESIGN_GEOMETRIC_PRESENTATION_REPRESENTATION('',(#133,#134,
#135,#136,#137,#138,#139,#140,#141,#142,#143,#144,#145,#146,#147,#148,#149,
#150,#151,#152,#153,#154,#155,#156,#157,#158,#159,#160,#161),#11724);
#11=ITEM_DEFINED_TRANSFORMATION($,$,#6652,#6979);
#12=ITEM_DEFINED_TRANSFORMATION($,$,#6840,#6980);
#13=(
REPRESENTATION_RELATIONSHIP($,$,#11738,#11737)
REPRESENTATION_RELATIONSHIP_WITH_TRANSFORMATION(#11)
SHAPE_REPRESENTATION_RELATIONSHIP()
);
#14=(
REPRESENTATION_RELATIONSHIP($,$,#11739,#11737)
REPRESENTATION_RELATIONSHIP_WITH_TRANSFORMATION(#12)
SHAPE_REPRESENTATION_RELATIONSHIP()
);
#15=CONTEXT_DEPENDENT_SHAPE_REPRESENTATION(#13,#11735);
#16=CONTEXT_DEPENDENT_SHAPE_REPRESENTATION(#14,#11736);
#17=NEXT_ASSEMBLY_USAGE_OCCURRENCE(
'DMN10H100SK3-13_Without Trimmed Pin + Full Shape Seated Pin:1',
'DMN10H100SK3-13_Without Trimmed Pin + Full Shape Seated Pin:1',
'DMN10H100SK3-13_Without Trimmed Pin + Full Shape Seated Pin:1',#11741,
#11742,'DMN10H100SK3-13_Without Trimmed Pin + Full Shape Seated Pin:1');
#18=NEXT_ASSEMBLY_USAGE_OCCURRENCE('Diodes_Logo:1','Diodes_Logo:1',
'Diodes_Logo:1',#11741,#11743,'Diodes_Logo:1');
#19=B_SPLINE_SURFACE_WITH_KNOTS('',3,1,((#8983,#8984),(#8985,#8986),(#8987,
#8988),(#8989,#8990)),.UNSPECIFIED.,.F.,.F.,.F.,(4,4),(2,2),(0.896551724137931,
0.931034482758621),(0.,0.00012),.UNSPECIFIED.);
#20=B_SPLINE_SURFACE_WITH_KNOTS('',3,1,((#9005,#9006),(#9007,#9008),(#9009,
#9010),(#9011,#9012)),.UNSPECIFIED.,.F.,.F.,.F.,(4,4),(2,2),(0.931034482758621,
1.),(0.,0.00012),.UNSPECIFIED.);
#21=B_SPLINE_SURFACE_WITH_KNOTS('',3,1,((#9024,#9025),(#9026,#9027),(#9028,
#9029),(#9030,#9031)),.UNSPECIFIED.,.F.,.F.,.F.,(4,4),(2,2),(0.,0.0344827586206897),
(0.,0.00012),.UNSPECIFIED.);
#22=B_SPLINE_SURFACE_WITH_KNOTS('',3,1,((#9043,#9044),(#9045,#9046),(#9047,
#9048),(#9049,#9050)),.UNSPECIFIED.,.F.,.F.,.F.,(4,4),(2,2),(0.0344827586206897,
0.0689655172413793),(0.,0.00012),.UNSPECIFIED.);
#23=B_SPLINE_SURFACE_WITH_KNOTS('',3,1,((#9080,#9081),(#9082,#9083),(#9084,
#9085),(#9086,#9087)),.UNSPECIFIED.,.F.,.F.,.F.,(4,4),(2,2),(0.172413793103448,
0.206896551724138),(0.,0.00012),.UNSPECIFIED.);
#24=B_SPLINE_SURFACE_WITH_KNOTS('',3,1,((#9099,#9100),(#9101,#9102),(#9103,
#9104),(#9105,#9106)),.UNSPECIFIED.,.F.,.F.,.F.,(4,4),(2,2),(0.206896551724138,
0.241379310344828),(0.,0.00012),.UNSPECIFIED.);
#25=B_SPLINE_SURFACE_WITH_KNOTS('',3,1,((#9118,#9119),(#9120,#9121),(#9122,
#9123),(#9124,#9125)),.UNSPECIFIED.,.F.,.F.,.F.,(4,4),(2,2),(0.241379310344828,
0.275862068965517),(0.,0.00012),.UNSPECIFIED.);
#26=B_SPLINE_SURFACE_WITH_KNOTS('',3,1,((#9155,#9156),(#9157,#9158),(#9159,
#9160),(#9161,#9162)),.UNSPECIFIED.,.F.,.F.,.F.,(4,4),(2,2),(0.379310344827586,
0.413793103448276),(0.,0.00012),.UNSPECIFIED.);
#27=B_SPLINE_SURFACE_WITH_KNOTS('',3,1,((#9174,#9175),(#9176,#9177),(#9178,
#9179),(#9180,#9181)),.UNSPECIFIED.,.F.,.F.,.F.,(4,4),(2,2),(0.413793103448276,
0.448275862068966),(0.,0.00012),.UNSPECIFIED.);
#28=B_SPLINE_SURFACE_WITH_KNOTS('',3,1,((#9199,#9200),(#9201,#9202),(#9203,
#9204),(#9205,#9206)),.UNSPECIFIED.,.F.,.F.,.F.,(4,4),(2,2),(0.482758620689655,
0.517241379310345),(0.,0.00012),.UNSPECIFIED.);
#29=B_SPLINE_SURFACE_WITH_KNOTS('',3,1,((#9218,#9219),(#9220,#9221),(#9222,
#9223),(#9224,#9225)),.UNSPECIFIED.,.F.,.F.,.F.,(4,4),(2,2),(0.517241379310345,
0.551724137931034),(0.,0.00012),.UNSPECIFIED.);
#30=B_SPLINE_SURFACE_WITH_KNOTS('',3,1,((#9237,#9238),(#9239,#9240),(#9241,
#9242),(#9243,#9244)),.UNSPECIFIED.,.F.,.F.,.F.,(4,4),(2,2),(0.551724137931034,
0.586206896551724),(0.,0.00012),.UNSPECIFIED.);
#31=B_SPLINE_SURFACE_WITH_KNOTS('',3,1,((#9256,#9257),(#9258,#9259),(#9260,
#9261),(#9262,#9263)),.UNSPECIFIED.,.F.,.F.,.F.,(4,4),(2,2),(0.586206896551724,
0.620689655172414),(0.,0.00012),.UNSPECIFIED.);
#32=B_SPLINE_SURFACE_WITH_KNOTS('',3,1,((#9293,#9294),(#9295,#9296),(#9297,
#9298),(#9299,#9300)),.UNSPECIFIED.,.F.,.F.,.F.,(4,4),(2,2),(0.724137931034483,
0.758620689655172),(0.,0.00012),.UNSPECIFIED.);
#33=B_SPLINE_SURFACE_WITH_KNOTS('',3,1,((#9312,#9313),(#9314,#9315),(#9316,
#9317),(#9318,#9319)),.UNSPECIFIED.,.F.,.F.,.F.,(4,4),(2,2),(0.758620689655172,
0.793103448275862),(0.,0.00012),.UNSPECIFIED.);
#34=B_SPLINE_SURFACE_WITH_KNOTS('',3,1,((#9331,#9332),(#9333,#9334),(#9335,
#9336),(#9337,#9338)),.UNSPECIFIED.,.F.,.F.,.F.,(4,4),(2,2),(0.793103448275862,
0.827586206896552),(0.,0.00012),.UNSPECIFIED.);
#35=B_SPLINE_SURFACE_WITH_KNOTS('',3,1,((#9350,#9351),(#9352,#9353),(#9354,
#9355),(#9356,#9357)),.UNSPECIFIED.,.F.,.F.,.F.,(4,4),(2,2),(0.827586206896552,
0.862068965517241),(0.,0.00012),.UNSPECIFIED.);
#36=B_SPLINE_SURFACE_WITH_KNOTS('',3,1,((#9369,#9370),(#9371,#9372),(#9373,
#9374),(#9375,#9376)),.UNSPECIFIED.,.F.,.F.,.F.,(4,4),(2,2),(0.862068965517241,
0.896551724137931),(0.,0.00012),.UNSPECIFIED.);
#37=B_SPLINE_SURFACE_WITH_KNOTS('',3,1,((#9387,#9388),(#9389,#9390),(#9391,
#9392),(#9393,#9394)),.UNSPECIFIED.,.F.,.F.,.F.,(4,4),(2,2),(0.739130434782609,
0.782608695652174),(0.,0.00012),.UNSPECIFIED.);
#38=B_SPLINE_SURFACE_WITH_KNOTS('',3,1,((#9409,#9410),(#9411,#9412),(#9413,
#9414),(#9415,#9416)),.UNSPECIFIED.,.F.,.F.,.F.,(4,4),(2,2),(0.782608695652174,
0.826086956521739),(0.,0.00012),.UNSPECIFIED.);
#39=B_SPLINE_SURFACE_WITH_KNOTS('',3,1,((#9452,#9453),(#9454,#9455),(#9456,
#9457),(#9458,#9459)),.UNSPECIFIED.,.F.,.F.,.F.,(4,4),(2,2),(0.0434782608695652,
0.0869565217391304),(0.,0.00012),.UNSPECIFIED.);
#40=B_SPLINE_SURFACE_WITH_KNOTS('',3,1,((#9471,#9472),(#9473,#9474),(#9475,
#9476),(#9477,#9478)),.UNSPECIFIED.,.F.,.F.,.F.,(4,4),(2,2),(0.0869565217391304,
0.130434782608696),(0.,0.00012),.UNSPECIFIED.);
#41=B_SPLINE_SURFACE_WITH_KNOTS('',3,1,((#9508,#9509),(#9510,#9511),(#9512,
#9513),(#9514,#9515)),.UNSPECIFIED.,.F.,.F.,.F.,(4,4),(2,2),(0.260869565217391,
0.304347826086956),(0.,0.00012),.UNSPECIFIED.);
#42=B_SPLINE_SURFACE_WITH_KNOTS('',3,1,((#9527,#9528),(#9529,#9530),(#9531,
#9532),(#9533,#9534)),.UNSPECIFIED.,.F.,.F.,.F.,(4,4),(2,2),(0.304347826086956,
0.347826086956522),(0.,0.00012),.UNSPECIFIED.);
#43=B_SPLINE_SURFACE_WITH_KNOTS('',3,1,((#9546,#9547),(#9548,#9549),(#9550,
#9551),(#9552,#9553)),.UNSPECIFIED.,.F.,.F.,.F.,(4,4),(2,2),(0.347826086956522,
0.391304347826087),(0.,0.00012),.UNSPECIFIED.);
#44=B_SPLINE_SURFACE_WITH_KNOTS('',3,1,((#9565,#9566),(#9567,#9568),(#9569,
#9570),(#9571,#9572)),.UNSPECIFIED.,.F.,.F.,.F.,(4,4),(2,2),(0.391304347826087,
0.434782608695652),(0.,0.00012),.UNSPECIFIED.);
#45=B_SPLINE_SURFACE_WITH_KNOTS('',3,1,((#9584,#9585),(#9586,#9587),(#9588,
#9589),(#9590,#9591)),.UNSPECIFIED.,.F.,.F.,.F.,(4,4),(2,2),(0.434782608695652,
0.478260869565217),(0.,0.00012),.UNSPECIFIED.);
#46=B_SPLINE_SURFACE_WITH_KNOTS('',3,1,((#9603,#9604),(#9605,#9606),(#9607,
#9608),(#9609,#9610)),.UNSPECIFIED.,.F.,.F.,.F.,(4,4),(2,2),(0.478260869565217,
0.521739130434783),(0.,0.00012),.UNSPECIFIED.);
#47=B_SPLINE_SURFACE_WITH_KNOTS('',3,1,((#9622,#9623),(#9624,#9625),(#9626,
#9627),(#9628,#9629)),.UNSPECIFIED.,.F.,.F.,.F.,(4,4),(2,2),(0.521739130434783,
0.565217391304348),(0.,0.00012),.UNSPECIFIED.);
#48=B_SPLINE_SURFACE_WITH_KNOTS('',3,1,((#9647,#9648),(#9649,#9650),(#9651,
#9652),(#9653,#9654)),.UNSPECIFIED.,.F.,.F.,.F.,(4,4),(2,2),(0.608695652173913,
0.652173913043478),(0.,0.00012),.UNSPECIFIED.);
#49=B_SPLINE_SURFACE_WITH_KNOTS('',3,1,((#9666,#9667),(#9668,#9669),(#9670,
#9671),(#9672,#9673)),.UNSPECIFIED.,.F.,.F.,.F.,(4,4),(2,2),(0.652173913043478,
0.695652173913043),(0.,0.00012),.UNSPECIFIED.);
#50=B_SPLINE_SURFACE_WITH_KNOTS('',3,1,((#9690,#9691),(#9692,#9693),(#9694,
#9695),(#9696,#9697)),.UNSPECIFIED.,.F.,.F.,.F.,(4,4),(2,2),(0.5,0.625),
(0.,0.00012),.UNSPECIFIED.);
#51=B_SPLINE_SURFACE_WITH_KNOTS('',3,1,((#9712,#9713),(#9714,#9715),(#9716,
#9717),(#9718,#9719)),.UNSPECIFIED.,.F.,.F.,.F.,(4,4),(2,2),(0.0769230769230769,
0.102564102564103),(0.,0.00012),.UNSPECIFIED.);
#52=B_SPLINE_SURFACE_WITH_KNOTS('',3,1,((#9731,#9732),(#9733,#9734),(#9735,
#9736),(#9737,#9738)),.UNSPECIFIED.,.F.,.F.,.F.,(4,4),(2,2),(0.102564102564103,
0.128205128205128),(0.,0.00012),.UNSPECIFIED.);
#53=B_SPLINE_SURFACE_WITH_KNOTS('',3,1,((#9750,#9751),(#9752,#9753),(#9754,
#9755),(#9756,#9757)),.UNSPECIFIED.,.F.,.F.,.F.,(4,4),(2,2),(0.128205128205128,
0.153846153846154),(0.,0.00012),.UNSPECIFIED.);
#54=B_SPLINE_SURFACE_WITH_KNOTS('',3,1,((#9769,#9770),(#9771,#9772),(#9773,
#9774),(#9775,#9776)),.UNSPECIFIED.,.F.,.F.,.F.,(4,4),(2,2),(0.153846153846154,
0.179487179487179),(0.,0.00012),.UNSPECIFIED.);
#55=B_SPLINE_SURFACE_WITH_KNOTS('',3,1,((#9794,#9795),(#9796,#9797),(#9798,
#9799),(#9800,#9801)),.UNSPECIFIED.,.F.,.F.,.F.,(4,4),(2,2),(0.0909090909090909,
0.181818181818182),(0.,0.00012),.UNSPECIFIED.);
#56=B_SPLINE_SURFACE_WITH_KNOTS('',3,1,((#9822,#9823),(#9824,#9825),(#9826,
#9827),(#9828,#9829)),.UNSPECIFIED.,.F.,.F.,.F.,(4,4),(2,2),(0.256410256410256,
0.282051282051282),(0.,0.00012),.UNSPECIFIED.);
#57=B_SPLINE_SURFACE_WITH_KNOTS('',3,1,((#9841,#9842),(#9843,#9844),(#9845,
#9846),(#9847,#9848)),.UNSPECIFIED.,.F.,.F.,.F.,(4,4),(2,2),(0.282051282051282,
0.307692307692308),(0.,0.00012),.UNSPECIFIED.);
#58=B_SPLINE_SURFACE_WITH_KNOTS('',3,1,((#9860,#9861),(#9862,#9863),(#9864,
#9865),(#9866,#9867)),.UNSPECIFIED.,.F.,.F.,.F.,(4,4),(2,2),(0.307692307692308,
0.333333333333333),(0.,0.00012),.UNSPECIFIED.);
#59=B_SPLINE_SURFACE_WITH_KNOTS('',3,1,((#9885,#9886),(#9887,#9888),(#9889,
#9890),(#9891,#9892)),.UNSPECIFIED.,.F.,.F.,.F.,(4,4),(2,2),(0.358974358974359,
0.384615384615385),(0.,0.00012),.UNSPECIFIED.);
#60=B_SPLINE_SURFACE_WITH_KNOTS('',3,1,((#9904,#9905),(#9906,#9907),(#9908,
#9909),(#9910,#9911)),.UNSPECIFIED.,.F.,.F.,.F.,(4,4),(2,2),(0.384615384615385,
0.41025641025641),(0.,0.00012),.UNSPECIFIED.);
#61=B_SPLINE_SURFACE_WITH_KNOTS('',3,1,((#9923,#9924),(#9925,#9926),(#9927,
#9928),(#9929,#9930)),.UNSPECIFIED.,.F.,.F.,.F.,(4,4),(2,2),(0.41025641025641,
0.435897435897436),(0.,0.00012),.UNSPECIFIED.);
#62=B_SPLINE_SURFACE_WITH_KNOTS('',3,1,((#9942,#9943),(#9944,#9945),(#9946,
#9947),(#9948,#9949)),.UNSPECIFIED.,.F.,.F.,.F.,(4,4),(2,2),(0.435897435897436,
0.461538461538462),(0.,0.00012),.UNSPECIFIED.);
#63=B_SPLINE_SURFACE_WITH_KNOTS('',3,1,((#9991,#9992),(#9993,#9994),(#9995,
#9996),(#9997,#9998)),.UNSPECIFIED.,.F.,.F.,.F.,(4,4),(2,2),(0.58974358974359,
0.615384615384615),(0.,0.00012),.UNSPECIFIED.);
#64=B_SPLINE_SURFACE_WITH_KNOTS('',3,1,((#10058,#10059),(#10060,#10061),
(#10062,#10063),(#10064,#10065)),.UNSPECIFIED.,.F.,.F.,.F.,(4,4),(2,2),
(0.82051282051282,0.846153846153846),(0.,0.00012),.UNSPECIFIED.);
#65=B_SPLINE_SURFACE_WITH_KNOTS('',3,1,((#10077,#10078),(#10079,#10080),
(#10081,#10082),(#10083,#10084)),.UNSPECIFIED.,.F.,.F.,.F.,(4,4),(2,2),
(0.846153846153846,0.871794871794872),(0.,0.00012),.UNSPECIFIED.);
#66=B_SPLINE_SURFACE_WITH_KNOTS('',3,1,((#10096,#10097),(#10098,#10099),
(#10100,#10101),(#10102,#10103)),.UNSPECIFIED.,.F.,.F.,.F.,(4,4),(2,2),
(0.871794871794872,0.897435897435897),(0.,0.00012),.UNSPECIFIED.);
#67=B_SPLINE_SURFACE_WITH_KNOTS('',3,1,((#10121,#10122),(#10123,#10124),
(#10125,#10126),(#10127,#10128)),.UNSPECIFIED.,.F.,.F.,.F.,(4,4),(2,2),
(0.923076923076923,0.948717948717949),(0.,0.00012),.UNSPECIFIED.);
#68=B_SPLINE_SURFACE_WITH_KNOTS('',3,1,((#10146,#10147),(#10148,#10149),
(#10150,#10151),(#10152,#10153)),.UNSPECIFIED.,.F.,.F.,.F.,(4,4),(2,2),
(0.,0.0909090909090909),(0.,0.00012),.UNSPECIFIED.);
#69=B_SPLINE_SURFACE_WITH_KNOTS('',3,1,((#10167,#10168),(#10169,#10170),
(#10171,#10172),(#10173,#10174)),.UNSPECIFIED.,.F.,.F.,.F.,(4,4),(2,2),
(0.8125,0.875),(0.,0.00012),.UNSPECIFIED.);
#70=B_SPLINE_SURFACE_WITH_KNOTS('',3,1,((#10189,#10190),(#10191,#10192),
(#10193,#10194),(#10195,#10196)),.UNSPECIFIED.,.F.,.F.,.F.,(4,4),(2,2),
(0.875,1.),(0.,0.00012),.UNSPECIFIED.);
#71=B_SPLINE_SURFACE_WITH_KNOTS('',3,1,((#10208,#10209),(#10210,#10211),
(#10212,#10213),(#10214,#10215)),.UNSPECIFIED.,.F.,.F.,.F.,(4,4),(2,2),
(0.,0.0625),(0.,0.00012),.UNSPECIFIED.);
#72=B_SPLINE_SURFACE_WITH_KNOTS('',3,1,((#10227,#10228),(#10229,#10230),
(#10231,#10232),(#10233,#10234)),.UNSPECIFIED.,.F.,.F.,.F.,(4,4),(2,2),
(0.0625,0.125),(0.,0.00012),.UNSPECIFIED.);
#73=B_SPLINE_SURFACE_WITH_KNOTS('',3,1,((#10246,#10247),(#10248,#10249),
(#10250,#10251),(#10252,#10253)),.UNSPECIFIED.,.F.,.F.,.F.,(4,4),(2,2),
(0.125,0.1875),(0.,0.00012),.UNSPECIFIED.);
#74=B_SPLINE_SURFACE_WITH_KNOTS('',3,1,((#10265,#10266),(#10267,#10268),
(#10269,#10270),(#10271,#10272)),.UNSPECIFIED.,.F.,.F.,.F.,(4,4),(2,2),
(0.1875,0.25),(0.,0.00012),.UNSPECIFIED.);
#75=B_SPLINE_SURFACE_WITH_KNOTS('',3,1,((#10284,#10285),(#10286,#10287),
(#10288,#10289),(#10290,#10291)),.UNSPECIFIED.,.F.,.F.,.F.,(4,4),(2,2),
(0.25,0.3125),(0.,0.00012),.UNSPECIFIED.);
#76=B_SPLINE_SURFACE_WITH_KNOTS('',3,1,((#10303,#10304),(#10305,#10306),
(#10307,#10308),(#10309,#10310)),.UNSPECIFIED.,.F.,.F.,.F.,(4,4),(2,2),
(0.3125,0.375),(0.,0.00012),.UNSPECIFIED.);
#77=B_SPLINE_SURFACE_WITH_KNOTS('',3,1,((#10322,#10323),(#10324,#10325),
(#10326,#10327),(#10328,#10329)),.UNSPECIFIED.,.F.,.F.,.F.,(4,4),(2,2),
(0.375,0.4375),(0.,0.00012),.UNSPECIFIED.);
#78=B_SPLINE_SURFACE_WITH_KNOTS('',3,1,((#10341,#10342),(#10343,#10344),
(#10345,#10346),(#10347,#10348)),.UNSPECIFIED.,.F.,.F.,.F.,(4,4),(2,2),
(0.4375,0.5),(0.,0.00012),.UNSPECIFIED.);
#79=B_SPLINE_SURFACE_WITH_KNOTS('',3,1,((#10360,#10361),(#10362,#10363),
(#10364,#10365),(#10366,#10367)),.UNSPECIFIED.,.F.,.F.,.F.,(4,4),(2,2),
(0.5,0.5625),(0.,0.00012),.UNSPECIFIED.);
#80=B_SPLINE_SURFACE_WITH_KNOTS('',3,1,((#10379,#10380),(#10381,#10382),
(#10383,#10384),(#10385,#10386)),.UNSPECIFIED.,.F.,.F.,.F.,(4,4),(2,2),
(0.5625,0.625),(0.,0.00012),.UNSPECIFIED.);
#81=B_SPLINE_SURFACE_WITH_KNOTS('',3,1,((#10398,#10399),(#10400,#10401),
(#10402,#10403),(#10404,#10405)),.UNSPECIFIED.,.F.,.F.,.F.,(4,4),(2,2),
(0.625,0.6875),(0.,0.00012),.UNSPECIFIED.);
#82=B_SPLINE_SURFACE_WITH_KNOTS('',3,1,((#10417,#10418),(#10419,#10420),
(#10421,#10422),(#10423,#10424)),.UNSPECIFIED.,.F.,.F.,.F.,(4,4),(2,2),
(0.6875,0.75),(0.,0.00012),.UNSPECIFIED.);
#83=B_SPLINE_SURFACE_WITH_KNOTS('',3,1,((#10436,#10437),(#10438,#10439),
(#10440,#10441),(#10442,#10443)),.UNSPECIFIED.,.F.,.F.,.F.,(4,4),(2,2),
(0.75,0.8125),(0.,0.00012),.UNSPECIFIED.);
#84=B_SPLINE_SURFACE_WITH_KNOTS('',3,1,((#10454,#10455),(#10456,#10457),
(#10458,#10459),(#10460,#10461)),.UNSPECIFIED.,.F.,.F.,.F.,(4,4),(2,2),
(0.,0.2),(0.,0.00012),.UNSPECIFIED.);
#85=B_SPLINE_SURFACE_WITH_KNOTS('',3,1,((#10476,#10477),(#10478,#10479),
(#10480,#10481),(#10482,#10483)),.UNSPECIFIED.,.F.,.F.,.F.,(4,4),(2,2),
(0.2,0.4),(0.,0.00012),.UNSPECIFIED.);
#86=B_SPLINE_SURFACE_WITH_KNOTS('',3,1,((#10501,#10502),(#10503,#10504),
(#10505,#10506),(#10507,#10508)),.UNSPECIFIED.,.F.,.F.,.F.,(4,4),(2,2),
(0.555555555555556,0.666666666666667),(0.,0.00012),.UNSPECIFIED.);
#87=B_SPLINE_SURFACE_WITH_KNOTS('',3,1,((#10523,#10524),(#10525,#10526),
(#10527,#10528),(#10529,#10530)),.UNSPECIFIED.,.F.,.F.,.F.,(4,4),(2,2),
(0.666666666666667,0.777777777777778),(0.,0.00012),.UNSPECIFIED.);
#88=B_SPLINE_SURFACE_WITH_KNOTS('',3,1,((#10572,#10573),(#10574,#10575),
(#10576,#10577),(#10578,#10579)),.UNSPECIFIED.,.F.,.F.,.F.,(4,4),(2,2),
(0.444444444444444,0.555555555555556),(0.,0.00012),.UNSPECIFIED.);
#89=B_SPLINE_SURFACE_WITH_KNOTS('',3,1,((#10602,#10603),(#10604,#10605),
(#10606,#10607),(#10608,#10609)),.UNSPECIFIED.,.F.,.F.,.F.,(4,4),(2,2),
(0.,0.0769230769230769),(0.,0.00012),.UNSPECIFIED.);
#90=B_SPLINE_SURFACE_WITH_KNOTS('',3,1,((#10689,#10690),(#10691,#10692),
(#10693,#10694),(#10695,#10696)),.UNSPECIFIED.,.F.,.F.,.F.,(4,4),(2,2),
(0.777777777777778,1.),(0.,0.00012),.UNSPECIFIED.);
#91=B_SPLINE_SURFACE_WITH_KNOTS('',3,1,((#10726,#10727),(#10728,#10729),
(#10730,#10731),(#10732,#10733)),.UNSPECIFIED.,.F.,.F.,.F.,(4,4),(2,2),
(0.333333333333333,0.444444444444444),(0.,0.00012),.UNSPECIFIED.);
#92=B_SPLINE_SURFACE_WITH_KNOTS('',3,1,((#10756,#10757),(#10758,#10759),
(#10760,#10761),(#10762,#10763)),.UNSPECIFIED.,.F.,.F.,.F.,(4,4),(2,2),
(0.,0.142857142857143),(0.,0.00012),.UNSPECIFIED.);
#93=B_SPLINE_SURFACE_WITH_KNOTS('',3,1,((#10778,#10779),(#10780,#10781),
(#10782,#10783),(#10784,#10785)),.UNSPECIFIED.,.F.,.F.,.F.,(4,4),(2,2),
(0.142857142857143,0.285714285714286),(0.,0.00012),.UNSPECIFIED.);
#94=B_SPLINE_SURFACE_WITH_KNOTS('',3,1,((#10847,#10848),(#10849,#10850),
(#10851,#10852),(#10853,#10854)),.UNSPECIFIED.,.F.,.F.,.F.,(4,4),(2,2),
(0.8,1.),(0.,0.00012),.UNSPECIFIED.);
#95=B_SPLINE_SURFACE_WITH_KNOTS('',3,1,((#10866,#10867),(#10868,#10869),
(#10870,#10871),(#10872,#10873)),.UNSPECIFIED.,.F.,.F.,.F.,(4,4),(2,2),
(0.,0.1),(0.,0.00012),.UNSPECIFIED.);
#96=B_SPLINE_SURFACE_WITH_KNOTS('',3,1,((#10885,#10886),(#10887,#10888),
(#10889,#10890),(#10891,#10892)),.UNSPECIFIED.,.F.,.F.,.F.,(4,4),(2,2),
(0.1,0.2),(0.,0.00012),.UNSPECIFIED.);
#97=B_SPLINE_SURFACE_WITH_KNOTS('',3,1,((#10928,#10929),(#10930,#10931),
(#10932,#10933),(#10934,#10935)),.UNSPECIFIED.,.F.,.F.,.F.,(4,4),(2,2),
(0.2,0.4),(0.,0.00012),.UNSPECIFIED.);
#98=B_SPLINE_SURFACE_WITH_KNOTS('',3,1,((#10944,#10945),(#10946,#10947),
(#10948,#10949),(#10950,#10951)),.UNSPECIFIED.,.F.,.F.,.F.,(4,4),(2,2),
(0.4,0.6),(0.,0.00012),.UNSPECIFIED.);
#99=B_SPLINE_SURFACE_WITH_KNOTS('',3,1,((#10972,#10973),(#10974,#10975),
(#10976,#10977),(#10978,#10979)),.UNSPECIFIED.,.F.,.F.,.F.,(4,4),(2,2),
(0.6,0.7),(0.,0.00012),.UNSPECIFIED.);
#100=B_SPLINE_SURFACE_WITH_KNOTS('',3,1,((#10990,#10991),(#10992,#10993),
(#10994,#10995),(#10996,#10997)),.UNSPECIFIED.,.F.,.F.,.F.,(4,4),(2,2),
(0.,0.333333333333333),(0.,0.00012),.UNSPECIFIED.);
#101=B_SPLINE_SURFACE_WITH_KNOTS('',3,1,((#11012,#11013),(#11014,#11015),
(#11016,#11017),(#11018,#11019)),.UNSPECIFIED.,.F.,.F.,.F.,(4,4),(2,2),
(0.,0.333333333333333),(0.,0.00012),.UNSPECIFIED.);
#102=B_SPLINE_SURFACE_WITH_KNOTS('',3,1,((#11034,#11035),(#11036,#11037),
(#11038,#11039),(#11040,#11041)),.UNSPECIFIED.,.F.,.F.,.F.,(4,4),(2,2),
(0.333333333333333,1.),(0.,0.00012),.UNSPECIFIED.);
#103=B_SPLINE_SURFACE_WITH_KNOTS('',3,1,((#11050,#11051),(#11052,#11053),
(#11054,#11055),(#11056,#11057)),.UNSPECIFIED.,.F.,.F.,.F.,(4,4),(2,2),
(0.333333333333333,1.),(0.,0.00012),.UNSPECIFIED.);
#104=B_SPLINE_SURFACE_WITH_KNOTS('',3,1,((#11068,#11069),(#11070,#11071),
(#11072,#11073),(#11074,#11075)),.UNSPECIFIED.,.F.,.F.,.F.,(4,4),(2,2),
(0.142857142857143,0.285714285714286),(0.,0.00012),.UNSPECIFIED.);
#105=B_SPLINE_SURFACE_WITH_KNOTS('',3,1,((#11090,#11091),(#11092,#11093),
(#11094,#11095),(#11096,#11097)),.UNSPECIFIED.,.F.,.F.,.F.,(4,4),(2,2),
(0.285714285714286,0.428571428571428),(0.,0.00012),.UNSPECIFIED.);
#106=B_SPLINE_SURFACE_WITH_KNOTS('',3,1,((#11136,#11137),(#11138,#11139),
(#11140,#11141),(#11142,#11143)),.UNSPECIFIED.,.F.,.F.,.F.,(4,4),(2,2),
(0.2,0.4),(0.,0.00012),.UNSPECIFIED.);
#107=B_SPLINE_SURFACE_WITH_KNOTS('',3,1,((#11164,#11165),(#11166,#11167),
(#11168,#11169),(#11170,#11171)),.UNSPECIFIED.,.F.,.F.,.F.,(4,4),(2,2),
(0.,0.142857142857143),(0.,0.00012),.UNSPECIFIED.);
#108=B_SPLINE_SURFACE_WITH_KNOTS('',3,1,((#11191,#11192),(#11193,#11194),
(#11195,#11196),(#11197,#11198)),.UNSPECIFIED.,.F.,.F.,.F.,(4,4),(2,2),
(0.8,1.),(0.,0.00012),.UNSPECIFIED.);
#109=B_SPLINE_SURFACE_WITH_KNOTS('',3,1,((#11210,#11211),(#11212,#11213),
(#11214,#11215),(#11216,#11217)),.UNSPECIFIED.,.F.,.F.,.F.,(4,4),(2,2),
(0.,0.1),(0.,0.00012),.UNSPECIFIED.);
#110=B_SPLINE_SURFACE_WITH_KNOTS('',3,1,((#11229,#11230),(#11231,#11232),
(#11233,#11234),(#11235,#11236)),.UNSPECIFIED.,.F.,.F.,.F.,(4,4),(2,2),
(0.1,0.2),(0.,0.00012),.UNSPECIFIED.);
#111=B_SPLINE_SURFACE_WITH_KNOTS('',3,1,((#11272,#11273),(#11274,#11275),
(#11276,#11277),(#11278,#11279)),.UNSPECIFIED.,.F.,.F.,.F.,(4,4),(2,2),
(0.2,0.4),(0.,0.00012),.UNSPECIFIED.);
#112=B_SPLINE_SURFACE_WITH_KNOTS('',3,1,((#11294,#11295),(#11296,#11297),
(#11298,#11299),(#11300,#11301)),.UNSPECIFIED.,.F.,.F.,.F.,(4,4),(2,2),
(0.4,0.6),(0.,0.00012),.UNSPECIFIED.);
#113=B_SPLINE_SURFACE_WITH_KNOTS('',3,1,((#11322,#11323),(#11324,#11325),
(#11326,#11327),(#11328,#11329)),.UNSPECIFIED.,.F.,.F.,.F.,(4,4),(2,2),
(0.6,0.7),(0.,0.00012),.UNSPECIFIED.);
#114=B_SPLINE_SURFACE_WITH_KNOTS('',3,1,((#11340,#11341),(#11342,#11343),
(#11344,#11345),(#11346,#11347)),.UNSPECIFIED.,.F.,.F.,.F.,(4,4),(2,2),
(0.25,0.5),(0.,0.00012),.UNSPECIFIED.);
#115=B_SPLINE_SURFACE_WITH_KNOTS('',3,1,((#11362,#11363),(#11364,#11365),
(#11366,#11367),(#11368,#11369)),.UNSPECIFIED.,.F.,.F.,.F.,(4,4),(2,2),
(0.5,1.),(0.,0.00012),.UNSPECIFIED.);
#116=B_SPLINE_SURFACE_WITH_KNOTS('',3,1,((#11391,#11392),(#11393,#11394),
(#11395,#11396),(#11397,#11398)),.UNSPECIFIED.,.F.,.F.,.F.,(4,4),(2,2),
(0.25,0.5),(0.,0.00012),.UNSPECIFIED.);
#117=B_SPLINE_SURFACE_WITH_KNOTS('',3,1,((#11413,#11414),(#11415,#11416),
(#11417,#11418),(#11419,#11420)),.UNSPECIFIED.,.F.,.F.,.F.,(4,4),(2,2),
(0.5,1.),(0.,0.00012),.UNSPECIFIED.);
#118=B_SPLINE_SURFACE_WITH_KNOTS('',3,1,((#11432,#11433),(#11434,#11435),
(#11436,#11437),(#11438,#11439)),.UNSPECIFIED.,.F.,.F.,.F.,(4,4),(2,2),
(0.,0.25),(0.,0.00012),.UNSPECIFIED.);
#119=B_SPLINE_SURFACE_WITH_KNOTS('',3,1,((#11448,#11449),(#11450,#11451),
(#11452,#11453),(#11454,#11455)),.UNSPECIFIED.,.F.,.F.,.F.,(4,4),(2,2),
(0.,0.25),(0.,0.00012),.UNSPECIFIED.);
#120=B_SPLINE_SURFACE_WITH_KNOTS('',3,1,((#11466,#11467),(#11468,#11469),
(#11470,#11471),(#11472,#11473)),.UNSPECIFIED.,.F.,.F.,.F.,(4,4),(2,2),
(0.75,0.833333333333333),(0.,0.00012),.UNSPECIFIED.);
#121=B_SPLINE_SURFACE_WITH_KNOTS('',3,1,((#11488,#11489),(#11490,#11491),
(#11492,#11493),(#11494,#11495)),.UNSPECIFIED.,.F.,.F.,.F.,(4,4),(2,2),
(0.833333333333333,1.),(0.,0.00012),.UNSPECIFIED.);
#122=B_SPLINE_SURFACE_WITH_KNOTS('',3,1,((#11555,#11556),(#11557,#11558),
(#11559,#11560),(#11561,#11562)),.UNSPECIFIED.,.F.,.F.,.F.,(4,4),(2,2),
(0.666666666666667,0.75),(0.,0.00012),.UNSPECIFIED.);
#123=B_SPLINE_SURFACE_WITH_KNOTS('',3,1,((#11608,#11609),(#11610,#11611),
(#11612,#11613),(#11614,#11615)),.UNSPECIFIED.,.F.,.F.,.F.,(4,4),(2,2),
(0.,0.125),(0.,0.00012),.UNSPECIFIED.);
#124=B_SPLINE_SURFACE_WITH_KNOTS('',3,1,((#11627,#11628),(#11629,#11630),
(#11631,#11632),(#11633,#11634)),.UNSPECIFIED.,.F.,.F.,.F.,(4,4),(2,2),
(0.125,0.25),(0.,0.00012),.UNSPECIFIED.);
#125=B_SPLINE_SURFACE_WITH_KNOTS('',3,1,((#11646,#11647),(#11648,#11649),
(#11650,#11651),(#11652,#11653)),.UNSPECIFIED.,.F.,.F.,.F.,(4,4),(2,2),
(0.25,0.375),(0.,0.00012),.UNSPECIFIED.);
#126=B_SPLINE_SURFACE_WITH_KNOTS('',3,1,((#11665,#11666),(#11667,#11668),
(#11669,#11670),(#11671,#11672)),.UNSPECIFIED.,.F.,.F.,.F.,(4,4),(2,2),
(0.375,0.5),(0.,0.00012),.UNSPECIFIED.);
#127=B_SPLINE_SURFACE_WITH_KNOTS('',3,1,((#11684,#11685),(#11686,#11687),
(#11688,#11689),(#11690,#11691)),.UNSPECIFIED.,.F.,.F.,.F.,(4,4),(2,2),
(0.5,0.625),(0.,0.00012),.UNSPECIFIED.);
#128=B_SPLINE_SURFACE_WITH_KNOTS('',3,1,((#11697,#11698),(#11699,#11700),
(#11701,#11702),(#11703,#11704)),.UNSPECIFIED.,.F.,.F.,.F.,(4,4),(2,2),
(0.625,0.75),(0.,0.00012),.UNSPECIFIED.);
#129=SHAPE_REPRESENTATION_RELATIONSHIP('SRR','None',#11738,#131);
#130=SHAPE_REPRESENTATION_RELATIONSHIP('SRR','None',#11739,#132);
#131=ADVANCED_BREP_SHAPE_REPRESENTATION('',(#162,#163,#164,#165,#166,#167,
#168),#11722);
#132=ADVANCED_BREP_SHAPE_REPRESENTATION('',(#169,#170,#171,#172,#173,#174,
#175,#176,#177,#178,#179,#180,#181,#182,#183,#184),#11723);
#133=STYLED_ITEM('',(#11757),#162);
#134=STYLED_ITEM('',(#11758),#163);
#135=STYLED_ITEM('',(#11759),#164);
#136=STYLED_ITEM('',(#11759),#165);
#137=STYLED_ITEM('',(#11759),#166);
#138=STYLED_ITEM('',(#11759),#167);
#139=STYLED_ITEM('',(#11757),#6355);
#140=STYLED_ITEM('',(#11757),#6356);
#141=STYLED_ITEM('',(#11757),#6357);
#142=STYLED_ITEM('',(#11757),#6358);
#143=STYLED_ITEM('',(#11757),#6359);
#144=STYLED_ITEM('',(#11757),#6360);
#145=STYLED_ITEM('',(#11759),#168);
#146=STYLED_ITEM('',(#11758),#169);
#147=STYLED_ITEM('',(#11758),#170);
#148=STYLED_ITEM('',(#11758),#171);
#149=STYLED_ITEM('',(#11758),#172);
#150=STYLED_ITEM('',(#11758),#173);
#151=STYLED_ITEM('',(#11758),#174);
#152=STYLED_ITEM('',(#11758),#175);
#153=STYLED_ITEM('',(#11758),#176);
#154=STYLED_ITEM('',(#11758),#177);
#155=STYLED_ITEM('',(#11758),#178);
#156=STYLED_ITEM('',(#11758),#179);
#157=STYLED_ITEM('',(#11758),#180);
#158=STYLED_ITEM('',(#11758),#181);
#159=STYLED_ITEM('',(#11758),#182);
#160=STYLED_ITEM('',(#11758),#183);
#161=STYLED_ITEM('',(#11758),#184);
#162=MANIFOLD_SOLID_BREP('Body1',#6605);
#163=MANIFOLD_SOLID_BREP('Body2',#6606);
#164=MANIFOLD_SOLID_BREP('Body3',#6607);
#165=MANIFOLD_SOLID_BREP('Body4',#6608);
#166=MANIFOLD_SOLID_BREP('Body5',#6609);
#167=MANIFOLD_SOLID_BREP('Body6',#6610);
#168=MANIFOLD_SOLID_BREP('Body7',#6611);
#169=MANIFOLD_SOLID_BREP('Body1',#6612);
#170=MANIFOLD_SOLID_BREP('Body2',#6613);
#171=MANIFOLD_SOLID_BREP('Body3',#6614);
#172=MANIFOLD_SOLID_BREP('Body4',#6615);
#173=MANIFOLD_SOLID_BREP('Body5',#6616);
#174=MANIFOLD_SOLID_BREP('Body6',#6617);
#175=MANIFOLD_SOLID_BREP('Body7',#6618);
#176=MANIFOLD_SOLID_BREP('Body8',#6619);
#177=MANIFOLD_SOLID_BREP('Body9',#6620);
#178=MANIFOLD_SOLID_BREP('Body10',#6621);
#179=MANIFOLD_SOLID_BREP('Body11',#6622);
#180=MANIFOLD_SOLID_BREP('Body12',#6623);
#181=MANIFOLD_SOLID_BREP('Body13',#6624);
#182=MANIFOLD_SOLID_BREP('Body14',#6625);
#183=MANIFOLD_SOLID_BREP('Body15',#6626);
#184=MANIFOLD_SOLID_BREP('Body16',#6627);
#185=SPHERICAL_SURFACE('',#6705,0.15);
#186=SPHERICAL_SURFACE('',#6707,0.15);
#187=SPHERICAL_SURFACE('',#6719,0.15);
#188=SPHERICAL_SURFACE('',#6721,0.15);
#189=B_SPLINE_CURVE_WITH_KNOTS('',3,(#8470,#8471,#8472,#8473,#8474,#8475,
#8476,#8477,#8478,#8479,#8480,#8481,#8482,#8483,#8484,#8485,#8486,#8487,
#8488,#8489,#8490,#8491,#8492,#8493,#8494,#8495,#8496,#8497,#8498,#8499,
#8500),.UNSPECIFIED.,.F.,.F.,(4,3,3,3,3,3,3,3,3,3,4),(0.,2.27279751360782E-5,
3.19156210821909E-5,5.72526177001622E-5,8.25896143181334E-5,0.000107943233152265,
0.000133296851986396,0.000158686476954473,0.00018407610192255,0.000209463255026001,
0.000234850408129453),.UNSPECIFIED.);
#190=B_SPLINE_CURVE_WITH_KNOTS('',3,(#8502,#8503,#8504,#8505,#8506,#8507,
#8508,#8509,#8510,#8511,#8512,#8513,#8514,#8515,#8516,#8517,#8518,#8519,
#8520,#8521,#8522,#8523,#8524,#8525,#8526,#8527,#8528,#8529,#8530,#8531,
#8532),.UNSPECIFIED.,.F.,.F.,(4,3,3,3,3,3,3,3,3,3,4),(1.10716128297502E-14,
2.27891040457002E-5,3.19177008963349E-5,5.72547327224672E-5,8.25917645485996E-5,
0.000107945052486873,0.000133298340425145,0.000158687540995899,0.000184076741566653,
0.000209463472914749,0.000234850204262844),.UNSPECIFIED.);
#191=B_SPLINE_CURVE_WITH_KNOTS('',3,(#8993,#8994,#8995,#8996),
 .UNSPECIFIED.,.F.,.F.,(4,4),(0.896551724137931,0.931034482758621),
 .UNSPECIFIED.);
#192=B_SPLINE_CURVE_WITH_KNOTS('',3,(#9000,#9001,#9002,#9003),
 .UNSPECIFIED.,.F.,.F.,(4,4),(0.896551724137931,0.931034482758621),
 .UNSPECIFIED.);
#193=B_SPLINE_CURVE_WITH_KNOTS('',3,(#9014,#9015,#9016,#9017),
 .UNSPECIFIED.,.F.,.F.,(4,4),(0.931034482758621,1.),.UNSPECIFIED.);
#194=B_SPLINE_CURVE_WITH_KNOTS('',3,(#9020,#9021,#9022,#9023),
 .UNSPECIFIED.,.F.,.F.,(4,4),(0.931034482758621,1.),.UNSPECIFIED.);
#195=B_SPLINE_CURVE_WITH_KNOTS('',3,(#9033,#9034,#9035,#9036),
 .UNSPECIFIED.,.F.,.F.,(4,4),(0.,0.0344827586206897),.UNSPECIFIED.);
#196=B_SPLINE_CURVE_WITH_KNOTS('',3,(#9039,#9040,#9041,#9042),
 .UNSPECIFIED.,.F.,.F.,(4,4),(0.,0.0344827586206897),.UNSPECIFIED.);
#197=B_SPLINE_CURVE_WITH_KNOTS('',3,(#9052,#9053,#9054,#9055),
 .UNSPECIFIED.,.F.,.F.,(4,4),(0.0344827586206897,0.0689655172413793),
 .UNSPECIFIED.);
#198=B_SPLINE_CURVE_WITH_KNOTS('',3,(#9058,#9059,#9060,#9061),
 .UNSPECIFIED.,.F.,.F.,(4,4),(0.0344827586206897,0.0689655172413793),
 .UNSPECIFIED.);
#199=B_SPLINE_CURVE_WITH_KNOTS('',3,(#9089,#9090,#9091,#9092),
 .UNSPECIFIED.,.F.,.F.,(4,4),(0.172413793103448,0.206896551724138),
 .UNSPECIFIED.);
#200=B_SPLINE_CURVE_WITH_KNOTS('',3,(#9095,#9096,#9097,#9098),
 .UNSPECIFIED.,.F.,.F.,(4,4),(0.172413793103448,0.206896551724138),
 .UNSPECIFIED.);
#201=B_SPLINE_CURVE_WITH_KNOTS('',3,(#9108,#9109,#9110,#9111),
 .UNSPECIFIED.,.F.,.F.,(4,4),(0.206896551724138,0.241379310344828),
 .UNSPECIFIED.);
#202=B_SPLINE_CURVE_WITH_KNOTS('',3,(#9114,#9115,#9116,#9117),
 .UNSPECIFIED.,.F.,.F.,(4,4),(0.206896551724138,0.241379310344828),
 .UNSPECIFIED.);
#203=B_SPLINE_CURVE_WITH_KNOTS('',3,(#9127,#9128,#9129,#9130),
 .UNSPECIFIED.,.F.,.F.,(4,4),(0.241379310344828,0.275862068965517),
 .UNSPECIFIED.);
#204=B_SPLINE_CURVE_WITH_KNOTS('',3,(#9133,#9134,#9135,#9136),
 .UNSPECIFIED.,.F.,.F.,(4,4),(0.241379310344828,0.275862068965517),
 .UNSPECIFIED.);
#205=B_SPLINE_CURVE_WITH_KNOTS('',3,(#9164,#9165,#9166,#9167),
 .UNSPECIFIED.,.F.,.F.,(4,4),(0.379310344827586,0.413793103448276),
 .UNSPECIFIED.);
#206=B_SPLINE_CURVE_WITH_KNOTS('',3,(#9170,#9171,#9172,#9173),
 .UNSPECIFIED.,.F.,.F.,(4,4),(0.379310344827586,0.413793103448276),
 .UNSPECIFIED.);
#207=B_SPLINE_CURVE_WITH_KNOTS('',3,(#9183,#9184,#9185,#9186),
 .UNSPECIFIED.,.F.,.F.,(4,4),(0.,0.0230284592131146),.UNSPECIFIED.);
#208=B_SPLINE_CURVE_WITH_KNOTS('',3,(#9189,#9190,#9191,#9192),
 .UNSPECIFIED.,.F.,.F.,(4,4),(0.,0.0230284592131514),.UNSPECIFIED.);
#209=B_SPLINE_CURVE_WITH_KNOTS('',3,(#9208,#9209,#9210,#9211),
 .UNSPECIFIED.,.F.,.F.,(4,4),(0.,0.0174465297990862),.UNSPECIFIED.);
#210=B_SPLINE_CURVE_WITH_KNOTS('',3,(#9214,#9215,#9216,#9217),
 .UNSPECIFIED.,.F.,.F.,(4,4),(0.,0.0174465297990901),.UNSPECIFIED.);
#211=B_SPLINE_CURVE_WITH_KNOTS('',3,(#9227,#9228,#9229,#9230),
 .UNSPECIFIED.,.F.,.F.,(4,4),(0.517241379310345,0.551724137931034),
 .UNSPECIFIED.);
#212=B_SPLINE_CURVE_WITH_KNOTS('',3,(#9233,#9234,#9235,#9236),
 .UNSPECIFIED.,.F.,.F.,(4,4),(0.517241379310345,0.551724137931034),
 .UNSPECIFIED.);
#213=B_SPLINE_CURVE_WITH_KNOTS('',3,(#9246,#9247,#9248,#9249),
 .UNSPECIFIED.,.F.,.F.,(4,4),(0.551724137931034,0.586206896551724),
 .UNSPECIFIED.);
#214=B_SPLINE_CURVE_WITH_KNOTS('',3,(#9252,#9253,#9254,#9255),
 .UNSPECIFIED.,.F.,.F.,(4,4),(0.551724137931034,0.586206896551724),
 .UNSPECIFIED.);
#215=B_SPLINE_CURVE_WITH_KNOTS('',3,(#9265,#9266,#9267,#9268),
 .UNSPECIFIED.,.F.,.F.,(4,4),(0.586206896551724,0.620689655172414),
 .UNSPECIFIED.);
#216=B_SPLINE_CURVE_WITH_KNOTS('',3,(#9271,#9272,#9273,#9274),
 .UNSPECIFIED.,.F.,.F.,(4,4),(0.586206896551724,0.620689655172414),
 .UNSPECIFIED.);
#217=B_SPLINE_CURVE_WITH_KNOTS('',3,(#9302,#9303,#9304,#9305),
 .UNSPECIFIED.,.F.,.F.,(4,4),(0.724137931034483,0.758620689655172),
 .UNSPECIFIED.);
#218=B_SPLINE_CURVE_WITH_KNOTS('',3,(#9308,#9309,#9310,#9311),
 .UNSPECIFIED.,.F.,.F.,(4,4),(0.724137931034483,0.758620689655172),
 .UNSPECIFIED.);
#219=B_SPLINE_CURVE_WITH_KNOTS('',3,(#9321,#9322,#9323,#9324),
 .UNSPECIFIED.,.F.,.F.,(4,4),(0.758620689655172,0.793103448275862),
 .UNSPECIFIED.);
#220=B_SPLINE_CURVE_WITH_KNOTS('',3,(#9327,#9328,#9329,#9330),
 .UNSPECIFIED.,.F.,.F.,(4,4),(0.758620689655172,0.793103448275862),
 .UNSPECIFIED.);
#221=B_SPLINE_CURVE_WITH_KNOTS('',3,(#9340,#9341,#9342,#9343),
 .UNSPECIFIED.,.F.,.F.,(4,4),(0.793103448275862,0.827586206896552),
 .UNSPECIFIED.);
#222=B_SPLINE_CURVE_WITH_KNOTS('',3,(#9346,#9347,#9348,#9349),
 .UNSPECIFIED.,.F.,.F.,(4,4),(0.793103448275862,0.827586206896552),
 .UNSPECIFIED.);
#223=B_SPLINE_CURVE_WITH_KNOTS('',3,(#9359,#9360,#9361,#9362),
 .UNSPECIFIED.,.F.,.F.,(4,4),(0.827586206896552,0.862068965517241),
 .UNSPECIFIED.);
#224=B_SPLINE_CURVE_WITH_KNOTS('',3,(#9365,#9366,#9367,#9368),
 .UNSPECIFIED.,.F.,.F.,(4,4),(0.827586206896552,0.862068965517241),
 .UNSPECIFIED.);
#225=B_SPLINE_CURVE_WITH_KNOTS('',3,(#9377,#9378,#9379,#9380),
 .UNSPECIFIED.,.F.,.F.,(4,4),(0.,0.0333070898545422),.UNSPECIFIED.);
#226=B_SPLINE_CURVE_WITH_KNOTS('',3,(#9381,#9382,#9383,#9384),
 .UNSPECIFIED.,.F.,.F.,(4,4),(0.,0.0333070898545422),.UNSPECIFIED.);
#227=B_SPLINE_CURVE_WITH_KNOTS('',3,(#9397,#9398,#9399,#9400),
 .UNSPECIFIED.,.F.,.F.,(4,4),(0.739130434782609,0.782608695652174),
 .UNSPECIFIED.);
#228=B_SPLINE_CURVE_WITH_KNOTS('',3,(#9404,#9405,#9406,#9407),
 .UNSPECIFIED.,.F.,.F.,(4,4),(0.739130434782609,0.782608695652174),
 .UNSPECIFIED.);
#229=B_SPLINE_CURVE_WITH_KNOTS('',3,(#9418,#9419,#9420,#9421),
 .UNSPECIFIED.,.F.,.F.,(4,4),(0.782608695652174,0.826086956521739),
 .UNSPECIFIED.);
#230=B_SPLINE_CURVE_WITH_KNOTS('',3,(#9424,#9425,#9426,#9427),
 .UNSPECIFIED.,.F.,.F.,(4,4),(0.782608695652174,0.826086956521739),
 .UNSPECIFIED.);
#231=B_SPLINE_CURVE_WITH_KNOTS('',3,(#9461,#9462,#9463,#9464),
 .UNSPECIFIED.,.F.,.F.,(4,4),(0.0434782608695652,0.0869565217391304),
 .UNSPECIFIED.);
#232=B_SPLINE_CURVE_WITH_KNOTS('',3,(#9467,#9468,#9469,#9470),
 .UNSPECIFIED.,.F.,.F.,(4,4),(0.0434782608695652,0.0869565217391304),
 .UNSPECIFIED.);
#233=B_SPLINE_CURVE_WITH_KNOTS('',3,(#9480,#9481,#9482,#9483),
 .UNSPECIFIED.,.F.,.F.,(4,4),(0.0869565217391304,0.130434782608696),
 .UNSPECIFIED.);
#234=B_SPLINE_CURVE_WITH_KNOTS('',3,(#9486,#9487,#9488,#9489),
 .UNSPECIFIED.,.F.,.F.,(4,4),(0.0869565217391304,0.130434782608696),
 .UNSPECIFIED.);
#235=B_SPLINE_CURVE_WITH_KNOTS('',3,(#9517,#9518,#9519,#9520),
 .UNSPECIFIED.,.F.,.F.,(4,4),(0.260869565217391,0.304347826086956),
 .UNSPECIFIED.);
#236=B_SPLINE_CURVE_WITH_KNOTS('',3,(#9523,#9524,#9525,#9526),
 .UNSPECIFIED.,.F.,.F.,(4,4),(0.260869565217391,0.304347826086956),
 .UNSPECIFIED.);
#237=B_SPLINE_CURVE_WITH_KNOTS('',3,(#9536,#9537,#9538,#9539),
 .UNSPECIFIED.,.F.,.F.,(4,4),(0.304347826086956,0.347826086956522),
 .UNSPECIFIED.);
#238=B_SPLINE_CURVE_WITH_KNOTS('',3,(#9542,#9543,#9544,#9545),
 .UNSPECIFIED.,.F.,.F.,(4,4),(0.304347826086956,0.347826086956522),
 .UNSPECIFIED.);
#239=B_SPLINE_CURVE_WITH_KNOTS('',3,(#9555,#9556,#9557,#9558),
 .UNSPECIFIED.,.F.,.F.,(4,4),(0.347826086956522,0.391304347826087),
 .UNSPECIFIED.);
#240=B_SPLINE_CURVE_WITH_KNOTS('',3,(#9561,#9562,#9563,#9564),
 .UNSPECIFIED.,.F.,.F.,(4,4),(0.347826086956522,0.391304347826087),
 .UNSPECIFIED.);
#241=B_SPLINE_CURVE_WITH_KNOTS('',3,(#9574,#9575,#9576,#9577),
 .UNSPECIFIED.,.F.,.F.,(4,4),(0.391304347826087,0.434782608695652),
 .UNSPECIFIED.);
#242=B_SPLINE_CURVE_WITH_KNOTS('',3,(#9580,#9581,#9582,#9583),
 .UNSPECIFIED.,.F.,.F.,(4,4),(0.391304347826087,0.434782608695652),
 .UNSPECIFIED.);
#243=B_SPLINE_CURVE_WITH_KNOTS('',3,(#9593,#9594,#9595,#9596),
 .UNSPECIFIED.,.F.,.F.,(4,4),(0.434782608695652,0.478260869565217),
 .UNSPECIFIED.);
#244=B_SPLINE_CURVE_WITH_KNOTS('',3,(#9599,#9600,#9601,#9602),
 .UNSPECIFIED.,.F.,.F.,(4,4),(0.434782608695652,0.478260869565217),
 .UNSPECIFIED.);
#245=B_SPLINE_CURVE_WITH_KNOTS('',3,(#9612,#9613,#9614,#9615),
 .UNSPECIFIED.,.F.,.F.,(4,4),(0.,0.00995290655443364),.UNSPECIFIED.);
#246=B_SPLINE_CURVE_WITH_KNOTS('',3,(#9618,#9619,#9620,#9621),
 .UNSPECIFIED.,.F.,.F.,(4,4),(0.,0.00995290655442914),.UNSPECIFIED.);
#247=B_SPLINE_CURVE_WITH_KNOTS('',3,(#9631,#9632,#9633,#9634),
 .UNSPECIFIED.,.F.,.F.,(4,4),(0.521739130434783,0.565217391304348),
 .UNSPECIFIED.);
#248=B_SPLINE_CURVE_WITH_KNOTS('',3,(#9637,#9638,#9639,#9640),
 .UNSPECIFIED.,.F.,.F.,(4,4),(0.521739130434783,0.565217391304348),
 .UNSPECIFIED.);
#249=B_SPLINE_CURVE_WITH_KNOTS('',3,(#9656,#9657,#9658,#9659),
 .UNSPECIFIED.,.F.,.F.,(4,4),(0.608695652173913,0.652173913043478),
 .UNSPECIFIED.);
#250=B_SPLINE_CURVE_WITH_KNOTS('',3,(#9662,#9663,#9664,#9665),
 .UNSPECIFIED.,.F.,.F.,(4,4),(0.608695652173913,0.652173913043478),
 .UNSPECIFIED.);
#251=B_SPLINE_CURVE_WITH_KNOTS('',3,(#9675,#9676,#9677,#9678),
 .UNSPECIFIED.,.F.,.F.,(4,4),(0.652173913043478,0.695652173913043),
 .UNSPECIFIED.);
#252=B_SPLINE_CURVE_WITH_KNOTS('',3,(#9681,#9682,#9683,#9684),
 .UNSPECIFIED.,.F.,.F.,(4,4),(0.652173913043478,0.695652173913043),
 .UNSPECIFIED.);
#253=B_SPLINE_CURVE_WITH_KNOTS('',3,(#9700,#9701,#9702,#9703),
 .UNSPECIFIED.,.F.,.F.,(4,4),(0.5,0.625),.UNSPECIFIED.);
#254=B_SPLINE_CURVE_WITH_KNOTS('',3,(#9707,#9708,#9709,#9710),
 .UNSPECIFIED.,.F.,.F.,(4,4),(0.5,0.625),.UNSPECIFIED.);
#255=B_SPLINE_CURVE_WITH_KNOTS('',3,(#9721,#9722,#9723,#9724),
 .UNSPECIFIED.,.F.,.F.,(4,4),(0.0769230769230769,0.102564102564103),
 .UNSPECIFIED.);
#256=B_SPLINE_CURVE_WITH_KNOTS('',3,(#9727,#9728,#9729,#9730),
 .UNSPECIFIED.,.F.,.F.,(4,4),(0.0769230769230769,0.102564102564103),
 .UNSPECIFIED.);
#257=B_SPLINE_CURVE_WITH_KNOTS('',3,(#9740,#9741,#9742,#9743),
 .UNSPECIFIED.,.F.,.F.,(4,4),(0.102564102564103,0.128205128205128),
 .UNSPECIFIED.);
#258=B_SPLINE_CURVE_WITH_KNOTS('',3,(#9746,#9747,#9748,#9749),
 .UNSPECIFIED.,.F.,.F.,(4,4),(0.102564102564103,0.128205128205128),
 .UNSPECIFIED.);
#259=B_SPLINE_CURVE_WITH_KNOTS('',3,(#9759,#9760,#9761,#9762),
 .UNSPECIFIED.,.F.,.F.,(4,4),(0.,0.0234243774837438),.UNSPECIFIED.);
#260=B_SPLINE_CURVE_WITH_KNOTS('',3,(#9765,#9766,#9767,#9768),
 .UNSPECIFIED.,.F.,.F.,(4,4),(0.,0.0234243774837438),.UNSPECIFIED.);
#261=B_SPLINE_CURVE_WITH_KNOTS('',3,(#9778,#9779,#9780,#9781),
 .UNSPECIFIED.,.F.,.F.,(4,4),(0.153846153846154,0.179487179487179),
 .UNSPECIFIED.);
#262=B_SPLINE_CURVE_WITH_KNOTS('',3,(#9784,#9785,#9786,#9787),
 .UNSPECIFIED.,.F.,.F.,(4,4),(0.153846153846154,0.179487179487179),
 .UNSPECIFIED.);
#263=B_SPLINE_CURVE_WITH_KNOTS('',3,(#9804,#9805,#9806,#9807),
 .UNSPECIFIED.,.F.,.F.,(4,4),(0.0909090909090909,0.181818181818182),
 .UNSPECIFIED.);
#264=B_SPLINE_CURVE_WITH_KNOTS('',3,(#9811,#9812,#9813,#9814),
 .UNSPECIFIED.,.F.,.F.,(4,4),(0.0909090909090909,0.181818181818182),
 .UNSPECIFIED.);
#265=B_SPLINE_CURVE_WITH_KNOTS('',3,(#9831,#9832,#9833,#9834),
 .UNSPECIFIED.,.F.,.F.,(4,4),(0.256410256410256,0.282051282051282),
 .UNSPECIFIED.);
#266=B_SPLINE_CURVE_WITH_KNOTS('',3,(#9837,#9838,#9839,#9840),
 .UNSPECIFIED.,.F.,.F.,(4,4),(0.256410256410256,0.282051282051282),
 .UNSPECIFIED.);
#267=B_SPLINE_CURVE_WITH_KNOTS('',3,(#9850,#9851,#9852,#9853),
 .UNSPECIFIED.,.F.,.F.,(4,4),(0.282051282051282,0.307692307692308),
 .UNSPECIFIED.);
#268=B_SPLINE_CURVE_WITH_KNOTS('',3,(#9856,#9857,#9858,#9859),
 .UNSPECIFIED.,.F.,.F.,(4,4),(0.282051282051282,0.307692307692308),
 .UNSPECIFIED.);
#269=B_SPLINE_CURVE_WITH_KNOTS('',3,(#9869,#9870,#9871,#9872),
 .UNSPECIFIED.,.F.,.F.,(4,4),(0.307692307692308,0.333333333333333),
 .UNSPECIFIED.);
#270=B_SPLINE_CURVE_WITH_KNOTS('',3,(#9875,#9876,#9877,#9878),
 .UNSPECIFIED.,.F.,.F.,(4,4),(0.307692307692308,0.333333333333333),
 .UNSPECIFIED.);
#271=B_SPLINE_CURVE_WITH_KNOTS('',3,(#9894,#9895,#9896,#9897),
 .UNSPECIFIED.,.F.,.F.,(4,4),(0.358974358974359,0.384615384615385),
 .UNSPECIFIED.);
#272=B_SPLINE_CURVE_WITH_KNOTS('',3,(#9900,#9901,#9902,#9903),
 .UNSPECIFIED.,.F.,.F.,(4,4),(0.358974358974359,0.384615384615385),
 .UNSPECIFIED.);
#273=B_SPLINE_CURVE_WITH_KNOTS('',3,(#9913,#9914,#9915,#9916),
 .UNSPECIFIED.,.F.,.F.,(4,4),(0.384615384615385,0.41025641025641),
 .UNSPECIFIED.);
#274=B_SPLINE_CURVE_WITH_KNOTS('',3,(#9919,#9920,#9921,#9922),
 .UNSPECIFIED.,.F.,.F.,(4,4),(0.384615384615385,0.41025641025641),
 .UNSPECIFIED.);
#275=B_SPLINE_CURVE_WITH_KNOTS('',3,(#9932,#9933,#9934,#9935),
 .UNSPECIFIED.,.F.,.F.,(4,4),(0.41025641025641,0.435897435897436),
 .UNSPECIFIED.);
#276=B_SPLINE_CURVE_WITH_KNOTS('',3,(#9938,#9939,#9940,#9941),
 .UNSPECIFIED.,.F.,.F.,(4,4),(0.41025641025641,0.435897435897436),
 .UNSPECIFIED.);
#277=B_SPLINE_CURVE_WITH_KNOTS('',3,(#9951,#9952,#9953,#9954),
 .UNSPECIFIED.,.F.,.F.,(4,4),(0.435897435897436,0.461538461538462),
 .UNSPECIFIED.);
#278=B_SPLINE_CURVE_WITH_KNOTS('',3,(#9957,#9958,#9959,#9960),
 .UNSPECIFIED.,.F.,.F.,(4,4),(0.435897435897436,0.461538461538462),
 .UNSPECIFIED.);
#279=B_SPLINE_CURVE_WITH_KNOTS('',3,(#10000,#10001,#10002,#10003),
 .UNSPECIFIED.,.F.,.F.,(4,4),(0.58974358974359,0.615384615384615),
 .UNSPECIFIED.);
#280=B_SPLINE_CURVE_WITH_KNOTS('',3,(#10006,#10007,#10008,#10009),
 .UNSPECIFIED.,.F.,.F.,(4,4),(0.58974358974359,0.615384615384615),
 .UNSPECIFIED.);
#281=B_SPLINE_CURVE_WITH_KNOTS('',3,(#10067,#10068,#10069,#10070),
 .UNSPECIFIED.,.F.,.F.,(4,4),(0.82051282051282,0.846153846153846),
 .UNSPECIFIED.);
#282=B_SPLINE_CURVE_WITH_KNOTS('',3,(#10073,#10074,#10075,#10076),
 .UNSPECIFIED.,.F.,.F.,(4,4),(0.82051282051282,0.846153846153846),
 .UNSPECIFIED.);
#283=B_SPLINE_CURVE_WITH_KNOTS('',3,(#10086,#10087,#10088,#10089),
 .UNSPECIFIED.,.F.,.F.,(4,4),(0.846153846153846,0.871794871794872),
 .UNSPECIFIED.);
#284=B_SPLINE_CURVE_WITH_KNOTS('',3,(#10092,#10093,#10094,#10095),
 .UNSPECIFIED.,.F.,.F.,(4,4),(0.846153846153846,0.871794871794872),
 .UNSPECIFIED.);
#285=B_SPLINE_CURVE_WITH_KNOTS('',3,(#10105,#10106,#10107,#10108),
 .UNSPECIFIED.,.F.,.F.,(4,4),(0.871794871794872,0.897435897435897),
 .UNSPECIFIED.);
#286=B_SPLINE_CURVE_WITH_KNOTS('',3,(#10111,#10112,#10113,#10114),
 .UNSPECIFIED.,.F.,.F.,(4,4),(0.871794871794872,0.897435897435897),
 .UNSPECIFIED.);
#287=B_SPLINE_CURVE_WITH_KNOTS('',3,(#10130,#10131,#10132,#10133),
 .UNSPECIFIED.,.F.,.F.,(4,4),(0.923076923076923,0.948717948717949),
 .UNSPECIFIED.);
#288=B_SPLINE_CURVE_WITH_KNOTS('',3,(#10136,#10137,#10138,#10139),
 .UNSPECIFIED.,.F.,.F.,(4,4),(0.923076923076923,0.948717948717949),
 .UNSPECIFIED.);
#289=B_SPLINE_CURVE_WITH_KNOTS('',3,(#10154,#10155,#10156,#10157),
 .UNSPECIFIED.,.F.,.F.,(4,4),(0.,0.0909090909090909),.UNSPECIFIED.);
#290=B_SPLINE_CURVE_WITH_KNOTS('',3,(#10158,#10159,#10160,#10161),
 .UNSPECIFIED.,.F.,.F.,(4,4),(0.,0.0909090909090909),.UNSPECIFIED.);
#291=B_SPLINE_CURVE_WITH_KNOTS('',3,(#10177,#10178,#10179,#10180),
 .UNSPECIFIED.,.F.,.F.,(4,4),(0.8125,0.875),.UNSPECIFIED.);
#292=B_SPLINE_CURVE_WITH_KNOTS('',3,(#10184,#10185,#10186,#10187),
 .UNSPECIFIED.,.F.,.F.,(4,4),(0.8125,0.875),.UNSPECIFIED.);
#293=B_SPLINE_CURVE_WITH_KNOTS('',3,(#10198,#10199,#10200,#10201),
 .UNSPECIFIED.,.F.,.F.,(4,4),(0.875,1.),.UNSPECIFIED.);
#294=B_SPLINE_CURVE_WITH_KNOTS('',3,(#10204,#10205,#10206,#10207),
 .UNSPECIFIED.,.F.,.F.,(4,4),(0.875,1.),.UNSPECIFIED.);
#295=B_SPLINE_CURVE_WITH_KNOTS('',3,(#10217,#10218,#10219,#10220),
 .UNSPECIFIED.,.F.,.F.,(4,4),(0.,0.0625),.UNSPECIFIED.);
#296=B_SPLINE_CURVE_WITH_KNOTS('',3,(#10223,#10224,#10225,#10226),
 .UNSPECIFIED.,.F.,.F.,(4,4),(0.,0.0625),.UNSPECIFIED.);
#297=B_SPLINE_CURVE_WITH_KNOTS('',3,(#10236,#10237,#10238,#10239),
 .UNSPECIFIED.,.F.,.F.,(4,4),(0.0625,0.125),.UNSPECIFIED.);
#298=B_SPLINE_CURVE_WITH_KNOTS('',3,(#10242,#10243,#10244,#10245),
 .UNSPECIFIED.,.F.,.F.,(4,4),(0.0625,0.125),.UNSPECIFIED.);
#299=B_SPLINE_CURVE_WITH_KNOTS('',3,(#10255,#10256,#10257,#10258),
 .UNSPECIFIED.,.F.,.F.,(4,4),(0.125,0.1875),.UNSPECIFIED.);
#300=B_SPLINE_CURVE_WITH_KNOTS('',3,(#10261,#10262,#10263,#10264),
 .UNSPECIFIED.,.F.,.F.,(4,4),(0.125,0.1875),.UNSPECIFIED.);
#301=B_SPLINE_CURVE_WITH_KNOTS('',3,(#10274,#10275,#10276,#10277),
 .UNSPECIFIED.,.F.,.F.,(4,4),(0.1875,0.25),.UNSPECIFIED.);
#302=B_SPLINE_CURVE_WITH_KNOTS('',3,(#10280,#10281,#10282,#10283),
 .UNSPECIFIED.,.F.,.F.,(4,4),(0.1875,0.25),.UNSPECIFIED.);
#303=B_SPLINE_CURVE_WITH_KNOTS('',3,(#10293,#10294,#10295,#10296),
 .UNSPECIFIED.,.F.,.F.,(4,4),(0.25,0.3125),.UNSPECIFIED.);
#304=B_SPLINE_CURVE_WITH_KNOTS('',3,(#10299,#10300,#10301,#10302),
 .UNSPECIFIED.,.F.,.F.,(4,4),(0.25,0.3125),.UNSPECIFIED.);
#305=B_SPLINE_CURVE_WITH_KNOTS('',3,(#10312,#10313,#10314,#10315),
 .UNSPECIFIED.,.F.,.F.,(4,4),(0.,0.0255121323008721),.UNSPECIFIED.);
#306=B_SPLINE_CURVE_WITH_KNOTS('',3,(#10318,#10319,#10320,#10321),
 .UNSPECIFIED.,.F.,.F.,(4,4),(0.,0.0255121323008743),.UNSPECIFIED.);
#307=B_SPLINE_CURVE_WITH_KNOTS('',3,(#10331,#10332,#10333,#10334),
 .UNSPECIFIED.,.F.,.F.,(4,4),(0.375,0.4375),.UNSPECIFIED.);
#308=B_SPLINE_CURVE_WITH_KNOTS('',3,(#10337,#10338,#10339,#10340),
 .UNSPECIFIED.,.F.,.F.,(4,4),(0.375,0.4375),.UNSPECIFIED.);
#309=B_SPLINE_CURVE_WITH_KNOTS('',3,(#10350,#10351,#10352,#10353),
 .UNSPECIFIED.,.F.,.F.,(4,4),(0.4375,0.5),.UNSPECIFIED.);
#310=B_SPLINE_CURVE_WITH_KNOTS('',3,(#10356,#10357,#10358,#10359),
 .UNSPECIFIED.,.F.,.F.,(4,4),(0.4375,0.5),.UNSPECIFIED.);
#311=B_SPLINE_CURVE_WITH_KNOTS('',3,(#10369,#10370,#10371,#10372),
 .UNSPECIFIED.,.F.,.F.,(4,4),(0.5,0.5625),.UNSPECIFIED.);
#312=B_SPLINE_CURVE_WITH_KNOTS('',3,(#10375,#10376,#10377,#10378),
 .UNSPECIFIED.,.F.,.F.,(4,4),(0.5,0.5625),.UNSPECIFIED.);
#313=B_SPLINE_CURVE_WITH_KNOTS('',3,(#10388,#10389,#10390,#10391),
 .UNSPECIFIED.,.F.,.F.,(4,4),(0.5625,0.625),.UNSPECIFIED.);
#314=B_SPLINE_CURVE_WITH_KNOTS('',3,(#10394,#10395,#10396,#10397),
 .UNSPECIFIED.,.F.,.F.,(4,4),(0.5625,0.625),.UNSPECIFIED.);
#315=B_SPLINE_CURVE_WITH_KNOTS('',3,(#10407,#10408,#10409,#10410),
 .UNSPECIFIED.,.F.,.F.,(4,4),(0.625,0.6875),.UNSPECIFIED.);
#316=B_SPLINE_CURVE_WITH_KNOTS('',3,(#10413,#10414,#10415,#10416),
 .UNSPECIFIED.,.F.,.F.,(4,4),(0.625,0.6875),.UNSPECIFIED.);
#317=B_SPLINE_CURVE_WITH_KNOTS('',3,(#10426,#10427,#10428,#10429),
 .UNSPECIFIED.,.F.,.F.,(4,4),(0.6875,0.75),.UNSPECIFIED.);
#318=B_SPLINE_CURVE_WITH_KNOTS('',3,(#10432,#10433,#10434,#10435),
 .UNSPECIFIED.,.F.,.F.,(4,4),(0.6875,0.75),.UNSPECIFIED.);
#319=B_SPLINE_CURVE_WITH_KNOTS('',3,(#10444,#10445,#10446,#10447),
 .UNSPECIFIED.,.F.,.F.,(4,4),(0.75,0.8125),.UNSPECIFIED.);
#320=B_SPLINE_CURVE_WITH_KNOTS('',3,(#10448,#10449,#10450,#10451),
 .UNSPECIFIED.,.F.,.F.,(4,4),(0.75,0.8125),.UNSPECIFIED.);
#321=B_SPLINE_CURVE_WITH_KNOTS('',3,(#10464,#10465,#10466,#10467),
 .UNSPECIFIED.,.F.,.F.,(4,4),(0.,0.2),.UNSPECIFIED.);
#322=B_SPLINE_CURVE_WITH_KNOTS('',3,(#10471,#10472,#10473,#10474),
 .UNSPECIFIED.,.F.,.F.,(4,4),(0.,0.2),.UNSPECIFIED.);
#323=B_SPLINE_CURVE_WITH_KNOTS('',3,(#10485,#10486,#10487,#10488),
 .UNSPECIFIED.,.F.,.F.,(4,4),(0.2,0.4),.UNSPECIFIED.);
#324=B_SPLINE_CURVE_WITH_KNOTS('',3,(#10491,#10492,#10493,#10494),
 .UNSPECIFIED.,.F.,.F.,(4,4),(0.2,0.4),.UNSPECIFIED.);
#325=B_SPLINE_CURVE_WITH_KNOTS('',3,(#10511,#10512,#10513,#10514),
 .UNSPECIFIED.,.F.,.F.,(4,4),(0.555555555555556,0.666666666666667),
 .UNSPECIFIED.);
#326=B_SPLINE_CURVE_WITH_KNOTS('',3,(#10518,#10519,#10520,#10521),
 .UNSPECIFIED.,.F.,.F.,(4,4),(0.555555555555556,0.666666666666667),
 .UNSPECIFIED.);
#327=B_SPLINE_CURVE_WITH_KNOTS('',3,(#10532,#10533,#10534,#10535),
 .UNSPECIFIED.,.F.,.F.,(4,4),(0.666666666666667,0.777777777777778),
 .UNSPECIFIED.);
#328=B_SPLINE_CURVE_WITH_KNOTS('',3,(#10538,#10539,#10540,#10541),
 .UNSPECIFIED.,.F.,.F.,(4,4),(0.666666666666667,0.777777777777778),
 .UNSPECIFIED.);
#329=B_SPLINE_CURVE_WITH_KNOTS('',3,(#10580,#10581,#10582,#10583),
 .UNSPECIFIED.,.F.,.F.,(4,4),(0.444444444444444,0.555555555555556),
 .UNSPECIFIED.);
#330=B_SPLINE_CURVE_WITH_KNOTS('',3,(#10584,#10585,#10586,#10587),
 .UNSPECIFIED.,.F.,.F.,(4,4),(0.444444444444444,0.555555555555556),
 .UNSPECIFIED.);
#331=B_SPLINE_CURVE_WITH_KNOTS('',3,(#10611,#10612,#10613,#10614),
 .UNSPECIFIED.,.F.,.F.,(4,4),(0.,0.0769230769230769),.UNSPECIFIED.);
#332=B_SPLINE_CURVE_WITH_KNOTS('',3,(#10617,#10618,#10619,#10620),
 .UNSPECIFIED.,.F.,.F.,(4,4),(0.,0.0769230769230769),.UNSPECIFIED.);
#333=B_SPLINE_CURVE_WITH_KNOTS('',3,(#10698,#10699,#10700,#10701),
 .UNSPECIFIED.,.F.,.F.,(4,4),(0.777777777777778,1.),.UNSPECIFIED.);
#334=B_SPLINE_CURVE_WITH_KNOTS('',3,(#10704,#10705,#10706,#10707),
 .UNSPECIFIED.,.F.,.F.,(4,4),(0.777777777777778,1.),.UNSPECIFIED.);
#335=B_SPLINE_CURVE_WITH_KNOTS('',3,(#10735,#10736,#10737,#10738),
 .UNSPECIFIED.,.F.,.F.,(4,4),(0.333333333333333,0.444444444444444),
 .UNSPECIFIED.);
#336=B_SPLINE_CURVE_WITH_KNOTS('',3,(#10741,#10742,#10743,#10744),
 .UNSPECIFIED.,.F.,.F.,(4,4),(0.333333333333333,0.444444444444444),
 .UNSPECIFIED.);
#337=B_SPLINE_CURVE_WITH_KNOTS('',3,(#10766,#10767,#10768,#10769),
 .UNSPECIFIED.,.F.,.F.,(4,4),(0.,0.142857142857143),.UNSPECIFIED.);
#338=B_SPLINE_CURVE_WITH_KNOTS('',3,(#10773,#10774,#10775,#10776),
 .UNSPECIFIED.,.F.,.F.,(4,4),(0.,0.142857142857143),.UNSPECIFIED.);
#339=B_SPLINE_CURVE_WITH_KNOTS('',3,(#10787,#10788,#10789,#10790),
 .UNSPECIFIED.,.F.,.F.,(4,4),(0.142857142857143,0.285714285714286),
 .UNSPECIFIED.);
#340=B_SPLINE_CURVE_WITH_KNOTS('',3,(#10793,#10794,#10795,#10796),
 .UNSPECIFIED.,.F.,.F.,(4,4),(0.142857142857143,0.285714285714286),
 .UNSPECIFIED.);
#341=B_SPLINE_CURVE_WITH_KNOTS('',3,(#10856,#10857,#10858,#10859),
 .UNSPECIFIED.,.F.,.F.,(4,4),(0.8,1.),.UNSPECIFIED.);
#342=B_SPLINE_CURVE_WITH_KNOTS('',3,(#10862,#10863,#10864,#10865),
 .UNSPECIFIED.,.F.,.F.,(4,4),(0.8,1.),.UNSPECIFIED.);
#343=B_SPLINE_CURVE_WITH_KNOTS('',3,(#10875,#10876,#10877,#10878),
 .UNSPECIFIED.,.F.,.F.,(4,4),(0.,0.1),.UNSPECIFIED.);
#344=B_SPLINE_CURVE_WITH_KNOTS('',3,(#10881,#10882,#10883,#10884),
 .UNSPECIFIED.,.F.,.F.,(4,4),(0.,0.1),.UNSPECIFIED.);
#345=B_SPLINE_CURVE_WITH_KNOTS('',3,(#10894,#10895,#10896,#10897),
 .UNSPECIFIED.,.F.,.F.,(4,4),(0.1,0.2),.UNSPECIFIED.);
#346=B_SPLINE_CURVE_WITH_KNOTS('',3,(#10900,#10901,#10902,#10903),
 .UNSPECIFIED.,.F.,.F.,(4,4),(0.1,0.2),.UNSPECIFIED.);
#347=B_SPLINE_CURVE_WITH_KNOTS('',3,(#10953,#10954,#10955,#10956),
 .UNSPECIFIED.,.F.,.F.,(4,4),(0.4,0.6),.UNSPECIFIED.);
#348=B_SPLINE_CURVE_WITH_KNOTS('',3,(#10959,#10960,#10961,#10962),
 .UNSPECIFIED.,.F.,.F.,(4,4),(0.4,0.6),.UNSPECIFIED.);
#349=B_SPLINE_CURVE_WITH_KNOTS('',3,(#10980,#10981,#10982,#10983),
 .UNSPECIFIED.,.F.,.F.,(4,4),(0.6,0.7),.UNSPECIFIED.);
#350=B_SPLINE_CURVE_WITH_KNOTS('',3,(#10984,#10985,#10986,#10987),
 .UNSPECIFIED.,.F.,.F.,(4,4),(0.6,0.7),.UNSPECIFIED.);
#351=B_SPLINE_CURVE_WITH_KNOTS('',3,(#11000,#11001,#11002,#11003),
 .UNSPECIFIED.,.F.,.F.,(4,4),(0.,0.333333333333333),.UNSPECIFIED.);
#352=B_SPLINE_CURVE_WITH_KNOTS('',3,(#11007,#11008,#11009,#11010),
 .UNSPECIFIED.,.F.,.F.,(4,4),(0.,0.333333333333333),.UNSPECIFIED.);
#353=B_SPLINE_CURVE_WITH_KNOTS('',3,(#11022,#11023,#11024,#11025),
 .UNSPECIFIED.,.F.,.F.,(4,4),(0.,0.333333333333333),.UNSPECIFIED.);
#354=B_SPLINE_CURVE_WITH_KNOTS('',3,(#11029,#11030,#11031,#11032),
 .UNSPECIFIED.,.F.,.F.,(4,4),(0.,0.333333333333333),.UNSPECIFIED.);
#355=B_SPLINE_CURVE_WITH_KNOTS('',3,(#11042,#11043,#11044,#11045),
 .UNSPECIFIED.,.F.,.F.,(4,4),(0.333333333333333,1.),.UNSPECIFIED.);
#356=B_SPLINE_CURVE_WITH_KNOTS('',3,(#11046,#11047,#11048,#11049),
 .UNSPECIFIED.,.F.,.F.,(4,4),(0.333333333333333,1.),.UNSPECIFIED.);
#357=B_SPLINE_CURVE_WITH_KNOTS('',3,(#11058,#11059,#11060,#11061),
 .UNSPECIFIED.,.F.,.F.,(4,4),(0.333333333333333,1.),.UNSPECIFIED.);
#358=B_SPLINE_CURVE_WITH_KNOTS('',3,(#11062,#11063,#11064,#11065),
 .UNSPECIFIED.,.F.,.F.,(4,4),(0.333333333333333,1.),.UNSPECIFIED.);
#359=B_SPLINE_CURVE_WITH_KNOTS('',3,(#11078,#11079,#11080,#11081),
 .UNSPECIFIED.,.F.,.F.,(4,4),(0.142857142857143,0.285714285714286),
 .UNSPECIFIED.);
#360=B_SPLINE_CURVE_WITH_KNOTS('',3,(#11085,#11086,#11087,#11088),
 .UNSPECIFIED.,.F.,.F.,(4,4),(0.142857142857143,0.285714285714286),
 .UNSPECIFIED.);
#361=B_SPLINE_CURVE_WITH_KNOTS('',3,(#11099,#11100,#11101,#11102),
 .UNSPECIFIED.,.F.,.F.,(4,4),(0.285714285714286,0.428571428571428),
 .UNSPECIFIED.);
#362=B_SPLINE_CURVE_WITH_KNOTS('',3,(#11105,#11106,#11107,#11108),
 .UNSPECIFIED.,.F.,.F.,(4,4),(0.285714285714286,0.428571428571428),
 .UNSPECIFIED.);
#363=B_SPLINE_CURVE_WITH_KNOTS('',3,(#11145,#11146,#11147,#11148),
 .UNSPECIFIED.,.F.,.F.,(4,4),(0.2,0.4),.UNSPECIFIED.);
#364=B_SPLINE_CURVE_WITH_KNOTS('',3,(#11151,#11152,#11153,#11154),
 .UNSPECIFIED.,.F.,.F.,(4,4),(0.2,0.4),.UNSPECIFIED.);
#365=B_SPLINE_CURVE_WITH_KNOTS('',3,(#11172,#11173,#11174,#11175),
 .UNSPECIFIED.,.F.,.F.,(4,4),(0.,0.142857142857143),.UNSPECIFIED.);
#366=B_SPLINE_CURVE_WITH_KNOTS('',3,(#11176,#11177,#11178,#11179),
 .UNSPECIFIED.,.F.,.F.,(4,4),(0.,0.142857142857143),.UNSPECIFIED.);
#367=B_SPLINE_CURVE_WITH_KNOTS('',3,(#11200,#11201,#11202,#11203),
 .UNSPECIFIED.,.F.,.F.,(4,4),(0.8,1.),.UNSPECIFIED.);
#368=B_SPLINE_CURVE_WITH_KNOTS('',3,(#11206,#11207,#11208,#11209),
 .UNSPECIFIED.,.F.,.F.,(4,4),(0.8,1.),.UNSPECIFIED.);
#369=B_SPLINE_CURVE_WITH_KNOTS('',3,(#11219,#11220,#11221,#11222),
 .UNSPECIFIED.,.F.,.F.,(4,4),(0.,0.1),.UNSPECIFIED.);
#370=B_SPLINE_CURVE_WITH_KNOTS('',3,(#11225,#11226,#11227,#11228),
 .UNSPECIFIED.,.F.,.F.,(4,4),(0.,0.1),.UNSPECIFIED.);
#371=B_SPLINE_CURVE_WITH_KNOTS('',3,(#11238,#11239,#11240,#11241),
 .UNSPECIFIED.,.F.,.F.,(4,4),(0.1,0.2),.UNSPECIFIED.);
#372=B_SPLINE_CURVE_WITH_KNOTS('',3,(#11244,#11245,#11246,#11247),
 .UNSPECIFIED.,.F.,.F.,(4,4),(0.1,0.2),.UNSPECIFIED.);
#373=B_SPLINE_CURVE_WITH_KNOTS('',3,(#11282,#11283,#11284,#11285),
 .UNSPECIFIED.,.F.,.F.,(4,4),(0.2,0.4),.UNSPECIFIED.);
#374=B_SPLINE_CURVE_WITH_KNOTS('',3,(#11289,#11290,#11291,#11292),
 .UNSPECIFIED.,.F.,.F.,(4,4),(0.2,0.4),.UNSPECIFIED.);
#375=B_SPLINE_CURVE_WITH_KNOTS('',3,(#11303,#11304,#11305,#11306),
 .UNSPECIFIED.,.F.,.F.,(4,4),(0.4,0.6),.UNSPECIFIED.);
#376=B_SPLINE_CURVE_WITH_KNOTS('',3,(#11309,#11310,#11311,#11312),
 .UNSPECIFIED.,.F.,.F.,(4,4),(0.4,0.6),.UNSPECIFIED.);
#377=B_SPLINE_CURVE_WITH_KNOTS('',3,(#11330,#11331,#11332,#11333),
 .UNSPECIFIED.,.F.,.F.,(4,4),(0.6,0.7),.UNSPECIFIED.);
#378=B_SPLINE_CURVE_WITH_KNOTS('',3,(#11334,#11335,#11336,#11337),
 .UNSPECIFIED.,.F.,.F.,(4,4),(0.6,0.7),.UNSPECIFIED.);
#379=B_SPLINE_CURVE_WITH_KNOTS('',3,(#11350,#11351,#11352,#11353),
 .UNSPECIFIED.,.F.,.F.,(4,4),(0.25,0.5),.UNSPECIFIED.);
#380=B_SPLINE_CURVE_WITH_KNOTS('',3,(#11357,#11358,#11359,#11360),
 .UNSPECIFIED.,.F.,.F.,(4,4),(0.25,0.5),.UNSPECIFIED.);
#381=B_SPLINE_CURVE_WITH_KNOTS('',3,(#11371,#11372,#11373,#11374,#11375,
#11376,#11377,#11378,#11379,#11380,#11381,#11382,#11383,#11384),
 .UNSPECIFIED.,.F.,.F.,(4,2,2,2,2,2,4),(0.,0.00167928564492916,0.0032135802118457,
0.00493498757465949,0.00669569868254064,0.00807148736344753,0.0096639482939303),
 .UNSPECIFIED.);
#382=B_SPLINE_CURVE_WITH_KNOTS('',3,(#11387,#11388,#11389,#11390),
 .UNSPECIFIED.,.F.,.F.,(4,4),(0.,0.00966394829386258),.UNSPECIFIED.);
#383=B_SPLINE_CURVE_WITH_KNOTS('',3,(#11401,#11402,#11403,#11404),
 .UNSPECIFIED.,.F.,.F.,(4,4),(0.25,0.5),.UNSPECIFIED.);
#384=B_SPLINE_CURVE_WITH_KNOTS('',3,(#11408,#11409,#11410,#11411),
 .UNSPECIFIED.,.F.,.F.,(4,4),(0.25,0.5),.UNSPECIFIED.);
#385=B_SPLINE_CURVE_WITH_KNOTS('',3,(#11422,#11423,#11424,#11425),
 .UNSPECIFIED.,.F.,.F.,(4,4),(0.5,1.),.UNSPECIFIED.);
#386=B_SPLINE_CURVE_WITH_KNOTS('',3,(#11428,#11429,#11430,#11431),
 .UNSPECIFIED.,.F.,.F.,(4,4),(0.5,1.),.UNSPECIFIED.);
#387=B_SPLINE_CURVE_WITH_KNOTS('',3,(#11440,#11441,#11442,#11443),
 .UNSPECIFIED.,.F.,.F.,(4,4),(0.,0.25),.UNSPECIFIED.);
#388=B_SPLINE_CURVE_WITH_KNOTS('',3,(#11444,#11445,#11446,#11447),
 .UNSPECIFIED.,.F.,.F.,(4,4),(0.,0.25),.UNSPECIFIED.);
#389=B_SPLINE_CURVE_WITH_KNOTS('',3,(#11456,#11457,#11458,#11459),
 .UNSPECIFIED.,.F.,.F.,(4,4),(0.,0.25),.UNSPECIFIED.);
#390=B_SPLINE_CURVE_WITH_KNOTS('',3,(#11460,#11461,#11462,#11463),
 .UNSPECIFIED.,.F.,.F.,(4,4),(0.,0.25),.UNSPECIFIED.);
#391=B_SPLINE_CURVE_WITH_KNOTS('',3,(#11476,#11477,#11478,#11479),
 .UNSPECIFIED.,.F.,.F.,(4,4),(0.75,0.833333333333333),.UNSPECIFIED.);
#392=B_SPLINE_CURVE_WITH_KNOTS('',3,(#11483,#11484,#11485,#11486),
 .UNSPECIFIED.,.F.,.F.,(4,4),(0.75,0.833333333333333),.UNSPECIFIED.);
#393=B_SPLINE_CURVE_WITH_KNOTS('',3,(#11497,#11498,#11499,#11500),
 .UNSPECIFIED.,.F.,.F.,(4,4),(0.833333333333333,1.),.UNSPECIFIED.);
#394=B_SPLINE_CURVE_WITH_KNOTS('',3,(#11503,#11504,#11505,#11506),
 .UNSPECIFIED.,.F.,.F.,(4,4),(0.833333333333333,1.),.UNSPECIFIED.);
#395=B_SPLINE_CURVE_WITH_KNOTS('',3,(#11563,#11564,#11565,#11566),
 .UNSPECIFIED.,.F.,.F.,(4,4),(0.666666666666667,0.75),.UNSPECIFIED.);
#396=B_SPLINE_CURVE_WITH_KNOTS('',3,(#11567,#11568,#11569,#11570),
 .UNSPECIFIED.,.F.,.F.,(4,4),(0.666666666666667,0.75),.UNSPECIFIED.);
#397=B_SPLINE_CURVE_WITH_KNOTS('',3,(#11617,#11618,#11619,#11620),
 .UNSPECIFIED.,.F.,.F.,(4,4),(0.,0.125),.UNSPECIFIED.);
#398=B_SPLINE_CURVE_WITH_KNOTS('',3,(#11623,#11624,#11625,#11626),
 .UNSPECIFIED.,.F.,.F.,(4,4),(0.,0.125),.UNSPECIFIED.);
#399=B_SPLINE_CURVE_WITH_KNOTS('',3,(#11636,#11637,#11638,#11639),
 .UNSPECIFIED.,.F.,.F.,(4,4),(0.125,0.25),.UNSPECIFIED.);
#400=B_SPLINE_CURVE_WITH_KNOTS('',3,(#11642,#11643,#11644,#11645),
 .UNSPECIFIED.,.F.,.F.,(4,4),(0.125,0.25),.UNSPECIFIED.);
#401=B_SPLINE_CURVE_WITH_KNOTS('',3,(#11655,#11656,#11657,#11658),
 .UNSPECIFIED.,.F.,.F.,(4,4),(0.25,0.375),.UNSPECIFIED.);
#402=B_SPLINE_CURVE_WITH_KNOTS('',3,(#11661,#11662,#11663,#11664),
 .UNSPECIFIED.,.F.,.F.,(4,4),(0.25,0.375),.UNSPECIFIED.);
#403=B_SPLINE_CURVE_WITH_KNOTS('',3,(#11674,#11675,#11676,#11677),
 .UNSPECIFIED.,.F.,.F.,(4,4),(0.375,0.5),.UNSPECIFIED.);
#404=B_SPLINE_CURVE_WITH_KNOTS('',3,(#11680,#11681,#11682,#11683),
 .UNSPECIFIED.,.F.,.F.,(4,4),(0.375,0.5),.UNSPECIFIED.);
#405=B_SPLINE_CURVE_WITH_KNOTS('',3,(#11705,#11706,#11707,#11708),
 .UNSPECIFIED.,.F.,.F.,(4,4),(0.625,0.75),.UNSPECIFIED.);
#406=B_SPLINE_CURVE_WITH_KNOTS('',3,(#11709,#11710,#11711,#11712),
 .UNSPECIFIED.,.F.,.F.,(4,4),(0.625,0.75),.UNSPECIFIED.);
#407=FACE_BOUND('',#1039,.T.);
#408=FACE_BOUND('',#1091,.T.);
#409=FACE_BOUND('',#1093,.T.);
#410=FACE_BOUND('',#1248,.T.);
#411=FACE_BOUND('',#1250,.T.);
#412=FACE_BOUND('',#1281,.T.);
#413=FACE_BOUND('',#1283,.T.);
#414=FACE_BOUND('',#1318,.T.);
#415=FACE_BOUND('',#1320,.T.);
#416=FACE_BOUND('',#1335,.T.);
#417=FACE_BOUND('',#1337,.T.);
#418=FACE_BOUND('',#1343,.T.);
#419=FACE_BOUND('',#1345,.T.);
#420=FACE_BOUND('',#1357,.T.);
#421=FACE_BOUND('',#1359,.T.);
#422=FACE_BOUND('',#1374,.T.);
#423=FACE_BOUND('',#1376,.T.);
#424=FACE_BOUND('',#1384,.T.);
#425=FACE_BOUND('',#1386,.T.);
#426=(
BOUNDED_CURVE()
B_SPLINE_CURVE(3,(#8354,#8355,#8356,#8357),.UNSPECIFIED.,.F.,.F.)
B_SPLINE_CURVE_WITH_KNOTS((4,4),(6.27225889013651,6.28318530717959),
 .UNSPECIFIED.)
CURVE()
GEOMETRIC_REPRESENTATION_ITEM()
RATIONAL_B_SPLINE_CURVE((1.,0.999990051142295,0.999990051142295,1.))
REPRESENTATION_ITEM('')
);
#427=(
BOUNDED_CURVE()
B_SPLINE_CURVE(3,(#8372,#8373,#8374,#8375),.UNSPECIFIED.,.F.,.F.)
B_SPLINE_CURVE_WITH_KNOTS((4,4),(3.1415926535898,3.15251907063287),
 .UNSPECIFIED.)
CURVE()
GEOMETRIC_REPRESENTATION_ITEM()
RATIONAL_B_SPLINE_CURVE((1.,0.999990051142295,0.999990051142295,1.))
REPRESENTATION_ITEM('')
);
#428=ELLIPSE('',#6658,0.150826241934496,0.149999999999967);
#429=ELLIPSE('',#6661,0.150826241934478,0.14999999999995);
#430=ELLIPSE('',#6663,1.4428360652997,0.150000098439891);
#431=ELLIPSE('',#6664,1.44283711508744,0.150000153010816);
#432=ELLIPSE('',#6671,1.44292036211911,0.150000003053164);
#433=ELLIPSE('',#6672,1.44291822162979,0.149999891790648);
#434=ELLIPSE('',#6674,1.43499314201258,0.149998813931731);
#435=ELLIPSE('',#6675,1.4349916615431,0.149998736557469);
#436=ELLIPSE('',#6687,0.150203616424538,0.150000000000051);
#437=ELLIPSE('',#6691,0.150203616424442,0.149999999999962);
#438=ELLIPSE('',#6693,0.150203616424485,0.150000000000004);
#439=ELLIPSE('',#6702,0.150203616424417,0.149999999999936);
#440=ELLIPSE('',#6704,0.150203616424515,0.15000000000002);
#441=ELLIPSE('',#6710,0.150203616424547,0.15000000000005);
#442=ELLIPSE('',#6931,0.0512690810084128,0.0250675232335837);
#443=ELLIPSE('',#6932,0.0512690810084128,0.0250675232335837);
#444=ELLIPSE('',#6975,0.0386799906173274,0.0143125857505159);
#445=ELLIPSE('',#6976,0.0386799906173274,0.0143125857505159);
#446=PLANE('',#6656);
#447=PLANE('',#6657);
#448=PLANE('',#6662);
#449=PLANE('',#6665);
#450=PLANE('',#6666);
#451=PLANE('',#6667);
#452=PLANE('',#6668);
#453=PLANE('',#6669);
#454=PLANE('',#6670);
#455=PLANE('',#6673);
#456=PLANE('',#6676);
#457=PLANE('',#6677);
#458=PLANE('',#6678);
#459=PLANE('',#6679);
#460=PLANE('',#6680);
#461=PLANE('',#6681);
#462=PLANE('',#6682);
#463=PLANE('',#6683);
#464=PLANE('',#6684);
#465=PLANE('',#6685);
#466=PLANE('',#6724);
#467=PLANE('',#6728);
#468=PLANE('',#6729);
#469=PLANE('',#6733);
#470=PLANE('',#6734);
#471=PLANE('',#6735);
#472=PLANE('',#6736);
#473=PLANE('',#6737);
#474=PLANE('',#6738);
#475=PLANE('',#6739);
#476=PLANE('',#6740);
#477=PLANE('',#6741);
#478=PLANE('',#6742);
#479=PLANE('',#6743);
#480=PLANE('',#6744);
#481=PLANE('',#6745);
#482=PLANE('',#6747);
#483=PLANE('',#6749);
#484=PLANE('',#6751);
#485=PLANE('',#6752);
#486=PLANE('',#6753);
#487=PLANE('',#6755);
#488=PLANE('',#6758);
#489=PLANE('',#6759);
#490=PLANE('',#6760);
#491=PLANE('',#6761);
#492=PLANE('',#6762);
#493=PLANE('',#6763);
#494=PLANE('',#6764);
#495=PLANE('',#6773);
#496=PLANE('',#6774);
#497=PLANE('',#6775);
#498=PLANE('',#6781);
#499=PLANE('',#6782);
#500=PLANE('',#6784);
#501=PLANE('',#6786);
#502=PLANE('',#6788);
#503=PLANE('',#6789);
#504=PLANE('',#6790);
#505=PLANE('',#6791);
#506=PLANE('',#6792);
#507=PLANE('',#6793);
#508=PLANE('',#6794);
#509=PLANE('',#6795);
#510=PLANE('',#6796);
#511=PLANE('',#6797);
#512=PLANE('',#6798);
#513=PLANE('',#6807);
#514=PLANE('',#6808);
#515=PLANE('',#6809);
#516=PLANE('',#6815);
#517=PLANE('',#6816);
#518=PLANE('',#6818);
#519=PLANE('',#6820);
#520=PLANE('',#6822);
#521=PLANE('',#6823);
#522=PLANE('',#6824);
#523=PLANE('',#6825);
#524=PLANE('',#6826);
#525=PLANE('',#6827);
#526=PLANE('',#6828);
#527=PLANE('',#6829);
#528=PLANE('',#6833);
#529=PLANE('',#6835);
#530=PLANE('',#6836);
#531=PLANE('',#6839);
#532=PLANE('',#6841);
#533=PLANE('',#6842);
#534=PLANE('',#6843);
#535=PLANE('',#6844);
#536=PLANE('',#6845);
#537=PLANE('',#6846);
#538=PLANE('',#6847);
#539=PLANE('',#6848);
#540=PLANE('',#6849);
#541=PLANE('',#6850);
#542=PLANE('',#6851);
#543=PLANE('',#6852);
#544=PLANE('',#6853);
#545=PLANE('',#6854);
#546=PLANE('',#6855);
#547=PLANE('',#6856);
#548=PLANE('',#6857);
#549=PLANE('',#6858);
#550=PLANE('',#6859);
#551=PLANE('',#6860);
#552=PLANE('',#6861);
#553=PLANE('',#6862);
#554=PLANE('',#6863);
#555=PLANE('',#6864);
#556=PLANE('',#6865);
#557=PLANE('',#6866);
#558=PLANE('',#6867);
#559=PLANE('',#6868);
#560=PLANE('',#6869);
#561=PLANE('',#6870);
#562=PLANE('',#6871);
#563=PLANE('',#6872);
#564=PLANE('',#6873);
#565=PLANE('',#6874);
#566=PLANE('',#6875);
#567=PLANE('',#6876);
#568=PLANE('',#6877);
#569=PLANE('',#6878);
#570=PLANE('',#6879);
#571=PLANE('',#6880);
#572=PLANE('',#6881);
#573=PLANE('',#6882);
#574=PLANE('',#6883);
#575=PLANE('',#6884);
#576=PLANE('',#6885);
#577=PLANE('',#6886);
#578=PLANE('',#6887);
#579=PLANE('',#6888);
#580=PLANE('',#6889);
#581=PLANE('',#6890);
#582=PLANE('',#6891);
#583=PLANE('',#6892);
#584=PLANE('',#6893);
#585=PLANE('',#6894);
#586=PLANE('',#6895);
#587=PLANE('',#6896);
#588=PLANE('',#6897);
#589=PLANE('',#6898);
#590=PLANE('',#6899);
#591=PLANE('',#6900);
#592=PLANE('',#6901);
#593=PLANE('',#6902);
#594=PLANE('',#6903);
#595=PLANE('',#6904);
#596=PLANE('',#6905);
#597=PLANE('',#6906);
#598=PLANE('',#6907);
#599=PLANE('',#6908);
#600=PLANE('',#6909);
#601=PLANE('',#6910);
#602=PLANE('',#6911);
#603=PLANE('',#6912);
#604=PLANE('',#6913);
#605=PLANE('',#6914);
#606=PLANE('',#6915);
#607=PLANE('',#6916);
#608=PLANE('',#6917);
#609=PLANE('',#6918);
#610=PLANE('',#6919);
#611=PLANE('',#6920);
#612=PLANE('',#6921);
#613=PLANE('',#6922);
#614=PLANE('',#6923);
#615=PLANE('',#6924);
#616=PLANE('',#6925);
#617=PLANE('',#6926);
#618=PLANE('',#6927);
#619=PLANE('',#6928);
#620=PLANE('',#6929);
#621=PLANE('',#6930);
#622=PLANE('',#6933);
#623=PLANE('',#6934);
#624=PLANE('',#6935);
#625=PLANE('',#6936);
#626=PLANE('',#6937);
#627=PLANE('',#6938);
#628=PLANE('',#6939);
#629=PLANE('',#6940);
#630=PLANE('',#6941);
#631=PLANE('',#6942);
#632=PLANE('',#6943);
#633=PLANE('',#6944);
#634=PLANE('',#6945);
#635=PLANE('',#6946);
#636=PLANE('',#6947);
#637=PLANE('',#6948);
#638=PLANE('',#6949);
#639=PLANE('',#6950);
#640=PLANE('',#6951);
#641=PLANE('',#6952);
#642=PLANE('',#6953);
#643=PLANE('',#6954);
#644=PLANE('',#6955);
#645=PLANE('',#6956);
#646=PLANE('',#6957);
#647=PLANE('',#6958);
#648=PLANE('',#6959);
#649=PLANE('',#6960);
#650=PLANE('',#6961);
#651=PLANE('',#6962);
#652=PLANE('',#6963);
#653=PLANE('',#6964);
#654=PLANE('',#6965);
#655=PLANE('',#6966);
#656=PLANE('',#6967);
#657=PLANE('',#6968);
#658=PLANE('',#6969);
#659=PLANE('',#6970);
#660=PLANE('',#6971);
#661=PLANE('',#6972);
#662=PLANE('',#6973);
#663=PLANE('',#6974);
#664=PLANE('',#6977);
#665=PLANE('',#6978);
#666=FACE_OUTER_BOUND('',#1031,.T.);
#667=FACE_OUTER_BOUND('',#1032,.T.);
#668=FACE_OUTER_BOUND('',#1033,.T.);
#669=FACE_OUTER_BOUND('',#1034,.T.);
#670=FACE_OUTER_BOUND('',#1035,.T.);
#671=FACE_OUTER_BOUND('',#1036,.T.);
#672=FACE_OUTER_BOUND('',#1037,.T.);
#673=FACE_OUTER_BOUND('',#1038,.T.);
#674=FACE_OUTER_BOUND('',#1040,.T.);
#675=FACE_OUTER_BOUND('',#1041,.T.);
#676=FACE_OUTER_BOUND('',#1042,.T.);
#677=FACE_OUTER_BOUND('',#1043,.T.);
#678=FACE_OUTER_BOUND('',#1044,.T.);
#679=FACE_OUTER_BOUND('',#1045,.T.);
#680=FACE_OUTER_BOUND('',#1046,.T.);
#681=FACE_OUTER_BOUND('',#1047,.T.);
#682=FACE_OUTER_BOUND('',#1048,.T.);
#683=FACE_OUTER_BOUND('',#1049,.T.);
#684=FACE_OUTER_BOUND('',#1050,.T.);
#685=FACE_OUTER_BOUND('',#1051,.T.);
#686=FACE_OUTER_BOUND('',#1052,.T.);
#687=FACE_OUTER_BOUND('',#1053,.T.);
#688=FACE_OUTER_BOUND('',#1054,.T.);
#689=FACE_OUTER_BOUND('',#1055,.T.);
#690=FACE_OUTER_BOUND('',#1056,.T.);
#691=FACE_OUTER_BOUND('',#1057,.T.);
#692=FACE_OUTER_BOUND('',#1058,.T.);
#693=FACE_OUTER_BOUND('',#1059,.T.);
#694=FACE_OUTER_BOUND('',#1060,.T.);
#695=FACE_OUTER_BOUND('',#1061,.T.);
#696=FACE_OUTER_BOUND('',#1062,.T.);
#697=FACE_OUTER_BOUND('',#1063,.T.);
#698=FACE_OUTER_BOUND('',#1064,.T.);
#699=FACE_OUTER_BOUND('',#1065,.T.);
#700=FACE_OUTER_BOUND('',#1066,.T.);
#701=FACE_OUTER_BOUND('',#1067,.T.);
#702=FACE_OUTER_BOUND('',#1068,.T.);
#703=FACE_OUTER_BOUND('',#1069,.T.);
#704=FACE_OUTER_BOUND('',#1070,.T.);
#705=FACE_OUTER_BOUND('',#1071,.T.);
#706=FACE_OUTER_BOUND('',#1072,.T.);
#707=FACE_OUTER_BOUND('',#1073,.T.);
#708=FACE_OUTER_BOUND('',#1074,.T.);
#709=FACE_OUTER_BOUND('',#1075,.T.);
#710=FACE_OUTER_BOUND('',#1076,.T.);
#711=FACE_OUTER_BOUND('',#1077,.T.);
#712=FACE_OUTER_BOUND('',#1078,.T.);
#713=FACE_OUTER_BOUND('',#1079,.T.);
#714=FACE_OUTER_BOUND('',#1080,.T.);
#715=FACE_OUTER_BOUND('',#1081,.T.);
#716=FACE_OUTER_BOUND('',#1082,.T.);
#717=FACE_OUTER_BOUND('',#1083,.T.);
#718=FACE_OUTER_BOUND('',#1084,.T.);
#719=FACE_OUTER_BOUND('',#1085,.T.);
#720=FACE_OUTER_BOUND('',#1086,.T.);
#721=FACE_OUTER_BOUND('',#1087,.T.);
#722=FACE_OUTER_BOUND('',#1088,.T.);
#723=FACE_OUTER_BOUND('',#1089,.T.);
#724=FACE_OUTER_BOUND('',#1090,.T.);
#725=FACE_OUTER_BOUND('',#1092,.T.);
#726=FACE_OUTER_BOUND('',#1094,.T.);
#727=FACE_OUTER_BOUND('',#1095,.T.);
#728=FACE_OUTER_BOUND('',#1096,.T.);
#729=FACE_OUTER_BOUND('',#1097,.T.);
#730=FACE_OUTER_BOUND('',#1098,.T.);
#731=FACE_OUTER_BOUND('',#1099,.T.);
#732=FACE_OUTER_BOUND('',#1100,.T.);
#733=FACE_OUTER_BOUND('',#1101,.T.);
#734=FACE_OUTER_BOUND('',#1102,.T.);
#735=FACE_OUTER_BOUND('',#1103,.T.);
#736=FACE_OUTER_BOUND('',#1104,.T.);
#737=FACE_OUTER_BOUND('',#1105,.T.);
#738=FACE_OUTER_BOUND('',#1106,.T.);
#739=FACE_OUTER_BOUND('',#1107,.T.);
#740=FACE_OUTER_BOUND('',#1108,.T.);
#741=FACE_OUTER_BOUND('',#1109,.T.);
#742=FACE_OUTER_BOUND('',#1110,.T.);
#743=FACE_OUTER_BOUND('',#1111,.T.);
#744=FACE_OUTER_BOUND('',#1112,.T.);
#745=FACE_OUTER_BOUND('',#1113,.T.);
#746=FACE_OUTER_BOUND('',#1114,.T.);
#747=FACE_OUTER_BOUND('',#1115,.T.);
#748=FACE_OUTER_BOUND('',#1116,.T.);
#749=FACE_OUTER_BOUND('',#1117,.T.);
#750=FACE_OUTER_BOUND('',#1118,.T.);
#751=FACE_OUTER_BOUND('',#1119,.T.);
#752=FACE_OUTER_BOUND('',#1120,.T.);
#753=FACE_OUTER_BOUND('',#1121,.T.);
#754=FACE_OUTER_BOUND('',#1122,.T.);
#755=FACE_OUTER_BOUND('',#1123,.T.);
#756=FACE_OUTER_BOUND('',#1124,.T.);
#757=FACE_OUTER_BOUND('',#1125,.T.);
#758=FACE_OUTER_BOUND('',#1126,.T.);
#759=FACE_OUTER_BOUND('',#1127,.T.);
#760=FACE_OUTER_BOUND('',#1128,.T.);
#761=FACE_OUTER_BOUND('',#1129,.T.);
#762=FACE_OUTER_BOUND('',#1130,.T.);
#763=FACE_OUTER_BOUND('',#1131,.T.);
#764=FACE_OUTER_BOUND('',#1132,.T.);
#765=FACE_OUTER_BOUND('',#1133,.T.);
#766=FACE_OUTER_BOUND('',#1134,.T.);
#767=FACE_OUTER_BOUND('',#1135,.T.);
#768=FACE_OUTER_BOUND('',#1136,.T.);
#769=FACE_OUTER_BOUND('',#1137,.T.);
#770=FACE_OUTER_BOUND('',#1138,.T.);
#771=FACE_OUTER_BOUND('',#1139,.T.);
#772=FACE_OUTER_BOUND('',#1140,.T.);
#773=FACE_OUTER_BOUND('',#1141,.T.);
#774=FACE_OUTER_BOUND('',#1142,.T.);
#775=FACE_OUTER_BOUND('',#1143,.T.);
#776=FACE_OUTER_BOUND('',#1144,.T.);
#777=FACE_OUTER_BOUND('',#1145,.T.);
#778=FACE_OUTER_BOUND('',#1146,.T.);
#779=FACE_OUTER_BOUND('',#1147,.T.);
#780=FACE_OUTER_BOUND('',#1148,.T.);
#781=FACE_OUTER_BOUND('',#1149,.T.);
#782=FACE_OUTER_BOUND('',#1150,.T.);
#783=FACE_OUTER_BOUND('',#1151,.T.);
#784=FACE_OUTER_BOUND('',#1152,.T.);
#785=FACE_OUTER_BOUND('',#1153,.T.);
#786=FACE_OUTER_BOUND('',#1154,.T.);
#787=FACE_OUTER_BOUND('',#1155,.T.);
#788=FACE_OUTER_BOUND('',#1156,.T.);
#789=FACE_OUTER_BOUND('',#1157,.T.);
#790=FACE_OUTER_BOUND('',#1158,.T.);
#791=FACE_OUTER_BOUND('',#1159,.T.);
#792=FACE_OUTER_BOUND('',#1160,.T.);
#793=FACE_OUTER_BOUND('',#1161,.T.);
#794=FACE_OUTER_BOUND('',#1162,.T.);
#795=FACE_OUTER_BOUND('',#1163,.T.);
#796=FACE_OUTER_BOUND('',#1164,.T.);
#797=FACE_OUTER_BOUND('',#1165,.T.);
#798=FACE_OUTER_BOUND('',#1166,.T.);
#799=FACE_OUTER_BOUND('',#1167,.T.);
#800=FACE_OUTER_BOUND('',#1168,.T.);
#801=FACE_OUTER_BOUND('',#1169,.T.);
#802=FACE_OUTER_BOUND('',#1170,.T.);
#803=FACE_OUTER_BOUND('',#1171,.T.);
#804=FACE_OUTER_BOUND('',#1172,.T.);
#805=FACE_OUTER_BOUND('',#1173,.T.);
#806=FACE_OUTER_BOUND('',#1174,.T.);
#807=FACE_OUTER_BOUND('',#1175,.T.);
#808=FACE_OUTER_BOUND('',#1176,.T.);
#809=FACE_OUTER_BOUND('',#1177,.T.);
#810=FACE_OUTER_BOUND('',#1178,.T.);
#811=FACE_OUTER_BOUND('',#1179,.T.);
#812=FACE_OUTER_BOUND('',#1180,.T.);
#813=FACE_OUTER_BOUND('',#1181,.T.);
#814=FACE_OUTER_BOUND('',#1182,.T.);
#815=FACE_OUTER_BOUND('',#1183,.T.);
#816=FACE_OUTER_BOUND('',#1184,.T.);
#817=FACE_OUTER_BOUND('',#1185,.T.);
#818=FACE_OUTER_BOUND('',#1186,.T.);
#819=FACE_OUTER_BOUND('',#1187,.T.);
#820=FACE_OUTER_BOUND('',#1188,.T.);
#821=FACE_OUTER_BOUND('',#1189,.T.);
#822=FACE_OUTER_BOUND('',#1190,.T.);
#823=FACE_OUTER_BOUND('',#1191,.T.);
#824=FACE_OUTER_BOUND('',#1192,.T.);
#825=FACE_OUTER_BOUND('',#1193,.T.);
#826=FACE_OUTER_BOUND('',#1194,.T.);
#827=FACE_OUTER_BOUND('',#1195,.T.);
#828=FACE_OUTER_BOUND('',#1196,.T.);
#829=FACE_OUTER_BOUND('',#1197,.T.);
#830=FACE_OUTER_BOUND('',#1198,.T.);
#831=FACE_OUTER_BOUND('',#1199,.T.);
#832=FACE_OUTER_BOUND('',#1200,.T.);
#833=FACE_OUTER_BOUND('',#1201,.T.);
#834=FACE_OUTER_BOUND('',#1202,.T.);
#835=FACE_OUTER_BOUND('',#1203,.T.);
#836=FACE_OUTER_BOUND('',#1204,.T.);
#837=FACE_OUTER_BOUND('',#1205,.T.);
#838=FACE_OUTER_BOUND('',#1206,.T.);
#839=FACE_OUTER_BOUND('',#1207,.T.);
#840=FACE_OUTER_BOUND('',#1208,.T.);
#841=FACE_OUTER_BOUND('',#1209,.T.);
#842=FACE_OUTER_BOUND('',#1210,.T.);
#843=FACE_OUTER_BOUND('',#1211,.T.);
#844=FACE_OUTER_BOUND('',#1212,.T.);
#845=FACE_OUTER_BOUND('',#1213,.T.);
#846=FACE_OUTER_BOUND('',#1214,.T.);
#847=FACE_OUTER_BOUND('',#1215,.T.);
#848=FACE_OUTER_BOUND('',#1216,.T.);
#849=FACE_OUTER_BOUND('',#1217,.T.);
#850=FACE_OUTER_BOUND('',#1218,.T.);
#851=FACE_OUTER_BOUND('',#1219,.T.);
#852=FACE_OUTER_BOUND('',#1220,.T.);
#853=FACE_OUTER_BOUND('',#1221,.T.);
#854=FACE_OUTER_BOUND('',#1222,.T.);
#855=FACE_OUTER_BOUND('',#1223,.T.);
#856=FACE_OUTER_BOUND('',#1224,.T.);
#857=FACE_OUTER_BOUND('',#1225,.T.);
#858=FACE_OUTER_BOUND('',#1226,.T.);
#859=FACE_OUTER_BOUND('',#1227,.T.);
#860=FACE_OUTER_BOUND('',#1228,.T.);
#861=FACE_OUTER_BOUND('',#1229,.T.);
#862=FACE_OUTER_BOUND('',#1230,.T.);
#863=FACE_OUTER_BOUND('',#1231,.T.);
#864=FACE_OUTER_BOUND('',#1232,.T.);
#865=FACE_OUTER_BOUND('',#1233,.T.);
#866=FACE_OUTER_BOUND('',#1234,.T.);
#867=FACE_OUTER_BOUND('',#1235,.T.);
#868=FACE_OUTER_BOUND('',#1236,.T.);
#869=FACE_OUTER_BOUND('',#1237,.T.);
#870=FACE_OUTER_BOUND('',#1238,.T.);
#871=FACE_OUTER_BOUND('',#1239,.T.);
#872=FACE_OUTER_BOUND('',#1240,.T.);
#873=FACE_OUTER_BOUND('',#1241,.T.);
#874=FACE_OUTER_BOUND('',#1242,.T.);
#875=FACE_OUTER_BOUND('',#1243,.T.);
#876=FACE_OUTER_BOUND('',#1244,.T.);
#877=FACE_OUTER_BOUND('',#1245,.T.);
#878=FACE_OUTER_BOUND('',#1246,.T.);
#879=FACE_OUTER_BOUND('',#1247,.T.);
#880=FACE_OUTER_BOUND('',#1249,.T.);
#881=FACE_OUTER_BOUND('',#1251,.T.);
#882=FACE_OUTER_BOUND('',#1252,.T.);
#883=FACE_OUTER_BOUND('',#1253,.T.);
#884=FACE_OUTER_BOUND('',#1254,.T.);
#885=FACE_OUTER_BOUND('',#1255,.T.);
#886=FACE_OUTER_BOUND('',#1256,.T.);
#887=FACE_OUTER_BOUND('',#1257,.T.);
#888=FACE_OUTER_BOUND('',#1258,.T.);
#889=FACE_OUTER_BOUND('',#1259,.T.);
#890=FACE_OUTER_BOUND('',#1260,.T.);
#891=FACE_OUTER_BOUND('',#1261,.T.);
#892=FACE_OUTER_BOUND('',#1262,.T.);
#893=FACE_OUTER_BOUND('',#1263,.T.);
#894=FACE_OUTER_BOUND('',#1264,.T.);
#895=FACE_OUTER_BOUND('',#1265,.T.);
#896=FACE_OUTER_BOUND('',#1266,.T.);
#897=FACE_OUTER_BOUND('',#1267,.T.);
#898=FACE_OUTER_BOUND('',#1268,.T.);
#899=FACE_OUTER_BOUND('',#1269,.T.);
#900=FACE_OUTER_BOUND('',#1270,.T.);
#901=FACE_OUTER_BOUND('',#1271,.T.);
#902=FACE_OUTER_BOUND('',#1272,.T.);
#903=FACE_OUTER_BOUND('',#1273,.T.);
#904=FACE_OUTER_BOUND('',#1274,.T.);
#905=FACE_OUTER_BOUND('',#1275,.T.);
#906=FACE_OUTER_BOUND('',#1276,.T.);
#907=FACE_OUTER_BOUND('',#1277,.T.);
#908=FACE_OUTER_BOUND('',#1278,.T.);
#909=FACE_OUTER_BOUND('',#1279,.T.);
#910=FACE_OUTER_BOUND('',#1280,.T.);
#911=FACE_OUTER_BOUND('',#1282,.T.);
#912=FACE_OUTER_BOUND('',#1284,.T.);
#913=FACE_OUTER_BOUND('',#1285,.T.);
#914=FACE_OUTER_BOUND('',#1286,.T.);
#915=FACE_OUTER_BOUND('',#1287,.T.);
#916=FACE_OUTER_BOUND('',#1288,.T.);
#917=FACE_OUTER_BOUND('',#1289,.T.);
#918=FACE_OUTER_BOUND('',#1290,.T.);
#919=FACE_OUTER_BOUND('',#1291,.T.);
#920=FACE_OUTER_BOUND('',#1292,.T.);
#921=FACE_OUTER_BOUND('',#1293,.T.);
#922=FACE_OUTER_BOUND('',#1294,.T.);
#923=FACE_OUTER_BOUND('',#1295,.T.);
#924=FACE_OUTER_BOUND('',#1296,.T.);
#925=FACE_OUTER_BOUND('',#1297,.T.);
#926=FACE_OUTER_BOUND('',#1298,.T.);
#927=FACE_OUTER_BOUND('',#1299,.T.);
#928=FACE_OUTER_BOUND('',#1300,.T.);
#929=FACE_OUTER_BOUND('',#1301,.T.);
#930=FACE_OUTER_BOUND('',#1302,.T.);
#931=FACE_OUTER_BOUND('',#1303,.T.);
#932=FACE_OUTER_BOUND('',#1304,.T.);
#933=FACE_OUTER_BOUND('',#1305,.T.);
#934=FACE_OUTER_BOUND('',#1306,.T.);
#935=FACE_OUTER_BOUND('',#1307,.T.);
#936=FACE_OUTER_BOUND('',#1308,.T.);
#937=FACE_OUTER_BOUND('',#1309,.T.);
#938=FACE_OUTER_BOUND('',#1310,.T.);
#939=FACE_OUTER_BOUND('',#1311,.T.);
#940=FACE_OUTER_BOUND('',#1312,.T.);
#941=FACE_OUTER_BOUND('',#1313,.T.);
#942=FACE_OUTER_BOUND('',#1314,.T.);
#943=FACE_OUTER_BOUND('',#1315,.T.);
#944=FACE_OUTER_BOUND('',#1316,.T.);
#945=FACE_OUTER_BOUND('',#1317,.T.);
#946=FACE_OUTER_BOUND('',#1319,.T.);
#947=FACE_OUTER_BOUND('',#1321,.T.);
#948=FACE_OUTER_BOUND('',#1322,.T.);
#949=FACE_OUTER_BOUND('',#1323,.T.);
#950=FACE_OUTER_BOUND('',#1324,.T.);
#951=FACE_OUTER_BOUND('',#1325,.T.);
#952=FACE_OUTER_BOUND('',#1326,.T.);
#953=FACE_OUTER_BOUND('',#1327,.T.);
#954=FACE_OUTER_BOUND('',#1328,.T.);
#955=FACE_OUTER_BOUND('',#1329,.T.);
#956=FACE_OUTER_BOUND('',#1330,.T.);
#957=FACE_OUTER_BOUND('',#1331,.T.);
#958=FACE_OUTER_BOUND('',#1332,.T.);
#959=FACE_OUTER_BOUND('',#1333,.T.);
#960=FACE_OUTER_BOUND('',#1334,.T.);
#961=FACE_OUTER_BOUND('',#1336,.T.);
#962=FACE_OUTER_BOUND('',#1338,.T.);
#963=FACE_OUTER_BOUND('',#1339,.T.);
#964=FACE_OUTER_BOUND('',#1340,.T.);
#965=FACE_OUTER_BOUND('',#1341,.T.);
#966=FACE_OUTER_BOUND('',#1342,.T.);
#967=FACE_OUTER_BOUND('',#1344,.T.);
#968=FACE_OUTER_BOUND('',#1346,.T.);
#969=FACE_OUTER_BOUND('',#1347,.T.);
#970=FACE_OUTER_BOUND('',#1348,.T.);
#971=FACE_OUTER_BOUND('',#1349,.T.);
#972=FACE_OUTER_BOUND('',#1350,.T.);
#973=FACE_OUTER_BOUND('',#1351,.T.);
#974=FACE_OUTER_BOUND('',#1352,.T.);
#975=FACE_OUTER_BOUND('',#1353,.T.);
#976=FACE_OUTER_BOUND('',#1354,.T.);
#977=FACE_OUTER_BOUND('',#1355,.T.);
#978=FACE_OUTER_BOUND('',#1356,.T.);
#979=FACE_OUTER_BOUND('',#1358,.T.);
#980=FACE_OUTER_BOUND('',#1360,.T.);
#981=FACE_OUTER_BOUND('',#1361,.T.);
#982=FACE_OUTER_BOUND('',#1362,.T.);
#983=FACE_OUTER_BOUND('',#1363,.T.);
#984=FACE_OUTER_BOUND('',#1364,.T.);
#985=FACE_OUTER_BOUND('',#1365,.T.);
#986=FACE_OUTER_BOUND('',#1366,.T.);
#987=FACE_OUTER_BOUND('',#1367,.T.);
#988=FACE_OUTER_BOUND('',#1368,.T.);
#989=FACE_OUTER_BOUND('',#1369,.T.);
#990=FACE_OUTER_BOUND('',#1370,.T.);
#991=FACE_OUTER_BOUND('',#1371,.T.);
#992=FACE_OUTER_BOUND('',#1372,.T.);
#993=FACE_OUTER_BOUND('',#1373,.T.);
#994=FACE_OUTER_BOUND('',#1375,.T.);
#995=FACE_OUTER_BOUND('',#1377,.T.);
#996=FACE_OUTER_BOUND('',#1378,.T.);
#997=FACE_OUTER_BOUND('',#1379,.T.);
#998=FACE_OUTER_BOUND('',#1380,.T.);
#999=FACE_OUTER_BOUND('',#1381,.T.);
#1000=FACE_OUTER_BOUND('',#1382,.T.);
#1001=FACE_OUTER_BOUND('',#1383,.T.);
#1002=FACE_OUTER_BOUND('',#1385,.T.);
#1003=FACE_OUTER_BOUND('',#1387,.T.);
#1004=FACE_OUTER_BOUND('',#1388,.T.);
#1005=FACE_OUTER_BOUND('',#1389,.T.);
#1006=FACE_OUTER_BOUND('',#1390,.T.);
#1007=FACE_OUTER_BOUND('',#1391,.T.);
#1008=FACE_OUTER_BOUND('',#1392,.T.);
#1009=FACE_OUTER_BOUND('',#1393,.T.);
#1010=FACE_OUTER_BOUND('',#1394,.T.);
#1011=FACE_OUTER_BOUND('',#1395,.T.);
#1012=FACE_OUTER_BOUND('',#1396,.T.);
#1013=FACE_OUTER_BOUND('',#1397,.T.);
#1014=FACE_OUTER_BOUND('',#1398,.T.);
#1015=FACE_OUTER_BOUND('',#1399,.T.);
#1016=FACE_OUTER_BOUND('',#1400,.T.);
#1017=FACE_OUTER_BOUND('',#1401,.T.);
#1018=FACE_OUTER_BOUND('',#1402,.T.);
#1019=FACE_OUTER_BOUND('',#1403,.T.);
#1020=FACE_OUTER_BOUND('',#1404,.T.);
#1021=FACE_OUTER_BOUND('',#1405,.T.);
#1022=FACE_OUTER_BOUND('',#1406,.T.);
#1023=FACE_OUTER_BOUND('',#1407,.T.);
#1024=FACE_OUTER_BOUND('',#1408,.T.);
#1025=FACE_OUTER_BOUND('',#1409,.T.);
#1026=FACE_OUTER_BOUND('',#1410,.T.);
#1027=FACE_OUTER_BOUND('',#1411,.T.);
#1028=FACE_OUTER_BOUND('',#1412,.T.);
#1029=FACE_OUTER_BOUND('',#1413,.T.);
#1030=FACE_OUTER_BOUND('',#1414,.T.);
#1031=EDGE_LOOP('',(#4329,#4330,#4331,#4332));
#1032=EDGE_LOOP('',(#4333,#4334,#4335,#4336));
#1033=EDGE_LOOP('',(#4337,#4338,#4339,#4340,#4341,#4342,#4343,#4344,#4345,
#4346,#4347,#4348,#4349,#4350,#4351,#4352));
#1034=EDGE_LOOP('',(#4353,#4354,#4355,#4356,#4357,#4358));
#1035=EDGE_LOOP('',(#4359,#4360,#4361,#4362,#4363));
#1036=EDGE_LOOP('',(#4364,#4365,#4366,#4367));
#1037=EDGE_LOOP('',(#4368,#4369,#4370,#4371,#4372));
#1038=EDGE_LOOP('',(#4373,#4374,#4375,#4376));
#1039=EDGE_LOOP('',(#4377));
#1040=EDGE_LOOP('',(#4378,#4379,#4380,#4381,#4382,#4383));
#1041=EDGE_LOOP('',(#4384,#4385,#4386,#4387,#4388,#4389));
#1042=EDGE_LOOP('',(#4390,#4391,#4392,#4393,#4394,#4395,#4396,#4397));
#1043=EDGE_LOOP('',(#4398,#4399,#4400,#4401,#4402,#4403,#4404));
#1044=EDGE_LOOP('',(#4405,#4406,#4407,#4408,#4409,#4410,#4411));
#1045=EDGE_LOOP('',(#4412,#4413,#4414,#4415));
#1046=EDGE_LOOP('',(#4416,#4417,#4418,#4419));
#1047=EDGE_LOOP('',(#4420,#4421,#4422,#4423));
#1048=EDGE_LOOP('',(#4424,#4425,#4426,#4427));
#1049=EDGE_LOOP('',(#4428,#4429,#4430,#4431));
#1050=EDGE_LOOP('',(#4432,#4433,#4434,#4435));
#1051=EDGE_LOOP('',(#4436,#4437,#4438,#4439));
#1052=EDGE_LOOP('',(#4440,#4441,#4442,#4443,#4444,#4445,#4446,#4447));
#1053=EDGE_LOOP('',(#4448,#4449,#4450,#4451));
#1054=EDGE_LOOP('',(#4452,#4453,#4454,#4455,#4456,#4457));
#1055=EDGE_LOOP('',(#4458,#4459,#4460,#4461,#4462,#4463));
#1056=EDGE_LOOP('',(#4464,#4465,#4466,#4467));
#1057=EDGE_LOOP('',(#4468,#4469,#4470,#4471,#4472,#4473));
#1058=EDGE_LOOP('',(#4474,#4475,#4476,#4477));
#1059=EDGE_LOOP('',(#4478,#4479,#4480,#4481));
#1060=EDGE_LOOP('',(#4482,#4483,#4484,#4485));
#1061=EDGE_LOOP('',(#4486,#4487,#4488,#4489,#4490,#4491));
#1062=EDGE_LOOP('',(#4492,#4493,#4494,#4495,#4496));
#1063=EDGE_LOOP('',(#4497,#4498,#4499));
#1064=EDGE_LOOP('',(#4500,#4501,#4502));
#1065=EDGE_LOOP('',(#4503,#4504,#4505,#4506,#4507));
#1066=EDGE_LOOP('',(#4508,#4509,#4510,#4511));
#1067=EDGE_LOOP('',(#4512,#4513,#4514,#4515));
#1068=EDGE_LOOP('',(#4516,#4517,#4518,#4519));
#1069=EDGE_LOOP('',(#4520,#4521,#4522,#4523));
#1070=EDGE_LOOP('',(#4524,#4525,#4526));
#1071=EDGE_LOOP('',(#4527,#4528,#4529));
#1072=EDGE_LOOP('',(#4530,#4531,#4532,#4533));
#1073=EDGE_LOOP('',(#4534));
#1074=EDGE_LOOP('',(#4535,#4536,#4537,#4538));
#1075=EDGE_LOOP('',(#4539));
#1076=EDGE_LOOP('',(#4540));
#1077=EDGE_LOOP('',(#4541,#4542,#4543,#4544));
#1078=EDGE_LOOP('',(#4545,#4546,#4547,#4548));
#1079=EDGE_LOOP('',(#4549,#4550,#4551,#4552));
#1080=EDGE_LOOP('',(#4553,#4554,#4555,#4556));
#1081=EDGE_LOOP('',(#4557,#4558,#4559,#4560));
#1082=EDGE_LOOP('',(#4561,#4562,#4563,#4564));
#1083=EDGE_LOOP('',(#4565,#4566,#4567,#4568));
#1084=EDGE_LOOP('',(#4569,#4570,#4571,#4572));
#1085=EDGE_LOOP('',(#4573,#4574,#4575,#4576));
#1086=EDGE_LOOP('',(#4577,#4578,#4579,#4580));
#1087=EDGE_LOOP('',(#4581,#4582,#4583,#4584));
#1088=EDGE_LOOP('',(#4585,#4586,#4587,#4588));
#1089=EDGE_LOOP('',(#4589,#4590,#4591,#4592));
#1090=EDGE_LOOP('',(#4593,#4594,#4595,#4596,#4597,#4598,#4599,#4600,#4601,
#4602,#4603,#4604));
#1091=EDGE_LOOP('',(#4605,#4606,#4607,#4608));
#1092=EDGE_LOOP('',(#4609,#4610,#4611,#4612,#4613,#4614,#4615,#4616,#4617,
#4618,#4619,#4620));
#1093=EDGE_LOOP('',(#4621,#4622,#4623,#4624));
#1094=EDGE_LOOP('',(#4625,#4626,#4627,#4628));
#1095=EDGE_LOOP('',(#4629,#4630,#4631,#4632));
#1096=EDGE_LOOP('',(#4633,#4634,#4635,#4636));
#1097=EDGE_LOOP('',(#4637,#4638,#4639,#4640));
#1098=EDGE_LOOP('',(#4641,#4642,#4643,#4644,#4645,#4646));
#1099=EDGE_LOOP('',(#4647,#4648,#4649,#4650,#4651,#4652));
#1100=EDGE_LOOP('',(#4653,#4654,#4655,#4656));
#1101=EDGE_LOOP('',(#4657,#4658,#4659,#4660));
#1102=EDGE_LOOP('',(#4661,#4662,#4663,#4664));
#1103=EDGE_LOOP('',(#4665,#4666,#4667,#4668));
#1104=EDGE_LOOP('',(#4669,#4670,#4671,#4672));
#1105=EDGE_LOOP('',(#4673,#4674,#4675,#4676));
#1106=EDGE_LOOP('',(#4677,#4678,#4679,#4680));
#1107=EDGE_LOOP('',(#4681,#4682,#4683,#4684));
#1108=EDGE_LOOP('',(#4685,#4686,#4687,#4688));
#1109=EDGE_LOOP('',(#4689,#4690,#4691,#4692,#4693,#4694,#4695,#4696));
#1110=EDGE_LOOP('',(#4697,#4698,#4699,#4700,#4701,#4702,#4703,#4704));
#1111=EDGE_LOOP('',(#4705,#4706,#4707,#4708));
#1112=EDGE_LOOP('',(#4709,#4710,#4711,#4712,#4713,#4714,#4715,#4716));
#1113=EDGE_LOOP('',(#4717,#4718,#4719,#4720,#4721,#4722,#4723,#4724));
#1114=EDGE_LOOP('',(#4725,#4726,#4727,#4728));
#1115=EDGE_LOOP('',(#4729,#4730,#4731,#4732,#4733,#4734,#4735,#4736));
#1116=EDGE_LOOP('',(#4737,#4738,#4739,#4740,#4741,#4742,#4743,#4744));
#1117=EDGE_LOOP('',(#4745,#4746,#4747,#4748));
#1118=EDGE_LOOP('',(#4749,#4750,#4751,#4752));
#1119=EDGE_LOOP('',(#4753,#4754,#4755,#4756,#4757,#4758,#4759,#4760));
#1120=EDGE_LOOP('',(#4761,#4762,#4763,#4764));
#1121=EDGE_LOOP('',(#4765,#4766,#4767,#4768));
#1122=EDGE_LOOP('',(#4769,#4770,#4771,#4772));
#1123=EDGE_LOOP('',(#4773,#4774,#4775,#4776));
#1124=EDGE_LOOP('',(#4777,#4778,#4779,#4780));
#1125=EDGE_LOOP('',(#4781,#4782,#4783,#4784,#4785,#4786,#4787,#4788));
#1126=EDGE_LOOP('',(#4789,#4790,#4791,#4792));
#1127=EDGE_LOOP('',(#4793,#4794,#4795,#4796));
#1128=EDGE_LOOP('',(#4797,#4798,#4799,#4800));
#1129=EDGE_LOOP('',(#4801,#4802,#4803,#4804));
#1130=EDGE_LOOP('',(#4805,#4806,#4807,#4808));
#1131=EDGE_LOOP('',(#4809,#4810,#4811,#4812,#4813,#4814,#4815,#4816));
#1132=EDGE_LOOP('',(#4817,#4818,#4819,#4820,#4821,#4822,#4823,#4824));
#1133=EDGE_LOOP('',(#4825,#4826,#4827,#4828));
#1134=EDGE_LOOP('',(#4829,#4830,#4831,#4832,#4833,#4834,#4835,#4836));
#1135=EDGE_LOOP('',(#4837,#4838,#4839,#4840,#4841,#4842,#4843,#4844));
#1136=EDGE_LOOP('',(#4845,#4846,#4847,#4848));
#1137=EDGE_LOOP('',(#4849,#4850,#4851,#4852,#4853,#4854,#4855,#4856));
#1138=EDGE_LOOP('',(#4857,#4858,#4859,#4860,#4861,#4862,#4863,#4864));
#1139=EDGE_LOOP('',(#4865,#4866,#4867,#4868));
#1140=EDGE_LOOP('',(#4869,#4870,#4871,#4872));
#1141=EDGE_LOOP('',(#4873,#4874,#4875,#4876,#4877,#4878,#4879,#4880));
#1142=EDGE_LOOP('',(#4881,#4882,#4883,#4884));
#1143=EDGE_LOOP('',(#4885,#4886,#4887,#4888));
#1144=EDGE_LOOP('',(#4889,#4890,#4891,#4892));
#1145=EDGE_LOOP('',(#4893,#4894,#4895,#4896,#4897,#4898,#4899,#4900));
#1146=EDGE_LOOP('',(#4901,#4902,#4903,#4904));
#1147=EDGE_LOOP('',(#4905,#4906,#4907,#4908));
#1148=EDGE_LOOP('',(#4909,#4910,#4911,#4912));
#1149=EDGE_LOOP('',(#4913,#4914,#4915,#4916));
#1150=EDGE_LOOP('',(#4917,#4918,#4919,#4920));
#1151=EDGE_LOOP('',(#4921,#4922,#4923,#4924));
#1152=EDGE_LOOP('',(#4925,#4926,#4927,#4928));
#1153=EDGE_LOOP('',(#4929,#4930,#4931,#4932));
#1154=EDGE_LOOP('',(#4933,#4934,#4935,#4936));
#1155=EDGE_LOOP('',(#4937,#4938,#4939,#4940));
#1156=EDGE_LOOP('',(#4941,#4942,#4943,#4944));
#1157=EDGE_LOOP('',(#4945,#4946,#4947,#4948));
#1158=EDGE_LOOP('',(#4949,#4950,#4951,#4952));
#1159=EDGE_LOOP('',(#4953,#4954,#4955,#4956));
#1160=EDGE_LOOP('',(#4957,#4958,#4959,#4960));
#1161=EDGE_LOOP('',(#4961,#4962,#4963,#4964));
#1162=EDGE_LOOP('',(#4965,#4966,#4967,#4968));
#1163=EDGE_LOOP('',(#4969,#4970,#4971,#4972));
#1164=EDGE_LOOP('',(#4973,#4974,#4975,#4976));
#1165=EDGE_LOOP('',(#4977,#4978,#4979,#4980));
#1166=EDGE_LOOP('',(#4981,#4982,#4983,#4984));
#1167=EDGE_LOOP('',(#4985,#4986,#4987,#4988));
#1168=EDGE_LOOP('',(#4989,#4990,#4991,#4992));
#1169=EDGE_LOOP('',(#4993,#4994,#4995,#4996));
#1170=EDGE_LOOP('',(#4997,#4998,#4999,#5000));
#1171=EDGE_LOOP('',(#5001,#5002,#5003,#5004));
#1172=EDGE_LOOP('',(#5005,#5006,#5007,#5008));
#1173=EDGE_LOOP('',(#5009,#5010,#5011,#5012));
#1174=EDGE_LOOP('',(#5013,#5014,#5015,#5016));
#1175=EDGE_LOOP('',(#5017,#5018,#5019,#5020));
#1176=EDGE_LOOP('',(#5021,#5022,#5023,#5024));
#1177=EDGE_LOOP('',(#5025,#5026,#5027,#5028));
#1178=EDGE_LOOP('',(#5029,#5030,#5031,#5032));
#1179=EDGE_LOOP('',(#5033,#5034,#5035,#5036));
#1180=EDGE_LOOP('',(#5037,#5038,#5039,#5040));
#1181=EDGE_LOOP('',(#5041,#5042,#5043,#5044));
#1182=EDGE_LOOP('',(#5045,#5046,#5047,#5048));
#1183=EDGE_LOOP('',(#5049,#5050,#5051,#5052,#5053,#5054,#5055,#5056,#5057,
#5058,#5059,#5060,#5061,#5062,#5063,#5064,#5065,#5066,#5067,#5068,#5069,
#5070,#5071,#5072,#5073,#5074,#5075,#5076));
#1184=EDGE_LOOP('',(#5077,#5078,#5079,#5080,#5081,#5082,#5083,#5084,#5085,
#5086,#5087,#5088,#5089,#5090,#5091,#5092,#5093,#5094,#5095,#5096,#5097,
#5098,#5099,#5100,#5101,#5102,#5103,#5104));
#1185=EDGE_LOOP('',(#5105,#5106,#5107,#5108));
#1186=EDGE_LOOP('',(#5109,#5110,#5111,#5112));
#1187=EDGE_LOOP('',(#5113,#5114,#5115,#5116));
#1188=EDGE_LOOP('',(#5117,#5118,#5119,#5120));
#1189=EDGE_LOOP('',(#5121,#5122,#5123,#5124));
#1190=EDGE_LOOP('',(#5125,#5126,#5127,#5128));
#1191=EDGE_LOOP('',(#5129,#5130,#5131,#5132));
#1192=EDGE_LOOP('',(#5133,#5134,#5135,#5136));
#1193=EDGE_LOOP('',(#5137,#5138,#5139,#5140));
#1194=EDGE_LOOP('',(#5141,#5142,#5143,#5144));
#1195=EDGE_LOOP('',(#5145,#5146,#5147,#5148));
#1196=EDGE_LOOP('',(#5149,#5150,#5151,#5152));
#1197=EDGE_LOOP('',(#5153,#5154,#5155,#5156));
#1198=EDGE_LOOP('',(#5157,#5158,#5159,#5160));
#1199=EDGE_LOOP('',(#5161,#5162,#5163,#5164));
#1200=EDGE_LOOP('',(#5165,#5166,#5167,#5168));
#1201=EDGE_LOOP('',(#5169,#5170,#5171,#5172));
#1202=EDGE_LOOP('',(#5173,#5174,#5175,#5176));
#1203=EDGE_LOOP('',(#5177,#5178,#5179,#5180));
#1204=EDGE_LOOP('',(#5181,#5182,#5183,#5184));
#1205=EDGE_LOOP('',(#5185,#5186,#5187,#5188));
#1206=EDGE_LOOP('',(#5189,#5190,#5191,#5192));
#1207=EDGE_LOOP('',(#5193,#5194,#5195,#5196,#5197,#5198,#5199,#5200,#5201,
#5202,#5203,#5204,#5205,#5206,#5207,#5208,#5209,#5210,#5211,#5212,#5213,
#5214));
#1208=EDGE_LOOP('',(#5215,#5216,#5217,#5218,#5219,#5220,#5221,#5222,#5223,
#5224,#5225,#5226,#5227,#5228,#5229,#5230,#5231,#5232,#5233,#5234,#5235,
#5236));
#1209=EDGE_LOOP('',(#5237,#5238,#5239,#5240));
#1210=EDGE_LOOP('',(#5241,#5242,#5243,#5244));
#1211=EDGE_LOOP('',(#5245,#5246,#5247,#5248));
#1212=EDGE_LOOP('',(#5249,#5250,#5251,#5252));
#1213=EDGE_LOOP('',(#5253,#5254,#5255,#5256));
#1214=EDGE_LOOP('',(#5257,#5258,#5259,#5260));
#1215=EDGE_LOOP('',(#5261,#5262,#5263,#5264));
#1216=EDGE_LOOP('',(#5265,#5266,#5267,#5268));
#1217=EDGE_LOOP('',(#5269,#5270,#5271,#5272));
#1218=EDGE_LOOP('',(#5273,#5274,#5275,#5276));
#1219=EDGE_LOOP('',(#5277,#5278,#5279,#5280));
#1220=EDGE_LOOP('',(#5281,#5282,#5283,#5284));
#1221=EDGE_LOOP('',(#5285,#5286,#5287,#5288));
#1222=EDGE_LOOP('',(#5289,#5290,#5291,#5292));
#1223=EDGE_LOOP('',(#5293,#5294,#5295,#5296));
#1224=EDGE_LOOP('',(#5297,#5298,#5299,#5300));
#1225=EDGE_LOOP('',(#5301,#5302,#5303,#5304));
#1226=EDGE_LOOP('',(#5305,#5306,#5307,#5308));
#1227=EDGE_LOOP('',(#5309,#5310,#5311,#5312));
#1228=EDGE_LOOP('',(#5313,#5314,#5315,#5316));
#1229=EDGE_LOOP('',(#5317,#5318,#5319,#5320));
#1230=EDGE_LOOP('',(#5321,#5322,#5323,#5324));
#1231=EDGE_LOOP('',(#5325,#5326,#5327,#5328));
#1232=EDGE_LOOP('',(#5329,#5330,#5331,#5332));
#1233=EDGE_LOOP('',(#5333,#5334,#5335,#5336));
#1234=EDGE_LOOP('',(#5337,#5338,#5339,#5340));
#1235=EDGE_LOOP('',(#5341,#5342,#5343,#5344));
#1236=EDGE_LOOP('',(#5345,#5346,#5347,#5348));
#1237=EDGE_LOOP('',(#5349,#5350,#5351,#5352));
#1238=EDGE_LOOP('',(#5353,#5354,#5355,#5356));
#1239=EDGE_LOOP('',(#5357,#5358,#5359,#5360));
#1240=EDGE_LOOP('',(#5361,#5362,#5363,#5364));
#1241=EDGE_LOOP('',(#5365,#5366,#5367,#5368));
#1242=EDGE_LOOP('',(#5369,#5370,#5371,#5372));
#1243=EDGE_LOOP('',(#5373,#5374,#5375,#5376));
#1244=EDGE_LOOP('',(#5377,#5378,#5379,#5380));
#1245=EDGE_LOOP('',(#5381,#5382,#5383,#5384));
#1246=EDGE_LOOP('',(#5385,#5386,#5387,#5388));
#1247=EDGE_LOOP('',(#5389,#5390,#5391,#5392,#5393,#5394,#5395,#5396,#5397,
#5398,#5399,#5400,#5401,#5402,#5403,#5404,#5405,#5406,#5407,#5408,#5409,
#5410,#5411,#5412,#5413,#5414,#5415,#5416,#5417,#5418,#5419));
#1248=EDGE_LOOP('',(#5420,#5421,#5422,#5423,#5424,#5425,#5426));
#1249=EDGE_LOOP('',(#5427,#5428,#5429,#5430,#5431,#5432,#5433,#5434,#5435,
#5436,#5437,#5438,#5439,#5440,#5441,#5442,#5443,#5444,#5445,#5446,#5447,
#5448,#5449,#5450,#5451,#5452,#5453,#5454,#5455,#5456,#5457));
#1250=EDGE_LOOP('',(#5458,#5459,#5460,#5461,#5462,#5463,#5464));
#1251=EDGE_LOOP('',(#5465,#5466,#5467,#5468));
#1252=EDGE_LOOP('',(#5469,#5470,#5471,#5472));
#1253=EDGE_LOOP('',(#5473,#5474,#5475,#5476));
#1254=EDGE_LOOP('',(#5477,#5478,#5479,#5480));
#1255=EDGE_LOOP('',(#5481,#5482,#5483,#5484));
#1256=EDGE_LOOP('',(#5485,#5486,#5487,#5488));
#1257=EDGE_LOOP('',(#5489,#5490,#5491,#5492));
#1258=EDGE_LOOP('',(#5493,#5494,#5495,#5496));
#1259=EDGE_LOOP('',(#5497,#5498,#5499,#5500));
#1260=EDGE_LOOP('',(#5501,#5502,#5503,#5504));
#1261=EDGE_LOOP('',(#5505,#5506,#5507,#5508));
#1262=EDGE_LOOP('',(#5509,#5510,#5511,#5512));
#1263=EDGE_LOOP('',(#5513,#5514,#5515,#5516));
#1264=EDGE_LOOP('',(#5517,#5518,#5519,#5520));
#1265=EDGE_LOOP('',(#5521,#5522,#5523,#5524));
#1266=EDGE_LOOP('',(#5525,#5526,#5527,#5528,#5529,#5530,#5531,#5532,#5533,
#5534,#5535,#5536,#5537,#5538,#5539));
#1267=EDGE_LOOP('',(#5540,#5541,#5542,#5543,#5544,#5545,#5546,#5547,#5548,
#5549,#5550,#5551,#5552,#5553,#5554));
#1268=EDGE_LOOP('',(#5555,#5556,#5557,#5558));
#1269=EDGE_LOOP('',(#5559,#5560,#5561,#5562));
#1270=EDGE_LOOP('',(#5563,#5564,#5565,#5566));
#1271=EDGE_LOOP('',(#5567,#5568,#5569,#5570));
#1272=EDGE_LOOP('',(#5571,#5572,#5573,#5574));
#1273=EDGE_LOOP('',(#5575,#5576,#5577,#5578));
#1274=EDGE_LOOP('',(#5579,#5580,#5581,#5582));
#1275=EDGE_LOOP('',(#5583,#5584,#5585,#5586));
#1276=EDGE_LOOP('',(#5587,#5588,#5589,#5590));
#1277=EDGE_LOOP('',(#5591,#5592,#5593,#5594));
#1278=EDGE_LOOP('',(#5595,#5596,#5597,#5598));
#1279=EDGE_LOOP('',(#5599,#5600,#5601,#5602));
#1280=EDGE_LOOP('',(#5603,#5604,#5605,#5606));
#1281=EDGE_LOOP('',(#5607,#5608,#5609,#5610,#5611,#5612,#5613,#5614));
#1282=EDGE_LOOP('',(#5615,#5616,#5617,#5618));
#1283=EDGE_LOOP('',(#5619,#5620,#5621,#5622,#5623,#5624,#5625,#5626));
#1284=EDGE_LOOP('',(#5627,#5628,#5629,#5630));
#1285=EDGE_LOOP('',(#5631,#5632,#5633,#5634));
#1286=EDGE_LOOP('',(#5635,#5636,#5637,#5638));
#1287=EDGE_LOOP('',(#5639,#5640,#5641,#5642));
#1288=EDGE_LOOP('',(#5643,#5644,#5645,#5646));
#1289=EDGE_LOOP('',(#5647,#5648,#5649,#5650));
#1290=EDGE_LOOP('',(#5651,#5652,#5653,#5654));
#1291=EDGE_LOOP('',(#5655,#5656,#5657,#5658));
#1292=EDGE_LOOP('',(#5659,#5660,#5661,#5662));
#1293=EDGE_LOOP('',(#5663,#5664,#5665,#5666));
#1294=EDGE_LOOP('',(#5667,#5668,#5669,#5670));
#1295=EDGE_LOOP('',(#5671,#5672,#5673,#5674));
#1296=EDGE_LOOP('',(#5675,#5676,#5677,#5678,#5679,#5680,#5681,#5682,#5683,
#5684,#5685,#5686));
#1297=EDGE_LOOP('',(#5687,#5688,#5689,#5690,#5691,#5692,#5693,#5694,#5695,
#5696,#5697,#5698));
#1298=EDGE_LOOP('',(#5699,#5700,#5701,#5702));
#1299=EDGE_LOOP('',(#5703,#5704,#5705,#5706));
#1300=EDGE_LOOP('',(#5707,#5708,#5709,#5710));
#1301=EDGE_LOOP('',(#5711,#5712,#5713,#5714));
#1302=EDGE_LOOP('',(#5715,#5716,#5717,#5718));
#1303=EDGE_LOOP('',(#5719,#5720,#5721,#5722));
#1304=EDGE_LOOP('',(#5723,#5724,#5725,#5726));
#1305=EDGE_LOOP('',(#5727,#5728,#5729,#5730));
#1306=EDGE_LOOP('',(#5731,#5732,#5733,#5734,#5735,#5736,#5737,#5738));
#1307=EDGE_LOOP('',(#5739,#5740,#5741,#5742,#5743,#5744,#5745,#5746));
#1308=EDGE_LOOP('',(#5747,#5748,#5749,#5750));
#1309=EDGE_LOOP('',(#5751,#5752,#5753,#5754));
#1310=EDGE_LOOP('',(#5755,#5756,#5757,#5758));
#1311=EDGE_LOOP('',(#5759,#5760,#5761,#5762));
#1312=EDGE_LOOP('',(#5763,#5764,#5765,#5766));
#1313=EDGE_LOOP('',(#5767,#5768,#5769,#5770));
#1314=EDGE_LOOP('',(#5771,#5772,#5773,#5774));
#1315=EDGE_LOOP('',(#5775,#5776,#5777,#5778));
#1316=EDGE_LOOP('',(#5779,#5780,#5781,#5782));
#1317=EDGE_LOOP('',(#5783,#5784,#5785,#5786,#5787,#5788));
#1318=EDGE_LOOP('',(#5789,#5790,#5791));
#1319=EDGE_LOOP('',(#5792,#5793,#5794,#5795,#5796,#5797));
#1320=EDGE_LOOP('',(#5798,#5799,#5800));
#1321=EDGE_LOOP('',(#5801,#5802,#5803,#5804));
#1322=EDGE_LOOP('',(#5805,#5806,#5807,#5808));
#1323=EDGE_LOOP('',(#5809,#5810,#5811,#5812));
#1324=EDGE_LOOP('',(#5813,#5814,#5815,#5816));
#1325=EDGE_LOOP('',(#5817,#5818,#5819,#5820));
#1326=EDGE_LOOP('',(#5821,#5822,#5823,#5824));
#1327=EDGE_LOOP('',(#5825,#5826,#5827,#5828));
#1328=EDGE_LOOP('',(#5829,#5830,#5831,#5832));
#1329=EDGE_LOOP('',(#5833,#5834,#5835,#5836));
#1330=EDGE_LOOP('',(#5837,#5838,#5839,#5840));
#1331=EDGE_LOOP('',(#5841,#5842,#5843,#5844));
#1332=EDGE_LOOP('',(#5845,#5846,#5847,#5848));
#1333=EDGE_LOOP('',(#5849,#5850,#5851,#5852));
#1334=EDGE_LOOP('',(#5853,#5854,#5855,#5856,#5857,#5858,#5859,#5860,#5861));
#1335=EDGE_LOOP('',(#5862,#5863,#5864,#5865));
#1336=EDGE_LOOP('',(#5866,#5867,#5868,#5869,#5870,#5871,#5872,#5873,#5874));
#1337=EDGE_LOOP('',(#5875,#5876,#5877,#5878));
#1338=EDGE_LOOP('',(#5879,#5880,#5881,#5882));
#1339=EDGE_LOOP('',(#5883,#5884,#5885,#5886));
#1340=EDGE_LOOP('',(#5887,#5888,#5889,#5890));
#1341=EDGE_LOOP('',(#5891,#5892,#5893,#5894));
#1342=EDGE_LOOP('',(#5895,#5896));
#1343=EDGE_LOOP('',(#5897,#5898));
#1344=EDGE_LOOP('',(#5899,#5900));
#1345=EDGE_LOOP('',(#5901,#5902));
#1346=EDGE_LOOP('',(#5903,#5904,#5905,#5906));
#1347=EDGE_LOOP('',(#5907,#5908,#5909,#5910));
#1348=EDGE_LOOP('',(#5911,#5912,#5913,#5914));
#1349=EDGE_LOOP('',(#5915,#5916,#5917,#5918));
#1350=EDGE_LOOP('',(#5919,#5920,#5921,#5922));
#1351=EDGE_LOOP('',(#5923,#5924,#5925,#5926));
#1352=EDGE_LOOP('',(#5927,#5928,#5929,#5930));
#1353=EDGE_LOOP('',(#5931,#5932,#5933,#5934));
#1354=EDGE_LOOP('',(#5935,#5936,#5937,#5938));
#1355=EDGE_LOOP('',(#5939,#5940,#5941,#5942));
#1356=EDGE_LOOP('',(#5943,#5944,#5945,#5946,#5947,#5948));
#1357=EDGE_LOOP('',(#5949,#5950,#5951,#5952));
#1358=EDGE_LOOP('',(#5953,#5954,#5955,#5956,#5957,#5958));
#1359=EDGE_LOOP('',(#5959,#5960,#5961,#5962));
#1360=EDGE_LOOP('',(#5963,#5964,#5965,#5966));
#1361=EDGE_LOOP('',(#5967,#5968,#5969,#5970));
#1362=EDGE_LOOP('',(#5971,#5972,#5973,#5974));
#1363=EDGE_LOOP('',(#5975,#5976,#5977,#5978));
#1364=EDGE_LOOP('',(#5979,#5980,#5981,#5982));
#1365=EDGE_LOOP('',(#5983,#5984,#5985,#5986));
#1366=EDGE_LOOP('',(#5987,#5988,#5989,#5990));
#1367=EDGE_LOOP('',(#5991,#5992,#5993,#5994));
#1368=EDGE_LOOP('',(#5995,#5996,#5997,#5998));
#1369=EDGE_LOOP('',(#5999,#6000,#6001,#6002));
#1370=EDGE_LOOP('',(#6003,#6004,#6005,#6006));
#1371=EDGE_LOOP('',(#6007,#6008,#6009,#6010));
#1372=EDGE_LOOP('',(#6011,#6012,#6013,#6014));
#1373=EDGE_LOOP('',(#6015,#6016,#6017,#6018,#6019,#6020,#6021,#6022,#6023));
#1374=EDGE_LOOP('',(#6024,#6025,#6026,#6027));
#1375=EDGE_LOOP('',(#6028,#6029,#6030,#6031,#6032,#6033,#6034,#6035,#6036));
#1376=EDGE_LOOP('',(#6037,#6038,#6039,#6040));
#1377=EDGE_LOOP('',(#6041,#6042,#6043,#6044));
#1378=EDGE_LOOP('',(#6045,#6046,#6047,#6048));
#1379=EDGE_LOOP('',(#6049,#6050,#6051,#6052));
#1380=EDGE_LOOP('',(#6053,#6054,#6055,#6056));
#1381=EDGE_LOOP('',(#6057,#6058,#6059,#6060));
#1382=EDGE_LOOP('',(#6061,#6062,#6063,#6064));
#1383=EDGE_LOOP('',(#6065,#6066,#6067));
#1384=EDGE_LOOP('',(#6068,#6069,#6070));
#1385=EDGE_LOOP('',(#6071,#6072,#6073));
#1386=EDGE_LOOP('',(#6074,#6075,#6076));
#1387=EDGE_LOOP('',(#6077,#6078,#6079,#6080));
#1388=EDGE_LOOP('',(#6081,#6082,#6083,#6084));
#1389=EDGE_LOOP('',(#6085,#6086,#6087,#6088));
#1390=EDGE_LOOP('',(#6089,#6090,#6091,#6092));
#1391=EDGE_LOOP('',(#6093,#6094,#6095,#6096));
#1392=EDGE_LOOP('',(#6097,#6098,#6099,#6100));
#1393=EDGE_LOOP('',(#6101,#6102,#6103,#6104));
#1394=EDGE_LOOP('',(#6105,#6106,#6107,#6108));
#1395=EDGE_LOOP('',(#6109,#6110,#6111,#6112));
#1396=EDGE_LOOP('',(#6113,#6114,#6115,#6116));
#1397=EDGE_LOOP('',(#6117,#6118,#6119,#6120));
#1398=EDGE_LOOP('',(#6121,#6122,#6123,#6124,#6125,#6126,#6127,#6128,#6129,
#6130,#6131));
#1399=EDGE_LOOP('',(#6132,#6133,#6134,#6135,#6136,#6137,#6138,#6139,#6140,
#6141,#6142));
#1400=EDGE_LOOP('',(#6143,#6144,#6145,#6146));
#1401=EDGE_LOOP('',(#6147,#6148,#6149,#6150));
#1402=EDGE_LOOP('',(#6151,#6152,#6153,#6154));
#1403=EDGE_LOOP('',(#6155,#6156,#6157,#6158));
#1404=EDGE_LOOP('',(#6159,#6160,#6161,#6162));
#1405=EDGE_LOOP('',(#6163,#6164,#6165,#6166));
#1406=EDGE_LOOP('',(#6167,#6168,#6169,#6170));
#1407=EDGE_LOOP('',(#6171,#6172,#6173,#6174));
#1408=EDGE_LOOP('',(#6175,#6176,#6177,#6178));
#1409=EDGE_LOOP('',(#6179,#6180,#6181,#6182));
#1410=EDGE_LOOP('',(#6183,#6184,#6185,#6186));
#1411=EDGE_LOOP('',(#6187,#6188,#6189,#6190));
#1412=EDGE_LOOP('',(#6191,#6192,#6193,#6194));
#1413=EDGE_LOOP('',(#6195,#6196,#6197,#6198,#6199,#6200,#6201));
#1414=EDGE_LOOP('',(#6202,#6203,#6204,#6205,#6206,#6207,#6208));
#1415=LINE('',#8297,#2065);
#1416=LINE('',#8302,#2066);
#1417=LINE('',#8304,#2067);
#1418=LINE('',#8306,#2068);
#1419=LINE('',#8307,#2069);
#1420=LINE('',#8311,#2070);
#1421=LINE('',#8315,#2071);
#1422=LINE('',#8318,#2072);
#1423=LINE('',#8320,#2073);
#1424=LINE('',#8322,#2074);
#1425=LINE('',#8324,#2075);
#1426=LINE('',#8326,#2076);
#1427=LINE('',#8328,#2077);
#1428=LINE('',#8330,#2078);
#1429=LINE('',#8332,#2079);
#1430=LINE('',#8336,#2080);
#1431=LINE('',#8341,#2081);
#1432=LINE('',#8345,#2082);
#1433=LINE('',#8349,#2083);
#1434=LINE('',#8350,#2084);
#1435=LINE('',#8358,#2085);
#1436=LINE('',#8360,#2086);
#1437=LINE('',#8361,#2087);
#1438=LINE('',#8365,#2088);
#1439=LINE('',#8366,#2089);
#1440=LINE('',#8367,#2090);
#1441=LINE('',#8370,#2091);
#1442=LINE('',#8377,#2092);
#1443=LINE('',#8378,#2093);
#1444=LINE('',#8382,#2094);
#1445=LINE('',#8384,#2095);
#1446=LINE('',#8386,#2096);
#1447=LINE('',#8387,#2097);
#1448=LINE('',#8390,#2098);
#1449=LINE('',#8391,#2099);
#1450=LINE('',#8393,#2100);
#1451=LINE('',#8394,#2101);
#1452=LINE('',#8398,#2102);
#1453=LINE('',#8403,#2103);
#1454=LINE('',#8404,#2104);
#1455=LINE('',#8408,#2105);
#1456=LINE('',#8410,#2106);
#1457=LINE('',#8414,#2107);
#1458=LINE('',#8415,#2108);
#1459=LINE('',#8418,#2109);
#1460=LINE('',#8420,#2110);
#1461=LINE('',#8422,#2111);
#1462=LINE('',#8424,#2112);
#1463=LINE('',#8426,#2113);
#1464=LINE('',#8427,#2114);
#1465=LINE('',#8431,#2115);
#1466=LINE('',#8432,#2116);
#1467=LINE('',#8434,#2117);
#1468=LINE('',#8436,#2118);
#1469=LINE('',#8438,#2119);
#1470=LINE('',#8439,#2120);
#1471=LINE('',#8442,#2121);
#1472=LINE('',#8443,#2122);
#1473=LINE('',#8446,#2123);
#1474=LINE('',#8447,#2124);
#1475=LINE('',#8450,#2125);
#1476=LINE('',#8451,#2126);
#1477=LINE('',#8454,#2127);
#1478=LINE('',#8455,#2128);
#1479=LINE('',#8458,#2129);
#1480=LINE('',#8459,#2130);
#1481=LINE('',#8462,#2131);
#1482=LINE('',#8463,#2132);
#1483=LINE('',#8465,#2133);
#1484=LINE('',#8572,#2134);
#1485=LINE('',#8581,#2135);
#1486=LINE('',#8584,#2136);
#1487=LINE('',#8588,#2137);
#1488=LINE('',#8590,#2138);
#1489=LINE('',#8592,#2139);
#1490=LINE('',#8593,#2140);
#1491=LINE('',#8596,#2141);
#1492=LINE('',#8598,#2142);
#1493=LINE('',#8599,#2143);
#1494=LINE('',#8602,#2144);
#1495=LINE('',#8604,#2145);
#1496=LINE('',#8605,#2146);
#1497=LINE('',#8608,#2147);
#1498=LINE('',#8610,#2148);
#1499=LINE('',#8611,#2149);
#1500=LINE('',#8614,#2150);
#1501=LINE('',#8616,#2151);
#1502=LINE('',#8617,#2152);
#1503=LINE('',#8620,#2153);
#1504=LINE('',#8622,#2154);
#1505=LINE('',#8623,#2155);
#1506=LINE('',#8626,#2156);
#1507=LINE('',#8628,#2157);
#1508=LINE('',#8629,#2158);
#1509=LINE('',#8632,#2159);
#1510=LINE('',#8634,#2160);
#1511=LINE('',#8635,#2161);
#1512=LINE('',#8638,#2162);
#1513=LINE('',#8640,#2163);
#1514=LINE('',#8641,#2164);
#1515=LINE('',#8644,#2165);
#1516=LINE('',#8646,#2166);
#1517=LINE('',#8647,#2167);
#1518=LINE('',#8650,#2168);
#1519=LINE('',#8652,#2169);
#1520=LINE('',#8653,#2170);
#1521=LINE('',#8655,#2171);
#1522=LINE('',#8656,#2172);
#1523=LINE('',#8659,#2173);
#1524=LINE('',#8662,#2174);
#1525=LINE('',#8665,#2175);
#1526=LINE('',#8667,#2176);
#1527=LINE('',#8670,#2177);
#1528=LINE('',#8672,#2178);
#1529=LINE('',#8677,#2179);
#1530=LINE('',#8679,#2180);
#1531=LINE('',#8681,#2181);
#1532=LINE('',#8682,#2182);
#1533=LINE('',#8686,#2183);
#1534=LINE('',#8687,#2184);
#1535=LINE('',#8691,#2185);
#1536=LINE('',#8692,#2186);
#1537=LINE('',#8695,#2187);
#1538=LINE('',#8697,#2188);
#1539=LINE('',#8699,#2189);
#1540=LINE('',#8701,#2190);
#1541=LINE('',#8704,#2191);
#1542=LINE('',#8706,#2192);
#1543=LINE('',#8708,#2193);
#1544=LINE('',#8710,#2194);
#1545=LINE('',#8715,#2195);
#1546=LINE('',#8717,#2196);
#1547=LINE('',#8719,#2197);
#1548=LINE('',#8720,#2198);
#1549=LINE('',#8723,#2199);
#1550=LINE('',#8725,#2200);
#1551=LINE('',#8726,#2201);
#1552=LINE('',#8729,#2202);
#1553=LINE('',#8731,#2203);
#1554=LINE('',#8732,#2204);
#1555=LINE('',#8737,#2205);
#1556=LINE('',#8742,#2206);
#1557=LINE('',#8747,#2207);
#1558=LINE('',#8751,#2208);
#1559=LINE('',#8756,#2209);
#1560=LINE('',#8758,#2210);
#1561=LINE('',#8760,#2211);
#1562=LINE('',#8762,#2212);
#1563=LINE('',#8764,#2213);
#1564=LINE('',#8766,#2214);
#1565=LINE('',#8768,#2215);
#1566=LINE('',#8769,#2216);
#1567=LINE('',#8772,#2217);
#1568=LINE('',#8774,#2218);
#1569=LINE('',#8775,#2219);
#1570=LINE('',#8778,#2220);
#1571=LINE('',#8780,#2221);
#1572=LINE('',#8782,#2222);
#1573=LINE('',#8784,#2223);
#1574=LINE('',#8786,#2224);
#1575=LINE('',#8788,#2225);
#1576=LINE('',#8789,#2226);
#1577=LINE('',#8793,#2227);
#1578=LINE('',#8798,#2228);
#1579=LINE('',#8802,#2229);
#1580=LINE('',#8805,#2230);
#1581=LINE('',#8806,#2231);
#1582=LINE('',#8808,#2232);
#1583=LINE('',#8810,#2233);
#1584=LINE('',#8812,#2234);
#1585=LINE('',#8814,#2235);
#1586=LINE('',#8817,#2236);
#1587=LINE('',#8818,#2237);
#1588=LINE('',#8820,#2238);
#1589=LINE('',#8823,#2239);
#1590=LINE('',#8826,#2240);
#1591=LINE('',#8829,#2241);
#1592=LINE('',#8832,#2242);
#1593=LINE('',#8837,#2243);
#1594=LINE('',#8839,#2244);
#1595=LINE('',#8841,#2245);
#1596=LINE('',#8842,#2246);
#1597=LINE('',#8845,#2247);
#1598=LINE('',#8847,#2248);
#1599=LINE('',#8848,#2249);
#1600=LINE('',#8851,#2250);
#1601=LINE('',#8853,#2251);
#1602=LINE('',#8854,#2252);
#1603=LINE('',#8858,#2253);
#1604=LINE('',#8864,#2254);
#1605=LINE('',#8868,#2255);
#1606=LINE('',#8872,#2256);
#1607=LINE('',#8878,#2257);
#1608=LINE('',#8880,#2258);
#1609=LINE('',#8882,#2259);
#1610=LINE('',#8884,#2260);
#1611=LINE('',#8886,#2261);
#1612=LINE('',#8888,#2262);
#1613=LINE('',#8890,#2263);
#1614=LINE('',#8891,#2264);
#1615=LINE('',#8894,#2265);
#1616=LINE('',#8896,#2266);
#1617=LINE('',#8897,#2267);
#1618=LINE('',#8900,#2268);
#1619=LINE('',#8902,#2269);
#1620=LINE('',#8904,#2270);
#1621=LINE('',#8906,#2271);
#1622=LINE('',#8908,#2272);
#1623=LINE('',#8910,#2273);
#1624=LINE('',#8911,#2274);
#1625=LINE('',#8915,#2275);
#1626=LINE('',#8919,#2276);
#1627=LINE('',#8923,#2277);
#1628=LINE('',#8927,#2278);
#1629=LINE('',#8928,#2279);
#1630=LINE('',#8930,#2280);
#1631=LINE('',#8931,#2281);
#1632=LINE('',#8933,#2282);
#1633=LINE('',#8936,#2283);
#1634=LINE('',#8939,#2284);
#1635=LINE('',#8940,#2285);
#1636=LINE('',#8942,#2286);
#1637=LINE('',#8945,#2287);
#1638=LINE('',#8948,#2288);
#1639=LINE('',#8951,#2289);
#1640=LINE('',#8954,#2290);
#1641=LINE('',#8961,#2291);
#1642=LINE('',#8964,#2292);
#1643=LINE('',#8969,#2293);
#1644=LINE('',#8970,#2294);
#1645=LINE('',#8973,#2295);
#1646=LINE('',#8974,#2296);
#1647=LINE('',#8977,#2297);
#1648=LINE('',#8978,#2298);
#1649=LINE('',#8998,#2299);
#1650=LINE('',#9004,#2300);
#1651=LINE('',#9019,#2301);
#1652=LINE('',#9038,#2302);
#1653=LINE('',#9057,#2303);
#1654=LINE('',#9064,#2304);
#1655=LINE('',#9066,#2305);
#1656=LINE('',#9067,#2306);
#1657=LINE('',#9070,#2307);
#1658=LINE('',#9072,#2308);
#1659=LINE('',#9073,#2309);
#1660=LINE('',#9076,#2310);
#1661=LINE('',#9078,#2311);
#1662=LINE('',#9079,#2312);
#1663=LINE('',#9094,#2313);
#1664=LINE('',#9113,#2314);
#1665=LINE('',#9132,#2315);
#1666=LINE('',#9139,#2316);
#1667=LINE('',#9141,#2317);
#1668=LINE('',#9142,#2318);
#1669=LINE('',#9145,#2319);
#1670=LINE('',#9147,#2320);
#1671=LINE('',#9148,#2321);
#1672=LINE('',#9151,#2322);
#1673=LINE('',#9153,#2323);
#1674=LINE('',#9154,#2324);
#1675=LINE('',#9169,#2325);
#1676=LINE('',#9188,#2326);
#1677=LINE('',#9195,#2327);
#1678=LINE('',#9197,#2328);
#1679=LINE('',#9198,#2329);
#1680=LINE('',#9213,#2330);
#1681=LINE('',#9232,#2331);
#1682=LINE('',#9251,#2332);
#1683=LINE('',#9270,#2333);
#1684=LINE('',#9277,#2334);
#1685=LINE('',#9279,#2335);
#1686=LINE('',#9280,#2336);
#1687=LINE('',#9283,#2337);
#1688=LINE('',#9285,#2338);
#1689=LINE('',#9286,#2339);
#1690=LINE('',#9289,#2340);
#1691=LINE('',#9291,#2341);
#1692=LINE('',#9292,#2342);
#1693=LINE('',#9307,#2343);
#1694=LINE('',#9326,#2344);
#1695=LINE('',#9345,#2345);
#1696=LINE('',#9364,#2346);
#1697=LINE('',#9402,#2347);
#1698=LINE('',#9408,#2348);
#1699=LINE('',#9423,#2349);
#1700=LINE('',#9430,#2350);
#1701=LINE('',#9432,#2351);
#1702=LINE('',#9433,#2352);
#1703=LINE('',#9436,#2353);
#1704=LINE('',#9438,#2354);
#1705=LINE('',#9439,#2355);
#1706=LINE('',#9442,#2356);
#1707=LINE('',#9444,#2357);
#1708=LINE('',#9445,#2358);
#1709=LINE('',#9448,#2359);
#1710=LINE('',#9450,#2360);
#1711=LINE('',#9451,#2361);
#1712=LINE('',#9466,#2362);
#1713=LINE('',#9485,#2363);
#1714=LINE('',#9492,#2364);
#1715=LINE('',#9494,#2365);
#1716=LINE('',#9495,#2366);
#1717=LINE('',#9498,#2367);
#1718=LINE('',#9500,#2368);
#1719=LINE('',#9501,#2369);
#1720=LINE('',#9504,#2370);
#1721=LINE('',#9506,#2371);
#1722=LINE('',#9507,#2372);
#1723=LINE('',#9522,#2373);
#1724=LINE('',#9541,#2374);
#1725=LINE('',#9560,#2375);
#1726=LINE('',#9579,#2376);
#1727=LINE('',#9598,#2377);
#1728=LINE('',#9617,#2378);
#1729=LINE('',#9636,#2379);
#1730=LINE('',#9643,#2380);
#1731=LINE('',#9645,#2381);
#1732=LINE('',#9646,#2382);
#1733=LINE('',#9661,#2383);
#1734=LINE('',#9680,#2384);
#1735=LINE('',#9686,#2385);
#1736=LINE('',#9687,#2386);
#1737=LINE('',#9705,#2387);
#1738=LINE('',#9711,#2388);
#1739=LINE('',#9726,#2389);
#1740=LINE('',#9745,#2390);
#1741=LINE('',#9764,#2391);
#1742=LINE('',#9783,#2392);
#1743=LINE('',#9790,#2393);
#1744=LINE('',#9792,#2394);
#1745=LINE('',#9793,#2395);
#1746=LINE('',#9809,#2396);
#1747=LINE('',#9815,#2397);
#1748=LINE('',#9818,#2398);
#1749=LINE('',#9820,#2399);
#1750=LINE('',#9821,#2400);
#1751=LINE('',#9836,#2401);
#1752=LINE('',#9855,#2402);
#1753=LINE('',#9874,#2403);
#1754=LINE('',#9881,#2404);
#1755=LINE('',#9883,#2405);
#1756=LINE('',#9884,#2406);
#1757=LINE('',#9899,#2407);
#1758=LINE('',#9918,#2408);
#1759=LINE('',#9937,#2409);
#1760=LINE('',#9956,#2410);
#1761=LINE('',#9963,#2411);
#1762=LINE('',#9965,#2412);
#1763=LINE('',#9966,#2413);
#1764=LINE('',#9969,#2414);
#1765=LINE('',#9971,#2415);
#1766=LINE('',#9972,#2416);
#1767=LINE('',#9975,#2417);
#1768=LINE('',#9977,#2418);
#1769=LINE('',#9978,#2419);
#1770=LINE('',#9981,#2420);
#1771=LINE('',#9983,#2421);
#1772=LINE('',#9984,#2422);
#1773=LINE('',#9987,#2423);
#1774=LINE('',#9989,#2424);
#1775=LINE('',#9990,#2425);
#1776=LINE('',#10005,#2426);
#1777=LINE('',#10012,#2427);
#1778=LINE('',#10014,#2428);
#1779=LINE('',#10015,#2429);
#1780=LINE('',#10018,#2430);
#1781=LINE('',#10020,#2431);
#1782=LINE('',#10021,#2432);
#1783=LINE('',#10024,#2433);
#1784=LINE('',#10026,#2434);
#1785=LINE('',#10027,#2435);
#1786=LINE('',#10030,#2436);
#1787=LINE('',#10032,#2437);
#1788=LINE('',#10033,#2438);
#1789=LINE('',#10036,#2439);
#1790=LINE('',#10038,#2440);
#1791=LINE('',#10039,#2441);
#1792=LINE('',#10042,#2442);
#1793=LINE('',#10044,#2443);
#1794=LINE('',#10045,#2444);
#1795=LINE('',#10048,#2445);
#1796=LINE('',#10050,#2446);
#1797=LINE('',#10051,#2447);
#1798=LINE('',#10054,#2448);
#1799=LINE('',#10056,#2449);
#1800=LINE('',#10057,#2450);
#1801=LINE('',#10072,#2451);
#1802=LINE('',#10091,#2452);
#1803=LINE('',#10110,#2453);
#1804=LINE('',#10117,#2454);
#1805=LINE('',#10119,#2455);
#1806=LINE('',#10120,#2456);
#1807=LINE('',#10135,#2457);
#1808=LINE('',#10142,#2458);
#1809=LINE('',#10144,#2459);
#1810=LINE('',#10145,#2460);
#1811=LINE('',#10163,#2461);
#1812=LINE('',#10164,#2462);
#1813=LINE('',#10182,#2463);
#1814=LINE('',#10188,#2464);
#1815=LINE('',#10203,#2465);
#1816=LINE('',#10222,#2466);
#1817=LINE('',#10241,#2467);
#1818=LINE('',#10260,#2468);
#1819=LINE('',#10279,#2469);
#1820=LINE('',#10298,#2470);
#1821=LINE('',#10317,#2471);
#1822=LINE('',#10336,#2472);
#1823=LINE('',#10355,#2473);
#1824=LINE('',#10374,#2474);
#1825=LINE('',#10393,#2475);
#1826=LINE('',#10412,#2476);
#1827=LINE('',#10431,#2477);
#1828=LINE('',#10469,#2478);
#1829=LINE('',#10475,#2479);
#1830=LINE('',#10490,#2480);
#1831=LINE('',#10497,#2481);
#1832=LINE('',#10499,#2482);
#1833=LINE('',#10500,#2483);
#1834=LINE('',#10516,#2484);
#1835=LINE('',#10522,#2485);
#1836=LINE('',#10537,#2486);
#1837=LINE('',#10544,#2487);
#1838=LINE('',#10546,#2488);
#1839=LINE('',#10547,#2489);
#1840=LINE('',#10550,#2490);
#1841=LINE('',#10552,#2491);
#1842=LINE('',#10553,#2492);
#1843=LINE('',#10556,#2493);
#1844=LINE('',#10558,#2494);
#1845=LINE('',#10559,#2495);
#1846=LINE('',#10562,#2496);
#1847=LINE('',#10564,#2497);
#1848=LINE('',#10565,#2498);
#1849=LINE('',#10568,#2499);
#1850=LINE('',#10570,#2500);
#1851=LINE('',#10571,#2501);
#1852=LINE('',#10589,#2502);
#1853=LINE('',#10590,#2503);
#1854=LINE('',#10596,#2504);
#1855=LINE('',#10598,#2505);
#1856=LINE('',#10600,#2506);
#1857=LINE('',#10601,#2507);
#1858=LINE('',#10616,#2508);
#1859=LINE('',#10623,#2509);
#1860=LINE('',#10625,#2510);
#1861=LINE('',#10626,#2511);
#1862=LINE('',#10629,#2512);
#1863=LINE('',#10631,#2513);
#1864=LINE('',#10632,#2514);
#1865=LINE('',#10635,#2515);
#1866=LINE('',#10637,#2516);
#1867=LINE('',#10638,#2517);
#1868=LINE('',#10641,#2518);
#1869=LINE('',#10643,#2519);
#1870=LINE('',#10644,#2520);
#1871=LINE('',#10647,#2521);
#1872=LINE('',#10649,#2522);
#1873=LINE('',#10650,#2523);
#1874=LINE('',#10653,#2524);
#1875=LINE('',#10655,#2525);
#1876=LINE('',#10656,#2526);
#1877=LINE('',#10659,#2527);
#1878=LINE('',#10661,#2528);
#1879=LINE('',#10662,#2529);
#1880=LINE('',#10665,#2530);
#1881=LINE('',#10667,#2531);
#1882=LINE('',#10668,#2532);
#1883=LINE('',#10671,#2533);
#1884=LINE('',#10673,#2534);
#1885=LINE('',#10674,#2535);
#1886=LINE('',#10676,#2536);
#1887=LINE('',#10677,#2537);
#1888=LINE('',#10683,#2538);
#1889=LINE('',#10685,#2539);
#1890=LINE('',#10687,#2540);
#1891=LINE('',#10688,#2541);
#1892=LINE('',#10703,#2542);
#1893=LINE('',#10710,#2543);
#1894=LINE('',#10712,#2544);
#1895=LINE('',#10713,#2545);
#1896=LINE('',#10716,#2546);
#1897=LINE('',#10718,#2547);
#1898=LINE('',#10719,#2548);
#1899=LINE('',#10722,#2549);
#1900=LINE('',#10724,#2550);
#1901=LINE('',#10725,#2551);
#1902=LINE('',#10740,#2552);
#1903=LINE('',#10747,#2553);
#1904=LINE('',#10749,#2554);
#1905=LINE('',#10750,#2555);
#1906=LINE('',#10752,#2556);
#1907=LINE('',#10753,#2557);
#1908=LINE('',#10771,#2558);
#1909=LINE('',#10777,#2559);
#1910=LINE('',#10792,#2560);
#1911=LINE('',#10799,#2561);
#1912=LINE('',#10801,#2562);
#1913=LINE('',#10802,#2563);
#1914=LINE('',#10805,#2564);
#1915=LINE('',#10807,#2565);
#1916=LINE('',#10808,#2566);
#1917=LINE('',#10811,#2567);
#1918=LINE('',#10813,#2568);
#1919=LINE('',#10814,#2569);
#1920=LINE('',#10818,#2570);
#1921=LINE('',#10820,#2571);
#1922=LINE('',#10822,#2572);
#1923=LINE('',#10823,#2573);
#1924=LINE('',#10826,#2574);
#1925=LINE('',#10828,#2575);
#1926=LINE('',#10829,#2576);
#1927=LINE('',#10831,#2577);
#1928=LINE('',#10832,#2578);
#1929=LINE('',#10834,#2579);
#1930=LINE('',#10835,#2580);
#1931=LINE('',#10841,#2581);
#1932=LINE('',#10843,#2582);
#1933=LINE('',#10845,#2583);
#1934=LINE('',#10846,#2584);
#1935=LINE('',#10861,#2585);
#1936=LINE('',#10880,#2586);
#1937=LINE('',#10899,#2587);
#1938=LINE('',#10906,#2588);
#1939=LINE('',#10908,#2589);
#1940=LINE('',#10909,#2590);
#1941=LINE('',#10912,#2591);
#1942=LINE('',#10914,#2592);
#1943=LINE('',#10915,#2593);
#1944=LINE('',#10918,#2594);
#1945=LINE('',#10920,#2595);
#1946=LINE('',#10921,#2596);
#1947=LINE('',#10924,#2597);
#1948=LINE('',#10926,#2598);
#1949=LINE('',#10927,#2599);
#1950=LINE('',#10940,#2600);
#1951=LINE('',#10943,#2601);
#1952=LINE('',#10958,#2602);
#1953=LINE('',#10965,#2603);
#1954=LINE('',#10967,#2604);
#1955=LINE('',#10968,#2605);
#1956=LINE('',#10970,#2606);
#1957=LINE('',#10971,#2607);
#1958=LINE('',#11005,#2608);
#1959=LINE('',#11011,#2609);
#1960=LINE('',#11027,#2610);
#1961=LINE('',#11033,#2611);
#1962=LINE('',#11083,#2612);
#1963=LINE('',#11089,#2613);
#1964=LINE('',#11104,#2614);
#1965=LINE('',#11111,#2615);
#1966=LINE('',#11113,#2616);
#1967=LINE('',#11114,#2617);
#1968=LINE('',#11117,#2618);
#1969=LINE('',#11119,#2619);
#1970=LINE('',#11120,#2620);
#1971=LINE('',#11123,#2621);
#1972=LINE('',#11125,#2622);
#1973=LINE('',#11126,#2623);
#1974=LINE('',#11130,#2624);
#1975=LINE('',#11132,#2625);
#1976=LINE('',#11134,#2626);
#1977=LINE('',#11135,#2627);
#1978=LINE('',#11150,#2628);
#1979=LINE('',#11157,#2629);
#1980=LINE('',#11159,#2630);
#1981=LINE('',#11160,#2631);
#1982=LINE('',#11162,#2632);
#1983=LINE('',#11163,#2633);
#1984=LINE('',#11185,#2634);
#1985=LINE('',#11187,#2635);
#1986=LINE('',#11189,#2636);
#1987=LINE('',#11190,#2637);
#1988=LINE('',#11205,#2638);
#1989=LINE('',#11224,#2639);
#1990=LINE('',#11243,#2640);
#1991=LINE('',#11250,#2641);
#1992=LINE('',#11252,#2642);
#1993=LINE('',#11253,#2643);
#1994=LINE('',#11256,#2644);
#1995=LINE('',#11258,#2645);
#1996=LINE('',#11259,#2646);
#1997=LINE('',#11262,#2647);
#1998=LINE('',#11264,#2648);
#1999=LINE('',#11265,#2649);
#2000=LINE('',#11268,#2650);
#2001=LINE('',#11270,#2651);
#2002=LINE('',#11271,#2652);
#2003=LINE('',#11287,#2653);
#2004=LINE('',#11293,#2654);
#2005=LINE('',#11308,#2655);
#2006=LINE('',#11315,#2656);
#2007=LINE('',#11317,#2657);
#2008=LINE('',#11318,#2658);
#2009=LINE('',#11320,#2659);
#2010=LINE('',#11321,#2660);
#2011=LINE('',#11355,#2661);
#2012=LINE('',#11361,#2662);
#2013=LINE('',#11386,#2663);
#2014=LINE('',#11406,#2664);
#2015=LINE('',#11412,#2665);
#2016=LINE('',#11427,#2666);
#2017=LINE('',#11481,#2667);
#2018=LINE('',#11487,#2668);
#2019=LINE('',#11502,#2669);
#2020=LINE('',#11509,#2670);
#2021=LINE('',#11511,#2671);
#2022=LINE('',#11512,#2672);
#2023=LINE('',#11515,#2673);
#2024=LINE('',#11517,#2674);
#2025=LINE('',#11518,#2675);
#2026=LINE('',#11521,#2676);
#2027=LINE('',#11523,#2677);
#2028=LINE('',#11524,#2678);
#2029=LINE('',#11527,#2679);
#2030=LINE('',#11529,#2680);
#2031=LINE('',#11530,#2681);
#2032=LINE('',#11533,#2682);
#2033=LINE('',#11535,#2683);
#2034=LINE('',#11536,#2684);
#2035=LINE('',#11539,#2685);
#2036=LINE('',#11541,#2686);
#2037=LINE('',#11542,#2687);
#2038=LINE('',#11545,#2688);
#2039=LINE('',#11547,#2689);
#2040=LINE('',#11548,#2690);
#2041=LINE('',#11551,#2691);
#2042=LINE('',#11553,#2692);
#2043=LINE('',#11554,#2693);
#2044=LINE('',#11576,#2694);
#2045=LINE('',#11578,#2695);
#2046=LINE('',#11580,#2696);
#2047=LINE('',#11581,#2697);
#2048=LINE('',#11584,#2698);
#2049=LINE('',#11586,#2699);
#2050=LINE('',#11587,#2700);
#2051=LINE('',#11590,#2701);
#2052=LINE('',#11592,#2702);
#2053=LINE('',#11593,#2703);
#2054=LINE('',#11595,#2704);
#2055=LINE('',#11596,#2705);
#2056=LINE('',#11602,#2706);
#2057=LINE('',#11604,#2707);
#2058=LINE('',#11606,#2708);
#2059=LINE('',#11607,#2709);
#2060=LINE('',#11622,#2710);
#2061=LINE('',#11641,#2711);
#2062=LINE('',#11660,#2712);
#2063=LINE('',#11679,#2713);
#2064=LINE('',#11695,#2714);
#2065=VECTOR('',#6989,0.305);
#2066=VECTOR('',#6994,1000.);
#2067=VECTOR('',#6995,1000.);
#2068=VECTOR('',#6996,1000.);
#2069=VECTOR('',#6997,1000.);
#2070=VECTOR('',#7000,1000.);
#2071=VECTOR('',#7003,1000.);
#2072=VECTOR('',#7006,1000.);
#2073=VECTOR('',#7007,1000.);
#2074=VECTOR('',#7008,1000.);
#2075=VECTOR('',#7009,1000.);
#2076=VECTOR('',#7010,1000.);
#2077=VECTOR('',#7011,1000.);
#2078=VECTOR('',#7012,1000.);
#2079=VECTOR('',#7013,1000.);
#2080=VECTOR('',#7016,1000.);
#2081=VECTOR('',#7021,1000.);
#2082=VECTOR('',#7024,1000.);
#2083=VECTOR('',#7027,1000.);
#2084=VECTOR('',#7028,1000.);
#2085=VECTOR('',#7031,1000.);
#2086=VECTOR('',#7032,1000.);
#2087=VECTOR('',#7033,1000.);
#2088=VECTOR('',#7036,1000.);
#2089=VECTOR('',#7037,1000.);
#2090=VECTOR('',#7038,1000.);
#2091=VECTOR('',#7041,1000.);
#2092=VECTOR('',#7042,1000.);
#2093=VECTOR('',#7043,1000.);
#2094=VECTOR('',#7046,1000.);
#2095=VECTOR('',#7047,1000.);
#2096=VECTOR('',#7048,1000.);
#2097=VECTOR('',#7049,1000.);
#2098=VECTOR('',#7052,1000.);
#2099=VECTOR('',#7053,1000.);
#2100=VECTOR('',#7054,1000.);
#2101=VECTOR('',#7055,1000.);
#2102=VECTOR('',#7058,1000.);
#2103=VECTOR('',#7063,1000.);
#2104=VECTOR('',#7064,1000.);
#2105=VECTOR('',#7067,1000.);
#2106=VECTOR('',#7070,1000.);
#2107=VECTOR('',#7073,1000.);
#2108=VECTOR('',#7074,1000.);
#2109=VECTOR('',#7077,1000.);
#2110=VECTOR('',#7078,1000.);
#2111=VECTOR('',#7079,1000.);
#2112=VECTOR('',#7080,1000.);
#2113=VECTOR('',#7081,1000.);
#2114=VECTOR('',#7082,1000.);
#2115=VECTOR('',#7085,1000.);
#2116=VECTOR('',#7086,1000.);
#2117=VECTOR('',#7087,1000.);
#2118=VECTOR('',#7088,1000.);
#2119=VECTOR('',#7089,1000.);
#2120=VECTOR('',#7090,1000.);
#2121=VECTOR('',#7093,1000.);
#2122=VECTOR('',#7094,1000.);
#2123=VECTOR('',#7097,1000.);
#2124=VECTOR('',#7098,1000.);
#2125=VECTOR('',#7101,1000.);
#2126=VECTOR('',#7102,1000.);
#2127=VECTOR('',#7105,1000.);
#2128=VECTOR('',#7106,1000.);
#2129=VECTOR('',#7109,1000.);
#2130=VECTOR('',#7110,1000.);
#2131=VECTOR('',#7113,1000.);
#2132=VECTOR('',#7114,1000.);
#2133=VECTOR('',#7117,1000.);
#2134=VECTOR('',#7202,0.305);
#2135=VECTOR('',#7213,1000.);
#2136=VECTOR('',#7216,1000.);
#2137=VECTOR('',#7219,1000.);
#2138=VECTOR('',#7220,1000.);
#2139=VECTOR('',#7221,1000.);
#2140=VECTOR('',#7222,1000.);
#2141=VECTOR('',#7225,1000.);
#2142=VECTOR('',#7226,1000.);
#2143=VECTOR('',#7227,1000.);
#2144=VECTOR('',#7230,1000.);
#2145=VECTOR('',#7231,1000.);
#2146=VECTOR('',#7232,1000.);
#2147=VECTOR('',#7235,1000.);
#2148=VECTOR('',#7236,1000.);
#2149=VECTOR('',#7237,1000.);
#2150=VECTOR('',#7240,1000.);
#2151=VECTOR('',#7241,1000.);
#2152=VECTOR('',#7242,1000.);
#2153=VECTOR('',#7245,1000.);
#2154=VECTOR('',#7246,1000.);
#2155=VECTOR('',#7247,1000.);
#2156=VECTOR('',#7250,1000.);
#2157=VECTOR('',#7251,1000.);
#2158=VECTOR('',#7252,1000.);
#2159=VECTOR('',#7255,1000.);
#2160=VECTOR('',#7256,1000.);
#2161=VECTOR('',#7257,1000.);
#2162=VECTOR('',#7260,1000.);
#2163=VECTOR('',#7261,1000.);
#2164=VECTOR('',#7262,1000.);
#2165=VECTOR('',#7265,1000.);
#2166=VECTOR('',#7266,1000.);
#2167=VECTOR('',#7267,1000.);
#2168=VECTOR('',#7270,1000.);
#2169=VECTOR('',#7271,1000.);
#2170=VECTOR('',#7272,1000.);
#2171=VECTOR('',#7275,1000.);
#2172=VECTOR('',#7276,1000.);
#2173=VECTOR('',#7279,1000.);
#2174=VECTOR('',#7282,1000.);
#2175=VECTOR('',#7285,1000.);
#2176=VECTOR('',#7286,1000.);
#2177=VECTOR('',#7291,1000.);
#2178=VECTOR('',#7294,1000.);
#2179=VECTOR('',#7299,1000.);
#2180=VECTOR('',#7300,1000.);
#2181=VECTOR('',#7301,1000.);
#2182=VECTOR('',#7302,1000.);
#2183=VECTOR('',#7305,1000.);
#2184=VECTOR('',#7306,1000.);
#2185=VECTOR('',#7309,1000.);
#2186=VECTOR('',#7310,1000.);
#2187=VECTOR('',#7313,1000.);
#2188=VECTOR('',#7314,1000.);
#2189=VECTOR('',#7315,1000.);
#2190=VECTOR('',#7316,1000.);
#2191=VECTOR('',#7321,1000.);
#2192=VECTOR('',#7324,1000.);
#2193=VECTOR('',#7327,1000.);
#2194=VECTOR('',#7330,1000.);
#2195=VECTOR('',#7335,1000.);
#2196=VECTOR('',#7336,1000.);
#2197=VECTOR('',#7337,1000.);
#2198=VECTOR('',#7338,1000.);
#2199=VECTOR('',#7341,1000.);
#2200=VECTOR('',#7342,1000.);
#2201=VECTOR('',#7343,1000.);
#2202=VECTOR('',#7346,1000.);
#2203=VECTOR('',#7347,1000.);
#2204=VECTOR('',#7348,1000.);
#2205=VECTOR('',#7353,1000.);
#2206=VECTOR('',#7358,1000.);
#2207=VECTOR('',#7363,1000.);
#2208=VECTOR('',#7366,1000.);
#2209=VECTOR('',#7371,1000.);
#2210=VECTOR('',#7372,1000.);
#2211=VECTOR('',#7373,1000.);
#2212=VECTOR('',#7374,1000.);
#2213=VECTOR('',#7375,1000.);
#2214=VECTOR('',#7376,1000.);
#2215=VECTOR('',#7377,1000.);
#2216=VECTOR('',#7378,1000.);
#2217=VECTOR('',#7381,1000.);
#2218=VECTOR('',#7382,1000.);
#2219=VECTOR('',#7383,1000.);
#2220=VECTOR('',#7386,1000.);
#2221=VECTOR('',#7387,1000.);
#2222=VECTOR('',#7388,1000.);
#2223=VECTOR('',#7389,1000.);
#2224=VECTOR('',#7390,1000.);
#2225=VECTOR('',#7391,1000.);
#2226=VECTOR('',#7392,1000.);
#2227=VECTOR('',#7395,1000.);
#2228=VECTOR('',#7400,1000.);
#2229=VECTOR('',#7403,1000.);
#2230=VECTOR('',#7408,1000.);
#2231=VECTOR('',#7409,1000.);
#2232=VECTOR('',#7412,1000.);
#2233=VECTOR('',#7413,1000.);
#2234=VECTOR('',#7416,1000.);
#2235=VECTOR('',#7419,1000.);
#2236=VECTOR('',#7422,1000.);
#2237=VECTOR('',#7423,1000.);
#2238=VECTOR('',#7426,1000.);
#2239=VECTOR('',#7431,1000.);
#2240=VECTOR('',#7436,1000.);
#2241=VECTOR('',#7441,1000.);
#2242=VECTOR('',#7446,1000.);
#2243=VECTOR('',#7451,1000.);
#2244=VECTOR('',#7452,1000.);
#2245=VECTOR('',#7453,1000.);
#2246=VECTOR('',#7454,1000.);
#2247=VECTOR('',#7457,1000.);
#2248=VECTOR('',#7458,1000.);
#2249=VECTOR('',#7459,1000.);
#2250=VECTOR('',#7462,1000.);
#2251=VECTOR('',#7463,1000.);
#2252=VECTOR('',#7464,1000.);
#2253=VECTOR('',#7467,1000.);
#2254=VECTOR('',#7474,1000.);
#2255=VECTOR('',#7477,1000.);
#2256=VECTOR('',#7480,1000.);
#2257=VECTOR('',#7487,1000.);
#2258=VECTOR('',#7488,1000.);
#2259=VECTOR('',#7489,1000.);
#2260=VECTOR('',#7490,1000.);
#2261=VECTOR('',#7491,1000.);
#2262=VECTOR('',#7492,1000.);
#2263=VECTOR('',#7493,1000.);
#2264=VECTOR('',#7494,1000.);
#2265=VECTOR('',#7497,1000.);
#2266=VECTOR('',#7498,1000.);
#2267=VECTOR('',#7499,1000.);
#2268=VECTOR('',#7502,1000.);
#2269=VECTOR('',#7503,1000.);
#2270=VECTOR('',#7504,1000.);
#2271=VECTOR('',#7505,1000.);
#2272=VECTOR('',#7506,1000.);
#2273=VECTOR('',#7507,1000.);
#2274=VECTOR('',#7508,1000.);
#2275=VECTOR('',#7511,1000.);
#2276=VECTOR('',#7514,1000.);
#2277=VECTOR('',#7517,1000.);
#2278=VECTOR('',#7524,1000.);
#2279=VECTOR('',#7525,1000.);
#2280=VECTOR('',#7528,1000.);
#2281=VECTOR('',#7529,1000.);
#2282=VECTOR('',#7530,1000.);
#2283=VECTOR('',#7535,1000.);
#2284=VECTOR('',#7538,1000.);
#2285=VECTOR('',#7539,1000.);
#2286=VECTOR('',#7542,1000.);
#2287=VECTOR('',#7547,1000.);
#2288=VECTOR('',#7552,1000.);
#2289=VECTOR('',#7557,1000.);
#2290=VECTOR('',#7562,1000.);
#2291=VECTOR('',#7569,1000.);
#2292=VECTOR('',#7572,1000.);
#2293=VECTOR('',#7577,1000.);
#2294=VECTOR('',#7578,1000.);
#2295=VECTOR('',#7581,1000.);
#2296=VECTOR('',#7582,1000.);
#2297=VECTOR('',#7585,1000.);
#2298=VECTOR('',#7586,1000.);
#2299=VECTOR('',#7595,1000.);
#2300=VECTOR('',#7596,1000.);
#2301=VECTOR('',#7597,1000.);
#2302=VECTOR('',#7598,1000.);
#2303=VECTOR('',#7599,1000.);
#2304=VECTOR('',#7602,1000.);
#2305=VECTOR('',#7603,1000.);
#2306=VECTOR('',#7604,1000.);
#2307=VECTOR('',#7607,1000.);
#2308=VECTOR('',#7608,1000.);
#2309=VECTOR('',#7609,1000.);
#2310=VECTOR('',#7612,1000.);
#2311=VECTOR('',#7613,1000.);
#2312=VECTOR('',#7614,1000.);
#2313=VECTOR('',#7615,1000.);
#2314=VECTOR('',#7616,1000.);
#2315=VECTOR('',#7617,1000.);
#2316=VECTOR('',#7620,1000.);
#2317=VECTOR('',#7621,1000.);
#2318=VECTOR('',#7622,1000.);
#2319=VECTOR('',#7625,1000.);
#2320=VECTOR('',#7626,1000.);
#2321=VECTOR('',#7627,1000.);
#2322=VECTOR('',#7630,1000.);
#2323=VECTOR('',#7631,1000.);
#2324=VECTOR('',#7632,1000.);
#2325=VECTOR('',#7633,1000.);
#2326=VECTOR('',#7634,1000.);
#2327=VECTOR('',#7637,1000.);
#2328=VECTOR('',#7638,1000.);
#2329=VECTOR('',#7639,1000.);
#2330=VECTOR('',#7640,1000.);
#2331=VECTOR('',#7641,1000.);
#2332=VECTOR('',#7642,1000.);
#2333=VECTOR('',#7643,1000.);
#2334=VECTOR('',#7646,1000.);
#2335=VECTOR('',#7647,1000.);
#2336=VECTOR('',#7648,1000.);
#2337=VECTOR('',#7651,1000.);
#2338=VECTOR('',#7652,1000.);
#2339=VECTOR('',#7653,1000.);
#2340=VECTOR('',#7656,1000.);
#2341=VECTOR('',#7657,1000.);
#2342=VECTOR('',#7658,1000.);
#2343=VECTOR('',#7659,1000.);
#2344=VECTOR('',#7660,1000.);
#2345=VECTOR('',#7661,1000.);
#2346=VECTOR('',#7662,1000.);
#2347=VECTOR('',#7667,1000.);
#2348=VECTOR('',#7668,1000.);
#2349=VECTOR('',#7669,1000.);
#2350=VECTOR('',#7672,1000.);
#2351=VECTOR('',#7673,1000.);
#2352=VECTOR('',#7674,1000.);
#2353=VECTOR('',#7677,1000.);
#2354=VECTOR('',#7678,1000.);
#2355=VECTOR('',#7679,1000.);
#2356=VECTOR('',#7682,1000.);
#2357=VECTOR('',#7683,1000.);
#2358=VECTOR('',#7684,1000.);
#2359=VECTOR('',#7687,1000.);
#2360=VECTOR('',#7688,1000.);
#2361=VECTOR('',#7689,1000.);
#2362=VECTOR('',#7690,1000.);
#2363=VECTOR('',#7691,1000.);
#2364=VECTOR('',#7694,1000.);
#2365=VECTOR('',#7695,1000.);
#2366=VECTOR('',#7696,1000.);
#2367=VECTOR('',#7699,1000.);
#2368=VECTOR('',#7700,1000.);
#2369=VECTOR('',#7701,1000.);
#2370=VECTOR('',#7704,1000.);
#2371=VECTOR('',#7705,1000.);
#2372=VECTOR('',#7706,1000.);
#2373=VECTOR('',#7707,1000.);
#2374=VECTOR('',#7708,1000.);
#2375=VECTOR('',#7709,1000.);
#2376=VECTOR('',#7710,1000.);
#2377=VECTOR('',#7711,1000.);
#2378=VECTOR('',#7712,1000.);
#2379=VECTOR('',#7713,1000.);
#2380=VECTOR('',#7716,1000.);
#2381=VECTOR('',#7717,1000.);
#2382=VECTOR('',#7718,1000.);
#2383=VECTOR('',#7719,1000.);
#2384=VECTOR('',#7720,1000.);
#2385=VECTOR('',#7723,1000.);
#2386=VECTOR('',#7724,1000.);
#2387=VECTOR('',#7729,1000.);
#2388=VECTOR('',#7730,1000.);
#2389=VECTOR('',#7731,1000.);
#2390=VECTOR('',#7732,1000.);
#2391=VECTOR('',#7733,1000.);
#2392=VECTOR('',#7734,1000.);
#2393=VECTOR('',#7737,1000.);
#2394=VECTOR('',#7738,1000.);
#2395=VECTOR('',#7739,1000.);
#2396=VECTOR('',#7740,1000.);
#2397=VECTOR('',#7741,1000.);
#2398=VECTOR('',#7744,1000.);
#2399=VECTOR('',#7745,1000.);
#2400=VECTOR('',#7746,1000.);
#2401=VECTOR('',#7747,1000.);
#2402=VECTOR('',#7748,1000.);
#2403=VECTOR('',#7749,1000.);
#2404=VECTOR('',#7752,1000.);
#2405=VECTOR('',#7753,1000.);
#2406=VECTOR('',#7754,1000.);
#2407=VECTOR('',#7755,1000.);
#2408=VECTOR('',#7756,1000.);
#2409=VECTOR('',#7757,1000.);
#2410=VECTOR('',#7758,1000.);
#2411=VECTOR('',#7761,1000.);
#2412=VECTOR('',#7762,1000.);
#2413=VECTOR('',#7763,1000.);
#2414=VECTOR('',#7766,1000.);
#2415=VECTOR('',#7767,1000.);
#2416=VECTOR('',#7768,1000.);
#2417=VECTOR('',#7771,1000.);
#2418=VECTOR('',#7772,1000.);
#2419=VECTOR('',#7773,1000.);
#2420=VECTOR('',#7776,1000.);
#2421=VECTOR('',#7777,1000.);
#2422=VECTOR('',#7778,1000.);
#2423=VECTOR('',#7781,1000.);
#2424=VECTOR('',#7782,1000.);
#2425=VECTOR('',#7783,1000.);
#2426=VECTOR('',#7784,1000.);
#2427=VECTOR('',#7787,1000.);
#2428=VECTOR('',#7788,1000.);
#2429=VECTOR('',#7789,1000.);
#2430=VECTOR('',#7792,1000.);
#2431=VECTOR('',#7793,1000.);
#2432=VECTOR('',#7794,1000.);
#2433=VECTOR('',#7797,1000.);
#2434=VECTOR('',#7798,1000.);
#2435=VECTOR('',#7799,1000.);
#2436=VECTOR('',#7802,1000.);
#2437=VECTOR('',#7803,1000.);
#2438=VECTOR('',#7804,1000.);
#2439=VECTOR('',#7807,1000.);
#2440=VECTOR('',#7808,1000.);
#2441=VECTOR('',#7809,1000.);
#2442=VECTOR('',#7812,1000.);
#2443=VECTOR('',#7813,1000.);
#2444=VECTOR('',#7814,1000.);
#2445=VECTOR('',#7817,1000.);
#2446=VECTOR('',#7818,1000.);
#2447=VECTOR('',#7819,1000.);
#2448=VECTOR('',#7822,1000.);
#2449=VECTOR('',#7823,1000.);
#2450=VECTOR('',#7824,1000.);
#2451=VECTOR('',#7825,1000.);
#2452=VECTOR('',#7826,1000.);
#2453=VECTOR('',#7827,1000.);
#2454=VECTOR('',#7830,1000.);
#2455=VECTOR('',#7831,1000.);
#2456=VECTOR('',#7832,1000.);
#2457=VECTOR('',#7833,1000.);
#2458=VECTOR('',#7836,1000.);
#2459=VECTOR('',#7837,1000.);
#2460=VECTOR('',#7838,1000.);
#2461=VECTOR('',#7841,1000.);
#2462=VECTOR('',#7842,1000.);
#2463=VECTOR('',#7847,1000.);
#2464=VECTOR('',#7848,1000.);
#2465=VECTOR('',#7849,1000.);
#2466=VECTOR('',#7850,1000.);
#2467=VECTOR('',#7851,1000.);
#2468=VECTOR('',#7852,1000.);
#2469=VECTOR('',#7853,1000.);
#2470=VECTOR('',#7854,1000.);
#2471=VECTOR('',#7855,1000.);
#2472=VECTOR('',#7856,1000.);
#2473=VECTOR('',#7857,1000.);
#2474=VECTOR('',#7858,1000.);
#2475=VECTOR('',#7859,1000.);
#2476=VECTOR('',#7860,1000.);
#2477=VECTOR('',#7861,1000.);
#2478=VECTOR('',#7866,1000.);
#2479=VECTOR('',#7867,1000.);
#2480=VECTOR('',#7868,1000.);
#2481=VECTOR('',#7871,1000.);
#2482=VECTOR('',#7872,1000.);
#2483=VECTOR('',#7873,1000.);
#2484=VECTOR('',#7874,1000.);
#2485=VECTOR('',#7875,1000.);
#2486=VECTOR('',#7876,1000.);
#2487=VECTOR('',#7879,1000.);
#2488=VECTOR('',#7880,1000.);
#2489=VECTOR('',#7881,1000.);
#2490=VECTOR('',#7884,1000.);
#2491=VECTOR('',#7885,1000.);
#2492=VECTOR('',#7886,1000.);
#2493=VECTOR('',#7889,1000.);
#2494=VECTOR('',#7890,1000.);
#2495=VECTOR('',#7891,1000.);
#2496=VECTOR('',#7894,1000.);
#2497=VECTOR('',#7895,1000.);
#2498=VECTOR('',#7896,1000.);
#2499=VECTOR('',#7899,1000.);
#2500=VECTOR('',#7900,1000.);
#2501=VECTOR('',#7901,1000.);
#2502=VECTOR('',#7904,1000.);
#2503=VECTOR('',#7905,1000.);
#2504=VECTOR('',#7912,1000.);
#2505=VECTOR('',#7913,1000.);
#2506=VECTOR('',#7914,1000.);
#2507=VECTOR('',#7915,1000.);
#2508=VECTOR('',#7916,1000.);
#2509=VECTOR('',#7919,1000.);
#2510=VECTOR('',#7920,1000.);
#2511=VECTOR('',#7921,1000.);
#2512=VECTOR('',#7924,1000.);
#2513=VECTOR('',#7925,1000.);
#2514=VECTOR('',#7926,1000.);
#2515=VECTOR('',#7929,1000.);
#2516=VECTOR('',#7930,1000.);
#2517=VECTOR('',#7931,1000.);
#2518=VECTOR('',#7934,1000.);
#2519=VECTOR('',#7935,1000.);
#2520=VECTOR('',#7936,1000.);
#2521=VECTOR('',#7939,1000.);
#2522=VECTOR('',#7940,1000.);
#2523=VECTOR('',#7941,1000.);
#2524=VECTOR('',#7944,1000.);
#2525=VECTOR('',#7945,1000.);
#2526=VECTOR('',#7946,1000.);
#2527=VECTOR('',#7949,1000.);
#2528=VECTOR('',#7950,1000.);
#2529=VECTOR('',#7951,1000.);
#2530=VECTOR('',#7954,1000.);
#2531=VECTOR('',#7955,1000.);
#2532=VECTOR('',#7956,1000.);
#2533=VECTOR('',#7959,1000.);
#2534=VECTOR('',#7960,1000.);
#2535=VECTOR('',#7961,1000.);
#2536=VECTOR('',#7964,1000.);
#2537=VECTOR('',#7965,1000.);
#2538=VECTOR('',#7972,1000.);
#2539=VECTOR('',#7973,1000.);
#2540=VECTOR('',#7974,1000.);
#2541=VECTOR('',#7975,1000.);
#2542=VECTOR('',#7976,1000.);
#2543=VECTOR('',#7979,1000.);
#2544=VECTOR('',#7980,1000.);
#2545=VECTOR('',#7981,1000.);
#2546=VECTOR('',#7984,1000.);
#2547=VECTOR('',#7985,1000.);
#2548=VECTOR('',#7986,1000.);
#2549=VECTOR('',#7989,1000.);
#2550=VECTOR('',#7990,1000.);
#2551=VECTOR('',#7991,1000.);
#2552=VECTOR('',#7992,1000.);
#2553=VECTOR('',#7995,1000.);
#2554=VECTOR('',#7996,1000.);
#2555=VECTOR('',#7997,1000.);
#2556=VECTOR('',#8000,1000.);
#2557=VECTOR('',#8001,1000.);
#2558=VECTOR('',#8006,1000.);
#2559=VECTOR('',#8007,1000.);
#2560=VECTOR('',#8008,1000.);
#2561=VECTOR('',#8011,1000.);
#2562=VECTOR('',#8012,1000.);
#2563=VECTOR('',#8013,1000.);
#2564=VECTOR('',#8016,1000.);
#2565=VECTOR('',#8017,1000.);
#2566=VECTOR('',#8018,1000.);
#2567=VECTOR('',#8021,1000.);
#2568=VECTOR('',#8022,1000.);
#2569=VECTOR('',#8023,1000.);
#2570=VECTOR('',#8026,1000.);
#2571=VECTOR('',#8027,1000.);
#2572=VECTOR('',#8028,1000.);
#2573=VECTOR('',#8029,1000.);
#2574=VECTOR('',#8032,1000.);
#2575=VECTOR('',#8033,1000.);
#2576=VECTOR('',#8034,1000.);
#2577=VECTOR('',#8037,1000.);
#2578=VECTOR('',#8038,1000.);
#2579=VECTOR('',#8041,1000.);
#2580=VECTOR('',#8042,1000.);
#2581=VECTOR('',#8049,1000.);
#2582=VECTOR('',#8050,1000.);
#2583=VECTOR('',#8051,1000.);
#2584=VECTOR('',#8052,1000.);
#2585=VECTOR('',#8053,1000.);
#2586=VECTOR('',#8054,1000.);
#2587=VECTOR('',#8055,1000.);
#2588=VECTOR('',#8058,1000.);
#2589=VECTOR('',#8059,1000.);
#2590=VECTOR('',#8060,1000.);
#2591=VECTOR('',#8063,1000.);
#2592=VECTOR('',#8064,1000.);
#2593=VECTOR('',#8065,1000.);
#2594=VECTOR('',#8068,1000.);
#2595=VECTOR('',#8069,1000.);
#2596=VECTOR('',#8070,1000.);
#2597=VECTOR('',#8073,1000.);
#2598=VECTOR('',#8074,1000.);
#2599=VECTOR('',#8075,1000.);
#2600=VECTOR('',#8078,1000.);
#2601=VECTOR('',#8081,1000.);
#2602=VECTOR('',#8082,1000.);
#2603=VECTOR('',#8085,1000.);
#2604=VECTOR('',#8086,1000.);
#2605=VECTOR('',#8087,1000.);
#2606=VECTOR('',#8090,1000.);
#2607=VECTOR('',#8091,1000.);
#2608=VECTOR('',#8096,1000.);
#2609=VECTOR('',#8097,1000.);
#2610=VECTOR('',#8098,1000.);
#2611=VECTOR('',#8099,1000.);
#2612=VECTOR('',#8104,1000.);
#2613=VECTOR('',#8105,1000.);
#2614=VECTOR('',#8106,1000.);
#2615=VECTOR('',#8109,1000.);
#2616=VECTOR('',#8110,1000.);
#2617=VECTOR('',#8111,1000.);
#2618=VECTOR('',#8114,1000.);
#2619=VECTOR('',#8115,1000.);
#2620=VECTOR('',#8116,1000.);
#2621=VECTOR('',#8119,1000.);
#2622=VECTOR('',#8120,1000.);
#2623=VECTOR('',#8121,1000.);
#2624=VECTOR('',#8124,1000.);
#2625=VECTOR('',#8125,1000.);
#2626=VECTOR('',#8126,1000.);
#2627=VECTOR('',#8127,1000.);
#2628=VECTOR('',#8128,1000.);
#2629=VECTOR('',#8131,1000.);
#2630=VECTOR('',#8132,1000.);
#2631=VECTOR('',#8133,1000.);
#2632=VECTOR('',#8136,1000.);
#2633=VECTOR('',#8137,1000.);
#2634=VECTOR('',#8144,1000.);
#2635=VECTOR('',#8145,1000.);
#2636=VECTOR('',#8146,1000.);
#2637=VECTOR('',#8147,1000.);
#2638=VECTOR('',#8148,1000.);
#2639=VECTOR('',#8149,1000.);
#2640=VECTOR('',#8150,1000.);
#2641=VECTOR('',#8153,1000.);
#2642=VECTOR('',#8154,1000.);
#2643=VECTOR('',#8155,1000.);
#2644=VECTOR('',#8158,1000.);
#2645=VECTOR('',#8159,1000.);
#2646=VECTOR('',#8160,1000.);
#2647=VECTOR('',#8163,1000.);
#2648=VECTOR('',#8164,1000.);
#2649=VECTOR('',#8165,1000.);
#2650=VECTOR('',#8168,1000.);
#2651=VECTOR('',#8169,1000.);
#2652=VECTOR('',#8170,1000.);
#2653=VECTOR('',#8171,1000.);
#2654=VECTOR('',#8172,1000.);
#2655=VECTOR('',#8173,1000.);
#2656=VECTOR('',#8176,1000.);
#2657=VECTOR('',#8177,1000.);
#2658=VECTOR('',#8178,1000.);
#2659=VECTOR('',#8181,1000.);
#2660=VECTOR('',#8182,1000.);
#2661=VECTOR('',#8187,1000.);
#2662=VECTOR('',#8188,1000.);
#2663=VECTOR('',#8189,1000.);
#2664=VECTOR('',#8190,1000.);
#2665=VECTOR('',#8191,1000.);
#2666=VECTOR('',#8192,1000.);
#2667=VECTOR('',#8197,1000.);
#2668=VECTOR('',#8198,1000.);
#2669=VECTOR('',#8199,1000.);
#2670=VECTOR('',#8202,1000.);
#2671=VECTOR('',#8203,1000.);
#2672=VECTOR('',#8204,1000.);
#2673=VECTOR('',#8207,1000.);
#2674=VECTOR('',#8208,1000.);
#2675=VECTOR('',#8209,1000.);
#2676=VECTOR('',#8212,1000.);
#2677=VECTOR('',#8213,1000.);
#2678=VECTOR('',#8214,1000.);
#2679=VECTOR('',#8217,1000.);
#2680=VECTOR('',#8218,1000.);
#2681=VECTOR('',#8219,1000.);
#2682=VECTOR('',#8222,1000.);
#2683=VECTOR('',#8223,1000.);
#2684=VECTOR('',#8224,1000.);
#2685=VECTOR('',#8227,1000.);
#2686=VECTOR('',#8228,1000.);
#2687=VECTOR('',#8229,1000.);
#2688=VECTOR('',#8232,1000.);
#2689=VECTOR('',#8233,1000.);
#2690=VECTOR('',#8234,1000.);
#2691=VECTOR('',#8237,1000.);
#2692=VECTOR('',#8238,1000.);
#2693=VECTOR('',#8239,1000.);
#2694=VECTOR('',#8246,1000.);
#2695=VECTOR('',#8247,1000.);
#2696=VECTOR('',#8248,1000.);
#2697=VECTOR('',#8249,1000.);
#2698=VECTOR('',#8252,1000.);
#2699=VECTOR('',#8253,1000.);
#2700=VECTOR('',#8254,1000.);
#2701=VECTOR('',#8257,1000.);
#2702=VECTOR('',#8258,1000.);
#2703=VECTOR('',#8259,1000.);
#2704=VECTOR('',#8262,1000.);
#2705=VECTOR('',#8263,1000.);
#2706=VECTOR('',#8270,1000.);
#2707=VECTOR('',#8271,1000.);
#2708=VECTOR('',#8272,1000.);
#2709=VECTOR('',#8273,1000.);
#2710=VECTOR('',#8274,1000.);
#2711=VECTOR('',#8275,1000.);
#2712=VECTOR('',#8276,1000.);
#2713=VECTOR('',#8277,1000.);
#2714=VECTOR('',#8280,1000.);
#2715=CIRCLE('',#6654,0.305);
#2716=CIRCLE('',#6655,0.305);
#2717=CIRCLE('',#6659,0.15);
#2718=CIRCLE('',#6660,0.15);
#2719=CIRCLE('',#6695,0.15);
#2720=CIRCLE('',#6697,0.15);
#2721=CIRCLE('',#6698,0.15);
#2722=CIRCLE('',#6700,0.15);
#2723=CIRCLE('',#6706,0.15);
#2724=CIRCLE('',#6708,0.15);
#2725=CIRCLE('',#6712,0.15);
#2726=CIRCLE('',#6714,0.15);
#2727=CIRCLE('',#6716,0.15);
#2728=CIRCLE('',#6718,0.15);
#2729=CIRCLE('',#6720,0.15);
#2730=CIRCLE('',#6722,0.15);
#2731=CIRCLE('',#6726,0.305);
#2732=CIRCLE('',#6727,0.305);
#2733=CIRCLE('',#6731,0.25);
#2734=CIRCLE('',#6732,0.25);
#2735=CIRCLE('',#6746,0.25);
#2736=CIRCLE('',#6748,0.25);
#2737=CIRCLE('',#6754,0.25);
#2738=CIRCLE('',#6756,0.25);
#2739=CIRCLE('',#6766,0.25);
#2740=CIRCLE('',#6767,0.25);
#2741=CIRCLE('',#6769,0.5);
#2742=CIRCLE('',#6770,0.5);
#2743=CIRCLE('',#6771,0.5);
#2744=CIRCLE('',#6772,0.5);
#2745=CIRCLE('',#6777,0.5);
#2746=CIRCLE('',#6778,0.5);
#2747=CIRCLE('',#6779,0.5);
#2748=CIRCLE('',#6780,0.5);
#2749=CIRCLE('',#6783,0.25);
#2750=CIRCLE('',#6785,0.25);
#2751=CIRCLE('',#6800,0.25);
#2752=CIRCLE('',#6801,0.25);
#2753=CIRCLE('',#6803,0.5);
#2754=CIRCLE('',#6804,0.5);
#2755=CIRCLE('',#6805,0.5);
#2756=CIRCLE('',#6806,0.5);
#2757=CIRCLE('',#6811,0.5);
#2758=CIRCLE('',#6812,0.5);
#2759=CIRCLE('',#6813,0.5);
#2760=CIRCLE('',#6814,0.5);
#2761=CIRCLE('',#6817,0.25);
#2762=CIRCLE('',#6819,0.25);
#2763=CIRCLE('',#6831,0.25);
#2764=CIRCLE('',#6832,0.25);
#2765=CIRCLE('',#6834,0.25);
#2766=CIRCLE('',#6838,0.25);
#2767=VERTEX_POINT('',#8294);
#2768=VERTEX_POINT('',#8296);
#2769=VERTEX_POINT('',#8300);
#2770=VERTEX_POINT('',#8301);
#2771=VERTEX_POINT('',#8303);
#2772=VERTEX_POINT('',#8305);
#2773=VERTEX_POINT('',#8309);
#2774=VERTEX_POINT('',#8310);
#2775=VERTEX_POINT('',#8312);
#2776=VERTEX_POINT('',#8314);
#2777=VERTEX_POINT('',#8317);
#2778=VERTEX_POINT('',#8319);
#2779=VERTEX_POINT('',#8321);
#2780=VERTEX_POINT('',#8323);
#2781=VERTEX_POINT('',#8325);
#2782=VERTEX_POINT('',#8327);
#2783=VERTEX_POINT('',#8329);
#2784=VERTEX_POINT('',#8331);
#2785=VERTEX_POINT('',#8333);
#2786=VERTEX_POINT('',#8335);
#2787=VERTEX_POINT('',#8339);
#2788=VERTEX_POINT('',#8340);
#2789=VERTEX_POINT('',#8342);
#2790=VERTEX_POINT('',#8344);
#2791=VERTEX_POINT('',#8346);
#2792=VERTEX_POINT('',#8348);
#2793=VERTEX_POINT('',#8352);
#2794=VERTEX_POINT('',#8353);
#2795=VERTEX_POINT('',#8359);
#2796=VERTEX_POINT('',#8363);
#2797=VERTEX_POINT('',#8364);
#2798=VERTEX_POINT('',#8369);
#2799=VERTEX_POINT('',#8371);
#2800=VERTEX_POINT('',#8376);
#2801=VERTEX_POINT('',#8380);
#2802=VERTEX_POINT('',#8381);
#2803=VERTEX_POINT('',#8383);
#2804=VERTEX_POINT('',#8385);
#2805=VERTEX_POINT('',#8389);
#2806=VERTEX_POINT('',#8392);
#2807=VERTEX_POINT('',#8396);
#2808=VERTEX_POINT('',#8397);
#2809=VERTEX_POINT('',#8400);
#2810=VERTEX_POINT('',#8402);
#2811=VERTEX_POINT('',#8406);
#2812=VERTEX_POINT('',#8407);
#2813=VERTEX_POINT('',#8411);
#2814=VERTEX_POINT('',#8413);
#2815=VERTEX_POINT('',#8417);
#2816=VERTEX_POINT('',#8419);
#2817=VERTEX_POINT('',#8421);
#2818=VERTEX_POINT('',#8423);
#2819=VERTEX_POINT('',#8425);
#2820=VERTEX_POINT('',#8429);
#2821=VERTEX_POINT('',#8430);
#2822=VERTEX_POINT('',#8433);
#2823=VERTEX_POINT('',#8435);
#2824=VERTEX_POINT('',#8437);
#2825=VERTEX_POINT('',#8441);
#2826=VERTEX_POINT('',#8445);
#2827=VERTEX_POINT('',#8449);
#2828=VERTEX_POINT('',#8453);
#2829=VERTEX_POINT('',#8457);
#2830=VERTEX_POINT('',#8461);
#2831=VERTEX_POINT('',#8569);
#2832=VERTEX_POINT('',#8571);
#2833=VERTEX_POINT('',#8577);
#2834=VERTEX_POINT('',#8578);
#2835=VERTEX_POINT('',#8580);
#2836=VERTEX_POINT('',#8582);
#2837=VERTEX_POINT('',#8586);
#2838=VERTEX_POINT('',#8587);
#2839=VERTEX_POINT('',#8589);
#2840=VERTEX_POINT('',#8591);
#2841=VERTEX_POINT('',#8595);
#2842=VERTEX_POINT('',#8597);
#2843=VERTEX_POINT('',#8601);
#2844=VERTEX_POINT('',#8603);
#2845=VERTEX_POINT('',#8607);
#2846=VERTEX_POINT('',#8609);
#2847=VERTEX_POINT('',#8613);
#2848=VERTEX_POINT('',#8615);
#2849=VERTEX_POINT('',#8619);
#2850=VERTEX_POINT('',#8621);
#2851=VERTEX_POINT('',#8625);
#2852=VERTEX_POINT('',#8627);
#2853=VERTEX_POINT('',#8631);
#2854=VERTEX_POINT('',#8633);
#2855=VERTEX_POINT('',#8637);
#2856=VERTEX_POINT('',#8639);
#2857=VERTEX_POINT('',#8643);
#2858=VERTEX_POINT('',#8645);
#2859=VERTEX_POINT('',#8649);
#2860=VERTEX_POINT('',#8651);
#2861=VERTEX_POINT('',#8658);
#2862=VERTEX_POINT('',#8660);
#2863=VERTEX_POINT('',#8664);
#2864=VERTEX_POINT('',#8666);
#2865=VERTEX_POINT('',#8675);
#2866=VERTEX_POINT('',#8676);
#2867=VERTEX_POINT('',#8678);
#2868=VERTEX_POINT('',#8680);
#2869=VERTEX_POINT('',#8684);
#2870=VERTEX_POINT('',#8685);
#2871=VERTEX_POINT('',#8688);
#2872=VERTEX_POINT('',#8690);
#2873=VERTEX_POINT('',#8694);
#2874=VERTEX_POINT('',#8696);
#2875=VERTEX_POINT('',#8698);
#2876=VERTEX_POINT('',#8700);
#2877=VERTEX_POINT('',#8713);
#2878=VERTEX_POINT('',#8714);
#2879=VERTEX_POINT('',#8716);
#2880=VERTEX_POINT('',#8718);
#2881=VERTEX_POINT('',#8722);
#2882=VERTEX_POINT('',#8724);
#2883=VERTEX_POINT('',#8728);
#2884=VERTEX_POINT('',#8730);
#2885=VERTEX_POINT('',#8734);
#2886=VERTEX_POINT('',#8736);
#2887=VERTEX_POINT('',#8740);
#2888=VERTEX_POINT('',#8741);
#2889=VERTEX_POINT('',#8744);
#2890=VERTEX_POINT('',#8746);
#2891=VERTEX_POINT('',#8748);
#2892=VERTEX_POINT('',#8750);
#2893=VERTEX_POINT('',#8754);
#2894=VERTEX_POINT('',#8755);
#2895=VERTEX_POINT('',#8757);
#2896=VERTEX_POINT('',#8759);
#2897=VERTEX_POINT('',#8761);
#2898=VERTEX_POINT('',#8763);
#2899=VERTEX_POINT('',#8765);
#2900=VERTEX_POINT('',#8767);
#2901=VERTEX_POINT('',#8771);
#2902=VERTEX_POINT('',#8773);
#2903=VERTEX_POINT('',#8777);
#2904=VERTEX_POINT('',#8779);
#2905=VERTEX_POINT('',#8781);
#2906=VERTEX_POINT('',#8783);
#2907=VERTEX_POINT('',#8785);
#2908=VERTEX_POINT('',#8787);
#2909=VERTEX_POINT('',#8791);
#2910=VERTEX_POINT('',#8792);
#2911=VERTEX_POINT('',#8795);
#2912=VERTEX_POINT('',#8797);
#2913=VERTEX_POINT('',#8799);
#2914=VERTEX_POINT('',#8801);
#2915=VERTEX_POINT('',#8809);
#2916=VERTEX_POINT('',#8815);
#2917=VERTEX_POINT('',#8835);
#2918=VERTEX_POINT('',#8836);
#2919=VERTEX_POINT('',#8838);
#2920=VERTEX_POINT('',#8840);
#2921=VERTEX_POINT('',#8844);
#2922=VERTEX_POINT('',#8846);
#2923=VERTEX_POINT('',#8850);
#2924=VERTEX_POINT('',#8852);
#2925=VERTEX_POINT('',#8856);
#2926=VERTEX_POINT('',#8857);
#2927=VERTEX_POINT('',#8862);
#2928=VERTEX_POINT('',#8863);
#2929=VERTEX_POINT('',#8865);
#2930=VERTEX_POINT('',#8867);
#2931=VERTEX_POINT('',#8869);
#2932=VERTEX_POINT('',#8871);
#2933=VERTEX_POINT('',#8876);
#2934=VERTEX_POINT('',#8877);
#2935=VERTEX_POINT('',#8879);
#2936=VERTEX_POINT('',#8881);
#2937=VERTEX_POINT('',#8883);
#2938=VERTEX_POINT('',#8885);
#2939=VERTEX_POINT('',#8887);
#2940=VERTEX_POINT('',#8889);
#2941=VERTEX_POINT('',#8893);
#2942=VERTEX_POINT('',#8895);
#2943=VERTEX_POINT('',#8899);
#2944=VERTEX_POINT('',#8901);
#2945=VERTEX_POINT('',#8903);
#2946=VERTEX_POINT('',#8905);
#2947=VERTEX_POINT('',#8907);
#2948=VERTEX_POINT('',#8909);
#2949=VERTEX_POINT('',#8913);
#2950=VERTEX_POINT('',#8914);
#2951=VERTEX_POINT('',#8916);
#2952=VERTEX_POINT('',#8918);
#2953=VERTEX_POINT('',#8920);
#2954=VERTEX_POINT('',#8922);
#2955=VERTEX_POINT('',#8932);
#2956=VERTEX_POINT('',#8937);
#2957=VERTEX_POINT('',#8957);
#2958=VERTEX_POINT('',#8958);
#2959=VERTEX_POINT('',#8960);
#2960=VERTEX_POINT('',#8962);
#2961=VERTEX_POINT('',#8966);
#2962=VERTEX_POINT('',#8967);
#2963=VERTEX_POINT('',#8972);
#2964=VERTEX_POINT('',#8976);
#2965=VERTEX_POINT('',#8991);
#2966=VERTEX_POINT('',#8992);
#2967=VERTEX_POINT('',#8997);
#2968=VERTEX_POINT('',#8999);
#2969=VERTEX_POINT('',#9013);
#2970=VERTEX_POINT('',#9018);
#2971=VERTEX_POINT('',#9032);
#2972=VERTEX_POINT('',#9037);
#2973=VERTEX_POINT('',#9051);
#2974=VERTEX_POINT('',#9056);
#2975=VERTEX_POINT('',#9063);
#2976=VERTEX_POINT('',#9065);
#2977=VERTEX_POINT('',#9069);
#2978=VERTEX_POINT('',#9071);
#2979=VERTEX_POINT('',#9075);
#2980=VERTEX_POINT('',#9077);
#2981=VERTEX_POINT('',#9088);
#2982=VERTEX_POINT('',#9093);
#2983=VERTEX_POINT('',#9107);
#2984=VERTEX_POINT('',#9112);
#2985=VERTEX_POINT('',#9126);
#2986=VERTEX_POINT('',#9131);
#2987=VERTEX_POINT('',#9138);
#2988=VERTEX_POINT('',#9140);
#2989=VERTEX_POINT('',#9144);
#2990=VERTEX_POINT('',#9146);
#2991=VERTEX_POINT('',#9150);
#2992=VERTEX_POINT('',#9152);
#2993=VERTEX_POINT('',#9163);
#2994=VERTEX_POINT('',#9168);
#2995=VERTEX_POINT('',#9182);
#2996=VERTEX_POINT('',#9187);
#2997=VERTEX_POINT('',#9194);
#2998=VERTEX_POINT('',#9196);
#2999=VERTEX_POINT('',#9207);
#3000=VERTEX_POINT('',#9212);
#3001=VERTEX_POINT('',#9226);
#3002=VERTEX_POINT('',#9231);
#3003=VERTEX_POINT('',#9245);
#3004=VERTEX_POINT('',#9250);
#3005=VERTEX_POINT('',#9264);
#3006=VERTEX_POINT('',#9269);
#3007=VERTEX_POINT('',#9276);
#3008=VERTEX_POINT('',#9278);
#3009=VERTEX_POINT('',#9282);
#3010=VERTEX_POINT('',#9284);
#3011=VERTEX_POINT('',#9288);
#3012=VERTEX_POINT('',#9290);
#3013=VERTEX_POINT('',#9301);
#3014=VERTEX_POINT('',#9306);
#3015=VERTEX_POINT('',#9320);
#3016=VERTEX_POINT('',#9325);
#3017=VERTEX_POINT('',#9339);
#3018=VERTEX_POINT('',#9344);
#3019=VERTEX_POINT('',#9358);
#3020=VERTEX_POINT('',#9363);
#3021=VERTEX_POINT('',#9395);
#3022=VERTEX_POINT('',#9396);
#3023=VERTEX_POINT('',#9401);
#3024=VERTEX_POINT('',#9403);
#3025=VERTEX_POINT('',#9417);
#3026=VERTEX_POINT('',#9422);
#3027=VERTEX_POINT('',#9429);
#3028=VERTEX_POINT('',#9431);
#3029=VERTEX_POINT('',#9435);
#3030=VERTEX_POINT('',#9437);
#3031=VERTEX_POINT('',#9441);
#3032=VERTEX_POINT('',#9443);
#3033=VERTEX_POINT('',#9447);
#3034=VERTEX_POINT('',#9449);
#3035=VERTEX_POINT('',#9460);
#3036=VERTEX_POINT('',#9465);
#3037=VERTEX_POINT('',#9479);
#3038=VERTEX_POINT('',#9484);
#3039=VERTEX_POINT('',#9491);
#3040=VERTEX_POINT('',#9493);
#3041=VERTEX_POINT('',#9497);
#3042=VERTEX_POINT('',#9499);
#3043=VERTEX_POINT('',#9503);
#3044=VERTEX_POINT('',#9505);
#3045=VERTEX_POINT('',#9516);
#3046=VERTEX_POINT('',#9521);
#3047=VERTEX_POINT('',#9535);
#3048=VERTEX_POINT('',#9540);
#3049=VERTEX_POINT('',#9554);
#3050=VERTEX_POINT('',#9559);
#3051=VERTEX_POINT('',#9573);
#3052=VERTEX_POINT('',#9578);
#3053=VERTEX_POINT('',#9592);
#3054=VERTEX_POINT('',#9597);
#3055=VERTEX_POINT('',#9611);
#3056=VERTEX_POINT('',#9616);
#3057=VERTEX_POINT('',#9630);
#3058=VERTEX_POINT('',#9635);
#3059=VERTEX_POINT('',#9642);
#3060=VERTEX_POINT('',#9644);
#3061=VERTEX_POINT('',#9655);
#3062=VERTEX_POINT('',#9660);
#3063=VERTEX_POINT('',#9674);
#3064=VERTEX_POINT('',#9679);
#3065=VERTEX_POINT('',#9698);
#3066=VERTEX_POINT('',#9699);
#3067=VERTEX_POINT('',#9704);
#3068=VERTEX_POINT('',#9706);
#3069=VERTEX_POINT('',#9720);
#3070=VERTEX_POINT('',#9725);
#3071=VERTEX_POINT('',#9739);
#3072=VERTEX_POINT('',#9744);
#3073=VERTEX_POINT('',#9758);
#3074=VERTEX_POINT('',#9763);
#3075=VERTEX_POINT('',#9777);
#3076=VERTEX_POINT('',#9782);
#3077=VERTEX_POINT('',#9789);
#3078=VERTEX_POINT('',#9791);
#3079=VERTEX_POINT('',#9802);
#3080=VERTEX_POINT('',#9803);
#3081=VERTEX_POINT('',#9808);
#3082=VERTEX_POINT('',#9810);
#3083=VERTEX_POINT('',#9817);
#3084=VERTEX_POINT('',#9819);
#3085=VERTEX_POINT('',#9830);
#3086=VERTEX_POINT('',#9835);
#3087=VERTEX_POINT('',#9849);
#3088=VERTEX_POINT('',#9854);
#3089=VERTEX_POINT('',#9868);
#3090=VERTEX_POINT('',#9873);
#3091=VERTEX_POINT('',#9880);
#3092=VERTEX_POINT('',#9882);
#3093=VERTEX_POINT('',#9893);
#3094=VERTEX_POINT('',#9898);
#3095=VERTEX_POINT('',#9912);
#3096=VERTEX_POINT('',#9917);
#3097=VERTEX_POINT('',#9931);
#3098=VERTEX_POINT('',#9936);
#3099=VERTEX_POINT('',#9950);
#3100=VERTEX_POINT('',#9955);
#3101=VERTEX_POINT('',#9962);
#3102=VERTEX_POINT('',#9964);
#3103=VERTEX_POINT('',#9968);
#3104=VERTEX_POINT('',#9970);
#3105=VERTEX_POINT('',#9974);
#3106=VERTEX_POINT('',#9976);
#3107=VERTEX_POINT('',#9980);
#3108=VERTEX_POINT('',#9982);
#3109=VERTEX_POINT('',#9986);
#3110=VERTEX_POINT('',#9988);
#3111=VERTEX_POINT('',#9999);
#3112=VERTEX_POINT('',#10004);
#3113=VERTEX_POINT('',#10011);
#3114=VERTEX_POINT('',#10013);
#3115=VERTEX_POINT('',#10017);
#3116=VERTEX_POINT('',#10019);
#3117=VERTEX_POINT('',#10023);
#3118=VERTEX_POINT('',#10025);
#3119=VERTEX_POINT('',#10029);
#3120=VERTEX_POINT('',#10031);
#3121=VERTEX_POINT('',#10035);
#3122=VERTEX_POINT('',#10037);
#3123=VERTEX_POINT('',#10041);
#3124=VERTEX_POINT('',#10043);
#3125=VERTEX_POINT('',#10047);
#3126=VERTEX_POINT('',#10049);
#3127=VERTEX_POINT('',#10053);
#3128=VERTEX_POINT('',#10055);
#3129=VERTEX_POINT('',#10066);
#3130=VERTEX_POINT('',#10071);
#3131=VERTEX_POINT('',#10085);
#3132=VERTEX_POINT('',#10090);
#3133=VERTEX_POINT('',#10104);
#3134=VERTEX_POINT('',#10109);
#3135=VERTEX_POINT('',#10116);
#3136=VERTEX_POINT('',#10118);
#3137=VERTEX_POINT('',#10129);
#3138=VERTEX_POINT('',#10134);
#3139=VERTEX_POINT('',#10141);
#3140=VERTEX_POINT('',#10143);
#3141=VERTEX_POINT('',#10175);
#3142=VERTEX_POINT('',#10176);
#3143=VERTEX_POINT('',#10181);
#3144=VERTEX_POINT('',#10183);
#3145=VERTEX_POINT('',#10197);
#3146=VERTEX_POINT('',#10202);
#3147=VERTEX_POINT('',#10216);
#3148=VERTEX_POINT('',#10221);
#3149=VERTEX_POINT('',#10235);
#3150=VERTEX_POINT('',#10240);
#3151=VERTEX_POINT('',#10254);
#3152=VERTEX_POINT('',#10259);
#3153=VERTEX_POINT('',#10273);
#3154=VERTEX_POINT('',#10278);
#3155=VERTEX_POINT('',#10292);
#3156=VERTEX_POINT('',#10297);
#3157=VERTEX_POINT('',#10311);
#3158=VERTEX_POINT('',#10316);
#3159=VERTEX_POINT('',#10330);
#3160=VERTEX_POINT('',#10335);
#3161=VERTEX_POINT('',#10349);
#3162=VERTEX_POINT('',#10354);
#3163=VERTEX_POINT('',#10368);
#3164=VERTEX_POINT('',#10373);
#3165=VERTEX_POINT('',#10387);
#3166=VERTEX_POINT('',#10392);
#3167=VERTEX_POINT('',#10406);
#3168=VERTEX_POINT('',#10411);
#3169=VERTEX_POINT('',#10425);
#3170=VERTEX_POINT('',#10430);
#3171=VERTEX_POINT('',#10462);
#3172=VERTEX_POINT('',#10463);
#3173=VERTEX_POINT('',#10468);
#3174=VERTEX_POINT('',#10470);
#3175=VERTEX_POINT('',#10484);
#3176=VERTEX_POINT('',#10489);
#3177=VERTEX_POINT('',#10496);
#3178=VERTEX_POINT('',#10498);
#3179=VERTEX_POINT('',#10509);
#3180=VERTEX_POINT('',#10510);
#3181=VERTEX_POINT('',#10515);
#3182=VERTEX_POINT('',#10517);
#3183=VERTEX_POINT('',#10531);
#3184=VERTEX_POINT('',#10536);
#3185=VERTEX_POINT('',#10543);
#3186=VERTEX_POINT('',#10545);
#3187=VERTEX_POINT('',#10549);
#3188=VERTEX_POINT('',#10551);
#3189=VERTEX_POINT('',#10555);
#3190=VERTEX_POINT('',#10557);
#3191=VERTEX_POINT('',#10561);
#3192=VERTEX_POINT('',#10563);
#3193=VERTEX_POINT('',#10567);
#3194=VERTEX_POINT('',#10569);
#3195=VERTEX_POINT('',#10594);
#3196=VERTEX_POINT('',#10595);
#3197=VERTEX_POINT('',#10597);
#3198=VERTEX_POINT('',#10599);
#3199=VERTEX_POINT('',#10610);
#3200=VERTEX_POINT('',#10615);
#3201=VERTEX_POINT('',#10622);
#3202=VERTEX_POINT('',#10624);
#3203=VERTEX_POINT('',#10628);
#3204=VERTEX_POINT('',#10630);
#3205=VERTEX_POINT('',#10634);
#3206=VERTEX_POINT('',#10636);
#3207=VERTEX_POINT('',#10640);
#3208=VERTEX_POINT('',#10642);
#3209=VERTEX_POINT('',#10646);
#3210=VERTEX_POINT('',#10648);
#3211=VERTEX_POINT('',#10652);
#3212=VERTEX_POINT('',#10654);
#3213=VERTEX_POINT('',#10658);
#3214=VERTEX_POINT('',#10660);
#3215=VERTEX_POINT('',#10664);
#3216=VERTEX_POINT('',#10666);
#3217=VERTEX_POINT('',#10670);
#3218=VERTEX_POINT('',#10672);
#3219=VERTEX_POINT('',#10681);
#3220=VERTEX_POINT('',#10682);
#3221=VERTEX_POINT('',#10684);
#3222=VERTEX_POINT('',#10686);
#3223=VERTEX_POINT('',#10697);
#3224=VERTEX_POINT('',#10702);
#3225=VERTEX_POINT('',#10709);
#3226=VERTEX_POINT('',#10711);
#3227=VERTEX_POINT('',#10715);
#3228=VERTEX_POINT('',#10717);
#3229=VERTEX_POINT('',#10721);
#3230=VERTEX_POINT('',#10723);
#3231=VERTEX_POINT('',#10734);
#3232=VERTEX_POINT('',#10739);
#3233=VERTEX_POINT('',#10746);
#3234=VERTEX_POINT('',#10748);
#3235=VERTEX_POINT('',#10764);
#3236=VERTEX_POINT('',#10765);
#3237=VERTEX_POINT('',#10770);
#3238=VERTEX_POINT('',#10772);
#3239=VERTEX_POINT('',#10786);
#3240=VERTEX_POINT('',#10791);
#3241=VERTEX_POINT('',#10798);
#3242=VERTEX_POINT('',#10800);
#3243=VERTEX_POINT('',#10804);
#3244=VERTEX_POINT('',#10806);
#3245=VERTEX_POINT('',#10810);
#3246=VERTEX_POINT('',#10812);
#3247=VERTEX_POINT('',#10816);
#3248=VERTEX_POINT('',#10817);
#3249=VERTEX_POINT('',#10819);
#3250=VERTEX_POINT('',#10821);
#3251=VERTEX_POINT('',#10825);
#3252=VERTEX_POINT('',#10827);
#3253=VERTEX_POINT('',#10839);
#3254=VERTEX_POINT('',#10840);
#3255=VERTEX_POINT('',#10842);
#3256=VERTEX_POINT('',#10844);
#3257=VERTEX_POINT('',#10855);
#3258=VERTEX_POINT('',#10860);
#3259=VERTEX_POINT('',#10874);
#3260=VERTEX_POINT('',#10879);
#3261=VERTEX_POINT('',#10893);
#3262=VERTEX_POINT('',#10898);
#3263=VERTEX_POINT('',#10905);
#3264=VERTEX_POINT('',#10907);
#3265=VERTEX_POINT('',#10911);
#3266=VERTEX_POINT('',#10913);
#3267=VERTEX_POINT('',#10917);
#3268=VERTEX_POINT('',#10919);
#3269=VERTEX_POINT('',#10923);
#3270=VERTEX_POINT('',#10925);
#3271=VERTEX_POINT('',#10936);
#3272=VERTEX_POINT('',#10937);
#3273=VERTEX_POINT('',#10939);
#3274=VERTEX_POINT('',#10941);
#3275=VERTEX_POINT('',#10952);
#3276=VERTEX_POINT('',#10957);
#3277=VERTEX_POINT('',#10964);
#3278=VERTEX_POINT('',#10966);
#3279=VERTEX_POINT('',#10998);
#3280=VERTEX_POINT('',#10999);
#3281=VERTEX_POINT('',#11004);
#3282=VERTEX_POINT('',#11006);
#3283=VERTEX_POINT('',#11020);
#3284=VERTEX_POINT('',#11021);
#3285=VERTEX_POINT('',#11026);
#3286=VERTEX_POINT('',#11028);
#3287=VERTEX_POINT('',#11076);
#3288=VERTEX_POINT('',#11077);
#3289=VERTEX_POINT('',#11082);
#3290=VERTEX_POINT('',#11084);
#3291=VERTEX_POINT('',#11098);
#3292=VERTEX_POINT('',#11103);
#3293=VERTEX_POINT('',#11110);
#3294=VERTEX_POINT('',#11112);
#3295=VERTEX_POINT('',#11116);
#3296=VERTEX_POINT('',#11118);
#3297=VERTEX_POINT('',#11122);
#3298=VERTEX_POINT('',#11124);
#3299=VERTEX_POINT('',#11128);
#3300=VERTEX_POINT('',#11129);
#3301=VERTEX_POINT('',#11131);
#3302=VERTEX_POINT('',#11133);
#3303=VERTEX_POINT('',#11144);
#3304=VERTEX_POINT('',#11149);
#3305=VERTEX_POINT('',#11156);
#3306=VERTEX_POINT('',#11158);
#3307=VERTEX_POINT('',#11183);
#3308=VERTEX_POINT('',#11184);
#3309=VERTEX_POINT('',#11186);
#3310=VERTEX_POINT('',#11188);
#3311=VERTEX_POINT('',#11199);
#3312=VERTEX_POINT('',#11204);
#3313=VERTEX_POINT('',#11218);
#3314=VERTEX_POINT('',#11223);
#3315=VERTEX_POINT('',#11237);
#3316=VERTEX_POINT('',#11242);
#3317=VERTEX_POINT('',#11249);
#3318=VERTEX_POINT('',#11251);
#3319=VERTEX_POINT('',#11255);
#3320=VERTEX_POINT('',#11257);
#3321=VERTEX_POINT('',#11261);
#3322=VERTEX_POINT('',#11263);
#3323=VERTEX_POINT('',#11267);
#3324=VERTEX_POINT('',#11269);
#3325=VERTEX_POINT('',#11280);
#3326=VERTEX_POINT('',#11281);
#3327=VERTEX_POINT('',#11286);
#3328=VERTEX_POINT('',#11288);
#3329=VERTEX_POINT('',#11302);
#3330=VERTEX_POINT('',#11307);
#3331=VERTEX_POINT('',#11314);
#3332=VERTEX_POINT('',#11316);
#3333=VERTEX_POINT('',#11348);
#3334=VERTEX_POINT('',#11349);
#3335=VERTEX_POINT('',#11354);
#3336=VERTEX_POINT('',#11356);
#3337=VERTEX_POINT('',#11370);
#3338=VERTEX_POINT('',#11385);
#3339=VERTEX_POINT('',#11399);
#3340=VERTEX_POINT('',#11400);
#3341=VERTEX_POINT('',#11405);
#3342=VERTEX_POINT('',#11407);
#3343=VERTEX_POINT('',#11421);
#3344=VERTEX_POINT('',#11426);
#3345=VERTEX_POINT('',#11474);
#3346=VERTEX_POINT('',#11475);
#3347=VERTEX_POINT('',#11480);
#3348=VERTEX_POINT('',#11482);
#3349=VERTEX_POINT('',#11496);
#3350=VERTEX_POINT('',#11501);
#3351=VERTEX_POINT('',#11508);
#3352=VERTEX_POINT('',#11510);
#3353=VERTEX_POINT('',#11514);
#3354=VERTEX_POINT('',#11516);
#3355=VERTEX_POINT('',#11520);
#3356=VERTEX_POINT('',#11522);
#3357=VERTEX_POINT('',#11526);
#3358=VERTEX_POINT('',#11528);
#3359=VERTEX_POINT('',#11532);
#3360=VERTEX_POINT('',#11534);
#3361=VERTEX_POINT('',#11538);
#3362=VERTEX_POINT('',#11540);
#3363=VERTEX_POINT('',#11544);
#3364=VERTEX_POINT('',#11546);
#3365=VERTEX_POINT('',#11550);
#3366=VERTEX_POINT('',#11552);
#3367=VERTEX_POINT('',#11574);
#3368=VERTEX_POINT('',#11575);
#3369=VERTEX_POINT('',#11577);
#3370=VERTEX_POINT('',#11579);
#3371=VERTEX_POINT('',#11583);
#3372=VERTEX_POINT('',#11585);
#3373=VERTEX_POINT('',#11589);
#3374=VERTEX_POINT('',#11591);
#3375=VERTEX_POINT('',#11600);
#3376=VERTEX_POINT('',#11601);
#3377=VERTEX_POINT('',#11603);
#3378=VERTEX_POINT('',#11605);
#3379=VERTEX_POINT('',#11616);
#3380=VERTEX_POINT('',#11621);
#3381=VERTEX_POINT('',#11635);
#3382=VERTEX_POINT('',#11640);
#3383=VERTEX_POINT('',#11654);
#3384=VERTEX_POINT('',#11659);
#3385=VERTEX_POINT('',#11673);
#3386=VERTEX_POINT('',#11678);
#3387=VERTEX_POINT('',#11692);
#3388=VERTEX_POINT('',#11694);
#3389=EDGE_CURVE('',#2767,#2767,#2715,.T.);
#3390=EDGE_CURVE('',#2767,#2768,#1415,.T.);
#3391=EDGE_CURVE('',#2768,#2768,#2716,.T.);
#3392=EDGE_CURVE('',#2769,#2770,#1416,.T.);
#3393=EDGE_CURVE('',#2769,#2771,#1417,.T.);
#3394=EDGE_CURVE('',#2771,#2772,#1418,.T.);
#3395=EDGE_CURVE('',#2772,#2770,#1419,.T.);
#3396=EDGE_CURVE('',#2773,#2774,#1420,.T.);
#3397=EDGE_CURVE('',#2773,#2775,#428,.T.);
#3398=EDGE_CURVE('',#2775,#2776,#1421,.T.);
#3399=EDGE_CURVE('',#2776,#2769,#2717,.T.);
#3400=EDGE_CURVE('',#2770,#2777,#1422,.T.);
#3401=EDGE_CURVE('',#2778,#2777,#1423,.T.);
#3402=EDGE_CURVE('',#2779,#2778,#1424,.T.);
#3403=EDGE_CURVE('',#2780,#2779,#1425,.T.);
#3404=EDGE_CURVE('',#2780,#2781,#1426,.T.);
#3405=EDGE_CURVE('',#2781,#2782,#1427,.T.);
#3406=EDGE_CURVE('',#2783,#2782,#1428,.T.);
#3407=EDGE_CURVE('',#2783,#2784,#1429,.T.);
#3408=EDGE_CURVE('',#2784,#2785,#2718,.T.);
#3409=EDGE_CURVE('',#2786,#2785,#1430,.T.);
#3410=EDGE_CURVE('',#2786,#2774,#429,.T.);
#3411=EDGE_CURVE('',#2787,#2788,#1431,.T.);
#3412=EDGE_CURVE('',#2788,#2789,#430,.T.);
#3413=EDGE_CURVE('',#2789,#2790,#1432,.T.);
#3414=EDGE_CURVE('',#2790,#2791,#431,.T.);
#3415=EDGE_CURVE('',#2791,#2792,#1433,.T.);
#3416=EDGE_CURVE('',#2787,#2792,#1434,.T.);
#3417=EDGE_CURVE('',#2793,#2794,#426,.T.);
#3418=EDGE_CURVE('',#2794,#2786,#1435,.T.);
#3419=EDGE_CURVE('',#2785,#2795,#1436,.T.);
#3420=EDGE_CURVE('',#2793,#2795,#1437,.T.);
#3421=EDGE_CURVE('',#2796,#2797,#1438,.T.);
#3422=EDGE_CURVE('',#2797,#2784,#1439,.T.);
#3423=EDGE_CURVE('',#2796,#2783,#1440,.T.);
#3424=EDGE_CURVE('',#2775,#2798,#1441,.T.);
#3425=EDGE_CURVE('',#2798,#2799,#427,.T.);
#3426=EDGE_CURVE('',#2799,#2800,#1442,.T.);
#3427=EDGE_CURVE('',#2800,#2776,#1443,.T.);
#3428=EDGE_CURVE('',#2801,#2802,#1444,.T.);
#3429=EDGE_CURVE('',#2802,#2803,#1445,.T.);
#3430=EDGE_CURVE('',#2803,#2804,#1446,.T.);
#3431=EDGE_CURVE('',#2804,#2801,#1447,.T.);
#3432=EDGE_CURVE('',#2789,#2805,#1448,.T.);
#3433=EDGE_CURVE('',#2805,#2773,#1449,.T.);
#3434=EDGE_CURVE('',#2774,#2806,#1450,.T.);
#3435=EDGE_CURVE('',#2806,#2790,#1451,.T.);
#3436=EDGE_CURVE('',#2807,#2808,#1452,.T.);
#3437=EDGE_CURVE('',#2808,#2787,#432,.T.);
#3438=EDGE_CURVE('',#2792,#2809,#433,.T.);
#3439=EDGE_CURVE('',#2809,#2810,#1453,.T.);
#3440=EDGE_CURVE('',#2810,#2807,#1454,.T.);
#3441=EDGE_CURVE('',#2811,#2812,#1455,.T.);
#3442=EDGE_CURVE('',#2812,#2797,#434,.T.);
#3443=EDGE_CURVE('',#2772,#2796,#1456,.T.);
#3444=EDGE_CURVE('',#2771,#2813,#435,.T.);
#3445=EDGE_CURVE('',#2813,#2814,#1457,.T.);
#3446=EDGE_CURVE('',#2814,#2811,#1458,.T.);
#3447=EDGE_CURVE('',#2799,#2815,#1459,.T.);
#3448=EDGE_CURVE('',#2815,#2816,#1460,.T.);
#3449=EDGE_CURVE('',#2816,#2817,#1461,.T.);
#3450=EDGE_CURVE('',#2817,#2818,#1462,.T.);
#3451=EDGE_CURVE('',#2818,#2819,#1463,.T.);
#3452=EDGE_CURVE('',#2800,#2819,#1464,.T.);
#3453=EDGE_CURVE('',#2820,#2821,#1465,.T.);
#3454=EDGE_CURVE('',#2821,#2793,#1466,.T.);
#3455=EDGE_CURVE('',#2795,#2822,#1467,.T.);
#3456=EDGE_CURVE('',#2822,#2823,#1468,.T.);
#3457=EDGE_CURVE('',#2823,#2824,#1469,.T.);
#3458=EDGE_CURVE('',#2824,#2820,#1470,.T.);
#3459=EDGE_CURVE('',#2772,#2825,#1471,.T.);
#3460=EDGE_CURVE('',#2825,#2777,#1472,.T.);
#3461=EDGE_CURVE('',#2826,#2825,#1473,.T.);
#3462=EDGE_CURVE('',#2826,#2778,#1474,.T.);
#3463=EDGE_CURVE('',#2827,#2826,#1475,.T.);
#3464=EDGE_CURVE('',#2827,#2779,#1476,.T.);
#3465=EDGE_CURVE('',#2828,#2827,#1477,.T.);
#3466=EDGE_CURVE('',#2828,#2780,#1478,.T.);
#3467=EDGE_CURVE('',#2828,#2829,#1479,.T.);
#3468=EDGE_CURVE('',#2829,#2781,#1480,.T.);
#3469=EDGE_CURVE('',#2829,#2830,#1481,.T.);
#3470=EDGE_CURVE('',#2830,#2782,#1482,.T.);
#3471=EDGE_CURVE('',#2796,#2830,#1483,.T.);
#3472=EDGE_CURVE('',#2798,#2805,#436,.T.);
#3473=EDGE_CURVE('',#2813,#2819,#189,.T.);
#3474=EDGE_CURVE('',#2822,#2812,#190,.T.);
#3475=EDGE_CURVE('',#2806,#2794,#437,.T.);
#3476=EDGE_CURVE('',#2815,#2788,#438,.T.);
#3477=EDGE_CURVE('',#2814,#2818,#2719,.T.);
#3478=EDGE_CURVE('',#2811,#2804,#2720,.T.);
#3479=EDGE_CURVE('',#2801,#2814,#2721,.T.);
#3480=EDGE_CURVE('',#2823,#2811,#2722,.T.);
#3481=EDGE_CURVE('',#2791,#2821,#439,.T.);
#3482=EDGE_CURVE('',#2816,#2808,#440,.T.);
#3483=EDGE_CURVE('',#2801,#2818,#2723,.T.);
#3484=EDGE_CURVE('',#2823,#2804,#2724,.T.);
#3485=EDGE_CURVE('',#2809,#2820,#441,.T.);
#3486=EDGE_CURVE('',#2817,#2807,#2725,.T.);
#3487=EDGE_CURVE('',#2802,#2817,#2726,.T.);
#3488=EDGE_CURVE('',#2824,#2803,#2727,.T.);
#3489=EDGE_CURVE('',#2810,#2824,#2728,.T.);
#3490=EDGE_CURVE('',#2802,#2807,#2729,.T.);
#3491=EDGE_CURVE('',#2810,#2803,#2730,.T.);
#3492=EDGE_CURVE('',#2831,#2831,#2731,.T.);
#3493=EDGE_CURVE('',#2831,#2832,#1484,.T.);
#3494=EDGE_CURVE('',#2832,#2832,#2732,.T.);
#3495=EDGE_CURVE('',#2833,#2834,#2733,.T.);
#3496=EDGE_CURVE('',#2833,#2835,#1485,.T.);
#3497=EDGE_CURVE('',#2835,#2836,#2734,.T.);
#3498=EDGE_CURVE('',#2834,#2836,#1486,.T.);
#3499=EDGE_CURVE('',#2837,#2838,#1487,.T.);
#3500=EDGE_CURVE('',#2839,#2837,#1488,.T.);
#3501=EDGE_CURVE('',#2839,#2840,#1489,.T.);
#3502=EDGE_CURVE('',#2840,#2838,#1490,.T.);
#3503=EDGE_CURVE('',#2841,#2837,#1491,.T.);
#3504=EDGE_CURVE('',#2842,#2841,#1492,.T.);
#3505=EDGE_CURVE('',#2842,#2839,#1493,.T.);
#3506=EDGE_CURVE('',#2843,#2841,#1494,.T.);
#3507=EDGE_CURVE('',#2844,#2843,#1495,.T.);
#3508=EDGE_CURVE('',#2844,#2842,#1496,.T.);
#3509=EDGE_CURVE('',#2845,#2843,#1497,.T.);
#3510=EDGE_CURVE('',#2846,#2845,#1498,.T.);
#3511=EDGE_CURVE('',#2846,#2844,#1499,.T.);
#3512=EDGE_CURVE('',#2847,#2845,#1500,.T.);
#3513=EDGE_CURVE('',#2848,#2847,#1501,.T.);
#3514=EDGE_CURVE('',#2848,#2846,#1502,.T.);
#3515=EDGE_CURVE('',#2849,#2847,#1503,.T.);
#3516=EDGE_CURVE('',#2849,#2850,#1504,.T.);
#3517=EDGE_CURVE('',#2850,#2848,#1505,.T.);
#3518=EDGE_CURVE('',#2851,#2849,#1506,.T.);
#3519=EDGE_CURVE('',#2851,#2852,#1507,.T.);
#3520=EDGE_CURVE('',#2852,#2850,#1508,.T.);
#3521=EDGE_CURVE('',#2853,#2852,#1509,.T.);
#3522=EDGE_CURVE('',#2854,#2851,#1510,.T.);
#3523=EDGE_CURVE('',#2853,#2854,#1511,.T.);
#3524=EDGE_CURVE('',#2855,#2854,#1512,.T.);
#3525=EDGE_CURVE('',#2856,#2855,#1513,.T.);
#3526=EDGE_CURVE('',#2856,#2853,#1514,.T.);
#3527=EDGE_CURVE('',#2857,#2855,#1515,.T.);
#3528=EDGE_CURVE('',#2858,#2857,#1516,.T.);
#3529=EDGE_CURVE('',#2858,#2856,#1517,.T.);
#3530=EDGE_CURVE('',#2859,#2857,#1518,.T.);
#3531=EDGE_CURVE('',#2860,#2859,#1519,.T.);
#3532=EDGE_CURVE('',#2860,#2858,#1520,.T.);
#3533=EDGE_CURVE('',#2838,#2859,#1521,.T.);
#3534=EDGE_CURVE('',#2840,#2860,#1522,.T.);
#3535=EDGE_CURVE('',#2834,#2861,#1523,.T.);
#3536=EDGE_CURVE('',#2861,#2862,#2735,.T.);
#3537=EDGE_CURVE('',#2862,#2833,#1524,.T.);
#3538=EDGE_CURVE('',#2836,#2863,#1525,.T.);
#3539=EDGE_CURVE('',#2864,#2835,#1526,.T.);
#3540=EDGE_CURVE('',#2863,#2864,#2736,.T.);
#3541=EDGE_CURVE('',#2862,#2864,#1527,.T.);
#3542=EDGE_CURVE('',#2861,#2863,#1528,.T.);
#3543=EDGE_CURVE('',#2865,#2866,#1529,.T.);
#3544=EDGE_CURVE('',#2865,#2867,#1530,.T.);
#3545=EDGE_CURVE('',#2868,#2867,#1531,.T.);
#3546=EDGE_CURVE('',#2866,#2868,#1532,.T.);
#3547=EDGE_CURVE('',#2869,#2870,#1533,.T.);
#3548=EDGE_CURVE('',#2866,#2870,#1534,.T.);
#3549=EDGE_CURVE('',#2868,#2871,#2737,.T.);
#3550=EDGE_CURVE('',#2871,#2872,#1535,.T.);
#3551=EDGE_CURVE('',#2872,#2869,#1536,.T.);
#3552=EDGE_CURVE('',#2873,#2865,#1537,.T.);
#3553=EDGE_CURVE('',#2874,#2873,#1538,.T.);
#3554=EDGE_CURVE('',#2875,#2874,#1539,.T.);
#3555=EDGE_CURVE('',#2876,#2875,#1540,.T.);
#3556=EDGE_CURVE('',#2867,#2876,#2738,.T.);
#3557=EDGE_CURVE('',#2871,#2876,#1541,.T.);
#3558=EDGE_CURVE('',#2872,#2875,#1542,.T.);
#3559=EDGE_CURVE('',#2869,#2874,#1543,.T.);
#3560=EDGE_CURVE('',#2870,#2873,#1544,.T.);
#3561=EDGE_CURVE('',#2877,#2878,#1545,.T.);
#3562=EDGE_CURVE('',#2877,#2879,#1546,.T.);
#3563=EDGE_CURVE('',#2879,#2880,#1547,.T.);
#3564=EDGE_CURVE('',#2878,#2880,#1548,.T.);
#3565=EDGE_CURVE('',#2881,#2878,#1549,.T.);
#3566=EDGE_CURVE('',#2882,#2880,#1550,.T.);
#3567=EDGE_CURVE('',#2881,#2882,#1551,.T.);
#3568=EDGE_CURVE('',#2881,#2883,#1552,.T.);
#3569=EDGE_CURVE('',#2882,#2884,#1553,.T.);
#3570=EDGE_CURVE('',#2883,#2884,#1554,.T.);
#3571=EDGE_CURVE('',#2885,#2877,#2739,.T.);
#3572=EDGE_CURVE('',#2885,#2886,#1555,.T.);
#3573=EDGE_CURVE('',#2886,#2879,#2740,.T.);
#3574=EDGE_CURVE('',#2887,#2888,#1556,.T.);
#3575=EDGE_CURVE('',#2883,#2887,#2741,.T.);
#3576=EDGE_CURVE('',#2884,#2889,#2742,.T.);
#3577=EDGE_CURVE('',#2890,#2889,#1557,.T.);
#3578=EDGE_CURVE('',#2890,#2891,#2743,.T.);
#3579=EDGE_CURVE('',#2892,#2891,#1558,.T.);
#3580=EDGE_CURVE('',#2888,#2892,#2744,.T.);
#3581=EDGE_CURVE('',#2893,#2894,#1559,.T.);
#3582=EDGE_CURVE('',#2894,#2895,#1560,.T.);
#3583=EDGE_CURVE('',#2896,#2895,#1561,.T.);
#3584=EDGE_CURVE('',#2897,#2896,#1562,.T.);
#3585=EDGE_CURVE('',#2897,#2898,#1563,.T.);
#3586=EDGE_CURVE('',#2899,#2898,#1564,.T.);
#3587=EDGE_CURVE('',#2899,#2900,#1565,.T.);
#3588=EDGE_CURVE('',#2900,#2893,#1566,.T.);
#3589=EDGE_CURVE('',#2895,#2901,#1567,.T.);
#3590=EDGE_CURVE('',#2902,#2901,#1568,.T.);
#3591=EDGE_CURVE('',#2896,#2902,#1569,.T.);
#3592=EDGE_CURVE('',#2903,#2901,#1570,.T.);
#3593=EDGE_CURVE('',#2904,#2903,#1571,.T.);
#3594=EDGE_CURVE('',#2904,#2905,#1572,.T.);
#3595=EDGE_CURVE('',#2906,#2905,#1573,.T.);
#3596=EDGE_CURVE('',#2907,#2906,#1574,.T.);
#3597=EDGE_CURVE('',#2908,#2907,#1575,.T.);
#3598=EDGE_CURVE('',#2908,#2902,#1576,.T.);
#3599=EDGE_CURVE('',#2909,#2910,#1577,.T.);
#3600=EDGE_CURVE('',#2906,#2909,#2745,.T.);
#3601=EDGE_CURVE('',#2905,#2911,#2746,.T.);
#3602=EDGE_CURVE('',#2912,#2911,#1578,.T.);
#3603=EDGE_CURVE('',#2912,#2913,#2747,.T.);
#3604=EDGE_CURVE('',#2914,#2913,#1579,.T.);
#3605=EDGE_CURVE('',#2910,#2914,#2748,.T.);
#3606=EDGE_CURVE('',#2914,#2885,#1580,.T.);
#3607=EDGE_CURVE('',#2913,#2886,#1581,.T.);
#3608=EDGE_CURVE('',#2909,#2888,#1582,.T.);
#3609=EDGE_CURVE('',#2892,#2915,#1583,.T.);
#3610=EDGE_CURVE('',#2915,#2899,#2749,.T.);
#3611=EDGE_CURVE('',#2907,#2898,#1584,.T.);
#3612=EDGE_CURVE('',#2904,#2893,#1585,.T.);
#3613=EDGE_CURVE('',#2916,#2900,#2750,.T.);
#3614=EDGE_CURVE('',#2891,#2916,#1586,.T.);
#3615=EDGE_CURVE('',#2911,#2890,#1587,.T.);
#3616=EDGE_CURVE('',#2915,#2916,#1588,.T.);
#3617=EDGE_CURVE('',#2889,#2912,#1589,.T.);
#3618=EDGE_CURVE('',#2894,#2903,#1590,.T.);
#3619=EDGE_CURVE('',#2897,#2908,#1591,.T.);
#3620=EDGE_CURVE('',#2887,#2910,#1592,.T.);
#3621=EDGE_CURVE('',#2917,#2918,#1593,.T.);
#3622=EDGE_CURVE('',#2918,#2919,#1594,.T.);
#3623=EDGE_CURVE('',#2920,#2919,#1595,.T.);
#3624=EDGE_CURVE('',#2917,#2920,#1596,.T.);
#3625=EDGE_CURVE('',#2921,#2919,#1597,.T.);
#3626=EDGE_CURVE('',#2922,#2921,#1598,.T.);
#3627=EDGE_CURVE('',#2922,#2920,#1599,.T.);
#3628=EDGE_CURVE('',#2921,#2923,#1600,.T.);
#3629=EDGE_CURVE('',#2924,#2923,#1601,.T.);
#3630=EDGE_CURVE('',#2922,#2924,#1602,.T.);
#3631=EDGE_CURVE('',#2925,#2926,#1603,.T.);
#3632=EDGE_CURVE('',#2926,#2918,#2751,.T.);
#3633=EDGE_CURVE('',#2925,#2917,#2752,.T.);
#3634=EDGE_CURVE('',#2927,#2928,#1604,.T.);
#3635=EDGE_CURVE('',#2927,#2929,#2753,.T.);
#3636=EDGE_CURVE('',#2930,#2929,#1605,.T.);
#3637=EDGE_CURVE('',#2931,#2930,#2754,.T.);
#3638=EDGE_CURVE('',#2932,#2931,#1606,.T.);
#3639=EDGE_CURVE('',#2924,#2932,#2755,.T.);
#3640=EDGE_CURVE('',#2923,#2928,#2756,.T.);
#3641=EDGE_CURVE('',#2933,#2934,#1607,.T.);
#3642=EDGE_CURVE('',#2933,#2935,#1608,.T.);
#3643=EDGE_CURVE('',#2936,#2935,#1609,.T.);
#3644=EDGE_CURVE('',#2936,#2937,#1610,.T.);
#3645=EDGE_CURVE('',#2937,#2938,#1611,.T.);
#3646=EDGE_CURVE('',#2938,#2939,#1612,.T.);
#3647=EDGE_CURVE('',#2939,#2940,#1613,.T.);
#3648=EDGE_CURVE('',#2934,#2940,#1614,.T.);
#3649=EDGE_CURVE('',#2934,#2941,#1615,.T.);
#3650=EDGE_CURVE('',#2940,#2942,#1616,.T.);
#3651=EDGE_CURVE('',#2941,#2942,#1617,.T.);
#3652=EDGE_CURVE('',#2943,#2941,#1618,.T.);
#3653=EDGE_CURVE('',#2944,#2942,#1619,.T.);
#3654=EDGE_CURVE('',#2945,#2944,#1620,.T.);
#3655=EDGE_CURVE('',#2945,#2946,#1621,.T.);
#3656=EDGE_CURVE('',#2947,#2946,#1622,.T.);
#3657=EDGE_CURVE('',#2948,#2947,#1623,.T.);
#3658=EDGE_CURVE('',#2943,#2948,#1624,.T.);
#3659=EDGE_CURVE('',#2949,#2950,#1625,.T.);
#3660=EDGE_CURVE('',#2949,#2951,#2757,.T.);
#3661=EDGE_CURVE('',#2952,#2951,#1626,.T.);
#3662=EDGE_CURVE('',#2953,#2952,#2758,.T.);
#3663=EDGE_CURVE('',#2954,#2953,#1627,.T.);
#3664=EDGE_CURVE('',#2947,#2954,#2759,.T.);
#3665=EDGE_CURVE('',#2946,#2950,#2760,.T.);
#3666=EDGE_CURVE('',#2951,#2926,#1628,.T.);
#3667=EDGE_CURVE('',#2952,#2925,#1629,.T.);
#3668=EDGE_CURVE('',#2948,#2935,#1630,.T.);
#3669=EDGE_CURVE('',#2954,#2931,#1631,.T.);
#3670=EDGE_CURVE('',#2930,#2955,#1632,.T.);
#3671=EDGE_CURVE('',#2955,#2936,#2761,.T.);
#3672=EDGE_CURVE('',#2945,#2938,#1633,.T.);
#3673=EDGE_CURVE('',#2956,#2937,#2762,.T.);
#3674=EDGE_CURVE('',#2929,#2956,#1634,.T.);
#3675=EDGE_CURVE('',#2950,#2927,#1635,.T.);
#3676=EDGE_CURVE('',#2955,#2956,#1636,.T.);
#3677=EDGE_CURVE('',#2928,#2949,#1637,.T.);
#3678=EDGE_CURVE('',#2939,#2944,#1638,.T.);
#3679=EDGE_CURVE('',#2932,#2953,#1639,.T.);
#3680=EDGE_CURVE('',#2933,#2943,#1640,.T.);
#3681=EDGE_CURVE('',#2957,#2958,#2763,.T.);
#3682=EDGE_CURVE('',#2958,#2959,#1641,.T.);
#3683=EDGE_CURVE('',#2959,#2960,#2764,.T.);
#3684=EDGE_CURVE('',#2957,#2960,#1642,.T.);
#3685=EDGE_CURVE('',#2961,#2962,#2765,.T.);
#3686=EDGE_CURVE('',#2960,#2961,#1643,.T.);
#3687=EDGE_CURVE('',#2962,#2959,#1644,.T.);
#3688=EDGE_CURVE('',#2963,#2961,#1645,.T.);
#3689=EDGE_CURVE('',#2963,#2957,#1646,.T.);
#3690=EDGE_CURVE('',#2958,#2964,#1647,.T.);
#3691=EDGE_CURVE('',#2964,#2962,#1648,.T.);
#3692=EDGE_CURVE('',#2964,#2963,#2766,.T.);
#3693=EDGE_CURVE('',#2965,#2966,#191,.T.);
#3694=EDGE_CURVE('',#2967,#2966,#1649,.T.);
#3695=EDGE_CURVE('',#2968,#2967,#192,.T.);
#3696=EDGE_CURVE('',#2968,#2965,#1650,.T.);
#3697=EDGE_CURVE('',#2966,#2969,#193,.T.);
#3698=EDGE_CURVE('',#2970,#2969,#1651,.T.);
#3699=EDGE_CURVE('',#2967,#2970,#194,.T.);
#3700=EDGE_CURVE('',#2969,#2971,#195,.T.);
#3701=EDGE_CURVE('',#2972,#2971,#1652,.T.);
#3702=EDGE_CURVE('',#2970,#2972,#196,.T.);
#3703=EDGE_CURVE('',#2971,#2973,#197,.T.);
#3704=EDGE_CURVE('',#2974,#2973,#1653,.T.);
#3705=EDGE_CURVE('',#2972,#2974,#198,.T.);
#3706=EDGE_CURVE('',#2973,#2975,#1654,.T.);
#3707=EDGE_CURVE('',#2976,#2975,#1655,.T.);
#3708=EDGE_CURVE('',#2974,#2976,#1656,.T.);
#3709=EDGE_CURVE('',#2975,#2977,#1657,.T.);
#3710=EDGE_CURVE('',#2978,#2977,#1658,.T.);
#3711=EDGE_CURVE('',#2976,#2978,#1659,.T.);
#3712=EDGE_CURVE('',#2977,#2979,#1660,.T.);
#3713=EDGE_CURVE('',#2980,#2979,#1661,.T.);
#3714=EDGE_CURVE('',#2978,#2980,#1662,.T.);
#3715=EDGE_CURVE('',#2979,#2981,#199,.T.);
#3716=EDGE_CURVE('',#2982,#2981,#1663,.T.);
#3717=EDGE_CURVE('',#2980,#2982,#200,.T.);
#3718=EDGE_CURVE('',#2981,#2983,#201,.T.);
#3719=EDGE_CURVE('',#2984,#2983,#1664,.T.);
#3720=EDGE_CURVE('',#2982,#2984,#202,.T.);
#3721=EDGE_CURVE('',#2983,#2985,#203,.T.);
#3722=EDGE_CURVE('',#2986,#2985,#1665,.T.);
#3723=EDGE_CURVE('',#2984,#2986,#204,.T.);
#3724=EDGE_CURVE('',#2985,#2987,#1666,.T.);
#3725=EDGE_CURVE('',#2988,#2987,#1667,.T.);
#3726=EDGE_CURVE('',#2986,#2988,#1668,.T.);
#3727=EDGE_CURVE('',#2987,#2989,#1669,.T.);
#3728=EDGE_CURVE('',#2990,#2989,#1670,.T.);
#3729=EDGE_CURVE('',#2988,#2990,#1671,.T.);
#3730=EDGE_CURVE('',#2989,#2991,#1672,.T.);
#3731=EDGE_CURVE('',#2992,#2991,#1673,.T.);
#3732=EDGE_CURVE('',#2990,#2992,#1674,.T.);
#3733=EDGE_CURVE('',#2991,#2993,#205,.T.);
#3734=EDGE_CURVE('',#2994,#2993,#1675,.T.);
#3735=EDGE_CURVE('',#2992,#2994,#206,.T.);
#3736=EDGE_CURVE('',#2993,#2995,#207,.T.);
#3737=EDGE_CURVE('',#2996,#2995,#1676,.T.);
#3738=EDGE_CURVE('',#2994,#2996,#208,.T.);
#3739=EDGE_CURVE('',#2995,#2997,#1677,.T.);
#3740=EDGE_CURVE('',#2998,#2997,#1678,.T.);
#3741=EDGE_CURVE('',#2996,#2998,#1679,.T.);
#3742=EDGE_CURVE('',#2997,#2999,#209,.T.);
#3743=EDGE_CURVE('',#3000,#2999,#1680,.T.);
#3744=EDGE_CURVE('',#2998,#3000,#210,.T.);
#3745=EDGE_CURVE('',#2999,#3001,#211,.T.);
#3746=EDGE_CURVE('',#3002,#3001,#1681,.T.);
#3747=EDGE_CURVE('',#3000,#3002,#212,.T.);
#3748=EDGE_CURVE('',#3001,#3003,#213,.T.);
#3749=EDGE_CURVE('',#3004,#3003,#1682,.T.);
#3750=EDGE_CURVE('',#3002,#3004,#214,.T.);
#3751=EDGE_CURVE('',#3003,#3005,#215,.T.);
#3752=EDGE_CURVE('',#3006,#3005,#1683,.T.);
#3753=EDGE_CURVE('',#3004,#3006,#216,.T.);
#3754=EDGE_CURVE('',#3005,#3007,#1684,.T.);
#3755=EDGE_CURVE('',#3008,#3007,#1685,.T.);
#3756=EDGE_CURVE('',#3006,#3008,#1686,.T.);
#3757=EDGE_CURVE('',#3007,#3009,#1687,.T.);
#3758=EDGE_CURVE('',#3010,#3009,#1688,.T.);
#3759=EDGE_CURVE('',#3008,#3010,#1689,.T.);
#3760=EDGE_CURVE('',#3009,#3011,#1690,.T.);
#3761=EDGE_CURVE('',#3012,#3011,#1691,.T.);
#3762=EDGE_CURVE('',#3010,#3012,#1692,.T.);
#3763=EDGE_CURVE('',#3011,#3013,#217,.T.);
#3764=EDGE_CURVE('',#3014,#3013,#1693,.T.);
#3765=EDGE_CURVE('',#3012,#3014,#218,.T.);
#3766=EDGE_CURVE('',#3013,#3015,#219,.T.);
#3767=EDGE_CURVE('',#3016,#3015,#1694,.T.);
#3768=EDGE_CURVE('',#3014,#3016,#220,.T.);
#3769=EDGE_CURVE('',#3015,#3017,#221,.T.);
#3770=EDGE_CURVE('',#3018,#3017,#1695,.T.);
#3771=EDGE_CURVE('',#3016,#3018,#222,.T.);
#3772=EDGE_CURVE('',#3017,#3019,#223,.T.);
#3773=EDGE_CURVE('',#3020,#3019,#1696,.T.);
#3774=EDGE_CURVE('',#3018,#3020,#224,.T.);
#3775=EDGE_CURVE('',#3019,#2965,#225,.T.);
#3776=EDGE_CURVE('',#3020,#2968,#226,.T.);
#3777=EDGE_CURVE('',#3021,#3022,#227,.T.);
#3778=EDGE_CURVE('',#3023,#3022,#1697,.T.);
#3779=EDGE_CURVE('',#3024,#3023,#228,.T.);
#3780=EDGE_CURVE('',#3024,#3021,#1698,.T.);
#3781=EDGE_CURVE('',#3022,#3025,#229,.T.);
#3782=EDGE_CURVE('',#3026,#3025,#1699,.T.);
#3783=EDGE_CURVE('',#3023,#3026,#230,.T.);
#3784=EDGE_CURVE('',#3025,#3027,#1700,.T.);
#3785=EDGE_CURVE('',#3028,#3027,#1701,.T.);
#3786=EDGE_CURVE('',#3026,#3028,#1702,.T.);
#3787=EDGE_CURVE('',#3027,#3029,#1703,.T.);
#3788=EDGE_CURVE('',#3030,#3029,#1704,.T.);
#3789=EDGE_CURVE('',#3028,#3030,#1705,.T.);
#3790=EDGE_CURVE('',#3029,#3031,#1706,.T.);
#3791=EDGE_CURVE('',#3032,#3031,#1707,.T.);
#3792=EDGE_CURVE('',#3030,#3032,#1708,.T.);
#3793=EDGE_CURVE('',#3031,#3033,#1709,.T.);
#3794=EDGE_CURVE('',#3034,#3033,#1710,.T.);
#3795=EDGE_CURVE('',#3032,#3034,#1711,.T.);
#3796=EDGE_CURVE('',#3033,#3035,#231,.T.);
#3797=EDGE_CURVE('',#3036,#3035,#1712,.T.);
#3798=EDGE_CURVE('',#3034,#3036,#232,.T.);
#3799=EDGE_CURVE('',#3035,#3037,#233,.T.);
#3800=EDGE_CURVE('',#3038,#3037,#1713,.T.);
#3801=EDGE_CURVE('',#3036,#3038,#234,.T.);
#3802=EDGE_CURVE('',#3037,#3039,#1714,.T.);
#3803=EDGE_CURVE('',#3040,#3039,#1715,.T.);
#3804=EDGE_CURVE('',#3038,#3040,#1716,.T.);
#3805=EDGE_CURVE('',#3039,#3041,#1717,.T.);
#3806=EDGE_CURVE('',#3042,#3041,#1718,.T.);
#3807=EDGE_CURVE('',#3040,#3042,#1719,.T.);
#3808=EDGE_CURVE('',#3041,#3043,#1720,.T.);
#3809=EDGE_CURVE('',#3044,#3043,#1721,.T.);
#3810=EDGE_CURVE('',#3042,#3044,#1722,.T.);
#3811=EDGE_CURVE('',#3043,#3045,#235,.T.);
#3812=EDGE_CURVE('',#3046,#3045,#1723,.T.);
#3813=EDGE_CURVE('',#3044,#3046,#236,.T.);
#3814=EDGE_CURVE('',#3045,#3047,#237,.T.);
#3815=EDGE_CURVE('',#3048,#3047,#1724,.T.);
#3816=EDGE_CURVE('',#3046,#3048,#238,.T.);
#3817=EDGE_CURVE('',#3047,#3049,#239,.T.);
#3818=EDGE_CURVE('',#3050,#3049,#1725,.T.);
#3819=EDGE_CURVE('',#3048,#3050,#240,.T.);
#3820=EDGE_CURVE('',#3049,#3051,#241,.T.);
#3821=EDGE_CURVE('',#3052,#3051,#1726,.T.);
#3822=EDGE_CURVE('',#3050,#3052,#242,.T.);
#3823=EDGE_CURVE('',#3051,#3053,#243,.T.);
#3824=EDGE_CURVE('',#3054,#3053,#1727,.T.);
#3825=EDGE_CURVE('',#3052,#3054,#244,.T.);
#3826=EDGE_CURVE('',#3053,#3055,#245,.T.);
#3827=EDGE_CURVE('',#3056,#3055,#1728,.T.);
#3828=EDGE_CURVE('',#3054,#3056,#246,.T.);
#3829=EDGE_CURVE('',#3055,#3057,#247,.T.);
#3830=EDGE_CURVE('',#3058,#3057,#1729,.T.);
#3831=EDGE_CURVE('',#3056,#3058,#248,.T.);
#3832=EDGE_CURVE('',#3057,#3059,#1730,.T.);
#3833=EDGE_CURVE('',#3060,#3059,#1731,.T.);
#3834=EDGE_CURVE('',#3058,#3060,#1732,.T.);
#3835=EDGE_CURVE('',#3059,#3061,#249,.T.);
#3836=EDGE_CURVE('',#3062,#3061,#1733,.T.);
#3837=EDGE_CURVE('',#3060,#3062,#250,.T.);
#3838=EDGE_CURVE('',#3061,#3063,#251,.T.);
#3839=EDGE_CURVE('',#3064,#3063,#1734,.T.);
#3840=EDGE_CURVE('',#3062,#3064,#252,.T.);
#3841=EDGE_CURVE('',#3063,#3021,#1735,.T.);
#3842=EDGE_CURVE('',#3064,#3024,#1736,.T.);
#3843=EDGE_CURVE('',#3065,#3066,#253,.T.);
#3844=EDGE_CURVE('',#3067,#3065,#1737,.T.);
#3845=EDGE_CURVE('',#3067,#3068,#254,.T.);
#3846=EDGE_CURVE('',#3068,#3066,#1738,.T.);
#3847=EDGE_CURVE('',#3065,#3069,#255,.T.);
#3848=EDGE_CURVE('',#3070,#3069,#1739,.T.);
#3849=EDGE_CURVE('',#3067,#3070,#256,.T.);
#3850=EDGE_CURVE('',#3069,#3071,#257,.T.);
#3851=EDGE_CURVE('',#3072,#3071,#1740,.T.);
#3852=EDGE_CURVE('',#3070,#3072,#258,.T.);
#3853=EDGE_CURVE('',#3071,#3073,#259,.T.);
#3854=EDGE_CURVE('',#3074,#3073,#1741,.T.);
#3855=EDGE_CURVE('',#3072,#3074,#260,.T.);
#3856=EDGE_CURVE('',#3073,#3075,#261,.T.);
#3857=EDGE_CURVE('',#3076,#3075,#1742,.T.);
#3858=EDGE_CURVE('',#3074,#3076,#262,.T.);
#3859=EDGE_CURVE('',#3077,#3075,#1743,.T.);
#3860=EDGE_CURVE('',#3078,#3077,#1744,.T.);
#3861=EDGE_CURVE('',#3078,#3076,#1745,.T.);
#3862=EDGE_CURVE('',#3079,#3080,#263,.T.);
#3863=EDGE_CURVE('',#3081,#3080,#1746,.T.);
#3864=EDGE_CURVE('',#3082,#3081,#264,.T.);
#3865=EDGE_CURVE('',#3082,#3079,#1747,.T.);
#3866=EDGE_CURVE('',#3080,#3083,#1748,.T.);
#3867=EDGE_CURVE('',#3084,#3083,#1749,.T.);
#3868=EDGE_CURVE('',#3081,#3084,#1750,.T.);
#3869=EDGE_CURVE('',#3083,#3085,#265,.T.);
#3870=EDGE_CURVE('',#3086,#3085,#1751,.T.);
#3871=EDGE_CURVE('',#3084,#3086,#266,.T.);
#3872=EDGE_CURVE('',#3085,#3087,#267,.T.);
#3873=EDGE_CURVE('',#3088,#3087,#1752,.T.);
#3874=EDGE_CURVE('',#3086,#3088,#268,.T.);
#3875=EDGE_CURVE('',#3087,#3089,#269,.T.);
#3876=EDGE_CURVE('',#3090,#3089,#1753,.T.);
#3877=EDGE_CURVE('',#3088,#3090,#270,.T.);
#3878=EDGE_CURVE('',#3089,#3091,#1754,.T.);
#3879=EDGE_CURVE('',#3092,#3091,#1755,.T.);
#3880=EDGE_CURVE('',#3090,#3092,#1756,.T.);
#3881=EDGE_CURVE('',#3091,#3093,#271,.T.);
#3882=EDGE_CURVE('',#3094,#3093,#1757,.T.);
#3883=EDGE_CURVE('',#3092,#3094,#272,.T.);
#3884=EDGE_CURVE('',#3093,#3095,#273,.T.);
#3885=EDGE_CURVE('',#3096,#3095,#1758,.T.);
#3886=EDGE_CURVE('',#3094,#3096,#274,.T.);
#3887=EDGE_CURVE('',#3095,#3097,#275,.T.);
#3888=EDGE_CURVE('',#3098,#3097,#1759,.T.);
#3889=EDGE_CURVE('',#3096,#3098,#276,.T.);
#3890=EDGE_CURVE('',#3097,#3099,#277,.T.);
#3891=EDGE_CURVE('',#3100,#3099,#1760,.T.);
#3892=EDGE_CURVE('',#3098,#3100,#278,.T.);
#3893=EDGE_CURVE('',#3099,#3101,#1761,.T.);
#3894=EDGE_CURVE('',#3102,#3101,#1762,.T.);
#3895=EDGE_CURVE('',#3100,#3102,#1763,.T.);
#3896=EDGE_CURVE('',#3101,#3103,#1764,.T.);
#3897=EDGE_CURVE('',#3104,#3103,#1765,.T.);
#3898=EDGE_CURVE('',#3102,#3104,#1766,.T.);
#3899=EDGE_CURVE('',#3103,#3105,#1767,.T.);
#3900=EDGE_CURVE('',#3106,#3105,#1768,.T.);
#3901=EDGE_CURVE('',#3104,#3106,#1769,.T.);
#3902=EDGE_CURVE('',#3105,#3107,#1770,.T.);
#3903=EDGE_CURVE('',#3108,#3107,#1771,.T.);
#3904=EDGE_CURVE('',#3106,#3108,#1772,.T.);
#3905=EDGE_CURVE('',#3107,#3109,#1773,.T.);
#3906=EDGE_CURVE('',#3110,#3109,#1774,.T.);
#3907=EDGE_CURVE('',#3108,#3110,#1775,.T.);
#3908=EDGE_CURVE('',#3109,#3111,#279,.T.);
#3909=EDGE_CURVE('',#3112,#3111,#1776,.T.);
#3910=EDGE_CURVE('',#3110,#3112,#280,.T.);
#3911=EDGE_CURVE('',#3111,#3113,#1777,.T.);
#3912=EDGE_CURVE('',#3114,#3113,#1778,.T.);
#3913=EDGE_CURVE('',#3112,#3114,#1779,.T.);
#3914=EDGE_CURVE('',#3113,#3115,#1780,.T.);
#3915=EDGE_CURVE('',#3116,#3115,#1781,.T.);
#3916=EDGE_CURVE('',#3114,#3116,#1782,.T.);
#3917=EDGE_CURVE('',#3115,#3117,#1783,.T.);
#3918=EDGE_CURVE('',#3118,#3117,#1784,.T.);
#3919=EDGE_CURVE('',#3116,#3118,#1785,.T.);
#3920=EDGE_CURVE('',#3117,#3119,#1786,.T.);
#3921=EDGE_CURVE('',#3120,#3119,#1787,.T.);
#3922=EDGE_CURVE('',#3118,#3120,#1788,.T.);
#3923=EDGE_CURVE('',#3119,#3121,#1789,.T.);
#3924=EDGE_CURVE('',#3122,#3121,#1790,.T.);
#3925=EDGE_CURVE('',#3120,#3122,#1791,.T.);
#3926=EDGE_CURVE('',#3121,#3123,#1792,.T.);
#3927=EDGE_CURVE('',#3124,#3123,#1793,.T.);
#3928=EDGE_CURVE('',#3122,#3124,#1794,.T.);
#3929=EDGE_CURVE('',#3123,#3125,#1795,.T.);
#3930=EDGE_CURVE('',#3126,#3125,#1796,.T.);
#3931=EDGE_CURVE('',#3124,#3126,#1797,.T.);
#3932=EDGE_CURVE('',#3125,#3127,#1798,.T.);
#3933=EDGE_CURVE('',#3128,#3127,#1799,.T.);
#3934=EDGE_CURVE('',#3126,#3128,#1800,.T.);
#3935=EDGE_CURVE('',#3127,#3129,#281,.T.);
#3936=EDGE_CURVE('',#3130,#3129,#1801,.T.);
#3937=EDGE_CURVE('',#3128,#3130,#282,.T.);
#3938=EDGE_CURVE('',#3129,#3131,#283,.T.);
#3939=EDGE_CURVE('',#3132,#3131,#1802,.T.);
#3940=EDGE_CURVE('',#3130,#3132,#284,.T.);
#3941=EDGE_CURVE('',#3131,#3133,#285,.T.);
#3942=EDGE_CURVE('',#3134,#3133,#1803,.T.);
#3943=EDGE_CURVE('',#3132,#3134,#286,.T.);
#3944=EDGE_CURVE('',#3133,#3135,#1804,.T.);
#3945=EDGE_CURVE('',#3136,#3135,#1805,.T.);
#3946=EDGE_CURVE('',#3134,#3136,#1806,.T.);
#3947=EDGE_CURVE('',#3135,#3137,#287,.T.);
#3948=EDGE_CURVE('',#3138,#3137,#1807,.T.);
#3949=EDGE_CURVE('',#3136,#3138,#288,.T.);
#3950=EDGE_CURVE('',#3137,#3139,#1808,.T.);
#3951=EDGE_CURVE('',#3140,#3139,#1809,.T.);
#3952=EDGE_CURVE('',#3138,#3140,#1810,.T.);
#3953=EDGE_CURVE('',#3139,#3079,#289,.T.);
#3954=EDGE_CURVE('',#3140,#3082,#290,.T.);
#3955=EDGE_CURVE('',#3066,#3077,#1811,.T.);
#3956=EDGE_CURVE('',#3068,#3078,#1812,.T.);
#3957=EDGE_CURVE('',#3141,#3142,#291,.T.);
#3958=EDGE_CURVE('',#3143,#3142,#1813,.T.);
#3959=EDGE_CURVE('',#3144,#3143,#292,.T.);
#3960=EDGE_CURVE('',#3144,#3141,#1814,.T.);
#3961=EDGE_CURVE('',#3142,#3145,#293,.T.);
#3962=EDGE_CURVE('',#3146,#3145,#1815,.T.);
#3963=EDGE_CURVE('',#3143,#3146,#294,.T.);
#3964=EDGE_CURVE('',#3145,#3147,#295,.T.);
#3965=EDGE_CURVE('',#3148,#3147,#1816,.T.);
#3966=EDGE_CURVE('',#3146,#3148,#296,.T.);
#3967=EDGE_CURVE('',#3147,#3149,#297,.T.);
#3968=EDGE_CURVE('',#3150,#3149,#1817,.T.);
#3969=EDGE_CURVE('',#3148,#3150,#298,.T.);
#3970=EDGE_CURVE('',#3149,#3151,#299,.T.);
#3971=EDGE_CURVE('',#3152,#3151,#1818,.T.);
#3972=EDGE_CURVE('',#3150,#3152,#300,.T.);
#3973=EDGE_CURVE('',#3151,#3153,#301,.T.);
#3974=EDGE_CURVE('',#3154,#3153,#1819,.T.);
#3975=EDGE_CURVE('',#3152,#3154,#302,.T.);
#3976=EDGE_CURVE('',#3153,#3155,#303,.T.);
#3977=EDGE_CURVE('',#3156,#3155,#1820,.T.);
#3978=EDGE_CURVE('',#3154,#3156,#304,.T.);
#3979=EDGE_CURVE('',#3155,#3157,#305,.T.);
#3980=EDGE_CURVE('',#3158,#3157,#1821,.T.);
#3981=EDGE_CURVE('',#3156,#3158,#306,.T.);
#3982=EDGE_CURVE('',#3157,#3159,#307,.T.);
#3983=EDGE_CURVE('',#3160,#3159,#1822,.T.);
#3984=EDGE_CURVE('',#3158,#3160,#308,.T.);
#3985=EDGE_CURVE('',#3159,#3161,#309,.T.);
#3986=EDGE_CURVE('',#3162,#3161,#1823,.T.);
#3987=EDGE_CURVE('',#3160,#3162,#310,.T.);
#3988=EDGE_CURVE('',#3161,#3163,#311,.T.);
#3989=EDGE_CURVE('',#3164,#3163,#1824,.T.);
#3990=EDGE_CURVE('',#3162,#3164,#312,.T.);
#3991=EDGE_CURVE('',#3163,#3165,#313,.T.);
#3992=EDGE_CURVE('',#3166,#3165,#1825,.T.);
#3993=EDGE_CURVE('',#3164,#3166,#314,.T.);
#3994=EDGE_CURVE('',#3165,#3167,#315,.T.);
#3995=EDGE_CURVE('',#3168,#3167,#1826,.T.);
#3996=EDGE_CURVE('',#3166,#3168,#316,.T.);
#3997=EDGE_CURVE('',#3167,#3169,#317,.T.);
#3998=EDGE_CURVE('',#3170,#3169,#1827,.T.);
#3999=EDGE_CURVE('',#3168,#3170,#318,.T.);
#4000=EDGE_CURVE('',#3169,#3141,#319,.T.);
#4001=EDGE_CURVE('',#3170,#3144,#320,.T.);
#4002=EDGE_CURVE('',#3171,#3172,#321,.T.);
#4003=EDGE_CURVE('',#3173,#3172,#1828,.T.);
#4004=EDGE_CURVE('',#3174,#3173,#322,.T.);
#4005=EDGE_CURVE('',#3174,#3171,#1829,.T.);
#4006=EDGE_CURVE('',#3172,#3175,#323,.T.);
#4007=EDGE_CURVE('',#3176,#3175,#1830,.T.);
#4008=EDGE_CURVE('',#3173,#3176,#324,.T.);
#4009=EDGE_CURVE('',#3175,#3177,#1831,.T.);
#4010=EDGE_CURVE('',#3178,#3177,#1832,.T.);
#4011=EDGE_CURVE('',#3176,#3178,#1833,.T.);
#4012=EDGE_CURVE('',#3179,#3180,#325,.T.);
#4013=EDGE_CURVE('',#3181,#3180,#1834,.T.);
#4014=EDGE_CURVE('',#3182,#3181,#326,.T.);
#4015=EDGE_CURVE('',#3182,#3179,#1835,.T.);
#4016=EDGE_CURVE('',#3180,#3183,#327,.T.);
#4017=EDGE_CURVE('',#3184,#3183,#1836,.T.);
#4018=EDGE_CURVE('',#3181,#3184,#328,.T.);
#4019=EDGE_CURVE('',#3183,#3185,#1837,.T.);
#4020=EDGE_CURVE('',#3186,#3185,#1838,.T.);
#4021=EDGE_CURVE('',#3184,#3186,#1839,.T.);
#4022=EDGE_CURVE('',#3185,#3187,#1840,.T.);
#4023=EDGE_CURVE('',#3188,#3187,#1841,.T.);
#4024=EDGE_CURVE('',#3186,#3188,#1842,.T.);
#4025=EDGE_CURVE('',#3187,#3189,#1843,.T.);
#4026=EDGE_CURVE('',#3190,#3189,#1844,.T.);
#4027=EDGE_CURVE('',#3188,#3190,#1845,.T.);
#4028=EDGE_CURVE('',#3189,#3191,#1846,.T.);
#4029=EDGE_CURVE('',#3192,#3191,#1847,.T.);
#4030=EDGE_CURVE('',#3190,#3192,#1848,.T.);
#4031=EDGE_CURVE('',#3191,#3193,#1849,.T.);
#4032=EDGE_CURVE('',#3194,#3193,#1850,.T.);
#4033=EDGE_CURVE('',#3192,#3194,#1851,.T.);
#4034=EDGE_CURVE('',#3193,#3179,#329,.T.);
#4035=EDGE_CURVE('',#3194,#3182,#330,.T.);
#4036=EDGE_CURVE('',#3177,#3171,#1852,.T.);
#4037=EDGE_CURVE('',#3178,#3174,#1853,.T.);
#4038=EDGE_CURVE('',#3195,#3196,#1854,.T.);
#4039=EDGE_CURVE('',#3197,#3196,#1855,.T.);
#4040=EDGE_CURVE('',#3198,#3197,#1856,.T.);
#4041=EDGE_CURVE('',#3198,#3195,#1857,.T.);
#4042=EDGE_CURVE('',#3196,#3199,#331,.T.);
#4043=EDGE_CURVE('',#3200,#3199,#1858,.T.);
#4044=EDGE_CURVE('',#3197,#3200,#332,.T.);
#4045=EDGE_CURVE('',#3199,#3201,#1859,.T.);
#4046=EDGE_CURVE('',#3202,#3201,#1860,.T.);
#4047=EDGE_CURVE('',#3200,#3202,#1861,.T.);
#4048=EDGE_CURVE('',#3201,#3203,#1862,.T.);
#4049=EDGE_CURVE('',#3204,#3203,#1863,.T.);
#4050=EDGE_CURVE('',#3202,#3204,#1864,.T.);
#4051=EDGE_CURVE('',#3203,#3205,#1865,.T.);
#4052=EDGE_CURVE('',#3206,#3205,#1866,.T.);
#4053=EDGE_CURVE('',#3204,#3206,#1867,.T.);
#4054=EDGE_CURVE('',#3205,#3207,#1868,.T.);
#4055=EDGE_CURVE('',#3208,#3207,#1869,.T.);
#4056=EDGE_CURVE('',#3206,#3208,#1870,.T.);
#4057=EDGE_CURVE('',#3207,#3209,#1871,.T.);
#4058=EDGE_CURVE('',#3210,#3209,#1872,.T.);
#4059=EDGE_CURVE('',#3208,#3210,#1873,.T.);
#4060=EDGE_CURVE('',#3209,#3211,#1874,.T.);
#4061=EDGE_CURVE('',#3212,#3211,#1875,.T.);
#4062=EDGE_CURVE('',#3210,#3212,#1876,.T.);
#4063=EDGE_CURVE('',#3211,#3213,#1877,.T.);
#4064=EDGE_CURVE('',#3214,#3213,#1878,.T.);
#4065=EDGE_CURVE('',#3212,#3214,#1879,.T.);
#4066=EDGE_CURVE('',#3213,#3215,#1880,.T.);
#4067=EDGE_CURVE('',#3216,#3215,#1881,.T.);
#4068=EDGE_CURVE('',#3214,#3216,#1882,.T.);
#4069=EDGE_CURVE('',#3215,#3217,#1883,.T.);
#4070=EDGE_CURVE('',#3218,#3217,#1884,.T.);
#4071=EDGE_CURVE('',#3216,#3218,#1885,.T.);
#4072=EDGE_CURVE('',#3217,#3195,#1886,.T.);
#4073=EDGE_CURVE('',#3218,#3198,#1887,.T.);
#4074=EDGE_CURVE('',#3219,#3220,#1888,.T.);
#4075=EDGE_CURVE('',#3221,#3220,#1889,.T.);
#4076=EDGE_CURVE('',#3222,#3221,#1890,.T.);
#4077=EDGE_CURVE('',#3222,#3219,#1891,.T.);
#4078=EDGE_CURVE('',#3220,#3223,#333,.T.);
#4079=EDGE_CURVE('',#3224,#3223,#1892,.T.);
#4080=EDGE_CURVE('',#3221,#3224,#334,.T.);
#4081=EDGE_CURVE('',#3223,#3225,#1893,.T.);
#4082=EDGE_CURVE('',#3226,#3225,#1894,.T.);
#4083=EDGE_CURVE('',#3224,#3226,#1895,.T.);
#4084=EDGE_CURVE('',#3225,#3227,#1896,.T.);
#4085=EDGE_CURVE('',#3228,#3227,#1897,.T.);
#4086=EDGE_CURVE('',#3226,#3228,#1898,.T.);
#4087=EDGE_CURVE('',#3227,#3229,#1899,.T.);
#4088=EDGE_CURVE('',#3230,#3229,#1900,.T.);
#4089=EDGE_CURVE('',#3228,#3230,#1901,.T.);
#4090=EDGE_CURVE('',#3229,#3231,#335,.T.);
#4091=EDGE_CURVE('',#3232,#3231,#1902,.T.);
#4092=EDGE_CURVE('',#3230,#3232,#336,.T.);
#4093=EDGE_CURVE('',#3231,#3233,#1903,.T.);
#4094=EDGE_CURVE('',#3234,#3233,#1904,.T.);
#4095=EDGE_CURVE('',#3232,#3234,#1905,.T.);
#4096=EDGE_CURVE('',#3233,#3219,#1906,.T.);
#4097=EDGE_CURVE('',#3234,#3222,#1907,.T.);
#4098=EDGE_CURVE('',#3235,#3236,#337,.T.);
#4099=EDGE_CURVE('',#3237,#3236,#1908,.T.);
#4100=EDGE_CURVE('',#3238,#3237,#338,.T.);
#4101=EDGE_CURVE('',#3238,#3235,#1909,.T.);
#4102=EDGE_CURVE('',#3236,#3239,#339,.T.);
#4103=EDGE_CURVE('',#3240,#3239,#1910,.T.);
#4104=EDGE_CURVE('',#3237,#3240,#340,.T.);
#4105=EDGE_CURVE('',#3239,#3241,#1911,.T.);
#4106=EDGE_CURVE('',#3242,#3241,#1912,.T.);
#4107=EDGE_CURVE('',#3240,#3242,#1913,.T.);
#4108=EDGE_CURVE('',#3241,#3243,#1914,.T.);
#4109=EDGE_CURVE('',#3244,#3243,#1915,.T.);
#4110=EDGE_CURVE('',#3242,#3244,#1916,.T.);
#4111=EDGE_CURVE('',#3243,#3245,#1917,.T.);
#4112=EDGE_CURVE('',#3246,#3245,#1918,.T.);
#4113=EDGE_CURVE('',#3244,#3246,#1919,.T.);
#4114=EDGE_CURVE('',#3247,#3248,#1920,.T.);
#4115=EDGE_CURVE('',#3249,#3248,#1921,.T.);
#4116=EDGE_CURVE('',#3250,#3249,#1922,.T.);
#4117=EDGE_CURVE('',#3250,#3247,#1923,.T.);
#4118=EDGE_CURVE('',#3248,#3251,#1924,.T.);
#4119=EDGE_CURVE('',#3252,#3251,#1925,.T.);
#4120=EDGE_CURVE('',#3249,#3252,#1926,.T.);
#4121=EDGE_CURVE('',#3251,#3247,#1927,.T.);
#4122=EDGE_CURVE('',#3252,#3250,#1928,.T.);
#4123=EDGE_CURVE('',#3245,#3235,#1929,.T.);
#4124=EDGE_CURVE('',#3246,#3238,#1930,.T.);
#4125=EDGE_CURVE('',#3253,#3254,#1931,.T.);
#4126=EDGE_CURVE('',#3255,#3254,#1932,.T.);
#4127=EDGE_CURVE('',#3256,#3255,#1933,.T.);
#4128=EDGE_CURVE('',#3256,#3253,#1934,.T.);
#4129=EDGE_CURVE('',#3254,#3257,#341,.T.);
#4130=EDGE_CURVE('',#3258,#3257,#1935,.T.);
#4131=EDGE_CURVE('',#3255,#3258,#342,.T.);
#4132=EDGE_CURVE('',#3257,#3259,#343,.T.);
#4133=EDGE_CURVE('',#3260,#3259,#1936,.T.);
#4134=EDGE_CURVE('',#3258,#3260,#344,.T.);
#4135=EDGE_CURVE('',#3259,#3261,#345,.T.);
#4136=EDGE_CURVE('',#3262,#3261,#1937,.T.);
#4137=EDGE_CURVE('',#3260,#3262,#346,.T.);
#4138=EDGE_CURVE('',#3261,#3263,#1938,.T.);
#4139=EDGE_CURVE('',#3264,#3263,#1939,.T.);
#4140=EDGE_CURVE('',#3262,#3264,#1940,.T.);
#4141=EDGE_CURVE('',#3263,#3265,#1941,.T.);
#4142=EDGE_CURVE('',#3266,#3265,#1942,.T.);
#4143=EDGE_CURVE('',#3264,#3266,#1943,.T.);
#4144=EDGE_CURVE('',#3265,#3267,#1944,.T.);
#4145=EDGE_CURVE('',#3268,#3267,#1945,.T.);
#4146=EDGE_CURVE('',#3266,#3268,#1946,.T.);
#4147=EDGE_CURVE('',#3267,#3269,#1947,.T.);
#4148=EDGE_CURVE('',#3270,#3269,#1948,.T.);
#4149=EDGE_CURVE('',#3268,#3270,#1949,.T.);
#4150=EDGE_CURVE('',#3271,#3272,#442,.T.);
#4151=EDGE_CURVE('',#3273,#3272,#1950,.T.);
#4152=EDGE_CURVE('',#3274,#3273,#443,.T.);
#4153=EDGE_CURVE('',#3274,#3271,#1951,.T.);
#4154=EDGE_CURVE('',#3272,#3275,#347,.T.);
#4155=EDGE_CURVE('',#3276,#3275,#1952,.T.);
#4156=EDGE_CURVE('',#3273,#3276,#348,.T.);
#4157=EDGE_CURVE('',#3275,#3277,#1953,.T.);
#4158=EDGE_CURVE('',#3278,#3277,#1954,.T.);
#4159=EDGE_CURVE('',#3276,#3278,#1955,.T.);
#4160=EDGE_CURVE('',#3277,#3271,#1956,.T.);
#4161=EDGE_CURVE('',#3278,#3274,#1957,.T.);
#4162=EDGE_CURVE('',#3269,#3253,#349,.T.);
#4163=EDGE_CURVE('',#3270,#3256,#350,.T.);
#4164=EDGE_CURVE('',#3279,#3280,#351,.T.);
#4165=EDGE_CURVE('',#3281,#3280,#1958,.T.);
#4166=EDGE_CURVE('',#3282,#3281,#352,.T.);
#4167=EDGE_CURVE('',#3282,#3279,#1959,.T.);
#4168=EDGE_CURVE('',#3283,#3284,#353,.T.);
#4169=EDGE_CURVE('',#3285,#3284,#1960,.T.);
#4170=EDGE_CURVE('',#3286,#3285,#354,.T.);
#4171=EDGE_CURVE('',#3286,#3283,#1961,.T.);
#4172=EDGE_CURVE('',#3284,#3283,#355,.T.);
#4173=EDGE_CURVE('',#3285,#3286,#356,.T.);
#4174=EDGE_CURVE('',#3280,#3279,#357,.T.);
#4175=EDGE_CURVE('',#3281,#3282,#358,.T.);
#4176=EDGE_CURVE('',#3287,#3288,#359,.T.);
#4177=EDGE_CURVE('',#3289,#3288,#1962,.T.);
#4178=EDGE_CURVE('',#3290,#3289,#360,.T.);
#4179=EDGE_CURVE('',#3290,#3287,#1963,.T.);
#4180=EDGE_CURVE('',#3288,#3291,#361,.T.);
#4181=EDGE_CURVE('',#3292,#3291,#1964,.T.);
#4182=EDGE_CURVE('',#3289,#3292,#362,.T.);
#4183=EDGE_CURVE('',#3291,#3293,#1965,.T.);
#4184=EDGE_CURVE('',#3294,#3293,#1966,.T.);
#4185=EDGE_CURVE('',#3292,#3294,#1967,.T.);
#4186=EDGE_CURVE('',#3293,#3295,#1968,.T.);
#4187=EDGE_CURVE('',#3296,#3295,#1969,.T.);
#4188=EDGE_CURVE('',#3294,#3296,#1970,.T.);
#4189=EDGE_CURVE('',#3295,#3297,#1971,.T.);
#4190=EDGE_CURVE('',#3298,#3297,#1972,.T.);
#4191=EDGE_CURVE('',#3296,#3298,#1973,.T.);
#4192=EDGE_CURVE('',#3299,#3300,#1974,.T.);
#4193=EDGE_CURVE('',#3301,#3300,#1975,.T.);
#4194=EDGE_CURVE('',#3302,#3301,#1976,.T.);
#4195=EDGE_CURVE('',#3302,#3299,#1977,.T.);
#4196=EDGE_CURVE('',#3300,#3303,#363,.T.);
#4197=EDGE_CURVE('',#3304,#3303,#1978,.T.);
#4198=EDGE_CURVE('',#3301,#3304,#364,.T.);
#4199=EDGE_CURVE('',#3303,#3305,#1979,.T.);
#4200=EDGE_CURVE('',#3306,#3305,#1980,.T.);
#4201=EDGE_CURVE('',#3304,#3306,#1981,.T.);
#4202=EDGE_CURVE('',#3305,#3299,#1982,.T.);
#4203=EDGE_CURVE('',#3306,#3302,#1983,.T.);
#4204=EDGE_CURVE('',#3297,#3287,#365,.T.);
#4205=EDGE_CURVE('',#3298,#3290,#366,.T.);
#4206=EDGE_CURVE('',#3307,#3308,#1984,.T.);
#4207=EDGE_CURVE('',#3309,#3308,#1985,.T.);
#4208=EDGE_CURVE('',#3310,#3309,#1986,.T.);
#4209=EDGE_CURVE('',#3310,#3307,#1987,.T.);
#4210=EDGE_CURVE('',#3308,#3311,#367,.T.);
#4211=EDGE_CURVE('',#3312,#3311,#1988,.T.);
#4212=EDGE_CURVE('',#3309,#3312,#368,.T.);
#4213=EDGE_CURVE('',#3311,#3313,#369,.T.);
#4214=EDGE_CURVE('',#3314,#3313,#1989,.T.);
#4215=EDGE_CURVE('',#3312,#3314,#370,.T.);
#4216=EDGE_CURVE('',#3313,#3315,#371,.T.);
#4217=EDGE_CURVE('',#3316,#3315,#1990,.T.);
#4218=EDGE_CURVE('',#3314,#3316,#372,.T.);
#4219=EDGE_CURVE('',#3315,#3317,#1991,.T.);
#4220=EDGE_CURVE('',#3318,#3317,#1992,.T.);
#4221=EDGE_CURVE('',#3316,#3318,#1993,.T.);
#4222=EDGE_CURVE('',#3317,#3319,#1994,.T.);
#4223=EDGE_CURVE('',#3320,#3319,#1995,.T.);
#4224=EDGE_CURVE('',#3318,#3320,#1996,.T.);
#4225=EDGE_CURVE('',#3319,#3321,#1997,.T.);
#4226=EDGE_CURVE('',#3322,#3321,#1998,.T.);
#4227=EDGE_CURVE('',#3320,#3322,#1999,.T.);
#4228=EDGE_CURVE('',#3321,#3323,#2000,.T.);
#4229=EDGE_CURVE('',#3324,#3323,#2001,.T.);
#4230=EDGE_CURVE('',#3322,#3324,#2002,.T.);
#4231=EDGE_CURVE('',#3325,#3326,#373,.T.);
#4232=EDGE_CURVE('',#3327,#3326,#2003,.T.);
#4233=EDGE_CURVE('',#3328,#3327,#374,.T.);
#4234=EDGE_CURVE('',#3328,#3325,#2004,.T.);
#4235=EDGE_CURVE('',#3326,#3329,#375,.T.);
#4236=EDGE_CURVE('',#3330,#3329,#2005,.T.);
#4237=EDGE_CURVE('',#3327,#3330,#376,.T.);
#4238=EDGE_CURVE('',#3329,#3331,#2006,.T.);
#4239=EDGE_CURVE('',#3332,#3331,#2007,.T.);
#4240=EDGE_CURVE('',#3330,#3332,#2008,.T.);
#4241=EDGE_CURVE('',#3331,#3325,#2009,.T.);
#4242=EDGE_CURVE('',#3332,#3328,#2010,.T.);
#4243=EDGE_CURVE('',#3323,#3307,#377,.T.);
#4244=EDGE_CURVE('',#3324,#3310,#378,.T.);
#4245=EDGE_CURVE('',#3333,#3334,#379,.T.);
#4246=EDGE_CURVE('',#3335,#3334,#2011,.T.);
#4247=EDGE_CURVE('',#3336,#3335,#380,.T.);
#4248=EDGE_CURVE('',#3336,#3333,#2012,.T.);
#4249=EDGE_CURVE('',#3334,#3337,#381,.T.);
#4250=EDGE_CURVE('',#3338,#3337,#2013,.T.);
#4251=EDGE_CURVE('',#3335,#3338,#382,.T.);
#4252=EDGE_CURVE('',#3339,#3340,#383,.T.);
#4253=EDGE_CURVE('',#3341,#3340,#2014,.T.);
#4254=EDGE_CURVE('',#3342,#3341,#384,.T.);
#4255=EDGE_CURVE('',#3342,#3339,#2015,.T.);
#4256=EDGE_CURVE('',#3340,#3343,#385,.T.);
#4257=EDGE_CURVE('',#3344,#3343,#2016,.T.);
#4258=EDGE_CURVE('',#3341,#3344,#386,.T.);
#4259=EDGE_CURVE('',#3343,#3339,#387,.T.);
#4260=EDGE_CURVE('',#3344,#3342,#388,.T.);
#4261=EDGE_CURVE('',#3337,#3333,#389,.T.);
#4262=EDGE_CURVE('',#3338,#3336,#390,.T.);
#4263=EDGE_CURVE('',#3345,#3346,#391,.T.);
#4264=EDGE_CURVE('',#3347,#3346,#2017,.T.);
#4265=EDGE_CURVE('',#3348,#3347,#392,.T.);
#4266=EDGE_CURVE('',#3348,#3345,#2018,.T.);
#4267=EDGE_CURVE('',#3346,#3349,#393,.T.);
#4268=EDGE_CURVE('',#3350,#3349,#2019,.T.);
#4269=EDGE_CURVE('',#3347,#3350,#394,.T.);
#4270=EDGE_CURVE('',#3349,#3351,#2020,.T.);
#4271=EDGE_CURVE('',#3352,#3351,#2021,.T.);
#4272=EDGE_CURVE('',#3350,#3352,#2022,.T.);
#4273=EDGE_CURVE('',#3351,#3353,#2023,.T.);
#4274=EDGE_CURVE('',#3354,#3353,#2024,.T.);
#4275=EDGE_CURVE('',#3352,#3354,#2025,.T.);
#4276=EDGE_CURVE('',#3353,#3355,#2026,.T.);
#4277=EDGE_CURVE('',#3356,#3355,#2027,.T.);
#4278=EDGE_CURVE('',#3354,#3356,#2028,.T.);
#4279=EDGE_CURVE('',#3355,#3357,#2029,.T.);
#4280=EDGE_CURVE('',#3358,#3357,#2030,.T.);
#4281=EDGE_CURVE('',#3356,#3358,#2031,.T.);
#4282=EDGE_CURVE('',#3357,#3359,#2032,.T.);
#4283=EDGE_CURVE('',#3360,#3359,#2033,.T.);
#4284=EDGE_CURVE('',#3358,#3360,#2034,.T.);
#4285=EDGE_CURVE('',#3359,#3361,#2035,.T.);
#4286=EDGE_CURVE('',#3362,#3361,#2036,.T.);
#4287=EDGE_CURVE('',#3360,#3362,#2037,.T.);
#4288=EDGE_CURVE('',#3361,#3363,#2038,.T.);
#4289=EDGE_CURVE('',#3364,#3363,#2039,.T.);
#4290=EDGE_CURVE('',#3362,#3364,#2040,.T.);
#4291=EDGE_CURVE('',#3363,#3365,#2041,.T.);
#4292=EDGE_CURVE('',#3366,#3365,#2042,.T.);
#4293=EDGE_CURVE('',#3364,#3366,#2043,.T.);
#4294=EDGE_CURVE('',#3365,#3345,#395,.T.);
#4295=EDGE_CURVE('',#3366,#3348,#396,.T.);
#4296=EDGE_CURVE('',#3367,#3368,#2044,.T.);
#4297=EDGE_CURVE('',#3369,#3368,#2045,.T.);
#4298=EDGE_CURVE('',#3370,#3369,#2046,.T.);
#4299=EDGE_CURVE('',#3370,#3367,#2047,.T.);
#4300=EDGE_CURVE('',#3368,#3371,#2048,.T.);
#4301=EDGE_CURVE('',#3372,#3371,#2049,.T.);
#4302=EDGE_CURVE('',#3369,#3372,#2050,.T.);
#4303=EDGE_CURVE('',#3371,#3373,#2051,.T.);
#4304=EDGE_CURVE('',#3374,#3373,#2052,.T.);
#4305=EDGE_CURVE('',#3372,#3374,#2053,.T.);
#4306=EDGE_CURVE('',#3373,#3367,#2054,.T.);
#4307=EDGE_CURVE('',#3374,#3370,#2055,.T.);
#4308=EDGE_CURVE('',#3375,#3376,#2056,.T.);
#4309=EDGE_CURVE('',#3377,#3376,#2057,.T.);
#4310=EDGE_CURVE('',#3378,#3377,#2058,.T.);
#4311=EDGE_CURVE('',#3378,#3375,#2059,.T.);
#4312=EDGE_CURVE('',#3376,#3379,#397,.T.);
#4313=EDGE_CURVE('',#3380,#3379,#2060,.T.);
#4314=EDGE_CURVE('',#3377,#3380,#398,.T.);
#4315=EDGE_CURVE('',#3379,#3381,#399,.T.);
#4316=EDGE_CURVE('',#3382,#3381,#2061,.T.);
#4317=EDGE_CURVE('',#3380,#3382,#400,.T.);
#4318=EDGE_CURVE('',#3381,#3383,#401,.T.);
#4319=EDGE_CURVE('',#3384,#3383,#2062,.T.);
#4320=EDGE_CURVE('',#3382,#3384,#402,.T.);
#4321=EDGE_CURVE('',#3383,#3385,#403,.T.);
#4322=EDGE_CURVE('',#3386,#3385,#2063,.T.);
#4323=EDGE_CURVE('',#3384,#3386,#404,.T.);
#4324=EDGE_CURVE('',#3385,#3387,#444,.T.);
#4325=EDGE_CURVE('',#3388,#3387,#2064,.T.);
#4326=EDGE_CURVE('',#3386,#3388,#445,.T.);
#4327=EDGE_CURVE('',#3387,#3375,#405,.T.);
#4328=EDGE_CURVE('',#3388,#3378,#406,.T.);
#4329=ORIENTED_EDGE('',*,*,#3389,.F.);
#4330=ORIENTED_EDGE('',*,*,#3390,.T.);
#4331=ORIENTED_EDGE('',*,*,#3391,.T.);
#4332=ORIENTED_EDGE('',*,*,#3390,.F.);
#4333=ORIENTED_EDGE('',*,*,#3392,.F.);
#4334=ORIENTED_EDGE('',*,*,#3393,.T.);
#4335=ORIENTED_EDGE('',*,*,#3394,.T.);
#4336=ORIENTED_EDGE('',*,*,#3395,.T.);
#4337=ORIENTED_EDGE('',*,*,#3396,.F.);
#4338=ORIENTED_EDGE('',*,*,#3397,.T.);
#4339=ORIENTED_EDGE('',*,*,#3398,.T.);
#4340=ORIENTED_EDGE('',*,*,#3399,.T.);
#4341=ORIENTED_EDGE('',*,*,#3392,.T.);
#4342=ORIENTED_EDGE('',*,*,#3400,.T.);
#4343=ORIENTED_EDGE('',*,*,#3401,.F.);
#4344=ORIENTED_EDGE('',*,*,#3402,.F.);
#4345=ORIENTED_EDGE('',*,*,#3403,.F.);
#4346=ORIENTED_EDGE('',*,*,#3404,.T.);
#4347=ORIENTED_EDGE('',*,*,#3405,.T.);
#4348=ORIENTED_EDGE('',*,*,#3406,.F.);
#4349=ORIENTED_EDGE('',*,*,#3407,.T.);
#4350=ORIENTED_EDGE('',*,*,#3408,.T.);
#4351=ORIENTED_EDGE('',*,*,#3409,.F.);
#4352=ORIENTED_EDGE('',*,*,#3410,.T.);
#4353=ORIENTED_EDGE('',*,*,#3411,.T.);
#4354=ORIENTED_EDGE('',*,*,#3412,.T.);
#4355=ORIENTED_EDGE('',*,*,#3413,.T.);
#4356=ORIENTED_EDGE('',*,*,#3414,.T.);
#4357=ORIENTED_EDGE('',*,*,#3415,.T.);
#4358=ORIENTED_EDGE('',*,*,#3416,.F.);
#4359=ORIENTED_EDGE('',*,*,#3417,.T.);
#4360=ORIENTED_EDGE('',*,*,#3418,.T.);
#4361=ORIENTED_EDGE('',*,*,#3409,.T.);
#4362=ORIENTED_EDGE('',*,*,#3419,.T.);
#4363=ORIENTED_EDGE('',*,*,#3420,.F.);
#4364=ORIENTED_EDGE('',*,*,#3421,.T.);
#4365=ORIENTED_EDGE('',*,*,#3422,.T.);
#4366=ORIENTED_EDGE('',*,*,#3407,.F.);
#4367=ORIENTED_EDGE('',*,*,#3423,.F.);
#4368=ORIENTED_EDGE('',*,*,#3398,.F.);
#4369=ORIENTED_EDGE('',*,*,#3424,.T.);
#4370=ORIENTED_EDGE('',*,*,#3425,.T.);
#4371=ORIENTED_EDGE('',*,*,#3426,.T.);
#4372=ORIENTED_EDGE('',*,*,#3427,.T.);
#4373=ORIENTED_EDGE('',*,*,#3428,.T.);
#4374=ORIENTED_EDGE('',*,*,#3429,.T.);
#4375=ORIENTED_EDGE('',*,*,#3430,.T.);
#4376=ORIENTED_EDGE('',*,*,#3431,.T.);
#4377=ORIENTED_EDGE('',*,*,#3391,.F.);
#4378=ORIENTED_EDGE('',*,*,#3432,.T.);
#4379=ORIENTED_EDGE('',*,*,#3433,.T.);
#4380=ORIENTED_EDGE('',*,*,#3396,.T.);
#4381=ORIENTED_EDGE('',*,*,#3434,.T.);
#4382=ORIENTED_EDGE('',*,*,#3435,.T.);
#4383=ORIENTED_EDGE('',*,*,#3413,.F.);
#4384=ORIENTED_EDGE('',*,*,#3436,.T.);
#4385=ORIENTED_EDGE('',*,*,#3437,.T.);
#4386=ORIENTED_EDGE('',*,*,#3416,.T.);
#4387=ORIENTED_EDGE('',*,*,#3438,.T.);
#4388=ORIENTED_EDGE('',*,*,#3439,.T.);
#4389=ORIENTED_EDGE('',*,*,#3440,.T.);
#4390=ORIENTED_EDGE('',*,*,#3441,.T.);
#4391=ORIENTED_EDGE('',*,*,#3442,.T.);
#4392=ORIENTED_EDGE('',*,*,#3421,.F.);
#4393=ORIENTED_EDGE('',*,*,#3443,.F.);
#4394=ORIENTED_EDGE('',*,*,#3394,.F.);
#4395=ORIENTED_EDGE('',*,*,#3444,.T.);
#4396=ORIENTED_EDGE('',*,*,#3445,.T.);
#4397=ORIENTED_EDGE('',*,*,#3446,.T.);
#4398=ORIENTED_EDGE('',*,*,#3426,.F.);
#4399=ORIENTED_EDGE('',*,*,#3447,.T.);
#4400=ORIENTED_EDGE('',*,*,#3448,.T.);
#4401=ORIENTED_EDGE('',*,*,#3449,.T.);
#4402=ORIENTED_EDGE('',*,*,#3450,.T.);
#4403=ORIENTED_EDGE('',*,*,#3451,.T.);
#4404=ORIENTED_EDGE('',*,*,#3452,.F.);
#4405=ORIENTED_EDGE('',*,*,#3453,.T.);
#4406=ORIENTED_EDGE('',*,*,#3454,.T.);
#4407=ORIENTED_EDGE('',*,*,#3420,.T.);
#4408=ORIENTED_EDGE('',*,*,#3455,.T.);
#4409=ORIENTED_EDGE('',*,*,#3456,.T.);
#4410=ORIENTED_EDGE('',*,*,#3457,.T.);
#4411=ORIENTED_EDGE('',*,*,#3458,.T.);
#4412=ORIENTED_EDGE('',*,*,#3400,.F.);
#4413=ORIENTED_EDGE('',*,*,#3395,.F.);
#4414=ORIENTED_EDGE('',*,*,#3459,.T.);
#4415=ORIENTED_EDGE('',*,*,#3460,.T.);
#4416=ORIENTED_EDGE('',*,*,#3401,.T.);
#4417=ORIENTED_EDGE('',*,*,#3460,.F.);
#4418=ORIENTED_EDGE('',*,*,#3461,.F.);
#4419=ORIENTED_EDGE('',*,*,#3462,.T.);
#4420=ORIENTED_EDGE('',*,*,#3402,.T.);
#4421=ORIENTED_EDGE('',*,*,#3462,.F.);
#4422=ORIENTED_EDGE('',*,*,#3463,.F.);
#4423=ORIENTED_EDGE('',*,*,#3464,.T.);
#4424=ORIENTED_EDGE('',*,*,#3403,.T.);
#4425=ORIENTED_EDGE('',*,*,#3464,.F.);
#4426=ORIENTED_EDGE('',*,*,#3465,.F.);
#4427=ORIENTED_EDGE('',*,*,#3466,.T.);
#4428=ORIENTED_EDGE('',*,*,#3404,.F.);
#4429=ORIENTED_EDGE('',*,*,#3466,.F.);
#4430=ORIENTED_EDGE('',*,*,#3467,.T.);
#4431=ORIENTED_EDGE('',*,*,#3468,.T.);
#4432=ORIENTED_EDGE('',*,*,#3405,.F.);
#4433=ORIENTED_EDGE('',*,*,#3468,.F.);
#4434=ORIENTED_EDGE('',*,*,#3469,.T.);
#4435=ORIENTED_EDGE('',*,*,#3470,.T.);
#4436=ORIENTED_EDGE('',*,*,#3406,.T.);
#4437=ORIENTED_EDGE('',*,*,#3470,.F.);
#4438=ORIENTED_EDGE('',*,*,#3471,.F.);
#4439=ORIENTED_EDGE('',*,*,#3423,.T.);
#4440=ORIENTED_EDGE('',*,*,#3459,.F.);
#4441=ORIENTED_EDGE('',*,*,#3443,.T.);
#4442=ORIENTED_EDGE('',*,*,#3471,.T.);
#4443=ORIENTED_EDGE('',*,*,#3469,.F.);
#4444=ORIENTED_EDGE('',*,*,#3467,.F.);
#4445=ORIENTED_EDGE('',*,*,#3465,.T.);
#4446=ORIENTED_EDGE('',*,*,#3463,.T.);
#4447=ORIENTED_EDGE('',*,*,#3461,.T.);
#4448=ORIENTED_EDGE('',*,*,#3397,.F.);
#4449=ORIENTED_EDGE('',*,*,#3433,.F.);
#4450=ORIENTED_EDGE('',*,*,#3472,.F.);
#4451=ORIENTED_EDGE('',*,*,#3424,.F.);
#4452=ORIENTED_EDGE('',*,*,#3427,.F.);
#4453=ORIENTED_EDGE('',*,*,#3452,.T.);
#4454=ORIENTED_EDGE('',*,*,#3473,.F.);
#4455=ORIENTED_EDGE('',*,*,#3444,.F.);
#4456=ORIENTED_EDGE('',*,*,#3393,.F.);
#4457=ORIENTED_EDGE('',*,*,#3399,.F.);
#4458=ORIENTED_EDGE('',*,*,#3422,.F.);
#4459=ORIENTED_EDGE('',*,*,#3442,.F.);
#4460=ORIENTED_EDGE('',*,*,#3474,.F.);
#4461=ORIENTED_EDGE('',*,*,#3455,.F.);
#4462=ORIENTED_EDGE('',*,*,#3419,.F.);
#4463=ORIENTED_EDGE('',*,*,#3408,.F.);
#4464=ORIENTED_EDGE('',*,*,#3410,.F.);
#4465=ORIENTED_EDGE('',*,*,#3418,.F.);
#4466=ORIENTED_EDGE('',*,*,#3475,.F.);
#4467=ORIENTED_EDGE('',*,*,#3434,.F.);
#4468=ORIENTED_EDGE('',*,*,#3432,.F.);
#4469=ORIENTED_EDGE('',*,*,#3412,.F.);
#4470=ORIENTED_EDGE('',*,*,#3476,.F.);
#4471=ORIENTED_EDGE('',*,*,#3447,.F.);
#4472=ORIENTED_EDGE('',*,*,#3425,.F.);
#4473=ORIENTED_EDGE('',*,*,#3472,.T.);
#4474=ORIENTED_EDGE('',*,*,#3473,.T.);
#4475=ORIENTED_EDGE('',*,*,#3451,.F.);
#4476=ORIENTED_EDGE('',*,*,#3477,.F.);
#4477=ORIENTED_EDGE('',*,*,#3445,.F.);
#4478=ORIENTED_EDGE('',*,*,#3478,.F.);
#4479=ORIENTED_EDGE('',*,*,#3446,.F.);
#4480=ORIENTED_EDGE('',*,*,#3479,.F.);
#4481=ORIENTED_EDGE('',*,*,#3431,.F.);
#4482=ORIENTED_EDGE('',*,*,#3474,.T.);
#4483=ORIENTED_EDGE('',*,*,#3441,.F.);
#4484=ORIENTED_EDGE('',*,*,#3480,.F.);
#4485=ORIENTED_EDGE('',*,*,#3456,.F.);
#4486=ORIENTED_EDGE('',*,*,#3417,.F.);
#4487=ORIENTED_EDGE('',*,*,#3454,.F.);
#4488=ORIENTED_EDGE('',*,*,#3481,.F.);
#4489=ORIENTED_EDGE('',*,*,#3414,.F.);
#4490=ORIENTED_EDGE('',*,*,#3435,.F.);
#4491=ORIENTED_EDGE('',*,*,#3475,.T.);
#4492=ORIENTED_EDGE('',*,*,#3411,.F.);
#4493=ORIENTED_EDGE('',*,*,#3437,.F.);
#4494=ORIENTED_EDGE('',*,*,#3482,.F.);
#4495=ORIENTED_EDGE('',*,*,#3448,.F.);
#4496=ORIENTED_EDGE('',*,*,#3476,.T.);
#4497=ORIENTED_EDGE('',*,*,#3479,.T.);
#4498=ORIENTED_EDGE('',*,*,#3477,.T.);
#4499=ORIENTED_EDGE('',*,*,#3483,.F.);
#4500=ORIENTED_EDGE('',*,*,#3480,.T.);
#4501=ORIENTED_EDGE('',*,*,#3478,.T.);
#4502=ORIENTED_EDGE('',*,*,#3484,.F.);
#4503=ORIENTED_EDGE('',*,*,#3481,.T.);
#4504=ORIENTED_EDGE('',*,*,#3453,.F.);
#4505=ORIENTED_EDGE('',*,*,#3485,.F.);
#4506=ORIENTED_EDGE('',*,*,#3438,.F.);
#4507=ORIENTED_EDGE('',*,*,#3415,.F.);
#4508=ORIENTED_EDGE('',*,*,#3482,.T.);
#4509=ORIENTED_EDGE('',*,*,#3436,.F.);
#4510=ORIENTED_EDGE('',*,*,#3486,.F.);
#4511=ORIENTED_EDGE('',*,*,#3449,.F.);
#4512=ORIENTED_EDGE('',*,*,#3483,.T.);
#4513=ORIENTED_EDGE('',*,*,#3450,.F.);
#4514=ORIENTED_EDGE('',*,*,#3487,.F.);
#4515=ORIENTED_EDGE('',*,*,#3428,.F.);
#4516=ORIENTED_EDGE('',*,*,#3484,.T.);
#4517=ORIENTED_EDGE('',*,*,#3430,.F.);
#4518=ORIENTED_EDGE('',*,*,#3488,.F.);
#4519=ORIENTED_EDGE('',*,*,#3457,.F.);
#4520=ORIENTED_EDGE('',*,*,#3485,.T.);
#4521=ORIENTED_EDGE('',*,*,#3458,.F.);
#4522=ORIENTED_EDGE('',*,*,#3489,.F.);
#4523=ORIENTED_EDGE('',*,*,#3439,.F.);
#4524=ORIENTED_EDGE('',*,*,#3487,.T.);
#4525=ORIENTED_EDGE('',*,*,#3486,.T.);
#4526=ORIENTED_EDGE('',*,*,#3490,.F.);
#4527=ORIENTED_EDGE('',*,*,#3489,.T.);
#4528=ORIENTED_EDGE('',*,*,#3488,.T.);
#4529=ORIENTED_EDGE('',*,*,#3491,.F.);
#4530=ORIENTED_EDGE('',*,*,#3490,.T.);
#4531=ORIENTED_EDGE('',*,*,#3440,.F.);
#4532=ORIENTED_EDGE('',*,*,#3491,.T.);
#4533=ORIENTED_EDGE('',*,*,#3429,.F.);
#4534=ORIENTED_EDGE('',*,*,#3389,.T.);
#4535=ORIENTED_EDGE('',*,*,#3492,.F.);
#4536=ORIENTED_EDGE('',*,*,#3493,.T.);
#4537=ORIENTED_EDGE('',*,*,#3494,.T.);
#4538=ORIENTED_EDGE('',*,*,#3493,.F.);
#4539=ORIENTED_EDGE('',*,*,#3494,.F.);
#4540=ORIENTED_EDGE('',*,*,#3492,.T.);
#4541=ORIENTED_EDGE('',*,*,#3495,.F.);
#4542=ORIENTED_EDGE('',*,*,#3496,.T.);
#4543=ORIENTED_EDGE('',*,*,#3497,.T.);
#4544=ORIENTED_EDGE('',*,*,#3498,.F.);
#4545=ORIENTED_EDGE('',*,*,#3499,.F.);
#4546=ORIENTED_EDGE('',*,*,#3500,.F.);
#4547=ORIENTED_EDGE('',*,*,#3501,.T.);
#4548=ORIENTED_EDGE('',*,*,#3502,.T.);
#4549=ORIENTED_EDGE('',*,*,#3503,.F.);
#4550=ORIENTED_EDGE('',*,*,#3504,.F.);
#4551=ORIENTED_EDGE('',*,*,#3505,.T.);
#4552=ORIENTED_EDGE('',*,*,#3500,.T.);
#4553=ORIENTED_EDGE('',*,*,#3506,.F.);
#4554=ORIENTED_EDGE('',*,*,#3507,.F.);
#4555=ORIENTED_EDGE('',*,*,#3508,.T.);
#4556=ORIENTED_EDGE('',*,*,#3504,.T.);
#4557=ORIENTED_EDGE('',*,*,#3509,.F.);
#4558=ORIENTED_EDGE('',*,*,#3510,.F.);
#4559=ORIENTED_EDGE('',*,*,#3511,.T.);
#4560=ORIENTED_EDGE('',*,*,#3507,.T.);
#4561=ORIENTED_EDGE('',*,*,#3512,.F.);
#4562=ORIENTED_EDGE('',*,*,#3513,.F.);
#4563=ORIENTED_EDGE('',*,*,#3514,.T.);
#4564=ORIENTED_EDGE('',*,*,#3510,.T.);
#4565=ORIENTED_EDGE('',*,*,#3515,.F.);
#4566=ORIENTED_EDGE('',*,*,#3516,.T.);
#4567=ORIENTED_EDGE('',*,*,#3517,.T.);
#4568=ORIENTED_EDGE('',*,*,#3513,.T.);
#4569=ORIENTED_EDGE('',*,*,#3518,.F.);
#4570=ORIENTED_EDGE('',*,*,#3519,.T.);
#4571=ORIENTED_EDGE('',*,*,#3520,.T.);
#4572=ORIENTED_EDGE('',*,*,#3516,.F.);
#4573=ORIENTED_EDGE('',*,*,#3521,.T.);
#4574=ORIENTED_EDGE('',*,*,#3519,.F.);
#4575=ORIENTED_EDGE('',*,*,#3522,.F.);
#4576=ORIENTED_EDGE('',*,*,#3523,.F.);
#4577=ORIENTED_EDGE('',*,*,#3524,.F.);
#4578=ORIENTED_EDGE('',*,*,#3525,.F.);
#4579=ORIENTED_EDGE('',*,*,#3526,.T.);
#4580=ORIENTED_EDGE('',*,*,#3523,.T.);
#4581=ORIENTED_EDGE('',*,*,#3527,.F.);
#4582=ORIENTED_EDGE('',*,*,#3528,.F.);
#4583=ORIENTED_EDGE('',*,*,#3529,.T.);
#4584=ORIENTED_EDGE('',*,*,#3525,.T.);
#4585=ORIENTED_EDGE('',*,*,#3530,.F.);
#4586=ORIENTED_EDGE('',*,*,#3531,.F.);
#4587=ORIENTED_EDGE('',*,*,#3532,.T.);
#4588=ORIENTED_EDGE('',*,*,#3528,.T.);
#4589=ORIENTED_EDGE('',*,*,#3533,.F.);
#4590=ORIENTED_EDGE('',*,*,#3502,.F.);
#4591=ORIENTED_EDGE('',*,*,#3534,.T.);
#4592=ORIENTED_EDGE('',*,*,#3531,.T.);
#4593=ORIENTED_EDGE('',*,*,#3517,.F.);
#4594=ORIENTED_EDGE('',*,*,#3520,.F.);
#4595=ORIENTED_EDGE('',*,*,#3521,.F.);
#4596=ORIENTED_EDGE('',*,*,#3526,.F.);
#4597=ORIENTED_EDGE('',*,*,#3529,.F.);
#4598=ORIENTED_EDGE('',*,*,#3532,.F.);
#4599=ORIENTED_EDGE('',*,*,#3534,.F.);
#4600=ORIENTED_EDGE('',*,*,#3501,.F.);
#4601=ORIENTED_EDGE('',*,*,#3505,.F.);
#4602=ORIENTED_EDGE('',*,*,#3508,.F.);
#4603=ORIENTED_EDGE('',*,*,#3511,.F.);
#4604=ORIENTED_EDGE('',*,*,#3514,.F.);
#4605=ORIENTED_EDGE('',*,*,#3495,.T.);
#4606=ORIENTED_EDGE('',*,*,#3535,.T.);
#4607=ORIENTED_EDGE('',*,*,#3536,.T.);
#4608=ORIENTED_EDGE('',*,*,#3537,.T.);
#4609=ORIENTED_EDGE('',*,*,#3522,.T.);
#4610=ORIENTED_EDGE('',*,*,#3518,.T.);
#4611=ORIENTED_EDGE('',*,*,#3515,.T.);
#4612=ORIENTED_EDGE('',*,*,#3512,.T.);
#4613=ORIENTED_EDGE('',*,*,#3509,.T.);
#4614=ORIENTED_EDGE('',*,*,#3506,.T.);
#4615=ORIENTED_EDGE('',*,*,#3503,.T.);
#4616=ORIENTED_EDGE('',*,*,#3499,.T.);
#4617=ORIENTED_EDGE('',*,*,#3533,.T.);
#4618=ORIENTED_EDGE('',*,*,#3530,.T.);
#4619=ORIENTED_EDGE('',*,*,#3527,.T.);
#4620=ORIENTED_EDGE('',*,*,#3524,.T.);
#4621=ORIENTED_EDGE('',*,*,#3538,.F.);
#4622=ORIENTED_EDGE('',*,*,#3497,.F.);
#4623=ORIENTED_EDGE('',*,*,#3539,.F.);
#4624=ORIENTED_EDGE('',*,*,#3540,.F.);
#4625=ORIENTED_EDGE('',*,*,#3539,.T.);
#4626=ORIENTED_EDGE('',*,*,#3496,.F.);
#4627=ORIENTED_EDGE('',*,*,#3537,.F.);
#4628=ORIENTED_EDGE('',*,*,#3541,.T.);
#4629=ORIENTED_EDGE('',*,*,#3540,.T.);
#4630=ORIENTED_EDGE('',*,*,#3541,.F.);
#4631=ORIENTED_EDGE('',*,*,#3536,.F.);
#4632=ORIENTED_EDGE('',*,*,#3542,.T.);
#4633=ORIENTED_EDGE('',*,*,#3538,.T.);
#4634=ORIENTED_EDGE('',*,*,#3542,.F.);
#4635=ORIENTED_EDGE('',*,*,#3535,.F.);
#4636=ORIENTED_EDGE('',*,*,#3498,.T.);
#4637=ORIENTED_EDGE('',*,*,#3543,.F.);
#4638=ORIENTED_EDGE('',*,*,#3544,.T.);
#4639=ORIENTED_EDGE('',*,*,#3545,.F.);
#4640=ORIENTED_EDGE('',*,*,#3546,.F.);
#4641=ORIENTED_EDGE('',*,*,#3547,.T.);
#4642=ORIENTED_EDGE('',*,*,#3548,.F.);
#4643=ORIENTED_EDGE('',*,*,#3546,.T.);
#4644=ORIENTED_EDGE('',*,*,#3549,.T.);
#4645=ORIENTED_EDGE('',*,*,#3550,.T.);
#4646=ORIENTED_EDGE('',*,*,#3551,.T.);
#4647=ORIENTED_EDGE('',*,*,#3552,.F.);
#4648=ORIENTED_EDGE('',*,*,#3553,.F.);
#4649=ORIENTED_EDGE('',*,*,#3554,.F.);
#4650=ORIENTED_EDGE('',*,*,#3555,.F.);
#4651=ORIENTED_EDGE('',*,*,#3556,.F.);
#4652=ORIENTED_EDGE('',*,*,#3544,.F.);
#4653=ORIENTED_EDGE('',*,*,#3556,.T.);
#4654=ORIENTED_EDGE('',*,*,#3557,.F.);
#4655=ORIENTED_EDGE('',*,*,#3549,.F.);
#4656=ORIENTED_EDGE('',*,*,#3545,.T.);
#4657=ORIENTED_EDGE('',*,*,#3555,.T.);
#4658=ORIENTED_EDGE('',*,*,#3558,.F.);
#4659=ORIENTED_EDGE('',*,*,#3550,.F.);
#4660=ORIENTED_EDGE('',*,*,#3557,.T.);
#4661=ORIENTED_EDGE('',*,*,#3554,.T.);
#4662=ORIENTED_EDGE('',*,*,#3559,.F.);
#4663=ORIENTED_EDGE('',*,*,#3551,.F.);
#4664=ORIENTED_EDGE('',*,*,#3558,.T.);
#4665=ORIENTED_EDGE('',*,*,#3553,.T.);
#4666=ORIENTED_EDGE('',*,*,#3560,.F.);
#4667=ORIENTED_EDGE('',*,*,#3547,.F.);
#4668=ORIENTED_EDGE('',*,*,#3559,.T.);
#4669=ORIENTED_EDGE('',*,*,#3543,.T.);
#4670=ORIENTED_EDGE('',*,*,#3548,.T.);
#4671=ORIENTED_EDGE('',*,*,#3560,.T.);
#4672=ORIENTED_EDGE('',*,*,#3552,.T.);
#4673=ORIENTED_EDGE('',*,*,#3561,.F.);
#4674=ORIENTED_EDGE('',*,*,#3562,.T.);
#4675=ORIENTED_EDGE('',*,*,#3563,.T.);
#4676=ORIENTED_EDGE('',*,*,#3564,.F.);
#4677=ORIENTED_EDGE('',*,*,#3565,.T.);
#4678=ORIENTED_EDGE('',*,*,#3564,.T.);
#4679=ORIENTED_EDGE('',*,*,#3566,.F.);
#4680=ORIENTED_EDGE('',*,*,#3567,.F.);
#4681=ORIENTED_EDGE('',*,*,#3568,.F.);
#4682=ORIENTED_EDGE('',*,*,#3567,.T.);
#4683=ORIENTED_EDGE('',*,*,#3569,.T.);
#4684=ORIENTED_EDGE('',*,*,#3570,.F.);
#4685=ORIENTED_EDGE('',*,*,#3571,.F.);
#4686=ORIENTED_EDGE('',*,*,#3572,.T.);
#4687=ORIENTED_EDGE('',*,*,#3573,.T.);
#4688=ORIENTED_EDGE('',*,*,#3562,.F.);
#4689=ORIENTED_EDGE('',*,*,#3574,.F.);
#4690=ORIENTED_EDGE('',*,*,#3575,.F.);
#4691=ORIENTED_EDGE('',*,*,#3570,.T.);
#4692=ORIENTED_EDGE('',*,*,#3576,.T.);
#4693=ORIENTED_EDGE('',*,*,#3577,.F.);
#4694=ORIENTED_EDGE('',*,*,#3578,.T.);
#4695=ORIENTED_EDGE('',*,*,#3579,.F.);
#4696=ORIENTED_EDGE('',*,*,#3580,.F.);
#4697=ORIENTED_EDGE('',*,*,#3581,.T.);
#4698=ORIENTED_EDGE('',*,*,#3582,.T.);
#4699=ORIENTED_EDGE('',*,*,#3583,.F.);
#4700=ORIENTED_EDGE('',*,*,#3584,.F.);
#4701=ORIENTED_EDGE('',*,*,#3585,.T.);
#4702=ORIENTED_EDGE('',*,*,#3586,.F.);
#4703=ORIENTED_EDGE('',*,*,#3587,.T.);
#4704=ORIENTED_EDGE('',*,*,#3588,.T.);
#4705=ORIENTED_EDGE('',*,*,#3583,.T.);
#4706=ORIENTED_EDGE('',*,*,#3589,.T.);
#4707=ORIENTED_EDGE('',*,*,#3590,.F.);
#4708=ORIENTED_EDGE('',*,*,#3591,.F.);
#4709=ORIENTED_EDGE('',*,*,#3590,.T.);
#4710=ORIENTED_EDGE('',*,*,#3592,.F.);
#4711=ORIENTED_EDGE('',*,*,#3593,.F.);
#4712=ORIENTED_EDGE('',*,*,#3594,.T.);
#4713=ORIENTED_EDGE('',*,*,#3595,.F.);
#4714=ORIENTED_EDGE('',*,*,#3596,.F.);
#4715=ORIENTED_EDGE('',*,*,#3597,.F.);
#4716=ORIENTED_EDGE('',*,*,#3598,.T.);
#4717=ORIENTED_EDGE('',*,*,#3599,.F.);
#4718=ORIENTED_EDGE('',*,*,#3600,.F.);
#4719=ORIENTED_EDGE('',*,*,#3595,.T.);
#4720=ORIENTED_EDGE('',*,*,#3601,.T.);
#4721=ORIENTED_EDGE('',*,*,#3602,.F.);
#4722=ORIENTED_EDGE('',*,*,#3603,.T.);
#4723=ORIENTED_EDGE('',*,*,#3604,.F.);
#4724=ORIENTED_EDGE('',*,*,#3605,.F.);
#4725=ORIENTED_EDGE('',*,*,#3606,.F.);
#4726=ORIENTED_EDGE('',*,*,#3604,.T.);
#4727=ORIENTED_EDGE('',*,*,#3607,.T.);
#4728=ORIENTED_EDGE('',*,*,#3572,.F.);
#4729=ORIENTED_EDGE('',*,*,#3600,.T.);
#4730=ORIENTED_EDGE('',*,*,#3608,.T.);
#4731=ORIENTED_EDGE('',*,*,#3580,.T.);
#4732=ORIENTED_EDGE('',*,*,#3609,.T.);
#4733=ORIENTED_EDGE('',*,*,#3610,.T.);
#4734=ORIENTED_EDGE('',*,*,#3586,.T.);
#4735=ORIENTED_EDGE('',*,*,#3611,.F.);
#4736=ORIENTED_EDGE('',*,*,#3596,.T.);
#4737=ORIENTED_EDGE('',*,*,#3594,.F.);
#4738=ORIENTED_EDGE('',*,*,#3612,.T.);
#4739=ORIENTED_EDGE('',*,*,#3588,.F.);
#4740=ORIENTED_EDGE('',*,*,#3613,.F.);
#4741=ORIENTED_EDGE('',*,*,#3614,.F.);
#4742=ORIENTED_EDGE('',*,*,#3578,.F.);
#4743=ORIENTED_EDGE('',*,*,#3615,.F.);
#4744=ORIENTED_EDGE('',*,*,#3601,.F.);
#4745=ORIENTED_EDGE('',*,*,#3614,.T.);
#4746=ORIENTED_EDGE('',*,*,#3616,.F.);
#4747=ORIENTED_EDGE('',*,*,#3609,.F.);
#4748=ORIENTED_EDGE('',*,*,#3579,.T.);
#4749=ORIENTED_EDGE('',*,*,#3613,.T.);
#4750=ORIENTED_EDGE('',*,*,#3587,.F.);
#4751=ORIENTED_EDGE('',*,*,#3610,.F.);
#4752=ORIENTED_EDGE('',*,*,#3616,.T.);
#4753=ORIENTED_EDGE('',*,*,#3566,.T.);
#4754=ORIENTED_EDGE('',*,*,#3563,.F.);
#4755=ORIENTED_EDGE('',*,*,#3573,.F.);
#4756=ORIENTED_EDGE('',*,*,#3607,.F.);
#4757=ORIENTED_EDGE('',*,*,#3603,.F.);
#4758=ORIENTED_EDGE('',*,*,#3617,.F.);
#4759=ORIENTED_EDGE('',*,*,#3576,.F.);
#4760=ORIENTED_EDGE('',*,*,#3569,.F.);
#4761=ORIENTED_EDGE('',*,*,#3577,.T.);
#4762=ORIENTED_EDGE('',*,*,#3617,.T.);
#4763=ORIENTED_EDGE('',*,*,#3602,.T.);
#4764=ORIENTED_EDGE('',*,*,#3615,.T.);
#4765=ORIENTED_EDGE('',*,*,#3618,.T.);
#4766=ORIENTED_EDGE('',*,*,#3592,.T.);
#4767=ORIENTED_EDGE('',*,*,#3589,.F.);
#4768=ORIENTED_EDGE('',*,*,#3582,.F.);
#4769=ORIENTED_EDGE('',*,*,#3612,.F.);
#4770=ORIENTED_EDGE('',*,*,#3593,.T.);
#4771=ORIENTED_EDGE('',*,*,#3618,.F.);
#4772=ORIENTED_EDGE('',*,*,#3581,.F.);
#4773=ORIENTED_EDGE('',*,*,#3584,.T.);
#4774=ORIENTED_EDGE('',*,*,#3591,.T.);
#4775=ORIENTED_EDGE('',*,*,#3598,.F.);
#4776=ORIENTED_EDGE('',*,*,#3619,.F.);
#4777=ORIENTED_EDGE('',*,*,#3619,.T.);
#4778=ORIENTED_EDGE('',*,*,#3597,.T.);
#4779=ORIENTED_EDGE('',*,*,#3611,.T.);
#4780=ORIENTED_EDGE('',*,*,#3585,.F.);
#4781=ORIENTED_EDGE('',*,*,#3568,.T.);
#4782=ORIENTED_EDGE('',*,*,#3575,.T.);
#4783=ORIENTED_EDGE('',*,*,#3620,.T.);
#4784=ORIENTED_EDGE('',*,*,#3605,.T.);
#4785=ORIENTED_EDGE('',*,*,#3606,.T.);
#4786=ORIENTED_EDGE('',*,*,#3571,.T.);
#4787=ORIENTED_EDGE('',*,*,#3561,.T.);
#4788=ORIENTED_EDGE('',*,*,#3565,.F.);
#4789=ORIENTED_EDGE('',*,*,#3574,.T.);
#4790=ORIENTED_EDGE('',*,*,#3608,.F.);
#4791=ORIENTED_EDGE('',*,*,#3599,.T.);
#4792=ORIENTED_EDGE('',*,*,#3620,.F.);
#4793=ORIENTED_EDGE('',*,*,#3621,.T.);
#4794=ORIENTED_EDGE('',*,*,#3622,.T.);
#4795=ORIENTED_EDGE('',*,*,#3623,.F.);
#4796=ORIENTED_EDGE('',*,*,#3624,.F.);
#4797=ORIENTED_EDGE('',*,*,#3623,.T.);
#4798=ORIENTED_EDGE('',*,*,#3625,.F.);
#4799=ORIENTED_EDGE('',*,*,#3626,.F.);
#4800=ORIENTED_EDGE('',*,*,#3627,.T.);
#4801=ORIENTED_EDGE('',*,*,#3626,.T.);
#4802=ORIENTED_EDGE('',*,*,#3628,.T.);
#4803=ORIENTED_EDGE('',*,*,#3629,.F.);
#4804=ORIENTED_EDGE('',*,*,#3630,.F.);
#4805=ORIENTED_EDGE('',*,*,#3631,.T.);
#4806=ORIENTED_EDGE('',*,*,#3632,.T.);
#4807=ORIENTED_EDGE('',*,*,#3621,.F.);
#4808=ORIENTED_EDGE('',*,*,#3633,.F.);
#4809=ORIENTED_EDGE('',*,*,#3634,.F.);
#4810=ORIENTED_EDGE('',*,*,#3635,.T.);
#4811=ORIENTED_EDGE('',*,*,#3636,.F.);
#4812=ORIENTED_EDGE('',*,*,#3637,.F.);
#4813=ORIENTED_EDGE('',*,*,#3638,.F.);
#4814=ORIENTED_EDGE('',*,*,#3639,.F.);
#4815=ORIENTED_EDGE('',*,*,#3629,.T.);
#4816=ORIENTED_EDGE('',*,*,#3640,.T.);
#4817=ORIENTED_EDGE('',*,*,#3641,.F.);
#4818=ORIENTED_EDGE('',*,*,#3642,.T.);
#4819=ORIENTED_EDGE('',*,*,#3643,.F.);
#4820=ORIENTED_EDGE('',*,*,#3644,.T.);
#4821=ORIENTED_EDGE('',*,*,#3645,.T.);
#4822=ORIENTED_EDGE('',*,*,#3646,.T.);
#4823=ORIENTED_EDGE('',*,*,#3647,.T.);
#4824=ORIENTED_EDGE('',*,*,#3648,.F.);
#4825=ORIENTED_EDGE('',*,*,#3649,.F.);
#4826=ORIENTED_EDGE('',*,*,#3648,.T.);
#4827=ORIENTED_EDGE('',*,*,#3650,.T.);
#4828=ORIENTED_EDGE('',*,*,#3651,.F.);
#4829=ORIENTED_EDGE('',*,*,#3652,.T.);
#4830=ORIENTED_EDGE('',*,*,#3651,.T.);
#4831=ORIENTED_EDGE('',*,*,#3653,.F.);
#4832=ORIENTED_EDGE('',*,*,#3654,.F.);
#4833=ORIENTED_EDGE('',*,*,#3655,.T.);
#4834=ORIENTED_EDGE('',*,*,#3656,.F.);
#4835=ORIENTED_EDGE('',*,*,#3657,.F.);
#4836=ORIENTED_EDGE('',*,*,#3658,.F.);
#4837=ORIENTED_EDGE('',*,*,#3659,.F.);
#4838=ORIENTED_EDGE('',*,*,#3660,.T.);
#4839=ORIENTED_EDGE('',*,*,#3661,.F.);
#4840=ORIENTED_EDGE('',*,*,#3662,.F.);
#4841=ORIENTED_EDGE('',*,*,#3663,.F.);
#4842=ORIENTED_EDGE('',*,*,#3664,.F.);
#4843=ORIENTED_EDGE('',*,*,#3656,.T.);
#4844=ORIENTED_EDGE('',*,*,#3665,.T.);
#4845=ORIENTED_EDGE('',*,*,#3661,.T.);
#4846=ORIENTED_EDGE('',*,*,#3666,.T.);
#4847=ORIENTED_EDGE('',*,*,#3631,.F.);
#4848=ORIENTED_EDGE('',*,*,#3667,.F.);
#4849=ORIENTED_EDGE('',*,*,#3668,.F.);
#4850=ORIENTED_EDGE('',*,*,#3657,.T.);
#4851=ORIENTED_EDGE('',*,*,#3664,.T.);
#4852=ORIENTED_EDGE('',*,*,#3669,.T.);
#4853=ORIENTED_EDGE('',*,*,#3637,.T.);
#4854=ORIENTED_EDGE('',*,*,#3670,.T.);
#4855=ORIENTED_EDGE('',*,*,#3671,.T.);
#4856=ORIENTED_EDGE('',*,*,#3643,.T.);
#4857=ORIENTED_EDGE('',*,*,#3655,.F.);
#4858=ORIENTED_EDGE('',*,*,#3672,.T.);
#4859=ORIENTED_EDGE('',*,*,#3645,.F.);
#4860=ORIENTED_EDGE('',*,*,#3673,.F.);
#4861=ORIENTED_EDGE('',*,*,#3674,.F.);
#4862=ORIENTED_EDGE('',*,*,#3635,.F.);
#4863=ORIENTED_EDGE('',*,*,#3675,.F.);
#4864=ORIENTED_EDGE('',*,*,#3665,.F.);
#4865=ORIENTED_EDGE('',*,*,#3674,.T.);
#4866=ORIENTED_EDGE('',*,*,#3676,.F.);
#4867=ORIENTED_EDGE('',*,*,#3670,.F.);
#4868=ORIENTED_EDGE('',*,*,#3636,.T.);
#4869=ORIENTED_EDGE('',*,*,#3673,.T.);
#4870=ORIENTED_EDGE('',*,*,#3644,.F.);
#4871=ORIENTED_EDGE('',*,*,#3671,.F.);
#4872=ORIENTED_EDGE('',*,*,#3676,.T.);
#4873=ORIENTED_EDGE('',*,*,#3625,.T.);
#4874=ORIENTED_EDGE('',*,*,#3622,.F.);
#4875=ORIENTED_EDGE('',*,*,#3632,.F.);
#4876=ORIENTED_EDGE('',*,*,#3666,.F.);
#4877=ORIENTED_EDGE('',*,*,#3660,.F.);
#4878=ORIENTED_EDGE('',*,*,#3677,.F.);
#4879=ORIENTED_EDGE('',*,*,#3640,.F.);
#4880=ORIENTED_EDGE('',*,*,#3628,.F.);
#4881=ORIENTED_EDGE('',*,*,#3634,.T.);
#4882=ORIENTED_EDGE('',*,*,#3677,.T.);
#4883=ORIENTED_EDGE('',*,*,#3659,.T.);
#4884=ORIENTED_EDGE('',*,*,#3675,.T.);
#4885=ORIENTED_EDGE('',*,*,#3678,.T.);
#4886=ORIENTED_EDGE('',*,*,#3653,.T.);
#4887=ORIENTED_EDGE('',*,*,#3650,.F.);
#4888=ORIENTED_EDGE('',*,*,#3647,.F.);
#4889=ORIENTED_EDGE('',*,*,#3672,.F.);
#4890=ORIENTED_EDGE('',*,*,#3654,.T.);
#4891=ORIENTED_EDGE('',*,*,#3678,.F.);
#4892=ORIENTED_EDGE('',*,*,#3646,.F.);
#4893=ORIENTED_EDGE('',*,*,#3630,.T.);
#4894=ORIENTED_EDGE('',*,*,#3639,.T.);
#4895=ORIENTED_EDGE('',*,*,#3679,.T.);
#4896=ORIENTED_EDGE('',*,*,#3662,.T.);
#4897=ORIENTED_EDGE('',*,*,#3667,.T.);
#4898=ORIENTED_EDGE('',*,*,#3633,.T.);
#4899=ORIENTED_EDGE('',*,*,#3624,.T.);
#4900=ORIENTED_EDGE('',*,*,#3627,.F.);
#4901=ORIENTED_EDGE('',*,*,#3638,.T.);
#4902=ORIENTED_EDGE('',*,*,#3669,.F.);
#4903=ORIENTED_EDGE('',*,*,#3663,.T.);
#4904=ORIENTED_EDGE('',*,*,#3679,.F.);
#4905=ORIENTED_EDGE('',*,*,#3641,.T.);
#4906=ORIENTED_EDGE('',*,*,#3649,.T.);
#4907=ORIENTED_EDGE('',*,*,#3652,.F.);
#4908=ORIENTED_EDGE('',*,*,#3680,.F.);
#4909=ORIENTED_EDGE('',*,*,#3680,.T.);
#4910=ORIENTED_EDGE('',*,*,#3658,.T.);
#4911=ORIENTED_EDGE('',*,*,#3668,.T.);
#4912=ORIENTED_EDGE('',*,*,#3642,.F.);
#4913=ORIENTED_EDGE('',*,*,#3681,.T.);
#4914=ORIENTED_EDGE('',*,*,#3682,.T.);
#4915=ORIENTED_EDGE('',*,*,#3683,.T.);
#4916=ORIENTED_EDGE('',*,*,#3684,.F.);
#4917=ORIENTED_EDGE('',*,*,#3685,.F.);
#4918=ORIENTED_EDGE('',*,*,#3686,.F.);
#4919=ORIENTED_EDGE('',*,*,#3683,.F.);
#4920=ORIENTED_EDGE('',*,*,#3687,.F.);
#4921=ORIENTED_EDGE('',*,*,#3688,.F.);
#4922=ORIENTED_EDGE('',*,*,#3689,.T.);
#4923=ORIENTED_EDGE('',*,*,#3684,.T.);
#4924=ORIENTED_EDGE('',*,*,#3686,.T.);
#4925=ORIENTED_EDGE('',*,*,#3682,.F.);
#4926=ORIENTED_EDGE('',*,*,#3690,.T.);
#4927=ORIENTED_EDGE('',*,*,#3691,.T.);
#4928=ORIENTED_EDGE('',*,*,#3687,.T.);
#4929=ORIENTED_EDGE('',*,*,#3691,.F.);
#4930=ORIENTED_EDGE('',*,*,#3692,.T.);
#4931=ORIENTED_EDGE('',*,*,#3688,.T.);
#4932=ORIENTED_EDGE('',*,*,#3685,.T.);
#4933=ORIENTED_EDGE('',*,*,#3690,.F.);
#4934=ORIENTED_EDGE('',*,*,#3681,.F.);
#4935=ORIENTED_EDGE('',*,*,#3689,.F.);
#4936=ORIENTED_EDGE('',*,*,#3692,.F.);
#4937=ORIENTED_EDGE('',*,*,#3693,.T.);
#4938=ORIENTED_EDGE('',*,*,#3694,.F.);
#4939=ORIENTED_EDGE('',*,*,#3695,.F.);
#4940=ORIENTED_EDGE('',*,*,#3696,.T.);
#4941=ORIENTED_EDGE('',*,*,#3697,.T.);
#4942=ORIENTED_EDGE('',*,*,#3698,.F.);
#4943=ORIENTED_EDGE('',*,*,#3699,.F.);
#4944=ORIENTED_EDGE('',*,*,#3694,.T.);
#4945=ORIENTED_EDGE('',*,*,#3700,.T.);
#4946=ORIENTED_EDGE('',*,*,#3701,.F.);
#4947=ORIENTED_EDGE('',*,*,#3702,.F.);
#4948=ORIENTED_EDGE('',*,*,#3698,.T.);
#4949=ORIENTED_EDGE('',*,*,#3703,.T.);
#4950=ORIENTED_EDGE('',*,*,#3704,.F.);
#4951=ORIENTED_EDGE('',*,*,#3705,.F.);
#4952=ORIENTED_EDGE('',*,*,#3701,.T.);
#4953=ORIENTED_EDGE('',*,*,#3706,.T.);
#4954=ORIENTED_EDGE('',*,*,#3707,.F.);
#4955=ORIENTED_EDGE('',*,*,#3708,.F.);
#4956=ORIENTED_EDGE('',*,*,#3704,.T.);
#4957=ORIENTED_EDGE('',*,*,#3709,.T.);
#4958=ORIENTED_EDGE('',*,*,#3710,.F.);
#4959=ORIENTED_EDGE('',*,*,#3711,.F.);
#4960=ORIENTED_EDGE('',*,*,#3707,.T.);
#4961=ORIENTED_EDGE('',*,*,#3712,.T.);
#4962=ORIENTED_EDGE('',*,*,#3713,.F.);
#4963=ORIENTED_EDGE('',*,*,#3714,.F.);
#4964=ORIENTED_EDGE('',*,*,#3710,.T.);
#4965=ORIENTED_EDGE('',*,*,#3715,.T.);
#4966=ORIENTED_EDGE('',*,*,#3716,.F.);
#4967=ORIENTED_EDGE('',*,*,#3717,.F.);
#4968=ORIENTED_EDGE('',*,*,#3713,.T.);
#4969=ORIENTED_EDGE('',*,*,#3718,.T.);
#4970=ORIENTED_EDGE('',*,*,#3719,.F.);
#4971=ORIENTED_EDGE('',*,*,#3720,.F.);
#4972=ORIENTED_EDGE('',*,*,#3716,.T.);
#4973=ORIENTED_EDGE('',*,*,#3721,.T.);
#4974=ORIENTED_EDGE('',*,*,#3722,.F.);
#4975=ORIENTED_EDGE('',*,*,#3723,.F.);
#4976=ORIENTED_EDGE('',*,*,#3719,.T.);
#4977=ORIENTED_EDGE('',*,*,#3724,.T.);
#4978=ORIENTED_EDGE('',*,*,#3725,.F.);
#4979=ORIENTED_EDGE('',*,*,#3726,.F.);
#4980=ORIENTED_EDGE('',*,*,#3722,.T.);
#4981=ORIENTED_EDGE('',*,*,#3727,.T.);
#4982=ORIENTED_EDGE('',*,*,#3728,.F.);
#4983=ORIENTED_EDGE('',*,*,#3729,.F.);
#4984=ORIENTED_EDGE('',*,*,#3725,.T.);
#4985=ORIENTED_EDGE('',*,*,#3730,.T.);
#4986=ORIENTED_EDGE('',*,*,#3731,.F.);
#4987=ORIENTED_EDGE('',*,*,#3732,.F.);
#4988=ORIENTED_EDGE('',*,*,#3728,.T.);
#4989=ORIENTED_EDGE('',*,*,#3733,.T.);
#4990=ORIENTED_EDGE('',*,*,#3734,.F.);
#4991=ORIENTED_EDGE('',*,*,#3735,.F.);
#4992=ORIENTED_EDGE('',*,*,#3731,.T.);
#4993=ORIENTED_EDGE('',*,*,#3736,.T.);
#4994=ORIENTED_EDGE('',*,*,#3737,.F.);
#4995=ORIENTED_EDGE('',*,*,#3738,.F.);
#4996=ORIENTED_EDGE('',*,*,#3734,.T.);
#4997=ORIENTED_EDGE('',*,*,#3739,.T.);
#4998=ORIENTED_EDGE('',*,*,#3740,.F.);
#4999=ORIENTED_EDGE('',*,*,#3741,.F.);
#5000=ORIENTED_EDGE('',*,*,#3737,.T.);
#5001=ORIENTED_EDGE('',*,*,#3742,.T.);
#5002=ORIENTED_EDGE('',*,*,#3743,.F.);
#5003=ORIENTED_EDGE('',*,*,#3744,.F.);
#5004=ORIENTED_EDGE('',*,*,#3740,.T.);
#5005=ORIENTED_EDGE('',*,*,#3745,.T.);
#5006=ORIENTED_EDGE('',*,*,#3746,.F.);
#5007=ORIENTED_EDGE('',*,*,#3747,.F.);
#5008=ORIENTED_EDGE('',*,*,#3743,.T.);
#5009=ORIENTED_EDGE('',*,*,#3748,.T.);
#5010=ORIENTED_EDGE('',*,*,#3749,.F.);
#5011=ORIENTED_EDGE('',*,*,#3750,.F.);
#5012=ORIENTED_EDGE('',*,*,#3746,.T.);
#5013=ORIENTED_EDGE('',*,*,#3751,.T.);
#5014=ORIENTED_EDGE('',*,*,#3752,.F.);
#5015=ORIENTED_EDGE('',*,*,#3753,.F.);
#5016=ORIENTED_EDGE('',*,*,#3749,.T.);
#5017=ORIENTED_EDGE('',*,*,#3754,.T.);
#5018=ORIENTED_EDGE('',*,*,#3755,.F.);
#5019=ORIENTED_EDGE('',*,*,#3756,.F.);
#5020=ORIENTED_EDGE('',*,*,#3752,.T.);
#5021=ORIENTED_EDGE('',*,*,#3757,.T.);
#5022=ORIENTED_EDGE('',*,*,#3758,.F.);
#5023=ORIENTED_EDGE('',*,*,#3759,.F.);
#5024=ORIENTED_EDGE('',*,*,#3755,.T.);
#5025=ORIENTED_EDGE('',*,*,#3760,.T.);
#5026=ORIENTED_EDGE('',*,*,#3761,.F.);
#5027=ORIENTED_EDGE('',*,*,#3762,.F.);
#5028=ORIENTED_EDGE('',*,*,#3758,.T.);
#5029=ORIENTED_EDGE('',*,*,#3763,.T.);
#5030=ORIENTED_EDGE('',*,*,#3764,.F.);
#5031=ORIENTED_EDGE('',*,*,#3765,.F.);
#5032=ORIENTED_EDGE('',*,*,#3761,.T.);
#5033=ORIENTED_EDGE('',*,*,#3766,.T.);
#5034=ORIENTED_EDGE('',*,*,#3767,.F.);
#5035=ORIENTED_EDGE('',*,*,#3768,.F.);
#5036=ORIENTED_EDGE('',*,*,#3764,.T.);
#5037=ORIENTED_EDGE('',*,*,#3769,.T.);
#5038=ORIENTED_EDGE('',*,*,#3770,.F.);
#5039=ORIENTED_EDGE('',*,*,#3771,.F.);
#5040=ORIENTED_EDGE('',*,*,#3767,.T.);
#5041=ORIENTED_EDGE('',*,*,#3772,.T.);
#5042=ORIENTED_EDGE('',*,*,#3773,.F.);
#5043=ORIENTED_EDGE('',*,*,#3774,.F.);
#5044=ORIENTED_EDGE('',*,*,#3770,.T.);
#5045=ORIENTED_EDGE('',*,*,#3775,.T.);
#5046=ORIENTED_EDGE('',*,*,#3696,.F.);
#5047=ORIENTED_EDGE('',*,*,#3776,.F.);
#5048=ORIENTED_EDGE('',*,*,#3773,.T.);
#5049=ORIENTED_EDGE('',*,*,#3695,.T.);
#5050=ORIENTED_EDGE('',*,*,#3699,.T.);
#5051=ORIENTED_EDGE('',*,*,#3702,.T.);
#5052=ORIENTED_EDGE('',*,*,#3705,.T.);
#5053=ORIENTED_EDGE('',*,*,#3708,.T.);
#5054=ORIENTED_EDGE('',*,*,#3711,.T.);
#5055=ORIENTED_EDGE('',*,*,#3714,.T.);
#5056=ORIENTED_EDGE('',*,*,#3717,.T.);
#5057=ORIENTED_EDGE('',*,*,#3720,.T.);
#5058=ORIENTED_EDGE('',*,*,#3723,.T.);
#5059=ORIENTED_EDGE('',*,*,#3726,.T.);
#5060=ORIENTED_EDGE('',*,*,#3729,.T.);
#5061=ORIENTED_EDGE('',*,*,#3732,.T.);
#5062=ORIENTED_EDGE('',*,*,#3735,.T.);
#5063=ORIENTED_EDGE('',*,*,#3738,.T.);
#5064=ORIENTED_EDGE('',*,*,#3741,.T.);
#5065=ORIENTED_EDGE('',*,*,#3744,.T.);
#5066=ORIENTED_EDGE('',*,*,#3747,.T.);
#5067=ORIENTED_EDGE('',*,*,#3750,.T.);
#5068=ORIENTED_EDGE('',*,*,#3753,.T.);
#5069=ORIENTED_EDGE('',*,*,#3756,.T.);
#5070=ORIENTED_EDGE('',*,*,#3759,.T.);
#5071=ORIENTED_EDGE('',*,*,#3762,.T.);
#5072=ORIENTED_EDGE('',*,*,#3765,.T.);
#5073=ORIENTED_EDGE('',*,*,#3768,.T.);
#5074=ORIENTED_EDGE('',*,*,#3771,.T.);
#5075=ORIENTED_EDGE('',*,*,#3774,.T.);
#5076=ORIENTED_EDGE('',*,*,#3776,.T.);
#5077=ORIENTED_EDGE('',*,*,#3693,.F.);
#5078=ORIENTED_EDGE('',*,*,#3775,.F.);
#5079=ORIENTED_EDGE('',*,*,#3772,.F.);
#5080=ORIENTED_EDGE('',*,*,#3769,.F.);
#5081=ORIENTED_EDGE('',*,*,#3766,.F.);
#5082=ORIENTED_EDGE('',*,*,#3763,.F.);
#5083=ORIENTED_EDGE('',*,*,#3760,.F.);
#5084=ORIENTED_EDGE('',*,*,#3757,.F.);
#5085=ORIENTED_EDGE('',*,*,#3754,.F.);
#5086=ORIENTED_EDGE('',*,*,#3751,.F.);
#5087=ORIENTED_EDGE('',*,*,#3748,.F.);
#5088=ORIENTED_EDGE('',*,*,#3745,.F.);
#5089=ORIENTED_EDGE('',*,*,#3742,.F.);
#5090=ORIENTED_EDGE('',*,*,#3739,.F.);
#5091=ORIENTED_EDGE('',*,*,#3736,.F.);
#5092=ORIENTED_EDGE('',*,*,#3733,.F.);
#5093=ORIENTED_EDGE('',*,*,#3730,.F.);
#5094=ORIENTED_EDGE('',*,*,#3727,.F.);
#5095=ORIENTED_EDGE('',*,*,#3724,.F.);
#5096=ORIENTED_EDGE('',*,*,#3721,.F.);
#5097=ORIENTED_EDGE('',*,*,#3718,.F.);
#5098=ORIENTED_EDGE('',*,*,#3715,.F.);
#5099=ORIENTED_EDGE('',*,*,#3712,.F.);
#5100=ORIENTED_EDGE('',*,*,#3709,.F.);
#5101=ORIENTED_EDGE('',*,*,#3706,.F.);
#5102=ORIENTED_EDGE('',*,*,#3703,.F.);
#5103=ORIENTED_EDGE('',*,*,#3700,.F.);
#5104=ORIENTED_EDGE('',*,*,#3697,.F.);
#5105=ORIENTED_EDGE('',*,*,#3777,.T.);
#5106=ORIENTED_EDGE('',*,*,#3778,.F.);
#5107=ORIENTED_EDGE('',*,*,#3779,.F.);
#5108=ORIENTED_EDGE('',*,*,#3780,.T.);
#5109=ORIENTED_EDGE('',*,*,#3781,.T.);
#5110=ORIENTED_EDGE('',*,*,#3782,.F.);
#5111=ORIENTED_EDGE('',*,*,#3783,.F.);
#5112=ORIENTED_EDGE('',*,*,#3778,.T.);
#5113=ORIENTED_EDGE('',*,*,#3784,.T.);
#5114=ORIENTED_EDGE('',*,*,#3785,.F.);
#5115=ORIENTED_EDGE('',*,*,#3786,.F.);
#5116=ORIENTED_EDGE('',*,*,#3782,.T.);
#5117=ORIENTED_EDGE('',*,*,#3787,.T.);
#5118=ORIENTED_EDGE('',*,*,#3788,.F.);
#5119=ORIENTED_EDGE('',*,*,#3789,.F.);
#5120=ORIENTED_EDGE('',*,*,#3785,.T.);
#5121=ORIENTED_EDGE('',*,*,#3790,.T.);
#5122=ORIENTED_EDGE('',*,*,#3791,.F.);
#5123=ORIENTED_EDGE('',*,*,#3792,.F.);
#5124=ORIENTED_EDGE('',*,*,#3788,.T.);
#5125=ORIENTED_EDGE('',*,*,#3793,.T.);
#5126=ORIENTED_EDGE('',*,*,#3794,.F.);
#5127=ORIENTED_EDGE('',*,*,#3795,.F.);
#5128=ORIENTED_EDGE('',*,*,#3791,.T.);
#5129=ORIENTED_EDGE('',*,*,#3796,.T.);
#5130=ORIENTED_EDGE('',*,*,#3797,.F.);
#5131=ORIENTED_EDGE('',*,*,#3798,.F.);
#5132=ORIENTED_EDGE('',*,*,#3794,.T.);
#5133=ORIENTED_EDGE('',*,*,#3799,.T.);
#5134=ORIENTED_EDGE('',*,*,#3800,.F.);
#5135=ORIENTED_EDGE('',*,*,#3801,.F.);
#5136=ORIENTED_EDGE('',*,*,#3797,.T.);
#5137=ORIENTED_EDGE('',*,*,#3802,.T.);
#5138=ORIENTED_EDGE('',*,*,#3803,.F.);
#5139=ORIENTED_EDGE('',*,*,#3804,.F.);
#5140=ORIENTED_EDGE('',*,*,#3800,.T.);
#5141=ORIENTED_EDGE('',*,*,#3805,.T.);
#5142=ORIENTED_EDGE('',*,*,#3806,.F.);
#5143=ORIENTED_EDGE('',*,*,#3807,.F.);
#5144=ORIENTED_EDGE('',*,*,#3803,.T.);
#5145=ORIENTED_EDGE('',*,*,#3808,.T.);
#5146=ORIENTED_EDGE('',*,*,#3809,.F.);
#5147=ORIENTED_EDGE('',*,*,#3810,.F.);
#5148=ORIENTED_EDGE('',*,*,#3806,.T.);
#5149=ORIENTED_EDGE('',*,*,#3811,.T.);
#5150=ORIENTED_EDGE('',*,*,#3812,.F.);
#5151=ORIENTED_EDGE('',*,*,#3813,.F.);
#5152=ORIENTED_EDGE('',*,*,#3809,.T.);
#5153=ORIENTED_EDGE('',*,*,#3814,.T.);
#5154=ORIENTED_EDGE('',*,*,#3815,.F.);
#5155=ORIENTED_EDGE('',*,*,#3816,.F.);
#5156=ORIENTED_EDGE('',*,*,#3812,.T.);
#5157=ORIENTED_EDGE('',*,*,#3817,.T.);
#5158=ORIENTED_EDGE('',*,*,#3818,.F.);
#5159=ORIENTED_EDGE('',*,*,#3819,.F.);
#5160=ORIENTED_EDGE('',*,*,#3815,.T.);
#5161=ORIENTED_EDGE('',*,*,#3820,.T.);
#5162=ORIENTED_EDGE('',*,*,#3821,.F.);
#5163=ORIENTED_EDGE('',*,*,#3822,.F.);
#5164=ORIENTED_EDGE('',*,*,#3818,.T.);
#5165=ORIENTED_EDGE('',*,*,#3823,.T.);
#5166=ORIENTED_EDGE('',*,*,#3824,.F.);
#5167=ORIENTED_EDGE('',*,*,#3825,.F.);
#5168=ORIENTED_EDGE('',*,*,#3821,.T.);
#5169=ORIENTED_EDGE('',*,*,#3826,.T.);
#5170=ORIENTED_EDGE('',*,*,#3827,.F.);
#5171=ORIENTED_EDGE('',*,*,#3828,.F.);
#5172=ORIENTED_EDGE('',*,*,#3824,.T.);
#5173=ORIENTED_EDGE('',*,*,#3829,.T.);
#5174=ORIENTED_EDGE('',*,*,#3830,.F.);
#5175=ORIENTED_EDGE('',*,*,#3831,.F.);
#5176=ORIENTED_EDGE('',*,*,#3827,.T.);
#5177=ORIENTED_EDGE('',*,*,#3832,.T.);
#5178=ORIENTED_EDGE('',*,*,#3833,.F.);
#5179=ORIENTED_EDGE('',*,*,#3834,.F.);
#5180=ORIENTED_EDGE('',*,*,#3830,.T.);
#5181=ORIENTED_EDGE('',*,*,#3835,.T.);
#5182=ORIENTED_EDGE('',*,*,#3836,.F.);
#5183=ORIENTED_EDGE('',*,*,#3837,.F.);
#5184=ORIENTED_EDGE('',*,*,#3833,.T.);
#5185=ORIENTED_EDGE('',*,*,#3838,.T.);
#5186=ORIENTED_EDGE('',*,*,#3839,.F.);
#5187=ORIENTED_EDGE('',*,*,#3840,.F.);
#5188=ORIENTED_EDGE('',*,*,#3836,.T.);
#5189=ORIENTED_EDGE('',*,*,#3841,.T.);
#5190=ORIENTED_EDGE('',*,*,#3780,.F.);
#5191=ORIENTED_EDGE('',*,*,#3842,.F.);
#5192=ORIENTED_EDGE('',*,*,#3839,.T.);
#5193=ORIENTED_EDGE('',*,*,#3779,.T.);
#5194=ORIENTED_EDGE('',*,*,#3783,.T.);
#5195=ORIENTED_EDGE('',*,*,#3786,.T.);
#5196=ORIENTED_EDGE('',*,*,#3789,.T.);
#5197=ORIENTED_EDGE('',*,*,#3792,.T.);
#5198=ORIENTED_EDGE('',*,*,#3795,.T.);
#5199=ORIENTED_EDGE('',*,*,#3798,.T.);
#5200=ORIENTED_EDGE('',*,*,#3801,.T.);
#5201=ORIENTED_EDGE('',*,*,#3804,.T.);
#5202=ORIENTED_EDGE('',*,*,#3807,.T.);
#5203=ORIENTED_EDGE('',*,*,#3810,.T.);
#5204=ORIENTED_EDGE('',*,*,#3813,.T.);
#5205=ORIENTED_EDGE('',*,*,#3816,.T.);
#5206=ORIENTED_EDGE('',*,*,#3819,.T.);
#5207=ORIENTED_EDGE('',*,*,#3822,.T.);
#5208=ORIENTED_EDGE('',*,*,#3825,.T.);
#5209=ORIENTED_EDGE('',*,*,#3828,.T.);
#5210=ORIENTED_EDGE('',*,*,#3831,.T.);
#5211=ORIENTED_EDGE('',*,*,#3834,.T.);
#5212=ORIENTED_EDGE('',*,*,#3837,.T.);
#5213=ORIENTED_EDGE('',*,*,#3840,.T.);
#5214=ORIENTED_EDGE('',*,*,#3842,.T.);
#5215=ORIENTED_EDGE('',*,*,#3777,.F.);
#5216=ORIENTED_EDGE('',*,*,#3841,.F.);
#5217=ORIENTED_EDGE('',*,*,#3838,.F.);
#5218=ORIENTED_EDGE('',*,*,#3835,.F.);
#5219=ORIENTED_EDGE('',*,*,#3832,.F.);
#5220=ORIENTED_EDGE('',*,*,#3829,.F.);
#5221=ORIENTED_EDGE('',*,*,#3826,.F.);
#5222=ORIENTED_EDGE('',*,*,#3823,.F.);
#5223=ORIENTED_EDGE('',*,*,#3820,.F.);
#5224=ORIENTED_EDGE('',*,*,#3817,.F.);
#5225=ORIENTED_EDGE('',*,*,#3814,.F.);
#5226=ORIENTED_EDGE('',*,*,#3811,.F.);
#5227=ORIENTED_EDGE('',*,*,#3808,.F.);
#5228=ORIENTED_EDGE('',*,*,#3805,.F.);
#5229=ORIENTED_EDGE('',*,*,#3802,.F.);
#5230=ORIENTED_EDGE('',*,*,#3799,.F.);
#5231=ORIENTED_EDGE('',*,*,#3796,.F.);
#5232=ORIENTED_EDGE('',*,*,#3793,.F.);
#5233=ORIENTED_EDGE('',*,*,#3790,.F.);
#5234=ORIENTED_EDGE('',*,*,#3787,.F.);
#5235=ORIENTED_EDGE('',*,*,#3784,.F.);
#5236=ORIENTED_EDGE('',*,*,#3781,.F.);
#5237=ORIENTED_EDGE('',*,*,#3843,.F.);
#5238=ORIENTED_EDGE('',*,*,#3844,.F.);
#5239=ORIENTED_EDGE('',*,*,#3845,.T.);
#5240=ORIENTED_EDGE('',*,*,#3846,.T.);
#5241=ORIENTED_EDGE('',*,*,#3847,.T.);
#5242=ORIENTED_EDGE('',*,*,#3848,.F.);
#5243=ORIENTED_EDGE('',*,*,#3849,.F.);
#5244=ORIENTED_EDGE('',*,*,#3844,.T.);
#5245=ORIENTED_EDGE('',*,*,#3850,.T.);
#5246=ORIENTED_EDGE('',*,*,#3851,.F.);
#5247=ORIENTED_EDGE('',*,*,#3852,.F.);
#5248=ORIENTED_EDGE('',*,*,#3848,.T.);
#5249=ORIENTED_EDGE('',*,*,#3853,.T.);
#5250=ORIENTED_EDGE('',*,*,#3854,.F.);
#5251=ORIENTED_EDGE('',*,*,#3855,.F.);
#5252=ORIENTED_EDGE('',*,*,#3851,.T.);
#5253=ORIENTED_EDGE('',*,*,#3856,.T.);
#5254=ORIENTED_EDGE('',*,*,#3857,.F.);
#5255=ORIENTED_EDGE('',*,*,#3858,.F.);
#5256=ORIENTED_EDGE('',*,*,#3854,.T.);
#5257=ORIENTED_EDGE('',*,*,#3859,.F.);
#5258=ORIENTED_EDGE('',*,*,#3860,.F.);
#5259=ORIENTED_EDGE('',*,*,#3861,.T.);
#5260=ORIENTED_EDGE('',*,*,#3857,.T.);
#5261=ORIENTED_EDGE('',*,*,#3862,.T.);
#5262=ORIENTED_EDGE('',*,*,#3863,.F.);
#5263=ORIENTED_EDGE('',*,*,#3864,.F.);
#5264=ORIENTED_EDGE('',*,*,#3865,.T.);
#5265=ORIENTED_EDGE('',*,*,#3866,.T.);
#5266=ORIENTED_EDGE('',*,*,#3867,.F.);
#5267=ORIENTED_EDGE('',*,*,#3868,.F.);
#5268=ORIENTED_EDGE('',*,*,#3863,.T.);
#5269=ORIENTED_EDGE('',*,*,#3869,.T.);
#5270=ORIENTED_EDGE('',*,*,#3870,.F.);
#5271=ORIENTED_EDGE('',*,*,#3871,.F.);
#5272=ORIENTED_EDGE('',*,*,#3867,.T.);
#5273=ORIENTED_EDGE('',*,*,#3872,.T.);
#5274=ORIENTED_EDGE('',*,*,#3873,.F.);
#5275=ORIENTED_EDGE('',*,*,#3874,.F.);
#5276=ORIENTED_EDGE('',*,*,#3870,.T.);
#5277=ORIENTED_EDGE('',*,*,#3875,.T.);
#5278=ORIENTED_EDGE('',*,*,#3876,.F.);
#5279=ORIENTED_EDGE('',*,*,#3877,.F.);
#5280=ORIENTED_EDGE('',*,*,#3873,.T.);
#5281=ORIENTED_EDGE('',*,*,#3878,.T.);
#5282=ORIENTED_EDGE('',*,*,#3879,.F.);
#5283=ORIENTED_EDGE('',*,*,#3880,.F.);
#5284=ORIENTED_EDGE('',*,*,#3876,.T.);
#5285=ORIENTED_EDGE('',*,*,#3881,.T.);
#5286=ORIENTED_EDGE('',*,*,#3882,.F.);
#5287=ORIENTED_EDGE('',*,*,#3883,.F.);
#5288=ORIENTED_EDGE('',*,*,#3879,.T.);
#5289=ORIENTED_EDGE('',*,*,#3884,.T.);
#5290=ORIENTED_EDGE('',*,*,#3885,.F.);
#5291=ORIENTED_EDGE('',*,*,#3886,.F.);
#5292=ORIENTED_EDGE('',*,*,#3882,.T.);
#5293=ORIENTED_EDGE('',*,*,#3887,.T.);
#5294=ORIENTED_EDGE('',*,*,#3888,.F.);
#5295=ORIENTED_EDGE('',*,*,#3889,.F.);
#5296=ORIENTED_EDGE('',*,*,#3885,.T.);
#5297=ORIENTED_EDGE('',*,*,#3890,.T.);
#5298=ORIENTED_EDGE('',*,*,#3891,.F.);
#5299=ORIENTED_EDGE('',*,*,#3892,.F.);
#5300=ORIENTED_EDGE('',*,*,#3888,.T.);
#5301=ORIENTED_EDGE('',*,*,#3893,.T.);
#5302=ORIENTED_EDGE('',*,*,#3894,.F.);
#5303=ORIENTED_EDGE('',*,*,#3895,.F.);
#5304=ORIENTED_EDGE('',*,*,#3891,.T.);
#5305=ORIENTED_EDGE('',*,*,#3896,.T.);
#5306=ORIENTED_EDGE('',*,*,#3897,.F.);
#5307=ORIENTED_EDGE('',*,*,#3898,.F.);
#5308=ORIENTED_EDGE('',*,*,#3894,.T.);
#5309=ORIENTED_EDGE('',*,*,#3899,.T.);
#5310=ORIENTED_EDGE('',*,*,#3900,.F.);
#5311=ORIENTED_EDGE('',*,*,#3901,.F.);
#5312=ORIENTED_EDGE('',*,*,#3897,.T.);
#5313=ORIENTED_EDGE('',*,*,#3902,.T.);
#5314=ORIENTED_EDGE('',*,*,#3903,.F.);
#5315=ORIENTED_EDGE('',*,*,#3904,.F.);
#5316=ORIENTED_EDGE('',*,*,#3900,.T.);
#5317=ORIENTED_EDGE('',*,*,#3905,.T.);
#5318=ORIENTED_EDGE('',*,*,#3906,.F.);
#5319=ORIENTED_EDGE('',*,*,#3907,.F.);
#5320=ORIENTED_EDGE('',*,*,#3903,.T.);
#5321=ORIENTED_EDGE('',*,*,#3908,.T.);
#5322=ORIENTED_EDGE('',*,*,#3909,.F.);
#5323=ORIENTED_EDGE('',*,*,#3910,.F.);
#5324=ORIENTED_EDGE('',*,*,#3906,.T.);
#5325=ORIENTED_EDGE('',*,*,#3911,.T.);
#5326=ORIENTED_EDGE('',*,*,#3912,.F.);
#5327=ORIENTED_EDGE('',*,*,#3913,.F.);
#5328=ORIENTED_EDGE('',*,*,#3909,.T.);
#5329=ORIENTED_EDGE('',*,*,#3914,.T.);
#5330=ORIENTED_EDGE('',*,*,#3915,.F.);
#5331=ORIENTED_EDGE('',*,*,#3916,.F.);
#5332=ORIENTED_EDGE('',*,*,#3912,.T.);
#5333=ORIENTED_EDGE('',*,*,#3917,.T.);
#5334=ORIENTED_EDGE('',*,*,#3918,.F.);
#5335=ORIENTED_EDGE('',*,*,#3919,.F.);
#5336=ORIENTED_EDGE('',*,*,#3915,.T.);
#5337=ORIENTED_EDGE('',*,*,#3920,.T.);
#5338=ORIENTED_EDGE('',*,*,#3921,.F.);
#5339=ORIENTED_EDGE('',*,*,#3922,.F.);
#5340=ORIENTED_EDGE('',*,*,#3918,.T.);
#5341=ORIENTED_EDGE('',*,*,#3923,.T.);
#5342=ORIENTED_EDGE('',*,*,#3924,.F.);
#5343=ORIENTED_EDGE('',*,*,#3925,.F.);
#5344=ORIENTED_EDGE('',*,*,#3921,.T.);
#5345=ORIENTED_EDGE('',*,*,#3926,.T.);
#5346=ORIENTED_EDGE('',*,*,#3927,.F.);
#5347=ORIENTED_EDGE('',*,*,#3928,.F.);
#5348=ORIENTED_EDGE('',*,*,#3924,.T.);
#5349=ORIENTED_EDGE('',*,*,#3929,.T.);
#5350=ORIENTED_EDGE('',*,*,#3930,.F.);
#5351=ORIENTED_EDGE('',*,*,#3931,.F.);
#5352=ORIENTED_EDGE('',*,*,#3927,.T.);
#5353=ORIENTED_EDGE('',*,*,#3932,.T.);
#5354=ORIENTED_EDGE('',*,*,#3933,.F.);
#5355=ORIENTED_EDGE('',*,*,#3934,.F.);
#5356=ORIENTED_EDGE('',*,*,#3930,.T.);
#5357=ORIENTED_EDGE('',*,*,#3935,.T.);
#5358=ORIENTED_EDGE('',*,*,#3936,.F.);
#5359=ORIENTED_EDGE('',*,*,#3937,.F.);
#5360=ORIENTED_EDGE('',*,*,#3933,.T.);
#5361=ORIENTED_EDGE('',*,*,#3938,.T.);
#5362=ORIENTED_EDGE('',*,*,#3939,.F.);
#5363=ORIENTED_EDGE('',*,*,#3940,.F.);
#5364=ORIENTED_EDGE('',*,*,#3936,.T.);
#5365=ORIENTED_EDGE('',*,*,#3941,.T.);
#5366=ORIENTED_EDGE('',*,*,#3942,.F.);
#5367=ORIENTED_EDGE('',*,*,#3943,.F.);
#5368=ORIENTED_EDGE('',*,*,#3939,.T.);
#5369=ORIENTED_EDGE('',*,*,#3944,.T.);
#5370=ORIENTED_EDGE('',*,*,#3945,.F.);
#5371=ORIENTED_EDGE('',*,*,#3946,.F.);
#5372=ORIENTED_EDGE('',*,*,#3942,.T.);
#5373=ORIENTED_EDGE('',*,*,#3947,.T.);
#5374=ORIENTED_EDGE('',*,*,#3948,.F.);
#5375=ORIENTED_EDGE('',*,*,#3949,.F.);
#5376=ORIENTED_EDGE('',*,*,#3945,.T.);
#5377=ORIENTED_EDGE('',*,*,#3950,.T.);
#5378=ORIENTED_EDGE('',*,*,#3951,.F.);
#5379=ORIENTED_EDGE('',*,*,#3952,.F.);
#5380=ORIENTED_EDGE('',*,*,#3948,.T.);
#5381=ORIENTED_EDGE('',*,*,#3953,.T.);
#5382=ORIENTED_EDGE('',*,*,#3865,.F.);
#5383=ORIENTED_EDGE('',*,*,#3954,.F.);
#5384=ORIENTED_EDGE('',*,*,#3951,.T.);
#5385=ORIENTED_EDGE('',*,*,#3955,.F.);
#5386=ORIENTED_EDGE('',*,*,#3846,.F.);
#5387=ORIENTED_EDGE('',*,*,#3956,.T.);
#5388=ORIENTED_EDGE('',*,*,#3860,.T.);
#5389=ORIENTED_EDGE('',*,*,#3864,.T.);
#5390=ORIENTED_EDGE('',*,*,#3868,.T.);
#5391=ORIENTED_EDGE('',*,*,#3871,.T.);
#5392=ORIENTED_EDGE('',*,*,#3874,.T.);
#5393=ORIENTED_EDGE('',*,*,#3877,.T.);
#5394=ORIENTED_EDGE('',*,*,#3880,.T.);
#5395=ORIENTED_EDGE('',*,*,#3883,.T.);
#5396=ORIENTED_EDGE('',*,*,#3886,.T.);
#5397=ORIENTED_EDGE('',*,*,#3889,.T.);
#5398=ORIENTED_EDGE('',*,*,#3892,.T.);
#5399=ORIENTED_EDGE('',*,*,#3895,.T.);
#5400=ORIENTED_EDGE('',*,*,#3898,.T.);
#5401=ORIENTED_EDGE('',*,*,#3901,.T.);
#5402=ORIENTED_EDGE('',*,*,#3904,.T.);
#5403=ORIENTED_EDGE('',*,*,#3907,.T.);
#5404=ORIENTED_EDGE('',*,*,#3910,.T.);
#5405=ORIENTED_EDGE('',*,*,#3913,.T.);
#5406=ORIENTED_EDGE('',*,*,#3916,.T.);
#5407=ORIENTED_EDGE('',*,*,#3919,.T.);
#5408=ORIENTED_EDGE('',*,*,#3922,.T.);
#5409=ORIENTED_EDGE('',*,*,#3925,.T.);
#5410=ORIENTED_EDGE('',*,*,#3928,.T.);
#5411=ORIENTED_EDGE('',*,*,#3931,.T.);
#5412=ORIENTED_EDGE('',*,*,#3934,.T.);
#5413=ORIENTED_EDGE('',*,*,#3937,.T.);
#5414=ORIENTED_EDGE('',*,*,#3940,.T.);
#5415=ORIENTED_EDGE('',*,*,#3943,.T.);
#5416=ORIENTED_EDGE('',*,*,#3946,.T.);
#5417=ORIENTED_EDGE('',*,*,#3949,.T.);
#5418=ORIENTED_EDGE('',*,*,#3952,.T.);
#5419=ORIENTED_EDGE('',*,*,#3954,.T.);
#5420=ORIENTED_EDGE('',*,*,#3845,.F.);
#5421=ORIENTED_EDGE('',*,*,#3849,.T.);
#5422=ORIENTED_EDGE('',*,*,#3852,.T.);
#5423=ORIENTED_EDGE('',*,*,#3855,.T.);
#5424=ORIENTED_EDGE('',*,*,#3858,.T.);
#5425=ORIENTED_EDGE('',*,*,#3861,.F.);
#5426=ORIENTED_EDGE('',*,*,#3956,.F.);
#5427=ORIENTED_EDGE('',*,*,#3862,.F.);
#5428=ORIENTED_EDGE('',*,*,#3953,.F.);
#5429=ORIENTED_EDGE('',*,*,#3950,.F.);
#5430=ORIENTED_EDGE('',*,*,#3947,.F.);
#5431=ORIENTED_EDGE('',*,*,#3944,.F.);
#5432=ORIENTED_EDGE('',*,*,#3941,.F.);
#5433=ORIENTED_EDGE('',*,*,#3938,.F.);
#5434=ORIENTED_EDGE('',*,*,#3935,.F.);
#5435=ORIENTED_EDGE('',*,*,#3932,.F.);
#5436=ORIENTED_EDGE('',*,*,#3929,.F.);
#5437=ORIENTED_EDGE('',*,*,#3926,.F.);
#5438=ORIENTED_EDGE('',*,*,#3923,.F.);
#5439=ORIENTED_EDGE('',*,*,#3920,.F.);
#5440=ORIENTED_EDGE('',*,*,#3917,.F.);
#5441=ORIENTED_EDGE('',*,*,#3914,.F.);
#5442=ORIENTED_EDGE('',*,*,#3911,.F.);
#5443=ORIENTED_EDGE('',*,*,#3908,.F.);
#5444=ORIENTED_EDGE('',*,*,#3905,.F.);
#5445=ORIENTED_EDGE('',*,*,#3902,.F.);
#5446=ORIENTED_EDGE('',*,*,#3899,.F.);
#5447=ORIENTED_EDGE('',*,*,#3896,.F.);
#5448=ORIENTED_EDGE('',*,*,#3893,.F.);
#5449=ORIENTED_EDGE('',*,*,#3890,.F.);
#5450=ORIENTED_EDGE('',*,*,#3887,.F.);
#5451=ORIENTED_EDGE('',*,*,#3884,.F.);
#5452=ORIENTED_EDGE('',*,*,#3881,.F.);
#5453=ORIENTED_EDGE('',*,*,#3878,.F.);
#5454=ORIENTED_EDGE('',*,*,#3875,.F.);
#5455=ORIENTED_EDGE('',*,*,#3872,.F.);
#5456=ORIENTED_EDGE('',*,*,#3869,.F.);
#5457=ORIENTED_EDGE('',*,*,#3866,.F.);
#5458=ORIENTED_EDGE('',*,*,#3843,.T.);
#5459=ORIENTED_EDGE('',*,*,#3955,.T.);
#5460=ORIENTED_EDGE('',*,*,#3859,.T.);
#5461=ORIENTED_EDGE('',*,*,#3856,.F.);
#5462=ORIENTED_EDGE('',*,*,#3853,.F.);
#5463=ORIENTED_EDGE('',*,*,#3850,.F.);
#5464=ORIENTED_EDGE('',*,*,#3847,.F.);
#5465=ORIENTED_EDGE('',*,*,#3957,.T.);
#5466=ORIENTED_EDGE('',*,*,#3958,.F.);
#5467=ORIENTED_EDGE('',*,*,#3959,.F.);
#5468=ORIENTED_EDGE('',*,*,#3960,.T.);
#5469=ORIENTED_EDGE('',*,*,#3961,.T.);
#5470=ORIENTED_EDGE('',*,*,#3962,.F.);
#5471=ORIENTED_EDGE('',*,*,#3963,.F.);
#5472=ORIENTED_EDGE('',*,*,#3958,.T.);
#5473=ORIENTED_EDGE('',*,*,#3964,.T.);
#5474=ORIENTED_EDGE('',*,*,#3965,.F.);
#5475=ORIENTED_EDGE('',*,*,#3966,.F.);
#5476=ORIENTED_EDGE('',*,*,#3962,.T.);
#5477=ORIENTED_EDGE('',*,*,#3967,.T.);
#5478=ORIENTED_EDGE('',*,*,#3968,.F.);
#5479=ORIENTED_EDGE('',*,*,#3969,.F.);
#5480=ORIENTED_EDGE('',*,*,#3965,.T.);
#5481=ORIENTED_EDGE('',*,*,#3970,.T.);
#5482=ORIENTED_EDGE('',*,*,#3971,.F.);
#5483=ORIENTED_EDGE('',*,*,#3972,.F.);
#5484=ORIENTED_EDGE('',*,*,#3968,.T.);
#5485=ORIENTED_EDGE('',*,*,#3973,.T.);
#5486=ORIENTED_EDGE('',*,*,#3974,.F.);
#5487=ORIENTED_EDGE('',*,*,#3975,.F.);
#5488=ORIENTED_EDGE('',*,*,#3971,.T.);
#5489=ORIENTED_EDGE('',*,*,#3976,.T.);
#5490=ORIENTED_EDGE('',*,*,#3977,.F.);
#5491=ORIENTED_EDGE('',*,*,#3978,.F.);
#5492=ORIENTED_EDGE('',*,*,#3974,.T.);
#5493=ORIENTED_EDGE('',*,*,#3979,.T.);
#5494=ORIENTED_EDGE('',*,*,#3980,.F.);
#5495=ORIENTED_EDGE('',*,*,#3981,.F.);
#5496=ORIENTED_EDGE('',*,*,#3977,.T.);
#5497=ORIENTED_EDGE('',*,*,#3982,.T.);
#5498=ORIENTED_EDGE('',*,*,#3983,.F.);
#5499=ORIENTED_EDGE('',*,*,#3984,.F.);
#5500=ORIENTED_EDGE('',*,*,#3980,.T.);
#5501=ORIENTED_EDGE('',*,*,#3985,.T.);
#5502=ORIENTED_EDGE('',*,*,#3986,.F.);
#5503=ORIENTED_EDGE('',*,*,#3987,.F.);
#5504=ORIENTED_EDGE('',*,*,#3983,.T.);
#5505=ORIENTED_EDGE('',*,*,#3988,.T.);
#5506=ORIENTED_EDGE('',*,*,#3989,.F.);
#5507=ORIENTED_EDGE('',*,*,#3990,.F.);
#5508=ORIENTED_EDGE('',*,*,#3986,.T.);
#5509=ORIENTED_EDGE('',*,*,#3991,.T.);
#5510=ORIENTED_EDGE('',*,*,#3992,.F.);
#5511=ORIENTED_EDGE('',*,*,#3993,.F.);
#5512=ORIENTED_EDGE('',*,*,#3989,.T.);
#5513=ORIENTED_EDGE('',*,*,#3994,.T.);
#5514=ORIENTED_EDGE('',*,*,#3995,.F.);
#5515=ORIENTED_EDGE('',*,*,#3996,.F.);
#5516=ORIENTED_EDGE('',*,*,#3992,.T.);
#5517=ORIENTED_EDGE('',*,*,#3997,.T.);
#5518=ORIENTED_EDGE('',*,*,#3998,.F.);
#5519=ORIENTED_EDGE('',*,*,#3999,.F.);
#5520=ORIENTED_EDGE('',*,*,#3995,.T.);
#5521=ORIENTED_EDGE('',*,*,#4000,.T.);
#5522=ORIENTED_EDGE('',*,*,#3960,.F.);
#5523=ORIENTED_EDGE('',*,*,#4001,.F.);
#5524=ORIENTED_EDGE('',*,*,#3998,.T.);
#5525=ORIENTED_EDGE('',*,*,#3959,.T.);
#5526=ORIENTED_EDGE('',*,*,#3963,.T.);
#5527=ORIENTED_EDGE('',*,*,#3966,.T.);
#5528=ORIENTED_EDGE('',*,*,#3969,.T.);
#5529=ORIENTED_EDGE('',*,*,#3972,.T.);
#5530=ORIENTED_EDGE('',*,*,#3975,.T.);
#5531=ORIENTED_EDGE('',*,*,#3978,.T.);
#5532=ORIENTED_EDGE('',*,*,#3981,.T.);
#5533=ORIENTED_EDGE('',*,*,#3984,.T.);
#5534=ORIENTED_EDGE('',*,*,#3987,.T.);
#5535=ORIENTED_EDGE('',*,*,#3990,.T.);
#5536=ORIENTED_EDGE('',*,*,#3993,.T.);
#5537=ORIENTED_EDGE('',*,*,#3996,.T.);
#5538=ORIENTED_EDGE('',*,*,#3999,.T.);
#5539=ORIENTED_EDGE('',*,*,#4001,.T.);
#5540=ORIENTED_EDGE('',*,*,#3957,.F.);
#5541=ORIENTED_EDGE('',*,*,#4000,.F.);
#5542=ORIENTED_EDGE('',*,*,#3997,.F.);
#5543=ORIENTED_EDGE('',*,*,#3994,.F.);
#5544=ORIENTED_EDGE('',*,*,#3991,.F.);
#5545=ORIENTED_EDGE('',*,*,#3988,.F.);
#5546=ORIENTED_EDGE('',*,*,#3985,.F.);
#5547=ORIENTED_EDGE('',*,*,#3982,.F.);
#5548=ORIENTED_EDGE('',*,*,#3979,.F.);
#5549=ORIENTED_EDGE('',*,*,#3976,.F.);
#5550=ORIENTED_EDGE('',*,*,#3973,.F.);
#5551=ORIENTED_EDGE('',*,*,#3970,.F.);
#5552=ORIENTED_EDGE('',*,*,#3967,.F.);
#5553=ORIENTED_EDGE('',*,*,#3964,.F.);
#5554=ORIENTED_EDGE('',*,*,#3961,.F.);
#5555=ORIENTED_EDGE('',*,*,#4002,.T.);
#5556=ORIENTED_EDGE('',*,*,#4003,.F.);
#5557=ORIENTED_EDGE('',*,*,#4004,.F.);
#5558=ORIENTED_EDGE('',*,*,#4005,.T.);
#5559=ORIENTED_EDGE('',*,*,#4006,.T.);
#5560=ORIENTED_EDGE('',*,*,#4007,.F.);
#5561=ORIENTED_EDGE('',*,*,#4008,.F.);
#5562=ORIENTED_EDGE('',*,*,#4003,.T.);
#5563=ORIENTED_EDGE('',*,*,#4009,.T.);
#5564=ORIENTED_EDGE('',*,*,#4010,.F.);
#5565=ORIENTED_EDGE('',*,*,#4011,.F.);
#5566=ORIENTED_EDGE('',*,*,#4007,.T.);
#5567=ORIENTED_EDGE('',*,*,#4012,.T.);
#5568=ORIENTED_EDGE('',*,*,#4013,.F.);
#5569=ORIENTED_EDGE('',*,*,#4014,.F.);
#5570=ORIENTED_EDGE('',*,*,#4015,.T.);
#5571=ORIENTED_EDGE('',*,*,#4016,.T.);
#5572=ORIENTED_EDGE('',*,*,#4017,.F.);
#5573=ORIENTED_EDGE('',*,*,#4018,.F.);
#5574=ORIENTED_EDGE('',*,*,#4013,.T.);
#5575=ORIENTED_EDGE('',*,*,#4019,.T.);
#5576=ORIENTED_EDGE('',*,*,#4020,.F.);
#5577=ORIENTED_EDGE('',*,*,#4021,.F.);
#5578=ORIENTED_EDGE('',*,*,#4017,.T.);
#5579=ORIENTED_EDGE('',*,*,#4022,.T.);
#5580=ORIENTED_EDGE('',*,*,#4023,.F.);
#5581=ORIENTED_EDGE('',*,*,#4024,.F.);
#5582=ORIENTED_EDGE('',*,*,#4020,.T.);
#5583=ORIENTED_EDGE('',*,*,#4025,.T.);
#5584=ORIENTED_EDGE('',*,*,#4026,.F.);
#5585=ORIENTED_EDGE('',*,*,#4027,.F.);
#5586=ORIENTED_EDGE('',*,*,#4023,.T.);
#5587=ORIENTED_EDGE('',*,*,#4028,.T.);
#5588=ORIENTED_EDGE('',*,*,#4029,.F.);
#5589=ORIENTED_EDGE('',*,*,#4030,.F.);
#5590=ORIENTED_EDGE('',*,*,#4026,.T.);
#5591=ORIENTED_EDGE('',*,*,#4031,.T.);
#5592=ORIENTED_EDGE('',*,*,#4032,.F.);
#5593=ORIENTED_EDGE('',*,*,#4033,.F.);
#5594=ORIENTED_EDGE('',*,*,#4029,.T.);
#5595=ORIENTED_EDGE('',*,*,#4034,.T.);
#5596=ORIENTED_EDGE('',*,*,#4015,.F.);
#5597=ORIENTED_EDGE('',*,*,#4035,.F.);
#5598=ORIENTED_EDGE('',*,*,#4032,.T.);
#5599=ORIENTED_EDGE('',*,*,#4036,.T.);
#5600=ORIENTED_EDGE('',*,*,#4005,.F.);
#5601=ORIENTED_EDGE('',*,*,#4037,.F.);
#5602=ORIENTED_EDGE('',*,*,#4010,.T.);
#5603=ORIENTED_EDGE('',*,*,#4004,.T.);
#5604=ORIENTED_EDGE('',*,*,#4008,.T.);
#5605=ORIENTED_EDGE('',*,*,#4011,.T.);
#5606=ORIENTED_EDGE('',*,*,#4037,.T.);
#5607=ORIENTED_EDGE('',*,*,#4014,.T.);
#5608=ORIENTED_EDGE('',*,*,#4018,.T.);
#5609=ORIENTED_EDGE('',*,*,#4021,.T.);
#5610=ORIENTED_EDGE('',*,*,#4024,.T.);
#5611=ORIENTED_EDGE('',*,*,#4027,.T.);
#5612=ORIENTED_EDGE('',*,*,#4030,.T.);
#5613=ORIENTED_EDGE('',*,*,#4033,.T.);
#5614=ORIENTED_EDGE('',*,*,#4035,.T.);
#5615=ORIENTED_EDGE('',*,*,#4002,.F.);
#5616=ORIENTED_EDGE('',*,*,#4036,.F.);
#5617=ORIENTED_EDGE('',*,*,#4009,.F.);
#5618=ORIENTED_EDGE('',*,*,#4006,.F.);
#5619=ORIENTED_EDGE('',*,*,#4012,.F.);
#5620=ORIENTED_EDGE('',*,*,#4034,.F.);
#5621=ORIENTED_EDGE('',*,*,#4031,.F.);
#5622=ORIENTED_EDGE('',*,*,#4028,.F.);
#5623=ORIENTED_EDGE('',*,*,#4025,.F.);
#5624=ORIENTED_EDGE('',*,*,#4022,.F.);
#5625=ORIENTED_EDGE('',*,*,#4019,.F.);
#5626=ORIENTED_EDGE('',*,*,#4016,.F.);
#5627=ORIENTED_EDGE('',*,*,#4038,.T.);
#5628=ORIENTED_EDGE('',*,*,#4039,.F.);
#5629=ORIENTED_EDGE('',*,*,#4040,.F.);
#5630=ORIENTED_EDGE('',*,*,#4041,.T.);
#5631=ORIENTED_EDGE('',*,*,#4042,.T.);
#5632=ORIENTED_EDGE('',*,*,#4043,.F.);
#5633=ORIENTED_EDGE('',*,*,#4044,.F.);
#5634=ORIENTED_EDGE('',*,*,#4039,.T.);
#5635=ORIENTED_EDGE('',*,*,#4045,.T.);
#5636=ORIENTED_EDGE('',*,*,#4046,.F.);
#5637=ORIENTED_EDGE('',*,*,#4047,.F.);
#5638=ORIENTED_EDGE('',*,*,#4043,.T.);
#5639=ORIENTED_EDGE('',*,*,#4048,.T.);
#5640=ORIENTED_EDGE('',*,*,#4049,.F.);
#5641=ORIENTED_EDGE('',*,*,#4050,.F.);
#5642=ORIENTED_EDGE('',*,*,#4046,.T.);
#5643=ORIENTED_EDGE('',*,*,#4051,.T.);
#5644=ORIENTED_EDGE('',*,*,#4052,.F.);
#5645=ORIENTED_EDGE('',*,*,#4053,.F.);
#5646=ORIENTED_EDGE('',*,*,#4049,.T.);
#5647=ORIENTED_EDGE('',*,*,#4054,.T.);
#5648=ORIENTED_EDGE('',*,*,#4055,.F.);
#5649=ORIENTED_EDGE('',*,*,#4056,.F.);
#5650=ORIENTED_EDGE('',*,*,#4052,.T.);
#5651=ORIENTED_EDGE('',*,*,#4057,.T.);
#5652=ORIENTED_EDGE('',*,*,#4058,.F.);
#5653=ORIENTED_EDGE('',*,*,#4059,.F.);
#5654=ORIENTED_EDGE('',*,*,#4055,.T.);
#5655=ORIENTED_EDGE('',*,*,#4060,.T.);
#5656=ORIENTED_EDGE('',*,*,#4061,.F.);
#5657=ORIENTED_EDGE('',*,*,#4062,.F.);
#5658=ORIENTED_EDGE('',*,*,#4058,.T.);
#5659=ORIENTED_EDGE('',*,*,#4063,.T.);
#5660=ORIENTED_EDGE('',*,*,#4064,.F.);
#5661=ORIENTED_EDGE('',*,*,#4065,.F.);
#5662=ORIENTED_EDGE('',*,*,#4061,.T.);
#5663=ORIENTED_EDGE('',*,*,#4066,.T.);
#5664=ORIENTED_EDGE('',*,*,#4067,.F.);
#5665=ORIENTED_EDGE('',*,*,#4068,.F.);
#5666=ORIENTED_EDGE('',*,*,#4064,.T.);
#5667=ORIENTED_EDGE('',*,*,#4069,.T.);
#5668=ORIENTED_EDGE('',*,*,#4070,.F.);
#5669=ORIENTED_EDGE('',*,*,#4071,.F.);
#5670=ORIENTED_EDGE('',*,*,#4067,.T.);
#5671=ORIENTED_EDGE('',*,*,#4072,.T.);
#5672=ORIENTED_EDGE('',*,*,#4041,.F.);
#5673=ORIENTED_EDGE('',*,*,#4073,.F.);
#5674=ORIENTED_EDGE('',*,*,#4070,.T.);
#5675=ORIENTED_EDGE('',*,*,#4040,.T.);
#5676=ORIENTED_EDGE('',*,*,#4044,.T.);
#5677=ORIENTED_EDGE('',*,*,#4047,.T.);
#5678=ORIENTED_EDGE('',*,*,#4050,.T.);
#5679=ORIENTED_EDGE('',*,*,#4053,.T.);
#5680=ORIENTED_EDGE('',*,*,#4056,.T.);
#5681=ORIENTED_EDGE('',*,*,#4059,.T.);
#5682=ORIENTED_EDGE('',*,*,#4062,.T.);
#5683=ORIENTED_EDGE('',*,*,#4065,.T.);
#5684=ORIENTED_EDGE('',*,*,#4068,.T.);
#5685=ORIENTED_EDGE('',*,*,#4071,.T.);
#5686=ORIENTED_EDGE('',*,*,#4073,.T.);
#5687=ORIENTED_EDGE('',*,*,#4038,.F.);
#5688=ORIENTED_EDGE('',*,*,#4072,.F.);
#5689=ORIENTED_EDGE('',*,*,#4069,.F.);
#5690=ORIENTED_EDGE('',*,*,#4066,.F.);
#5691=ORIENTED_EDGE('',*,*,#4063,.F.);
#5692=ORIENTED_EDGE('',*,*,#4060,.F.);
#5693=ORIENTED_EDGE('',*,*,#4057,.F.);
#5694=ORIENTED_EDGE('',*,*,#4054,.F.);
#5695=ORIENTED_EDGE('',*,*,#4051,.F.);
#5696=ORIENTED_EDGE('',*,*,#4048,.F.);
#5697=ORIENTED_EDGE('',*,*,#4045,.F.);
#5698=ORIENTED_EDGE('',*,*,#4042,.F.);
#5699=ORIENTED_EDGE('',*,*,#4074,.T.);
#5700=ORIENTED_EDGE('',*,*,#4075,.F.);
#5701=ORIENTED_EDGE('',*,*,#4076,.F.);
#5702=ORIENTED_EDGE('',*,*,#4077,.T.);
#5703=ORIENTED_EDGE('',*,*,#4078,.T.);
#5704=ORIENTED_EDGE('',*,*,#4079,.F.);
#5705=ORIENTED_EDGE('',*,*,#4080,.F.);
#5706=ORIENTED_EDGE('',*,*,#4075,.T.);
#5707=ORIENTED_EDGE('',*,*,#4081,.T.);
#5708=ORIENTED_EDGE('',*,*,#4082,.F.);
#5709=ORIENTED_EDGE('',*,*,#4083,.F.);
#5710=ORIENTED_EDGE('',*,*,#4079,.T.);
#5711=ORIENTED_EDGE('',*,*,#4084,.T.);
#5712=ORIENTED_EDGE('',*,*,#4085,.F.);
#5713=ORIENTED_EDGE('',*,*,#4086,.F.);
#5714=ORIENTED_EDGE('',*,*,#4082,.T.);
#5715=ORIENTED_EDGE('',*,*,#4087,.T.);
#5716=ORIENTED_EDGE('',*,*,#4088,.F.);
#5717=ORIENTED_EDGE('',*,*,#4089,.F.);
#5718=ORIENTED_EDGE('',*,*,#4085,.T.);
#5719=ORIENTED_EDGE('',*,*,#4090,.T.);
#5720=ORIENTED_EDGE('',*,*,#4091,.F.);
#5721=ORIENTED_EDGE('',*,*,#4092,.F.);
#5722=ORIENTED_EDGE('',*,*,#4088,.T.);
#5723=ORIENTED_EDGE('',*,*,#4093,.T.);
#5724=ORIENTED_EDGE('',*,*,#4094,.F.);
#5725=ORIENTED_EDGE('',*,*,#4095,.F.);
#5726=ORIENTED_EDGE('',*,*,#4091,.T.);
#5727=ORIENTED_EDGE('',*,*,#4096,.T.);
#5728=ORIENTED_EDGE('',*,*,#4077,.F.);
#5729=ORIENTED_EDGE('',*,*,#4097,.F.);
#5730=ORIENTED_EDGE('',*,*,#4094,.T.);
#5731=ORIENTED_EDGE('',*,*,#4076,.T.);
#5732=ORIENTED_EDGE('',*,*,#4080,.T.);
#5733=ORIENTED_EDGE('',*,*,#4083,.T.);
#5734=ORIENTED_EDGE('',*,*,#4086,.T.);
#5735=ORIENTED_EDGE('',*,*,#4089,.T.);
#5736=ORIENTED_EDGE('',*,*,#4092,.T.);
#5737=ORIENTED_EDGE('',*,*,#4095,.T.);
#5738=ORIENTED_EDGE('',*,*,#4097,.T.);
#5739=ORIENTED_EDGE('',*,*,#4074,.F.);
#5740=ORIENTED_EDGE('',*,*,#4096,.F.);
#5741=ORIENTED_EDGE('',*,*,#4093,.F.);
#5742=ORIENTED_EDGE('',*,*,#4090,.F.);
#5743=ORIENTED_EDGE('',*,*,#4087,.F.);
#5744=ORIENTED_EDGE('',*,*,#4084,.F.);
#5745=ORIENTED_EDGE('',*,*,#4081,.F.);
#5746=ORIENTED_EDGE('',*,*,#4078,.F.);
#5747=ORIENTED_EDGE('',*,*,#4098,.T.);
#5748=ORIENTED_EDGE('',*,*,#4099,.F.);
#5749=ORIENTED_EDGE('',*,*,#4100,.F.);
#5750=ORIENTED_EDGE('',*,*,#4101,.T.);
#5751=ORIENTED_EDGE('',*,*,#4102,.T.);
#5752=ORIENTED_EDGE('',*,*,#4103,.F.);
#5753=ORIENTED_EDGE('',*,*,#4104,.F.);
#5754=ORIENTED_EDGE('',*,*,#4099,.T.);
#5755=ORIENTED_EDGE('',*,*,#4105,.T.);
#5756=ORIENTED_EDGE('',*,*,#4106,.F.);
#5757=ORIENTED_EDGE('',*,*,#4107,.F.);
#5758=ORIENTED_EDGE('',*,*,#4103,.T.);
#5759=ORIENTED_EDGE('',*,*,#4108,.T.);
#5760=ORIENTED_EDGE('',*,*,#4109,.F.);
#5761=ORIENTED_EDGE('',*,*,#4110,.F.);
#5762=ORIENTED_EDGE('',*,*,#4106,.T.);
#5763=ORIENTED_EDGE('',*,*,#4111,.T.);
#5764=ORIENTED_EDGE('',*,*,#4112,.F.);
#5765=ORIENTED_EDGE('',*,*,#4113,.F.);
#5766=ORIENTED_EDGE('',*,*,#4109,.T.);
#5767=ORIENTED_EDGE('',*,*,#4114,.T.);
#5768=ORIENTED_EDGE('',*,*,#4115,.F.);
#5769=ORIENTED_EDGE('',*,*,#4116,.F.);
#5770=ORIENTED_EDGE('',*,*,#4117,.T.);
#5771=ORIENTED_EDGE('',*,*,#4118,.T.);
#5772=ORIENTED_EDGE('',*,*,#4119,.F.);
#5773=ORIENTED_EDGE('',*,*,#4120,.F.);
#5774=ORIENTED_EDGE('',*,*,#4115,.T.);
#5775=ORIENTED_EDGE('',*,*,#4121,.T.);
#5776=ORIENTED_EDGE('',*,*,#4117,.F.);
#5777=ORIENTED_EDGE('',*,*,#4122,.F.);
#5778=ORIENTED_EDGE('',*,*,#4119,.T.);
#5779=ORIENTED_EDGE('',*,*,#4123,.T.);
#5780=ORIENTED_EDGE('',*,*,#4101,.F.);
#5781=ORIENTED_EDGE('',*,*,#4124,.F.);
#5782=ORIENTED_EDGE('',*,*,#4112,.T.);
#5783=ORIENTED_EDGE('',*,*,#4100,.T.);
#5784=ORIENTED_EDGE('',*,*,#4104,.T.);
#5785=ORIENTED_EDGE('',*,*,#4107,.T.);
#5786=ORIENTED_EDGE('',*,*,#4110,.T.);
#5787=ORIENTED_EDGE('',*,*,#4113,.T.);
#5788=ORIENTED_EDGE('',*,*,#4124,.T.);
#5789=ORIENTED_EDGE('',*,*,#4116,.T.);
#5790=ORIENTED_EDGE('',*,*,#4120,.T.);
#5791=ORIENTED_EDGE('',*,*,#4122,.T.);
#5792=ORIENTED_EDGE('',*,*,#4098,.F.);
#5793=ORIENTED_EDGE('',*,*,#4123,.F.);
#5794=ORIENTED_EDGE('',*,*,#4111,.F.);
#5795=ORIENTED_EDGE('',*,*,#4108,.F.);
#5796=ORIENTED_EDGE('',*,*,#4105,.F.);
#5797=ORIENTED_EDGE('',*,*,#4102,.F.);
#5798=ORIENTED_EDGE('',*,*,#4114,.F.);
#5799=ORIENTED_EDGE('',*,*,#4121,.F.);
#5800=ORIENTED_EDGE('',*,*,#4118,.F.);
#5801=ORIENTED_EDGE('',*,*,#4125,.T.);
#5802=ORIENTED_EDGE('',*,*,#4126,.F.);
#5803=ORIENTED_EDGE('',*,*,#4127,.F.);
#5804=ORIENTED_EDGE('',*,*,#4128,.T.);
#5805=ORIENTED_EDGE('',*,*,#4129,.T.);
#5806=ORIENTED_EDGE('',*,*,#4130,.F.);
#5807=ORIENTED_EDGE('',*,*,#4131,.F.);
#5808=ORIENTED_EDGE('',*,*,#4126,.T.);
#5809=ORIENTED_EDGE('',*,*,#4132,.T.);
#5810=ORIENTED_EDGE('',*,*,#4133,.F.);
#5811=ORIENTED_EDGE('',*,*,#4134,.F.);
#5812=ORIENTED_EDGE('',*,*,#4130,.T.);
#5813=ORIENTED_EDGE('',*,*,#4135,.T.);
#5814=ORIENTED_EDGE('',*,*,#4136,.F.);
#5815=ORIENTED_EDGE('',*,*,#4137,.F.);
#5816=ORIENTED_EDGE('',*,*,#4133,.T.);
#5817=ORIENTED_EDGE('',*,*,#4138,.T.);
#5818=ORIENTED_EDGE('',*,*,#4139,.F.);
#5819=ORIENTED_EDGE('',*,*,#4140,.F.);
#5820=ORIENTED_EDGE('',*,*,#4136,.T.);
#5821=ORIENTED_EDGE('',*,*,#4141,.T.);
#5822=ORIENTED_EDGE('',*,*,#4142,.F.);
#5823=ORIENTED_EDGE('',*,*,#4143,.F.);
#5824=ORIENTED_EDGE('',*,*,#4139,.T.);
#5825=ORIENTED_EDGE('',*,*,#4144,.T.);
#5826=ORIENTED_EDGE('',*,*,#4145,.F.);
#5827=ORIENTED_EDGE('',*,*,#4146,.F.);
#5828=ORIENTED_EDGE('',*,*,#4142,.T.);
#5829=ORIENTED_EDGE('',*,*,#4147,.T.);
#5830=ORIENTED_EDGE('',*,*,#4148,.F.);
#5831=ORIENTED_EDGE('',*,*,#4149,.F.);
#5832=ORIENTED_EDGE('',*,*,#4145,.T.);
#5833=ORIENTED_EDGE('',*,*,#4150,.T.);
#5834=ORIENTED_EDGE('',*,*,#4151,.F.);
#5835=ORIENTED_EDGE('',*,*,#4152,.F.);
#5836=ORIENTED_EDGE('',*,*,#4153,.T.);
#5837=ORIENTED_EDGE('',*,*,#4154,.T.);
#5838=ORIENTED_EDGE('',*,*,#4155,.F.);
#5839=ORIENTED_EDGE('',*,*,#4156,.F.);
#5840=ORIENTED_EDGE('',*,*,#4151,.T.);
#5841=ORIENTED_EDGE('',*,*,#4157,.T.);
#5842=ORIENTED_EDGE('',*,*,#4158,.F.);
#5843=ORIENTED_EDGE('',*,*,#4159,.F.);
#5844=ORIENTED_EDGE('',*,*,#4155,.T.);
#5845=ORIENTED_EDGE('',*,*,#4160,.T.);
#5846=ORIENTED_EDGE('',*,*,#4153,.F.);
#5847=ORIENTED_EDGE('',*,*,#4161,.F.);
#5848=ORIENTED_EDGE('',*,*,#4158,.T.);
#5849=ORIENTED_EDGE('',*,*,#4162,.T.);
#5850=ORIENTED_EDGE('',*,*,#4128,.F.);
#5851=ORIENTED_EDGE('',*,*,#4163,.F.);
#5852=ORIENTED_EDGE('',*,*,#4148,.T.);
#5853=ORIENTED_EDGE('',*,*,#4127,.T.);
#5854=ORIENTED_EDGE('',*,*,#4131,.T.);
#5855=ORIENTED_EDGE('',*,*,#4134,.T.);
#5856=ORIENTED_EDGE('',*,*,#4137,.T.);
#5857=ORIENTED_EDGE('',*,*,#4140,.T.);
#5858=ORIENTED_EDGE('',*,*,#4143,.T.);
#5859=ORIENTED_EDGE('',*,*,#4146,.T.);
#5860=ORIENTED_EDGE('',*,*,#4149,.T.);
#5861=ORIENTED_EDGE('',*,*,#4163,.T.);
#5862=ORIENTED_EDGE('',*,*,#4152,.T.);
#5863=ORIENTED_EDGE('',*,*,#4156,.T.);
#5864=ORIENTED_EDGE('',*,*,#4159,.T.);
#5865=ORIENTED_EDGE('',*,*,#4161,.T.);
#5866=ORIENTED_EDGE('',*,*,#4125,.F.);
#5867=ORIENTED_EDGE('',*,*,#4162,.F.);
#5868=ORIENTED_EDGE('',*,*,#4147,.F.);
#5869=ORIENTED_EDGE('',*,*,#4144,.F.);
#5870=ORIENTED_EDGE('',*,*,#4141,.F.);
#5871=ORIENTED_EDGE('',*,*,#4138,.F.);
#5872=ORIENTED_EDGE('',*,*,#4135,.F.);
#5873=ORIENTED_EDGE('',*,*,#4132,.F.);
#5874=ORIENTED_EDGE('',*,*,#4129,.F.);
#5875=ORIENTED_EDGE('',*,*,#4150,.F.);
#5876=ORIENTED_EDGE('',*,*,#4160,.F.);
#5877=ORIENTED_EDGE('',*,*,#4157,.F.);
#5878=ORIENTED_EDGE('',*,*,#4154,.F.);
#5879=ORIENTED_EDGE('',*,*,#4164,.T.);
#5880=ORIENTED_EDGE('',*,*,#4165,.F.);
#5881=ORIENTED_EDGE('',*,*,#4166,.F.);
#5882=ORIENTED_EDGE('',*,*,#4167,.T.);
#5883=ORIENTED_EDGE('',*,*,#4168,.T.);
#5884=ORIENTED_EDGE('',*,*,#4169,.F.);
#5885=ORIENTED_EDGE('',*,*,#4170,.F.);
#5886=ORIENTED_EDGE('',*,*,#4171,.T.);
#5887=ORIENTED_EDGE('',*,*,#4172,.T.);
#5888=ORIENTED_EDGE('',*,*,#4171,.F.);
#5889=ORIENTED_EDGE('',*,*,#4173,.F.);
#5890=ORIENTED_EDGE('',*,*,#4169,.T.);
#5891=ORIENTED_EDGE('',*,*,#4174,.T.);
#5892=ORIENTED_EDGE('',*,*,#4167,.F.);
#5893=ORIENTED_EDGE('',*,*,#4175,.F.);
#5894=ORIENTED_EDGE('',*,*,#4165,.T.);
#5895=ORIENTED_EDGE('',*,*,#4166,.T.);
#5896=ORIENTED_EDGE('',*,*,#4175,.T.);
#5897=ORIENTED_EDGE('',*,*,#4170,.T.);
#5898=ORIENTED_EDGE('',*,*,#4173,.T.);
#5899=ORIENTED_EDGE('',*,*,#4164,.F.);
#5900=ORIENTED_EDGE('',*,*,#4174,.F.);
#5901=ORIENTED_EDGE('',*,*,#4168,.F.);
#5902=ORIENTED_EDGE('',*,*,#4172,.F.);
#5903=ORIENTED_EDGE('',*,*,#4176,.T.);
#5904=ORIENTED_EDGE('',*,*,#4177,.F.);
#5905=ORIENTED_EDGE('',*,*,#4178,.F.);
#5906=ORIENTED_EDGE('',*,*,#4179,.T.);
#5907=ORIENTED_EDGE('',*,*,#4180,.T.);
#5908=ORIENTED_EDGE('',*,*,#4181,.F.);
#5909=ORIENTED_EDGE('',*,*,#4182,.F.);
#5910=ORIENTED_EDGE('',*,*,#4177,.T.);
#5911=ORIENTED_EDGE('',*,*,#4183,.T.);
#5912=ORIENTED_EDGE('',*,*,#4184,.F.);
#5913=ORIENTED_EDGE('',*,*,#4185,.F.);
#5914=ORIENTED_EDGE('',*,*,#4181,.T.);
#5915=ORIENTED_EDGE('',*,*,#4186,.T.);
#5916=ORIENTED_EDGE('',*,*,#4187,.F.);
#5917=ORIENTED_EDGE('',*,*,#4188,.F.);
#5918=ORIENTED_EDGE('',*,*,#4184,.T.);
#5919=ORIENTED_EDGE('',*,*,#4189,.T.);
#5920=ORIENTED_EDGE('',*,*,#4190,.F.);
#5921=ORIENTED_EDGE('',*,*,#4191,.F.);
#5922=ORIENTED_EDGE('',*,*,#4187,.T.);
#5923=ORIENTED_EDGE('',*,*,#4192,.T.);
#5924=ORIENTED_EDGE('',*,*,#4193,.F.);
#5925=ORIENTED_EDGE('',*,*,#4194,.F.);
#5926=ORIENTED_EDGE('',*,*,#4195,.T.);
#5927=ORIENTED_EDGE('',*,*,#4196,.T.);
#5928=ORIENTED_EDGE('',*,*,#4197,.F.);
#5929=ORIENTED_EDGE('',*,*,#4198,.F.);
#5930=ORIENTED_EDGE('',*,*,#4193,.T.);
#5931=ORIENTED_EDGE('',*,*,#4199,.T.);
#5932=ORIENTED_EDGE('',*,*,#4200,.F.);
#5933=ORIENTED_EDGE('',*,*,#4201,.F.);
#5934=ORIENTED_EDGE('',*,*,#4197,.T.);
#5935=ORIENTED_EDGE('',*,*,#4202,.T.);
#5936=ORIENTED_EDGE('',*,*,#4195,.F.);
#5937=ORIENTED_EDGE('',*,*,#4203,.F.);
#5938=ORIENTED_EDGE('',*,*,#4200,.T.);
#5939=ORIENTED_EDGE('',*,*,#4204,.T.);
#5940=ORIENTED_EDGE('',*,*,#4179,.F.);
#5941=ORIENTED_EDGE('',*,*,#4205,.F.);
#5942=ORIENTED_EDGE('',*,*,#4190,.T.);
#5943=ORIENTED_EDGE('',*,*,#4178,.T.);
#5944=ORIENTED_EDGE('',*,*,#4182,.T.);
#5945=ORIENTED_EDGE('',*,*,#4185,.T.);
#5946=ORIENTED_EDGE('',*,*,#4188,.T.);
#5947=ORIENTED_EDGE('',*,*,#4191,.T.);
#5948=ORIENTED_EDGE('',*,*,#4205,.T.);
#5949=ORIENTED_EDGE('',*,*,#4194,.T.);
#5950=ORIENTED_EDGE('',*,*,#4198,.T.);
#5951=ORIENTED_EDGE('',*,*,#4201,.T.);
#5952=ORIENTED_EDGE('',*,*,#4203,.T.);
#5953=ORIENTED_EDGE('',*,*,#4176,.F.);
#5954=ORIENTED_EDGE('',*,*,#4204,.F.);
#5955=ORIENTED_EDGE('',*,*,#4189,.F.);
#5956=ORIENTED_EDGE('',*,*,#4186,.F.);
#5957=ORIENTED_EDGE('',*,*,#4183,.F.);
#5958=ORIENTED_EDGE('',*,*,#4180,.F.);
#5959=ORIENTED_EDGE('',*,*,#4192,.F.);
#5960=ORIENTED_EDGE('',*,*,#4202,.F.);
#5961=ORIENTED_EDGE('',*,*,#4199,.F.);
#5962=ORIENTED_EDGE('',*,*,#4196,.F.);
#5963=ORIENTED_EDGE('',*,*,#4206,.T.);
#5964=ORIENTED_EDGE('',*,*,#4207,.F.);
#5965=ORIENTED_EDGE('',*,*,#4208,.F.);
#5966=ORIENTED_EDGE('',*,*,#4209,.T.);
#5967=ORIENTED_EDGE('',*,*,#4210,.T.);
#5968=ORIENTED_EDGE('',*,*,#4211,.F.);
#5969=ORIENTED_EDGE('',*,*,#4212,.F.);
#5970=ORIENTED_EDGE('',*,*,#4207,.T.);
#5971=ORIENTED_EDGE('',*,*,#4213,.T.);
#5972=ORIENTED_EDGE('',*,*,#4214,.F.);
#5973=ORIENTED_EDGE('',*,*,#4215,.F.);
#5974=ORIENTED_EDGE('',*,*,#4211,.T.);
#5975=ORIENTED_EDGE('',*,*,#4216,.T.);
#5976=ORIENTED_EDGE('',*,*,#4217,.F.);
#5977=ORIENTED_EDGE('',*,*,#4218,.F.);
#5978=ORIENTED_EDGE('',*,*,#4214,.T.);
#5979=ORIENTED_EDGE('',*,*,#4219,.T.);
#5980=ORIENTED_EDGE('',*,*,#4220,.F.);
#5981=ORIENTED_EDGE('',*,*,#4221,.F.);
#5982=ORIENTED_EDGE('',*,*,#4217,.T.);
#5983=ORIENTED_EDGE('',*,*,#4222,.T.);
#5984=ORIENTED_EDGE('',*,*,#4223,.F.);
#5985=ORIENTED_EDGE('',*,*,#4224,.F.);
#5986=ORIENTED_EDGE('',*,*,#4220,.T.);
#5987=ORIENTED_EDGE('',*,*,#4225,.T.);
#5988=ORIENTED_EDGE('',*,*,#4226,.F.);
#5989=ORIENTED_EDGE('',*,*,#4227,.F.);
#5990=ORIENTED_EDGE('',*,*,#4223,.T.);
#5991=ORIENTED_EDGE('',*,*,#4228,.T.);
#5992=ORIENTED_EDGE('',*,*,#4229,.F.);
#5993=ORIENTED_EDGE('',*,*,#4230,.F.);
#5994=ORIENTED_EDGE('',*,*,#4226,.T.);
#5995=ORIENTED_EDGE('',*,*,#4231,.T.);
#5996=ORIENTED_EDGE('',*,*,#4232,.F.);
#5997=ORIENTED_EDGE('',*,*,#4233,.F.);
#5998=ORIENTED_EDGE('',*,*,#4234,.T.);
#5999=ORIENTED_EDGE('',*,*,#4235,.T.);
#6000=ORIENTED_EDGE('',*,*,#4236,.F.);
#6001=ORIENTED_EDGE('',*,*,#4237,.F.);
#6002=ORIENTED_EDGE('',*,*,#4232,.T.);
#6003=ORIENTED_EDGE('',*,*,#4238,.T.);
#6004=ORIENTED_EDGE('',*,*,#4239,.F.);
#6005=ORIENTED_EDGE('',*,*,#4240,.F.);
#6006=ORIENTED_EDGE('',*,*,#4236,.T.);
#6007=ORIENTED_EDGE('',*,*,#4241,.T.);
#6008=ORIENTED_EDGE('',*,*,#4234,.F.);
#6009=ORIENTED_EDGE('',*,*,#4242,.F.);
#6010=ORIENTED_EDGE('',*,*,#4239,.T.);
#6011=ORIENTED_EDGE('',*,*,#4243,.T.);
#6012=ORIENTED_EDGE('',*,*,#4209,.F.);
#6013=ORIENTED_EDGE('',*,*,#4244,.F.);
#6014=ORIENTED_EDGE('',*,*,#4229,.T.);
#6015=ORIENTED_EDGE('',*,*,#4208,.T.);
#6016=ORIENTED_EDGE('',*,*,#4212,.T.);
#6017=ORIENTED_EDGE('',*,*,#4215,.T.);
#6018=ORIENTED_EDGE('',*,*,#4218,.T.);
#6019=ORIENTED_EDGE('',*,*,#4221,.T.);
#6020=ORIENTED_EDGE('',*,*,#4224,.T.);
#6021=ORIENTED_EDGE('',*,*,#4227,.T.);
#6022=ORIENTED_EDGE('',*,*,#4230,.T.);
#6023=ORIENTED_EDGE('',*,*,#4244,.T.);
#6024=ORIENTED_EDGE('',*,*,#4233,.T.);
#6025=ORIENTED_EDGE('',*,*,#4237,.T.);
#6026=ORIENTED_EDGE('',*,*,#4240,.T.);
#6027=ORIENTED_EDGE('',*,*,#4242,.T.);
#6028=ORIENTED_EDGE('',*,*,#4206,.F.);
#6029=ORIENTED_EDGE('',*,*,#4243,.F.);
#6030=ORIENTED_EDGE('',*,*,#4228,.F.);
#6031=ORIENTED_EDGE('',*,*,#4225,.F.);
#6032=ORIENTED_EDGE('',*,*,#4222,.F.);
#6033=ORIENTED_EDGE('',*,*,#4219,.F.);
#6034=ORIENTED_EDGE('',*,*,#4216,.F.);
#6035=ORIENTED_EDGE('',*,*,#4213,.F.);
#6036=ORIENTED_EDGE('',*,*,#4210,.F.);
#6037=ORIENTED_EDGE('',*,*,#4231,.F.);
#6038=ORIENTED_EDGE('',*,*,#4241,.F.);
#6039=ORIENTED_EDGE('',*,*,#4238,.F.);
#6040=ORIENTED_EDGE('',*,*,#4235,.F.);
#6041=ORIENTED_EDGE('',*,*,#4245,.T.);
#6042=ORIENTED_EDGE('',*,*,#4246,.F.);
#6043=ORIENTED_EDGE('',*,*,#4247,.F.);
#6044=ORIENTED_EDGE('',*,*,#4248,.T.);
#6045=ORIENTED_EDGE('',*,*,#4249,.T.);
#6046=ORIENTED_EDGE('',*,*,#4250,.F.);
#6047=ORIENTED_EDGE('',*,*,#4251,.F.);
#6048=ORIENTED_EDGE('',*,*,#4246,.T.);
#6049=ORIENTED_EDGE('',*,*,#4252,.T.);
#6050=ORIENTED_EDGE('',*,*,#4253,.F.);
#6051=ORIENTED_EDGE('',*,*,#4254,.F.);
#6052=ORIENTED_EDGE('',*,*,#4255,.T.);
#6053=ORIENTED_EDGE('',*,*,#4256,.T.);
#6054=ORIENTED_EDGE('',*,*,#4257,.F.);
#6055=ORIENTED_EDGE('',*,*,#4258,.F.);
#6056=ORIENTED_EDGE('',*,*,#4253,.T.);
#6057=ORIENTED_EDGE('',*,*,#4259,.T.);
#6058=ORIENTED_EDGE('',*,*,#4255,.F.);
#6059=ORIENTED_EDGE('',*,*,#4260,.F.);
#6060=ORIENTED_EDGE('',*,*,#4257,.T.);
#6061=ORIENTED_EDGE('',*,*,#4261,.T.);
#6062=ORIENTED_EDGE('',*,*,#4248,.F.);
#6063=ORIENTED_EDGE('',*,*,#4262,.F.);
#6064=ORIENTED_EDGE('',*,*,#4250,.T.);
#6065=ORIENTED_EDGE('',*,*,#4247,.T.);
#6066=ORIENTED_EDGE('',*,*,#4251,.T.);
#6067=ORIENTED_EDGE('',*,*,#4262,.T.);
#6068=ORIENTED_EDGE('',*,*,#4254,.T.);
#6069=ORIENTED_EDGE('',*,*,#4258,.T.);
#6070=ORIENTED_EDGE('',*,*,#4260,.T.);
#6071=ORIENTED_EDGE('',*,*,#4245,.F.);
#6072=ORIENTED_EDGE('',*,*,#4261,.F.);
#6073=ORIENTED_EDGE('',*,*,#4249,.F.);
#6074=ORIENTED_EDGE('',*,*,#4252,.F.);
#6075=ORIENTED_EDGE('',*,*,#4259,.F.);
#6076=ORIENTED_EDGE('',*,*,#4256,.F.);
#6077=ORIENTED_EDGE('',*,*,#4263,.T.);
#6078=ORIENTED_EDGE('',*,*,#4264,.F.);
#6079=ORIENTED_EDGE('',*,*,#4265,.F.);
#6080=ORIENTED_EDGE('',*,*,#4266,.T.);
#6081=ORIENTED_EDGE('',*,*,#4267,.T.);
#6082=ORIENTED_EDGE('',*,*,#4268,.F.);
#6083=ORIENTED_EDGE('',*,*,#4269,.F.);
#6084=ORIENTED_EDGE('',*,*,#4264,.T.);
#6085=ORIENTED_EDGE('',*,*,#4270,.T.);
#6086=ORIENTED_EDGE('',*,*,#4271,.F.);
#6087=ORIENTED_EDGE('',*,*,#4272,.F.);
#6088=ORIENTED_EDGE('',*,*,#4268,.T.);
#6089=ORIENTED_EDGE('',*,*,#4273,.T.);
#6090=ORIENTED_EDGE('',*,*,#4274,.F.);
#6091=ORIENTED_EDGE('',*,*,#4275,.F.);
#6092=ORIENTED_EDGE('',*,*,#4271,.T.);
#6093=ORIENTED_EDGE('',*,*,#4276,.T.);
#6094=ORIENTED_EDGE('',*,*,#4277,.F.);
#6095=ORIENTED_EDGE('',*,*,#4278,.F.);
#6096=ORIENTED_EDGE('',*,*,#4274,.T.);
#6097=ORIENTED_EDGE('',*,*,#4279,.T.);
#6098=ORIENTED_EDGE('',*,*,#4280,.F.);
#6099=ORIENTED_EDGE('',*,*,#4281,.F.);
#6100=ORIENTED_EDGE('',*,*,#4277,.T.);
#6101=ORIENTED_EDGE('',*,*,#4282,.T.);
#6102=ORIENTED_EDGE('',*,*,#4283,.F.);
#6103=ORIENTED_EDGE('',*,*,#4284,.F.);
#6104=ORIENTED_EDGE('',*,*,#4280,.T.);
#6105=ORIENTED_EDGE('',*,*,#4285,.T.);
#6106=ORIENTED_EDGE('',*,*,#4286,.F.);
#6107=ORIENTED_EDGE('',*,*,#4287,.F.);
#6108=ORIENTED_EDGE('',*,*,#4283,.T.);
#6109=ORIENTED_EDGE('',*,*,#4288,.T.);
#6110=ORIENTED_EDGE('',*,*,#4289,.F.);
#6111=ORIENTED_EDGE('',*,*,#4290,.F.);
#6112=ORIENTED_EDGE('',*,*,#4286,.T.);
#6113=ORIENTED_EDGE('',*,*,#4291,.T.);
#6114=ORIENTED_EDGE('',*,*,#4292,.F.);
#6115=ORIENTED_EDGE('',*,*,#4293,.F.);
#6116=ORIENTED_EDGE('',*,*,#4289,.T.);
#6117=ORIENTED_EDGE('',*,*,#4294,.T.);
#6118=ORIENTED_EDGE('',*,*,#4266,.F.);
#6119=ORIENTED_EDGE('',*,*,#4295,.F.);
#6120=ORIENTED_EDGE('',*,*,#4292,.T.);
#6121=ORIENTED_EDGE('',*,*,#4265,.T.);
#6122=ORIENTED_EDGE('',*,*,#4269,.T.);
#6123=ORIENTED_EDGE('',*,*,#4272,.T.);
#6124=ORIENTED_EDGE('',*,*,#4275,.T.);
#6125=ORIENTED_EDGE('',*,*,#4278,.T.);
#6126=ORIENTED_EDGE('',*,*,#4281,.T.);
#6127=ORIENTED_EDGE('',*,*,#4284,.T.);
#6128=ORIENTED_EDGE('',*,*,#4287,.T.);
#6129=ORIENTED_EDGE('',*,*,#4290,.T.);
#6130=ORIENTED_EDGE('',*,*,#4293,.T.);
#6131=ORIENTED_EDGE('',*,*,#4295,.T.);
#6132=ORIENTED_EDGE('',*,*,#4263,.F.);
#6133=ORIENTED_EDGE('',*,*,#4294,.F.);
#6134=ORIENTED_EDGE('',*,*,#4291,.F.);
#6135=ORIENTED_EDGE('',*,*,#4288,.F.);
#6136=ORIENTED_EDGE('',*,*,#4285,.F.);
#6137=ORIENTED_EDGE('',*,*,#4282,.F.);
#6138=ORIENTED_EDGE('',*,*,#4279,.F.);
#6139=ORIENTED_EDGE('',*,*,#4276,.F.);
#6140=ORIENTED_EDGE('',*,*,#4273,.F.);
#6141=ORIENTED_EDGE('',*,*,#4270,.F.);
#6142=ORIENTED_EDGE('',*,*,#4267,.F.);
#6143=ORIENTED_EDGE('',*,*,#4296,.T.);
#6144=ORIENTED_EDGE('',*,*,#4297,.F.);
#6145=ORIENTED_EDGE('',*,*,#4298,.F.);
#6146=ORIENTED_EDGE('',*,*,#4299,.T.);
#6147=ORIENTED_EDGE('',*,*,#4300,.T.);
#6148=ORIENTED_EDGE('',*,*,#4301,.F.);
#6149=ORIENTED_EDGE('',*,*,#4302,.F.);
#6150=ORIENTED_EDGE('',*,*,#4297,.T.);
#6151=ORIENTED_EDGE('',*,*,#4303,.T.);
#6152=ORIENTED_EDGE('',*,*,#4304,.F.);
#6153=ORIENTED_EDGE('',*,*,#4305,.F.);
#6154=ORIENTED_EDGE('',*,*,#4301,.T.);
#6155=ORIENTED_EDGE('',*,*,#4306,.T.);
#6156=ORIENTED_EDGE('',*,*,#4299,.F.);
#6157=ORIENTED_EDGE('',*,*,#4307,.F.);
#6158=ORIENTED_EDGE('',*,*,#4304,.T.);
#6159=ORIENTED_EDGE('',*,*,#4298,.T.);
#6160=ORIENTED_EDGE('',*,*,#4302,.T.);
#6161=ORIENTED_EDGE('',*,*,#4305,.T.);
#6162=ORIENTED_EDGE('',*,*,#4307,.T.);
#6163=ORIENTED_EDGE('',*,*,#4296,.F.);
#6164=ORIENTED_EDGE('',*,*,#4306,.F.);
#6165=ORIENTED_EDGE('',*,*,#4303,.F.);
#6166=ORIENTED_EDGE('',*,*,#4300,.F.);
#6167=ORIENTED_EDGE('',*,*,#4308,.T.);
#6168=ORIENTED_EDGE('',*,*,#4309,.F.);
#6169=ORIENTED_EDGE('',*,*,#4310,.F.);
#6170=ORIENTED_EDGE('',*,*,#4311,.T.);
#6171=ORIENTED_EDGE('',*,*,#4312,.T.);
#6172=ORIENTED_EDGE('',*,*,#4313,.F.);
#6173=ORIENTED_EDGE('',*,*,#4314,.F.);
#6174=ORIENTED_EDGE('',*,*,#4309,.T.);
#6175=ORIENTED_EDGE('',*,*,#4315,.T.);
#6176=ORIENTED_EDGE('',*,*,#4316,.F.);
#6177=ORIENTED_EDGE('',*,*,#4317,.F.);
#6178=ORIENTED_EDGE('',*,*,#4313,.T.);
#6179=ORIENTED_EDGE('',*,*,#4318,.T.);
#6180=ORIENTED_EDGE('',*,*,#4319,.F.);
#6181=ORIENTED_EDGE('',*,*,#4320,.F.);
#6182=ORIENTED_EDGE('',*,*,#4316,.T.);
#6183=ORIENTED_EDGE('',*,*,#4321,.T.);
#6184=ORIENTED_EDGE('',*,*,#4322,.F.);
#6185=ORIENTED_EDGE('',*,*,#4323,.F.);
#6186=ORIENTED_EDGE('',*,*,#4319,.T.);
#6187=ORIENTED_EDGE('',*,*,#4324,.T.);
#6188=ORIENTED_EDGE('',*,*,#4325,.F.);
#6189=ORIENTED_EDGE('',*,*,#4326,.F.);
#6190=ORIENTED_EDGE('',*,*,#4322,.T.);
#6191=ORIENTED_EDGE('',*,*,#4327,.T.);
#6192=ORIENTED_EDGE('',*,*,#4311,.F.);
#6193=ORIENTED_EDGE('',*,*,#4328,.F.);
#6194=ORIENTED_EDGE('',*,*,#4325,.T.);
#6195=ORIENTED_EDGE('',*,*,#4310,.T.);
#6196=ORIENTED_EDGE('',*,*,#4314,.T.);
#6197=ORIENTED_EDGE('',*,*,#4317,.T.);
#6198=ORIENTED_EDGE('',*,*,#4320,.T.);
#6199=ORIENTED_EDGE('',*,*,#4323,.T.);
#6200=ORIENTED_EDGE('',*,*,#4326,.T.);
#6201=ORIENTED_EDGE('',*,*,#4328,.T.);
#6202=ORIENTED_EDGE('',*,*,#4308,.F.);
#6203=ORIENTED_EDGE('',*,*,#4327,.F.);
#6204=ORIENTED_EDGE('',*,*,#4324,.F.);
#6205=ORIENTED_EDGE('',*,*,#4321,.F.);
#6206=ORIENTED_EDGE('',*,*,#4318,.F.);
#6207=ORIENTED_EDGE('',*,*,#4315,.F.);
#6208=ORIENTED_EDGE('',*,*,#4312,.F.);
#6209=CYLINDRICAL_SURFACE('',#6653,0.305);
#6210=CYLINDRICAL_SURFACE('',#6686,0.15);
#6211=CYLINDRICAL_SURFACE('',#6688,0.15);
#6212=CYLINDRICAL_SURFACE('',#6689,0.15);
#6213=CYLINDRICAL_SURFACE('',#6690,0.15);
#6214=CYLINDRICAL_SURFACE('',#6692,0.15);
#6215=CYLINDRICAL_SURFACE('',#6694,0.15);
#6216=CYLINDRICAL_SURFACE('',#6696,0.15);
#6217=CYLINDRICAL_SURFACE('',#6699,0.15);
#6218=CYLINDRICAL_SURFACE('',#6701,0.15);
#6219=CYLINDRICAL_SURFACE('',#6703,0.15);
#6220=CYLINDRICAL_SURFACE('',#6709,0.15);
#6221=CYLINDRICAL_SURFACE('',#6711,0.15);
#6222=CYLINDRICAL_SURFACE('',#6713,0.15);
#6223=CYLINDRICAL_SURFACE('',#6715,0.15);
#6224=CYLINDRICAL_SURFACE('',#6717,0.15);
#6225=CYLINDRICAL_SURFACE('',#6723,0.15);
#6226=CYLINDRICAL_SURFACE('',#6725,0.305);
#6227=CYLINDRICAL_SURFACE('',#6730,0.25);
#6228=CYLINDRICAL_SURFACE('',#6750,0.25);
#6229=CYLINDRICAL_SURFACE('',#6757,0.25);
#6230=CYLINDRICAL_SURFACE('',#6765,0.25);
#6231=CYLINDRICAL_SURFACE('',#6768,0.5);
#6232=CYLINDRICAL_SURFACE('',#6776,0.5);
#6233=CYLINDRICAL_SURFACE('',#6787,0.25);
#6234=CYLINDRICAL_SURFACE('',#6799,0.25);
#6235=CYLINDRICAL_SURFACE('',#6802,0.5);
#6236=CYLINDRICAL_SURFACE('',#6810,0.5);
#6237=CYLINDRICAL_SURFACE('',#6821,0.25);
#6238=CYLINDRICAL_SURFACE('',#6830,0.25);
#6239=CYLINDRICAL_SURFACE('',#6837,0.25);
#6240=ADVANCED_FACE('',(#666),#6209,.F.);
#6241=ADVANCED_FACE('',(#667),#446,.T.);
#6242=ADVANCED_FACE('',(#668),#447,.F.);
#6243=ADVANCED_FACE('',(#669),#448,.F.);
#6244=ADVANCED_FACE('',(#670),#449,.F.);
#6245=ADVANCED_FACE('',(#671),#450,.T.);
#6246=ADVANCED_FACE('',(#672),#451,.T.);
#6247=ADVANCED_FACE('',(#673,#407),#452,.T.);
#6248=ADVANCED_FACE('',(#674),#453,.F.);
#6249=ADVANCED_FACE('',(#675),#454,.F.);
#6250=ADVANCED_FACE('',(#676),#455,.F.);
#6251=ADVANCED_FACE('',(#677),#456,.F.);
#6252=ADVANCED_FACE('',(#678),#457,.F.);
#6253=ADVANCED_FACE('',(#679),#458,.T.);
#6254=ADVANCED_FACE('',(#680),#459,.F.);
#6255=ADVANCED_FACE('',(#681),#460,.F.);
#6256=ADVANCED_FACE('',(#682),#461,.F.);
#6257=ADVANCED_FACE('',(#683),#462,.T.);
#6258=ADVANCED_FACE('',(#684),#463,.T.);
#6259=ADVANCED_FACE('',(#685),#464,.F.);
#6260=ADVANCED_FACE('',(#686),#465,.T.);
#6261=ADVANCED_FACE('',(#687),#6210,.T.);
#6262=ADVANCED_FACE('',(#688),#6211,.T.);
#6263=ADVANCED_FACE('',(#689),#6212,.T.);
#6264=ADVANCED_FACE('',(#690),#6213,.T.);
#6265=ADVANCED_FACE('',(#691),#6214,.T.);
#6266=ADVANCED_FACE('',(#692),#6215,.T.);
#6267=ADVANCED_FACE('',(#693),#6216,.T.);
#6268=ADVANCED_FACE('',(#694),#6217,.T.);
#6269=ADVANCED_FACE('',(#695),#6218,.T.);
#6270=ADVANCED_FACE('',(#696),#6219,.T.);
#6271=ADVANCED_FACE('',(#697),#185,.T.);
#6272=ADVANCED_FACE('',(#698),#186,.T.);
#6273=ADVANCED_FACE('',(#699),#6220,.T.);
#6274=ADVANCED_FACE('',(#700),#6221,.T.);
#6275=ADVANCED_FACE('',(#701),#6222,.T.);
#6276=ADVANCED_FACE('',(#702),#6223,.T.);
#6277=ADVANCED_FACE('',(#703),#6224,.T.);
#6278=ADVANCED_FACE('',(#704),#187,.T.);
#6279=ADVANCED_FACE('',(#705),#188,.T.);
#6280=ADVANCED_FACE('',(#706),#6225,.T.);
#6281=ADVANCED_FACE('',(#707),#466,.T.);
#6282=ADVANCED_FACE('',(#708),#6226,.T.);
#6283=ADVANCED_FACE('',(#709),#467,.F.);
#6284=ADVANCED_FACE('',(#710),#468,.T.);
#6285=ADVANCED_FACE('',(#711),#6227,.F.);
#6286=ADVANCED_FACE('',(#712),#469,.T.);
#6287=ADVANCED_FACE('',(#713),#470,.T.);
#6288=ADVANCED_FACE('',(#714),#471,.T.);
#6289=ADVANCED_FACE('',(#715),#472,.T.);
#6290=ADVANCED_FACE('',(#716),#473,.T.);
#6291=ADVANCED_FACE('',(#717),#474,.T.);
#6292=ADVANCED_FACE('',(#718),#475,.T.);
#6293=ADVANCED_FACE('',(#719),#476,.T.);
#6294=ADVANCED_FACE('',(#720),#477,.T.);
#6295=ADVANCED_FACE('',(#721),#478,.T.);
#6296=ADVANCED_FACE('',(#722),#479,.T.);
#6297=ADVANCED_FACE('',(#723),#480,.T.);
#6298=ADVANCED_FACE('',(#724,#408),#481,.T.);
#6299=ADVANCED_FACE('',(#725,#409),#482,.F.);
#6300=ADVANCED_FACE('',(#726),#483,.F.);
#6301=ADVANCED_FACE('',(#727),#6228,.F.);
#6302=ADVANCED_FACE('',(#728),#484,.F.);
#6303=ADVANCED_FACE('',(#729),#485,.F.);
#6304=ADVANCED_FACE('',(#730),#486,.T.);
#6305=ADVANCED_FACE('',(#731),#487,.F.);
#6306=ADVANCED_FACE('',(#732),#6229,.F.);
#6307=ADVANCED_FACE('',(#733),#488,.F.);
#6308=ADVANCED_FACE('',(#734),#489,.F.);
#6309=ADVANCED_FACE('',(#735),#490,.F.);
#6310=ADVANCED_FACE('',(#736),#491,.T.);
#6311=ADVANCED_FACE('',(#737),#492,.F.);
#6312=ADVANCED_FACE('',(#738),#493,.F.);
#6313=ADVANCED_FACE('',(#739),#494,.F.);
#6314=ADVANCED_FACE('',(#740),#6230,.F.);
#6315=ADVANCED_FACE('',(#741),#6231,.T.);
#6316=ADVANCED_FACE('',(#742),#495,.F.);
#6317=ADVANCED_FACE('',(#743),#496,.F.);
#6318=ADVANCED_FACE('',(#744),#497,.F.);
#6319=ADVANCED_FACE('',(#745),#6232,.T.);
#6320=ADVANCED_FACE('',(#746),#498,.F.);
#6321=ADVANCED_FACE('',(#747),#499,.T.);
#6322=ADVANCED_FACE('',(#748),#500,.F.);
#6323=ADVANCED_FACE('',(#749),#501,.F.);
#6324=ADVANCED_FACE('',(#750),#6233,.F.);
#6325=ADVANCED_FACE('',(#751),#502,.F.);
#6326=ADVANCED_FACE('',(#752),#503,.T.);
#6327=ADVANCED_FACE('',(#753),#504,.F.);
#6328=ADVANCED_FACE('',(#754),#505,.F.);
#6329=ADVANCED_FACE('',(#755),#506,.T.);
#6330=ADVANCED_FACE('',(#756),#507,.F.);
#6331=ADVANCED_FACE('',(#757),#508,.T.);
#6332=ADVANCED_FACE('',(#758),#509,.T.);
#6333=ADVANCED_FACE('',(#759),#510,.F.);
#6334=ADVANCED_FACE('',(#760),#511,.F.);
#6335=ADVANCED_FACE('',(#761),#512,.F.);
#6336=ADVANCED_FACE('',(#762),#6234,.F.);
#6337=ADVANCED_FACE('',(#763),#6235,.T.);
#6338=ADVANCED_FACE('',(#764),#513,.F.);
#6339=ADVANCED_FACE('',(#765),#514,.F.);
#6340=ADVANCED_FACE('',(#766),#515,.F.);
#6341=ADVANCED_FACE('',(#767),#6236,.T.);
#6342=ADVANCED_FACE('',(#768),#516,.F.);
#6343=ADVANCED_FACE('',(#769),#517,.T.);
#6344=ADVANCED_FACE('',(#770),#518,.F.);
#6345=ADVANCED_FACE('',(#771),#519,.F.);
#6346=ADVANCED_FACE('',(#772),#6237,.F.);
#6347=ADVANCED_FACE('',(#773),#520,.F.);
#6348=ADVANCED_FACE('',(#774),#521,.T.);
#6349=ADVANCED_FACE('',(#775),#522,.F.);
#6350=ADVANCED_FACE('',(#776),#523,.F.);
#6351=ADVANCED_FACE('',(#777),#524,.T.);
#6352=ADVANCED_FACE('',(#778),#525,.T.);
#6353=ADVANCED_FACE('',(#779),#526,.T.);
#6354=ADVANCED_FACE('',(#780),#527,.F.);
#6355=ADVANCED_FACE('',(#781),#6238,.T.);
#6356=ADVANCED_FACE('',(#782),#528,.F.);
#6357=ADVANCED_FACE('',(#783),#529,.F.);
#6358=ADVANCED_FACE('',(#784),#530,.F.);
#6359=ADVANCED_FACE('',(#785),#6239,.T.);
#6360=ADVANCED_FACE('',(#786),#531,.F.);
#6361=ADVANCED_FACE('',(#787),#19,.F.);
#6362=ADVANCED_FACE('',(#788),#20,.F.);
#6363=ADVANCED_FACE('',(#789),#21,.F.);
#6364=ADVANCED_FACE('',(#790),#22,.F.);
#6365=ADVANCED_FACE('',(#791),#532,.F.);
#6366=ADVANCED_FACE('',(#792),#533,.F.);
#6367=ADVANCED_FACE('',(#793),#534,.F.);
#6368=ADVANCED_FACE('',(#794),#23,.F.);
#6369=ADVANCED_FACE('',(#795),#24,.F.);
#6370=ADVANCED_FACE('',(#796),#25,.F.);
#6371=ADVANCED_FACE('',(#797),#535,.F.);
#6372=ADVANCED_FACE('',(#798),#536,.F.);
#6373=ADVANCED_FACE('',(#799),#537,.F.);
#6374=ADVANCED_FACE('',(#800),#26,.F.);
#6375=ADVANCED_FACE('',(#801),#27,.F.);
#6376=ADVANCED_FACE('',(#802),#538,.F.);
#6377=ADVANCED_FACE('',(#803),#28,.F.);
#6378=ADVANCED_FACE('',(#804),#29,.F.);
#6379=ADVANCED_FACE('',(#805),#30,.F.);
#6380=ADVANCED_FACE('',(#806),#31,.F.);
#6381=ADVANCED_FACE('',(#807),#539,.F.);
#6382=ADVANCED_FACE('',(#808),#540,.F.);
#6383=ADVANCED_FACE('',(#809),#541,.F.);
#6384=ADVANCED_FACE('',(#810),#32,.F.);
#6385=ADVANCED_FACE('',(#811),#33,.F.);
#6386=ADVANCED_FACE('',(#812),#34,.F.);
#6387=ADVANCED_FACE('',(#813),#35,.F.);
#6388=ADVANCED_FACE('',(#814),#36,.F.);
#6389=ADVANCED_FACE('',(#815),#542,.T.);
#6390=ADVANCED_FACE('',(#816),#543,.F.);
#6391=ADVANCED_FACE('',(#817),#37,.F.);
#6392=ADVANCED_FACE('',(#818),#38,.F.);
#6393=ADVANCED_FACE('',(#819),#544,.F.);
#6394=ADVANCED_FACE('',(#820),#545,.F.);
#6395=ADVANCED_FACE('',(#821),#546,.F.);
#6396=ADVANCED_FACE('',(#822),#547,.F.);
#6397=ADVANCED_FACE('',(#823),#39,.F.);
#6398=ADVANCED_FACE('',(#824),#40,.F.);
#6399=ADVANCED_FACE('',(#825),#548,.F.);
#6400=ADVANCED_FACE('',(#826),#549,.F.);
#6401=ADVANCED_FACE('',(#827),#550,.F.);
#6402=ADVANCED_FACE('',(#828),#41,.F.);
#6403=ADVANCED_FACE('',(#829),#42,.F.);
#6404=ADVANCED_FACE('',(#830),#43,.F.);
#6405=ADVANCED_FACE('',(#831),#44,.F.);
#6406=ADVANCED_FACE('',(#832),#45,.F.);
#6407=ADVANCED_FACE('',(#833),#46,.F.);
#6408=ADVANCED_FACE('',(#834),#47,.F.);
#6409=ADVANCED_FACE('',(#835),#551,.F.);
#6410=ADVANCED_FACE('',(#836),#48,.F.);
#6411=ADVANCED_FACE('',(#837),#49,.F.);
#6412=ADVANCED_FACE('',(#838),#552,.F.);
#6413=ADVANCED_FACE('',(#839),#553,.T.);
#6414=ADVANCED_FACE('',(#840),#554,.F.);
#6415=ADVANCED_FACE('',(#841),#50,.T.);
#6416=ADVANCED_FACE('',(#842),#51,.F.);
#6417=ADVANCED_FACE('',(#843),#52,.F.);
#6418=ADVANCED_FACE('',(#844),#53,.F.);
#6419=ADVANCED_FACE('',(#845),#54,.F.);
#6420=ADVANCED_FACE('',(#846),#555,.T.);
#6421=ADVANCED_FACE('',(#847),#55,.F.);
#6422=ADVANCED_FACE('',(#848),#556,.F.);
#6423=ADVANCED_FACE('',(#849),#56,.F.);
#6424=ADVANCED_FACE('',(#850),#57,.F.);
#6425=ADVANCED_FACE('',(#851),#58,.F.);
#6426=ADVANCED_FACE('',(#852),#557,.F.);
#6427=ADVANCED_FACE('',(#853),#59,.F.);
#6428=ADVANCED_FACE('',(#854),#60,.F.);
#6429=ADVANCED_FACE('',(#855),#61,.F.);
#6430=ADVANCED_FACE('',(#856),#62,.F.);
#6431=ADVANCED_FACE('',(#857),#558,.F.);
#6432=ADVANCED_FACE('',(#858),#559,.F.);
#6433=ADVANCED_FACE('',(#859),#560,.F.);
#6434=ADVANCED_FACE('',(#860),#561,.F.);
#6435=ADVANCED_FACE('',(#861),#562,.F.);
#6436=ADVANCED_FACE('',(#862),#63,.F.);
#6437=ADVANCED_FACE('',(#863),#563,.F.);
#6438=ADVANCED_FACE('',(#864),#564,.F.);
#6439=ADVANCED_FACE('',(#865),#565,.F.);
#6440=ADVANCED_FACE('',(#866),#566,.F.);
#6441=ADVANCED_FACE('',(#867),#567,.F.);
#6442=ADVANCED_FACE('',(#868),#568,.F.);
#6443=ADVANCED_FACE('',(#869),#569,.F.);
#6444=ADVANCED_FACE('',(#870),#570,.F.);
#6445=ADVANCED_FACE('',(#871),#64,.F.);
#6446=ADVANCED_FACE('',(#872),#65,.F.);
#6447=ADVANCED_FACE('',(#873),#66,.F.);
#6448=ADVANCED_FACE('',(#874),#571,.F.);
#6449=ADVANCED_FACE('',(#875),#67,.F.);
#6450=ADVANCED_FACE('',(#876),#572,.F.);
#6451=ADVANCED_FACE('',(#877),#68,.F.);
#6452=ADVANCED_FACE('',(#878),#573,.T.);
#6453=ADVANCED_FACE('',(#879,#410),#574,.T.);
#6454=ADVANCED_FACE('',(#880,#411),#575,.F.);
#6455=ADVANCED_FACE('',(#881),#69,.F.);
#6456=ADVANCED_FACE('',(#882),#70,.F.);
#6457=ADVANCED_FACE('',(#883),#71,.F.);
#6458=ADVANCED_FACE('',(#884),#72,.F.);
#6459=ADVANCED_FACE('',(#885),#73,.F.);
#6460=ADVANCED_FACE('',(#886),#74,.F.);
#6461=ADVANCED_FACE('',(#887),#75,.F.);
#6462=ADVANCED_FACE('',(#888),#76,.F.);
#6463=ADVANCED_FACE('',(#889),#77,.F.);
#6464=ADVANCED_FACE('',(#890),#78,.F.);
#6465=ADVANCED_FACE('',(#891),#79,.F.);
#6466=ADVANCED_FACE('',(#892),#80,.F.);
#6467=ADVANCED_FACE('',(#893),#81,.F.);
#6468=ADVANCED_FACE('',(#894),#82,.F.);
#6469=ADVANCED_FACE('',(#895),#83,.F.);
#6470=ADVANCED_FACE('',(#896),#576,.T.);
#6471=ADVANCED_FACE('',(#897),#577,.F.);
#6472=ADVANCED_FACE('',(#898),#84,.F.);
#6473=ADVANCED_FACE('',(#899),#85,.F.);
#6474=ADVANCED_FACE('',(#900),#578,.F.);
#6475=ADVANCED_FACE('',(#901),#86,.F.);
#6476=ADVANCED_FACE('',(#902),#87,.F.);
#6477=ADVANCED_FACE('',(#903),#579,.F.);
#6478=ADVANCED_FACE('',(#904),#580,.F.);
#6479=ADVANCED_FACE('',(#905),#581,.F.);
#6480=ADVANCED_FACE('',(#906),#582,.F.);
#6481=ADVANCED_FACE('',(#907),#583,.F.);
#6482=ADVANCED_FACE('',(#908),#88,.F.);
#6483=ADVANCED_FACE('',(#909),#584,.F.);
#6484=ADVANCED_FACE('',(#910,#412),#585,.T.);
#6485=ADVANCED_FACE('',(#911,#413),#586,.F.);
#6486=ADVANCED_FACE('',(#912),#587,.F.);
#6487=ADVANCED_FACE('',(#913),#89,.F.);
#6488=ADVANCED_FACE('',(#914),#588,.F.);
#6489=ADVANCED_FACE('',(#915),#589,.F.);
#6490=ADVANCED_FACE('',(#916),#590,.F.);
#6491=ADVANCED_FACE('',(#917),#591,.F.);
#6492=ADVANCED_FACE('',(#918),#592,.F.);
#6493=ADVANCED_FACE('',(#919),#593,.F.);
#6494=ADVANCED_FACE('',(#920),#594,.F.);
#6495=ADVANCED_FACE('',(#921),#595,.F.);
#6496=ADVANCED_FACE('',(#922),#596,.F.);
#6497=ADVANCED_FACE('',(#923),#597,.F.);
#6498=ADVANCED_FACE('',(#924),#598,.T.);
#6499=ADVANCED_FACE('',(#925),#599,.F.);
#6500=ADVANCED_FACE('',(#926),#600,.F.);
#6501=ADVANCED_FACE('',(#927),#90,.F.);
#6502=ADVANCED_FACE('',(#928),#601,.F.);
#6503=ADVANCED_FACE('',(#929),#602,.F.);
#6504=ADVANCED_FACE('',(#930),#603,.F.);
#6505=ADVANCED_FACE('',(#931),#91,.F.);
#6506=ADVANCED_FACE('',(#932),#604,.F.);
#6507=ADVANCED_FACE('',(#933),#605,.F.);
#6508=ADVANCED_FACE('',(#934),#606,.T.);
#6509=ADVANCED_FACE('',(#935),#607,.F.);
#6510=ADVANCED_FACE('',(#936),#92,.F.);
#6511=ADVANCED_FACE('',(#937),#93,.F.);
#6512=ADVANCED_FACE('',(#938),#608,.F.);
#6513=ADVANCED_FACE('',(#939),#609,.F.);
#6514=ADVANCED_FACE('',(#940),#610,.F.);
#6515=ADVANCED_FACE('',(#941),#611,.F.);
#6516=ADVANCED_FACE('',(#942),#612,.F.);
#6517=ADVANCED_FACE('',(#943),#613,.F.);
#6518=ADVANCED_FACE('',(#944),#614,.F.);
#6519=ADVANCED_FACE('',(#945,#414),#615,.T.);
#6520=ADVANCED_FACE('',(#946,#415),#616,.F.);
#6521=ADVANCED_FACE('',(#947),#617,.F.);
#6522=ADVANCED_FACE('',(#948),#94,.F.);
#6523=ADVANCED_FACE('',(#949),#95,.F.);
#6524=ADVANCED_FACE('',(#950),#96,.F.);
#6525=ADVANCED_FACE('',(#951),#618,.F.);
#6526=ADVANCED_FACE('',(#952),#619,.F.);
#6527=ADVANCED_FACE('',(#953),#620,.F.);
#6528=ADVANCED_FACE('',(#954),#621,.F.);
#6529=ADVANCED_FACE('',(#955),#97,.F.);
#6530=ADVANCED_FACE('',(#956),#98,.F.);
#6531=ADVANCED_FACE('',(#957),#622,.F.);
#6532=ADVANCED_FACE('',(#958),#623,.F.);
#6533=ADVANCED_FACE('',(#959),#99,.F.);
#6534=ADVANCED_FACE('',(#960,#416),#624,.T.);
#6535=ADVANCED_FACE('',(#961,#417),#625,.F.);
#6536=ADVANCED_FACE('',(#962),#100,.F.);
#6537=ADVANCED_FACE('',(#963),#101,.F.);
#6538=ADVANCED_FACE('',(#964),#102,.F.);
#6539=ADVANCED_FACE('',(#965),#103,.F.);
#6540=ADVANCED_FACE('',(#966,#418),#626,.T.);
#6541=ADVANCED_FACE('',(#967,#419),#627,.F.);
#6542=ADVANCED_FACE('',(#968),#104,.F.);
#6543=ADVANCED_FACE('',(#969),#105,.F.);
#6544=ADVANCED_FACE('',(#970),#628,.F.);
#6545=ADVANCED_FACE('',(#971),#629,.F.);
#6546=ADVANCED_FACE('',(#972),#630,.F.);
#6547=ADVANCED_FACE('',(#973),#631,.F.);
#6548=ADVANCED_FACE('',(#974),#106,.F.);
#6549=ADVANCED_FACE('',(#975),#632,.F.);
#6550=ADVANCED_FACE('',(#976),#633,.F.);
#6551=ADVANCED_FACE('',(#977),#107,.F.);
#6552=ADVANCED_FACE('',(#978,#420),#634,.T.);
#6553=ADVANCED_FACE('',(#979,#421),#635,.F.);
#6554=ADVANCED_FACE('',(#980),#636,.F.);
#6555=ADVANCED_FACE('',(#981),#108,.F.);
#6556=ADVANCED_FACE('',(#982),#109,.F.);
#6557=ADVANCED_FACE('',(#983),#110,.F.);
#6558=ADVANCED_FACE('',(#984),#637,.F.);
#6559=ADVANCED_FACE('',(#985),#638,.F.);
#6560=ADVANCED_FACE('',(#986),#639,.F.);
#6561=ADVANCED_FACE('',(#987),#640,.F.);
#6562=ADVANCED_FACE('',(#988),#111,.F.);
#6563=ADVANCED_FACE('',(#989),#112,.F.);
#6564=ADVANCED_FACE('',(#990),#641,.F.);
#6565=ADVANCED_FACE('',(#991),#642,.F.);
#6566=ADVANCED_FACE('',(#992),#113,.F.);
#6567=ADVANCED_FACE('',(#993,#422),#643,.T.);
#6568=ADVANCED_FACE('',(#994,#423),#644,.F.);
#6569=ADVANCED_FACE('',(#995),#114,.F.);
#6570=ADVANCED_FACE('',(#996),#115,.F.);
#6571=ADVANCED_FACE('',(#997),#116,.F.);
#6572=ADVANCED_FACE('',(#998),#117,.F.);
#6573=ADVANCED_FACE('',(#999),#118,.F.);
#6574=ADVANCED_FACE('',(#1000),#119,.F.);
#6575=ADVANCED_FACE('',(#1001,#424),#645,.T.);
#6576=ADVANCED_FACE('',(#1002,#425),#646,.F.);
#6577=ADVANCED_FACE('',(#1003),#120,.F.);
#6578=ADVANCED_FACE('',(#1004),#121,.F.);
#6579=ADVANCED_FACE('',(#1005),#647,.F.);
#6580=ADVANCED_FACE('',(#1006),#648,.F.);
#6581=ADVANCED_FACE('',(#1007),#649,.F.);
#6582=ADVANCED_FACE('',(#1008),#650,.F.);
#6583=ADVANCED_FACE('',(#1009),#651,.F.);
#6584=ADVANCED_FACE('',(#1010),#652,.F.);
#6585=ADVANCED_FACE('',(#1011),#653,.F.);
#6586=ADVANCED_FACE('',(#1012),#654,.F.);
#6587=ADVANCED_FACE('',(#1013),#122,.F.);
#6588=ADVANCED_FACE('',(#1014),#655,.T.);
#6589=ADVANCED_FACE('',(#1015),#656,.F.);
#6590=ADVANCED_FACE('',(#1016),#657,.F.);
#6591=ADVANCED_FACE('',(#1017),#658,.F.);
#6592=ADVANCED_FACE('',(#1018),#659,.F.);
#6593=ADVANCED_FACE('',(#1019),#660,.F.);
#6594=ADVANCED_FACE('',(#1020),#661,.T.);
#6595=ADVANCED_FACE('',(#1021),#662,.F.);
#6596=ADVANCED_FACE('',(#1022),#663,.F.);
#6597=ADVANCED_FACE('',(#1023),#123,.F.);
#6598=ADVANCED_FACE('',(#1024),#124,.F.);
#6599=ADVANCED_FACE('',(#1025),#125,.F.);
#6600=ADVANCED_FACE('',(#1026),#126,.F.);
#6601=ADVANCED_FACE('',(#1027),#127,.F.);
#6602=ADVANCED_FACE('',(#1028),#128,.F.);
#6603=ADVANCED_FACE('',(#1029),#664,.T.);
#6604=ADVANCED_FACE('',(#1030),#665,.F.);
#6605=CLOSED_SHELL('',(#6240,#6241,#6242,#6243,#6244,#6245,#6246,#6247,
#6248,#6249,#6250,#6251,#6252,#6253,#6254,#6255,#6256,#6257,#6258,#6259,
#6260,#6261,#6262,#6263,#6264,#6265,#6266,#6267,#6268,#6269,#6270,#6271,
#6272,#6273,#6274,#6275,#6276,#6277,#6278,#6279,#6280,#6281));
#6606=CLOSED_SHELL('',(#6282,#6283,#6284));
#6607=CLOSED_SHELL('',(#6285,#6286,#6287,#6288,#6289,#6290,#6291,#6292,
#6293,#6294,#6295,#6296,#6297,#6298,#6299,#6300,#6301,#6302));
#6608=CLOSED_SHELL('',(#6303,#6304,#6305,#6306,#6307,#6308,#6309,#6310));
#6609=CLOSED_SHELL('',(#6311,#6312,#6313,#6314,#6315,#6316,#6317,#6318,
#6319,#6320,#6321,#6322,#6323,#6324,#6325,#6326,#6327,#6328,#6329,#6330,
#6331,#6332));
#6610=CLOSED_SHELL('',(#6333,#6334,#6335,#6336,#6337,#6338,#6339,#6340,
#6341,#6342,#6343,#6344,#6345,#6346,#6347,#6348,#6349,#6350,#6351,#6352,
#6353,#6354));
#6611=CLOSED_SHELL('',(#6355,#6356,#6357,#6358,#6359,#6360));
#6612=CLOSED_SHELL('',(#6361,#6362,#6363,#6364,#6365,#6366,#6367,#6368,
#6369,#6370,#6371,#6372,#6373,#6374,#6375,#6376,#6377,#6378,#6379,#6380,
#6381,#6382,#6383,#6384,#6385,#6386,#6387,#6388,#6389,#6390));
#6613=CLOSED_SHELL('',(#6391,#6392,#6393,#6394,#6395,#6396,#6397,#6398,
#6399,#6400,#6401,#6402,#6403,#6404,#6405,#6406,#6407,#6408,#6409,#6410,
#6411,#6412,#6413,#6414));
#6614=CLOSED_SHELL('',(#6415,#6416,#6417,#6418,#6419,#6420,#6421,#6422,
#6423,#6424,#6425,#6426,#6427,#6428,#6429,#6430,#6431,#6432,#6433,#6434,
#6435,#6436,#6437,#6438,#6439,#6440,#6441,#6442,#6443,#6444,#6445,#6446,
#6447,#6448,#6449,#6450,#6451,#6452,#6453,#6454));
#6615=CLOSED_SHELL('',(#6455,#6456,#6457,#6458,#6459,#6460,#6461,#6462,
#6463,#6464,#6465,#6466,#6467,#6468,#6469,#6470,#6471));
#6616=CLOSED_SHELL('',(#6472,#6473,#6474,#6475,#6476,#6477,#6478,#6479,
#6480,#6481,#6482,#6483,#6484,#6485));
#6617=CLOSED_SHELL('',(#6486,#6487,#6488,#6489,#6490,#6491,#6492,#6493,
#6494,#6495,#6496,#6497,#6498,#6499));
#6618=CLOSED_SHELL('',(#6500,#6501,#6502,#6503,#6504,#6505,#6506,#6507,
#6508,#6509));
#6619=CLOSED_SHELL('',(#6510,#6511,#6512,#6513,#6514,#6515,#6516,#6517,
#6518,#6519,#6520));
#6620=CLOSED_SHELL('',(#6521,#6522,#6523,#6524,#6525,#6526,#6527,#6528,
#6529,#6530,#6531,#6532,#6533,#6534,#6535));
#6621=CLOSED_SHELL('',(#6536,#6537,#6538,#6539,#6540,#6541));
#6622=CLOSED_SHELL('',(#6542,#6543,#6544,#6545,#6546,#6547,#6548,#6549,
#6550,#6551,#6552,#6553));
#6623=CLOSED_SHELL('',(#6554,#6555,#6556,#6557,#6558,#6559,#6560,#6561,
#6562,#6563,#6564,#6565,#6566,#6567,#6568));
#6624=CLOSED_SHELL('',(#6569,#6570,#6571,#6572,#6573,#6574,#6575,#6576));
#6625=CLOSED_SHELL('',(#6577,#6578,#6579,#6580,#6581,#6582,#6583,#6584,
#6585,#6586,#6587,#6588,#6589));
#6626=CLOSED_SHELL('',(#6590,#6591,#6592,#6593,#6594,#6595));
#6627=CLOSED_SHELL('',(#6596,#6597,#6598,#6599,#6600,#6601,#6602,#6603,
#6604));
#6628=DERIVED_UNIT_ELEMENT(#6632,1.);
#6629=DERIVED_UNIT_ELEMENT(#11726,-3.);
#6630=DERIVED_UNIT_ELEMENT(#6632,1.);
#6631=DERIVED_UNIT_ELEMENT(#11726,-3.);
#6632=(
MASS_UNIT()
NAMED_UNIT(*)
SI_UNIT(.KILO.,.GRAM.)
);
#6633=DERIVED_UNIT((#6628,#6629));
#6634=DERIVED_UNIT((#6630,#6631));
#6635=MEASURE_REPRESENTATION_ITEM('density measure',
POSITIVE_RATIO_MEASURE(7850.),#6633);
#6636=MEASURE_REPRESENTATION_ITEM('density measure',
POSITIVE_RATIO_MEASURE(7850.),#6634);
#6637=PROPERTY_DEFINITION_REPRESENTATION(#6647,#6641);
#6638=PROPERTY_DEFINITION_REPRESENTATION(#6648,#6642);
#6639=PROPERTY_DEFINITION_REPRESENTATION(#6649,#6643);
#6640=PROPERTY_DEFINITION_REPRESENTATION(#6650,#6644);
#6641=REPRESENTATION('material name',(#6645),#11722);
#6642=REPRESENTATION('density',(#6635),#11722);
#6643=REPRESENTATION('material name',(#6646),#11723);
#6644=REPRESENTATION('density',(#6636),#11723);
#6645=DESCRIPTIVE_REPRESENTATION_ITEM('Steel','Steel');
#6646=DESCRIPTIVE_REPRESENTATION_ITEM('Steel','Steel');
#6647=PROPERTY_DEFINITION('material property','material name',#11742);
#6648=PROPERTY_DEFINITION('material property','density of part',#11742);
#6649=PROPERTY_DEFINITION('material property','material name',#11743);
#6650=PROPERTY_DEFINITION('material property','density of part',#11743);
#6651=AXIS2_PLACEMENT_3D('',#8291,#6981,#6982);
#6652=AXIS2_PLACEMENT_3D('',#8292,#6983,#6984);
#6653=AXIS2_PLACEMENT_3D('',#8293,#6985,#6986);
#6654=AXIS2_PLACEMENT_3D('',#8295,#6987,#6988);
#6655=AXIS2_PLACEMENT_3D('',#8298,#6990,#6991);
#6656=AXIS2_PLACEMENT_3D('',#8299,#6992,#6993);
#6657=AXIS2_PLACEMENT_3D('',#8308,#6998,#6999);
#6658=AXIS2_PLACEMENT_3D('',#8313,#7001,#7002);
#6659=AXIS2_PLACEMENT_3D('',#8316,#7004,#7005);
#6660=AXIS2_PLACEMENT_3D('',#8334,#7014,#7015);
#6661=AXIS2_PLACEMENT_3D('',#8337,#7017,#7018);
#6662=AXIS2_PLACEMENT_3D('',#8338,#7019,#7020);
#6663=AXIS2_PLACEMENT_3D('',#8343,#7022,#7023);
#6664=AXIS2_PLACEMENT_3D('',#8347,#7025,#7026);
#6665=AXIS2_PLACEMENT_3D('',#8351,#7029,#7030);
#6666=AXIS2_PLACEMENT_3D('',#8362,#7034,#7035);
#6667=AXIS2_PLACEMENT_3D('',#8368,#7039,#7040);
#6668=AXIS2_PLACEMENT_3D('',#8379,#7044,#7045);
#6669=AXIS2_PLACEMENT_3D('',#8388,#7050,#7051);
#6670=AXIS2_PLACEMENT_3D('',#8395,#7056,#7057);
#6671=AXIS2_PLACEMENT_3D('',#8399,#7059,#7060);
#6672=AXIS2_PLACEMENT_3D('',#8401,#7061,#7062);
#6673=AXIS2_PLACEMENT_3D('',#8405,#7065,#7066);
#6674=AXIS2_PLACEMENT_3D('',#8409,#7068,#7069);
#6675=AXIS2_PLACEMENT_3D('',#8412,#7071,#7072);
#6676=AXIS2_PLACEMENT_3D('',#8416,#7075,#7076);
#6677=AXIS2_PLACEMENT_3D('',#8428,#7083,#7084);
#6678=AXIS2_PLACEMENT_3D('',#8440,#7091,#7092);
#6679=AXIS2_PLACEMENT_3D('',#8444,#7095,#7096);
#6680=AXIS2_PLACEMENT_3D('',#8448,#7099,#7100);
#6681=AXIS2_PLACEMENT_3D('',#8452,#7103,#7104);
#6682=AXIS2_PLACEMENT_3D('',#8456,#7107,#7108);
#6683=AXIS2_PLACEMENT_3D('',#8460,#7111,#7112);
#6684=AXIS2_PLACEMENT_3D('',#8464,#7115,#7116);
#6685=AXIS2_PLACEMENT_3D('',#8466,#7118,#7119);
#6686=AXIS2_PLACEMENT_3D('',#8467,#7120,#7121);
#6687=AXIS2_PLACEMENT_3D('',#8468,#7122,#7123);
#6688=AXIS2_PLACEMENT_3D('',#8469,#7124,#7125);
#6689=AXIS2_PLACEMENT_3D('',#8501,#7126,#7127);
#6690=AXIS2_PLACEMENT_3D('',#8533,#7128,#7129);
#6691=AXIS2_PLACEMENT_3D('',#8534,#7130,#7131);
#6692=AXIS2_PLACEMENT_3D('',#8535,#7132,#7133);
#6693=AXIS2_PLACEMENT_3D('',#8536,#7134,#7135);
#6694=AXIS2_PLACEMENT_3D('',#8537,#7136,#7137);
#6695=AXIS2_PLACEMENT_3D('',#8538,#7138,#7139);
#6696=AXIS2_PLACEMENT_3D('',#8539,#7140,#7141);
#6697=AXIS2_PLACEMENT_3D('',#8540,#7142,#7143);
#6698=AXIS2_PLACEMENT_3D('',#8541,#7144,#7145);
#6699=AXIS2_PLACEMENT_3D('',#8542,#7146,#7147);
#6700=AXIS2_PLACEMENT_3D('',#8543,#7148,#7149);
#6701=AXIS2_PLACEMENT_3D('',#8544,#7150,#7151);
#6702=AXIS2_PLACEMENT_3D('',#8545,#7152,#7153);
#6703=AXIS2_PLACEMENT_3D('',#8546,#7154,#7155);
#6704=AXIS2_PLACEMENT_3D('',#8547,#7156,#7157);
#6705=AXIS2_PLACEMENT_3D('',#8548,#7158,#7159);
#6706=AXIS2_PLACEMENT_3D('',#8549,#7160,#7161);
#6707=AXIS2_PLACEMENT_3D('',#8550,#7162,#7163);
#6708=AXIS2_PLACEMENT_3D('',#8551,#7164,#7165);
#6709=AXIS2_PLACEMENT_3D('',#8552,#7166,#7167);
#6710=AXIS2_PLACEMENT_3D('',#8553,#7168,#7169);
#6711=AXIS2_PLACEMENT_3D('',#8554,#7170,#7171);
#6712=AXIS2_PLACEMENT_3D('',#8555,#7172,#7173);
#6713=AXIS2_PLACEMENT_3D('',#8556,#7174,#7175);
#6714=AXIS2_PLACEMENT_3D('',#8557,#7176,#7177);
#6715=AXIS2_PLACEMENT_3D('',#8558,#7178,#7179);
#6716=AXIS2_PLACEMENT_3D('',#8559,#7180,#7181);
#6717=AXIS2_PLACEMENT_3D('',#8560,#7182,#7183);
#6718=AXIS2_PLACEMENT_3D('',#8561,#7184,#7185);
#6719=AXIS2_PLACEMENT_3D('',#8562,#7186,#7187);
#6720=AXIS2_PLACEMENT_3D('',#8563,#7188,#7189);
#6721=AXIS2_PLACEMENT_3D('',#8564,#7190,#7191);
#6722=AXIS2_PLACEMENT_3D('',#8565,#7192,#7193);
#6723=AXIS2_PLACEMENT_3D('',#8566,#7194,#7195);
#6724=AXIS2_PLACEMENT_3D('',#8567,#7196,#7197);
#6725=AXIS2_PLACEMENT_3D('',#8568,#7198,#7199);
#6726=AXIS2_PLACEMENT_3D('',#8570,#7200,#7201);
#6727=AXIS2_PLACEMENT_3D('',#8573,#7203,#7204);
#6728=AXIS2_PLACEMENT_3D('',#8574,#7205,#7206);
#6729=AXIS2_PLACEMENT_3D('',#8575,#7207,#7208);
#6730=AXIS2_PLACEMENT_3D('',#8576,#7209,#7210);
#6731=AXIS2_PLACEMENT_3D('',#8579,#7211,#7212);
#6732=AXIS2_PLACEMENT_3D('',#8583,#7214,#7215);
#6733=AXIS2_PLACEMENT_3D('',#8585,#7217,#7218);
#6734=AXIS2_PLACEMENT_3D('',#8594,#7223,#7224);
#6735=AXIS2_PLACEMENT_3D('',#8600,#7228,#7229);
#6736=AXIS2_PLACEMENT_3D('',#8606,#7233,#7234);
#6737=AXIS2_PLACEMENT_3D('',#8612,#7238,#7239);
#6738=AXIS2_PLACEMENT_3D('',#8618,#7243,#7244);
#6739=AXIS2_PLACEMENT_3D('',#8624,#7248,#7249);
#6740=AXIS2_PLACEMENT_3D('',#8630,#7253,#7254);
#6741=AXIS2_PLACEMENT_3D('',#8636,#7258,#7259);
#6742=AXIS2_PLACEMENT_3D('',#8642,#7263,#7264);
#6743=AXIS2_PLACEMENT_3D('',#8648,#7268,#7269);
#6744=AXIS2_PLACEMENT_3D('',#8654,#7273,#7274);
#6745=AXIS2_PLACEMENT_3D('',#8657,#7277,#7278);
#6746=AXIS2_PLACEMENT_3D('',#8661,#7280,#7281);
#6747=AXIS2_PLACEMENT_3D('',#8663,#7283,#7284);
#6748=AXIS2_PLACEMENT_3D('',#8668,#7287,#7288);
#6749=AXIS2_PLACEMENT_3D('',#8669,#7289,#7290);
#6750=AXIS2_PLACEMENT_3D('',#8671,#7292,#7293);
#6751=AXIS2_PLACEMENT_3D('',#8673,#7295,#7296);
#6752=AXIS2_PLACEMENT_3D('',#8674,#7297,#7298);
#6753=AXIS2_PLACEMENT_3D('',#8683,#7303,#7304);
#6754=AXIS2_PLACEMENT_3D('',#8689,#7307,#7308);
#6755=AXIS2_PLACEMENT_3D('',#8693,#7311,#7312);
#6756=AXIS2_PLACEMENT_3D('',#8702,#7317,#7318);
#6757=AXIS2_PLACEMENT_3D('',#8703,#7319,#7320);
#6758=AXIS2_PLACEMENT_3D('',#8705,#7322,#7323);
#6759=AXIS2_PLACEMENT_3D('',#8707,#7325,#7326);
#6760=AXIS2_PLACEMENT_3D('',#8709,#7328,#7329);
#6761=AXIS2_PLACEMENT_3D('',#8711,#7331,#7332);
#6762=AXIS2_PLACEMENT_3D('',#8712,#7333,#7334);
#6763=AXIS2_PLACEMENT_3D('',#8721,#7339,#7340);
#6764=AXIS2_PLACEMENT_3D('',#8727,#7344,#7345);
#6765=AXIS2_PLACEMENT_3D('',#8733,#7349,#7350);
#6766=AXIS2_PLACEMENT_3D('',#8735,#7351,#7352);
#6767=AXIS2_PLACEMENT_3D('',#8738,#7354,#7355);
#6768=AXIS2_PLACEMENT_3D('',#8739,#7356,#7357);
#6769=AXIS2_PLACEMENT_3D('',#8743,#7359,#7360);
#6770=AXIS2_PLACEMENT_3D('',#8745,#7361,#7362);
#6771=AXIS2_PLACEMENT_3D('',#8749,#7364,#7365);
#6772=AXIS2_PLACEMENT_3D('',#8752,#7367,#7368);
#6773=AXIS2_PLACEMENT_3D('',#8753,#7369,#7370);
#6774=AXIS2_PLACEMENT_3D('',#8770,#7379,#7380);
#6775=AXIS2_PLACEMENT_3D('',#8776,#7384,#7385);
#6776=AXIS2_PLACEMENT_3D('',#8790,#7393,#7394);
#6777=AXIS2_PLACEMENT_3D('',#8794,#7396,#7397);
#6778=AXIS2_PLACEMENT_3D('',#8796,#7398,#7399);
#6779=AXIS2_PLACEMENT_3D('',#8800,#7401,#7402);
#6780=AXIS2_PLACEMENT_3D('',#8803,#7404,#7405);
#6781=AXIS2_PLACEMENT_3D('',#8804,#7406,#7407);
#6782=AXIS2_PLACEMENT_3D('',#8807,#7410,#7411);
#6783=AXIS2_PLACEMENT_3D('',#8811,#7414,#7415);
#6784=AXIS2_PLACEMENT_3D('',#8813,#7417,#7418);
#6785=AXIS2_PLACEMENT_3D('',#8816,#7420,#7421);
#6786=AXIS2_PLACEMENT_3D('',#8819,#7424,#7425);
#6787=AXIS2_PLACEMENT_3D('',#8821,#7427,#7428);
#6788=AXIS2_PLACEMENT_3D('',#8822,#7429,#7430);
#6789=AXIS2_PLACEMENT_3D('',#8824,#7432,#7433);
#6790=AXIS2_PLACEMENT_3D('',#8825,#7434,#7435);
#6791=AXIS2_PLACEMENT_3D('',#8827,#7437,#7438);
#6792=AXIS2_PLACEMENT_3D('',#8828,#7439,#7440);
#6793=AXIS2_PLACEMENT_3D('',#8830,#7442,#7443);
#6794=AXIS2_PLACEMENT_3D('',#8831,#7444,#7445);
#6795=AXIS2_PLACEMENT_3D('',#8833,#7447,#7448);
#6796=AXIS2_PLACEMENT_3D('',#8834,#7449,#7450);
#6797=AXIS2_PLACEMENT_3D('',#8843,#7455,#7456);
#6798=AXIS2_PLACEMENT_3D('',#8849,#7460,#7461);
#6799=AXIS2_PLACEMENT_3D('',#8855,#7465,#7466);
#6800=AXIS2_PLACEMENT_3D('',#8859,#7468,#7469);
#6801=AXIS2_PLACEMENT_3D('',#8860,#7470,#7471);
#6802=AXIS2_PLACEMENT_3D('',#8861,#7472,#7473);
#6803=AXIS2_PLACEMENT_3D('',#8866,#7475,#7476);
#6804=AXIS2_PLACEMENT_3D('',#8870,#7478,#7479);
#6805=AXIS2_PLACEMENT_3D('',#8873,#7481,#7482);
#6806=AXIS2_PLACEMENT_3D('',#8874,#7483,#7484);
#6807=AXIS2_PLACEMENT_3D('',#8875,#7485,#7486);
#6808=AXIS2_PLACEMENT_3D('',#8892,#7495,#7496);
#6809=AXIS2_PLACEMENT_3D('',#8898,#7500,#7501);
#6810=AXIS2_PLACEMENT_3D('',#8912,#7509,#7510);
#6811=AXIS2_PLACEMENT_3D('',#8917,#7512,#7513);
#6812=AXIS2_PLACEMENT_3D('',#8921,#7515,#7516);
#6813=AXIS2_PLACEMENT_3D('',#8924,#7518,#7519);
#6814=AXIS2_PLACEMENT_3D('',#8925,#7520,#7521);
#6815=AXIS2_PLACEMENT_3D('',#8926,#7522,#7523);
#6816=AXIS2_PLACEMENT_3D('',#8929,#7526,#7527);
#6817=AXIS2_PLACEMENT_3D('',#8934,#7531,#7532);
#6818=AXIS2_PLACEMENT_3D('',#8935,#7533,#7534);
#6819=AXIS2_PLACEMENT_3D('',#8938,#7536,#7537);
#6820=AXIS2_PLACEMENT_3D('',#8941,#7540,#7541);
#6821=AXIS2_PLACEMENT_3D('',#8943,#7543,#7544);
#6822=AXIS2_PLACEMENT_3D('',#8944,#7545,#7546);
#6823=AXIS2_PLACEMENT_3D('',#8946,#7548,#7549);
#6824=AXIS2_PLACEMENT_3D('',#8947,#7550,#7551);
#6825=AXIS2_PLACEMENT_3D('',#8949,#7553,#7554);
#6826=AXIS2_PLACEMENT_3D('',#8950,#7555,#7556);
#6827=AXIS2_PLACEMENT_3D('',#8952,#7558,#7559);
#6828=AXIS2_PLACEMENT_3D('',#8953,#7560,#7561);
#6829=AXIS2_PLACEMENT_3D('',#8955,#7563,#7564);
#6830=AXIS2_PLACEMENT_3D('',#8956,#7565,#7566);
#6831=AXIS2_PLACEMENT_3D('',#8959,#7567,#7568);
#6832=AXIS2_PLACEMENT_3D('',#8963,#7570,#7571);
#6833=AXIS2_PLACEMENT_3D('',#8965,#7573,#7574);
#6834=AXIS2_PLACEMENT_3D('',#8968,#7575,#7576);
#6835=AXIS2_PLACEMENT_3D('',#8971,#7579,#7580);
#6836=AXIS2_PLACEMENT_3D('',#8975,#7583,#7584);
#6837=AXIS2_PLACEMENT_3D('',#8979,#7587,#7588);
#6838=AXIS2_PLACEMENT_3D('',#8980,#7589,#7590);
#6839=AXIS2_PLACEMENT_3D('',#8981,#7591,#7592);
#6840=AXIS2_PLACEMENT_3D('',#8982,#7593,#7594);
#6841=AXIS2_PLACEMENT_3D('',#9062,#7600,#7601);
#6842=AXIS2_PLACEMENT_3D('',#9068,#7605,#7606);
#6843=AXIS2_PLACEMENT_3D('',#9074,#7610,#7611);
#6844=AXIS2_PLACEMENT_3D('',#9137,#7618,#7619);
#6845=AXIS2_PLACEMENT_3D('',#9143,#7623,#7624);
#6846=AXIS2_PLACEMENT_3D('',#9149,#7628,#7629);
#6847=AXIS2_PLACEMENT_3D('',#9193,#7635,#7636);
#6848=AXIS2_PLACEMENT_3D('',#9275,#7644,#7645);
#6849=AXIS2_PLACEMENT_3D('',#9281,#7649,#7650);
#6850=AXIS2_PLACEMENT_3D('',#9287,#7654,#7655);
#6851=AXIS2_PLACEMENT_3D('',#9385,#7663,#7664);
#6852=AXIS2_PLACEMENT_3D('',#9386,#7665,#7666);
#6853=AXIS2_PLACEMENT_3D('',#9428,#7670,#7671);
#6854=AXIS2_PLACEMENT_3D('',#9434,#7675,#7676);
#6855=AXIS2_PLACEMENT_3D('',#9440,#7680,#7681);
#6856=AXIS2_PLACEMENT_3D('',#9446,#7685,#7686);
#6857=AXIS2_PLACEMENT_3D('',#9490,#7692,#7693);
#6858=AXIS2_PLACEMENT_3D('',#9496,#7697,#7698);
#6859=AXIS2_PLACEMENT_3D('',#9502,#7702,#7703);
#6860=AXIS2_PLACEMENT_3D('',#9641,#7714,#7715);
#6861=AXIS2_PLACEMENT_3D('',#9685,#7721,#7722);
#6862=AXIS2_PLACEMENT_3D('',#9688,#7725,#7726);
#6863=AXIS2_PLACEMENT_3D('',#9689,#7727,#7728);
#6864=AXIS2_PLACEMENT_3D('',#9788,#7735,#7736);
#6865=AXIS2_PLACEMENT_3D('',#9816,#7742,#7743);
#6866=AXIS2_PLACEMENT_3D('',#9879,#7750,#7751);
#6867=AXIS2_PLACEMENT_3D('',#9961,#7759,#7760);
#6868=AXIS2_PLACEMENT_3D('',#9967,#7764,#7765);
#6869=AXIS2_PLACEMENT_3D('',#9973,#7769,#7770);
#6870=AXIS2_PLACEMENT_3D('',#9979,#7774,#7775);
#6871=AXIS2_PLACEMENT_3D('',#9985,#7779,#7780);
#6872=AXIS2_PLACEMENT_3D('',#10010,#7785,#7786);
#6873=AXIS2_PLACEMENT_3D('',#10016,#7790,#7791);
#6874=AXIS2_PLACEMENT_3D('',#10022,#7795,#7796);
#6875=AXIS2_PLACEMENT_3D('',#10028,#7800,#7801);
#6876=AXIS2_PLACEMENT_3D('',#10034,#7805,#7806);
#6877=AXIS2_PLACEMENT_3D('',#10040,#7810,#7811);
#6878=AXIS2_PLACEMENT_3D('',#10046,#7815,#7816);
#6879=AXIS2_PLACEMENT_3D('',#10052,#7820,#7821);
#6880=AXIS2_PLACEMENT_3D('',#10115,#7828,#7829);
#6881=AXIS2_PLACEMENT_3D('',#10140,#7834,#7835);
#6882=AXIS2_PLACEMENT_3D('',#10162,#7839,#7840);
#6883=AXIS2_PLACEMENT_3D('',#10165,#7843,#7844);
#6884=AXIS2_PLACEMENT_3D('',#10166,#7845,#7846);
#6885=AXIS2_PLACEMENT_3D('',#10452,#7862,#7863);
#6886=AXIS2_PLACEMENT_3D('',#10453,#7864,#7865);
#6887=AXIS2_PLACEMENT_3D('',#10495,#7869,#7870);
#6888=AXIS2_PLACEMENT_3D('',#10542,#7877,#7878);
#6889=AXIS2_PLACEMENT_3D('',#10548,#7882,#7883);
#6890=AXIS2_PLACEMENT_3D('',#10554,#7887,#7888);
#6891=AXIS2_PLACEMENT_3D('',#10560,#7892,#7893);
#6892=AXIS2_PLACEMENT_3D('',#10566,#7897,#7898);
#6893=AXIS2_PLACEMENT_3D('',#10588,#7902,#7903);
#6894=AXIS2_PLACEMENT_3D('',#10591,#7906,#7907);
#6895=AXIS2_PLACEMENT_3D('',#10592,#7908,#7909);
#6896=AXIS2_PLACEMENT_3D('',#10593,#7910,#7911);
#6897=AXIS2_PLACEMENT_3D('',#10621,#7917,#7918);
#6898=AXIS2_PLACEMENT_3D('',#10627,#7922,#7923);
#6899=AXIS2_PLACEMENT_3D('',#10633,#7927,#7928);
#6900=AXIS2_PLACEMENT_3D('',#10639,#7932,#7933);
#6901=AXIS2_PLACEMENT_3D('',#10645,#7937,#7938);
#6902=AXIS2_PLACEMENT_3D('',#10651,#7942,#7943);
#6903=AXIS2_PLACEMENT_3D('',#10657,#7947,#7948);
#6904=AXIS2_PLACEMENT_3D('',#10663,#7952,#7953);
#6905=AXIS2_PLACEMENT_3D('',#10669,#7957,#7958);
#6906=AXIS2_PLACEMENT_3D('',#10675,#7962,#7963);
#6907=AXIS2_PLACEMENT_3D('',#10678,#7966,#7967);
#6908=AXIS2_PLACEMENT_3D('',#10679,#7968,#7969);
#6909=AXIS2_PLACEMENT_3D('',#10680,#7970,#7971);
#6910=AXIS2_PLACEMENT_3D('',#10708,#7977,#7978);
#6911=AXIS2_PLACEMENT_3D('',#10714,#7982,#7983);
#6912=AXIS2_PLACEMENT_3D('',#10720,#7987,#7988);
#6913=AXIS2_PLACEMENT_3D('',#10745,#7993,#7994);
#6914=AXIS2_PLACEMENT_3D('',#10751,#7998,#7999);
#6915=AXIS2_PLACEMENT_3D('',#10754,#8002,#8003);
#6916=AXIS2_PLACEMENT_3D('',#10755,#8004,#8005);
#6917=AXIS2_PLACEMENT_3D('',#10797,#8009,#8010);
#6918=AXIS2_PLACEMENT_3D('',#10803,#8014,#8015);
#6919=AXIS2_PLACEMENT_3D('',#10809,#8019,#8020);
#6920=AXIS2_PLACEMENT_3D('',#10815,#8024,#8025);
#6921=AXIS2_PLACEMENT_3D('',#10824,#8030,#8031);
#6922=AXIS2_PLACEMENT_3D('',#10830,#8035,#8036);
#6923=AXIS2_PLACEMENT_3D('',#10833,#8039,#8040);
#6924=AXIS2_PLACEMENT_3D('',#10836,#8043,#8044);
#6925=AXIS2_PLACEMENT_3D('',#10837,#8045,#8046);
#6926=AXIS2_PLACEMENT_3D('',#10838,#8047,#8048);
#6927=AXIS2_PLACEMENT_3D('',#10904,#8056,#8057);
#6928=AXIS2_PLACEMENT_3D('',#10910,#8061,#8062);
#6929=AXIS2_PLACEMENT_3D('',#10916,#8066,#8067);
#6930=AXIS2_PLACEMENT_3D('',#10922,#8071,#8072);
#6931=AXIS2_PLACEMENT_3D('',#10938,#8076,#8077);
#6932=AXIS2_PLACEMENT_3D('',#10942,#8079,#8080);
#6933=AXIS2_PLACEMENT_3D('',#10963,#8083,#8084);
#6934=AXIS2_PLACEMENT_3D('',#10969,#8088,#8089);
#6935=AXIS2_PLACEMENT_3D('',#10988,#8092,#8093);
#6936=AXIS2_PLACEMENT_3D('',#10989,#8094,#8095);
#6937=AXIS2_PLACEMENT_3D('',#11066,#8100,#8101);
#6938=AXIS2_PLACEMENT_3D('',#11067,#8102,#8103);
#6939=AXIS2_PLACEMENT_3D('',#11109,#8107,#8108);
#6940=AXIS2_PLACEMENT_3D('',#11115,#8112,#8113);
#6941=AXIS2_PLACEMENT_3D('',#11121,#8117,#8118);
#6942=AXIS2_PLACEMENT_3D('',#11127,#8122,#8123);
#6943=AXIS2_PLACEMENT_3D('',#11155,#8129,#8130);
#6944=AXIS2_PLACEMENT_3D('',#11161,#8134,#8135);
#6945=AXIS2_PLACEMENT_3D('',#11180,#8138,#8139);
#6946=AXIS2_PLACEMENT_3D('',#11181,#8140,#8141);
#6947=AXIS2_PLACEMENT_3D('',#11182,#8142,#8143);
#6948=AXIS2_PLACEMENT_3D('',#11248,#8151,#8152);
#6949=AXIS2_PLACEMENT_3D('',#11254,#8156,#8157);
#6950=AXIS2_PLACEMENT_3D('',#11260,#8161,#8162);
#6951=AXIS2_PLACEMENT_3D('',#11266,#8166,#8167);
#6952=AXIS2_PLACEMENT_3D('',#11313,#8174,#8175);
#6953=AXIS2_PLACEMENT_3D('',#11319,#8179,#8180);
#6954=AXIS2_PLACEMENT_3D('',#11338,#8183,#8184);
#6955=AXIS2_PLACEMENT_3D('',#11339,#8185,#8186);
#6956=AXIS2_PLACEMENT_3D('',#11464,#8193,#8194);
#6957=AXIS2_PLACEMENT_3D('',#11465,#8195,#8196);
#6958=AXIS2_PLACEMENT_3D('',#11507,#8200,#8201);
#6959=AXIS2_PLACEMENT_3D('',#11513,#8205,#8206);
#6960=AXIS2_PLACEMENT_3D('',#11519,#8210,#8211);
#6961=AXIS2_PLACEMENT_3D('',#11525,#8215,#8216);
#6962=AXIS2_PLACEMENT_3D('',#11531,#8220,#8221);
#6963=AXIS2_PLACEMENT_3D('',#11537,#8225,#8226);
#6964=AXIS2_PLACEMENT_3D('',#11543,#8230,#8231);
#6965=AXIS2_PLACEMENT_3D('',#11549,#8235,#8236);
#6966=AXIS2_PLACEMENT_3D('',#11571,#8240,#8241);
#6967=AXIS2_PLACEMENT_3D('',#11572,#8242,#8243);
#6968=AXIS2_PLACEMENT_3D('',#11573,#8244,#8245);
#6969=AXIS2_PLACEMENT_3D('',#11582,#8250,#8251);
#6970=AXIS2_PLACEMENT_3D('',#11588,#8255,#8256);
#6971=AXIS2_PLACEMENT_3D('',#11594,#8260,#8261);
#6972=AXIS2_PLACEMENT_3D('',#11597,#8264,#8265);
#6973=AXIS2_PLACEMENT_3D('',#11598,#8266,#8267);
#6974=AXIS2_PLACEMENT_3D('',#11599,#8268,#8269);
#6975=AXIS2_PLACEMENT_3D('',#11693,#8278,#8279);
#6976=AXIS2_PLACEMENT_3D('',#11696,#8281,#8282);
#6977=AXIS2_PLACEMENT_3D('',#11713,#8283,#8284);
#6978=AXIS2_PLACEMENT_3D('',#11714,#8285,#8286);
#6979=AXIS2_PLACEMENT_3D('',#11715,#8287,#8288);
#6980=AXIS2_PLACEMENT_3D('',#11716,#8289,#8290);
#6981=DIRECTION('axis',(0.,0.,1.));
#6982=DIRECTION('refdir',(1.,0.,0.));
#6983=DIRECTION('axis',(0.,0.,1.));
#6984=DIRECTION('refdir',(1.,0.,0.));
#6985=DIRECTION('center_axis',(0.,0.,1.));
#6986=DIRECTION('ref_axis',(1.,0.,0.));
#6987=DIRECTION('center_axis',(0.,0.,1.));
#6988=DIRECTION('ref_axis',(1.,0.,0.));
#6989=DIRECTION('',(0.,0.,1.));
#6990=DIRECTION('center_axis',(0.,0.,1.));
#6991=DIRECTION('ref_axis',(1.,0.,0.));
#6992=DIRECTION('center_axis',(0.,1.,0.));
#6993=DIRECTION('ref_axis',(0.,0.,1.));
#6994=DIRECTION('',(1.,0.,0.));
#6995=DIRECTION('',(0.,0.,1.));
#6996=DIRECTION('',(1.,0.,0.));
#6997=DIRECTION('',(0.,0.,-1.));
#6998=DIRECTION('center_axis',(0.,0.,1.));
#6999=DIRECTION('ref_axis',(1.,0.,0.));
#7000=DIRECTION('',(1.,0.,0.));
#7001=DIRECTION('center_axis',(1.57939104497252E-15,6.50621386630664E-16,
-1.));
#7002=DIRECTION('ref_axis',(-1.56631338040753E-11,1.,6.50621386605926E-16));
#7003=DIRECTION('',(0.,1.,0.));
#7004=DIRECTION('center_axis',(0.,0.,-1.));
#7005=DIRECTION('ref_axis',(1.,0.,0.));
#7006=DIRECTION('',(0.,-1.,0.));
#7007=DIRECTION('',(1.,0.,0.));
#7008=DIRECTION('',(2.56615898813137E-16,1.,0.));
#7009=DIRECTION('',(-1.,1.27553196763E-16,0.));
#7010=DIRECTION('',(0.,1.,0.));
#7011=DIRECTION('',(-1.,0.,0.));
#7012=DIRECTION('',(0.,-1.,0.));
#7013=DIRECTION('',(1.,0.,0.));
#7014=DIRECTION('center_axis',(0.,0.,-1.));
#7015=DIRECTION('ref_axis',(1.,0.,0.));
#7016=DIRECTION('',(0.,1.,0.));
#7017=DIRECTION('center_axis',(6.54205191118259E-16,-1.5707389755738E-15,
-1.));
#7018=DIRECTION('ref_axis',(2.65798634251346E-11,1.,-1.57073897555641E-15));
#7019=DIRECTION('center_axis',(0.,1.,0.));
#7020=DIRECTION('ref_axis',(0.,0.,1.));
#7021=DIRECTION('',(-0.104528463267646,0.,-0.994521895368274));
#7022=DIRECTION('center_axis',(2.69488590569599E-12,-1.,5.15619498262533E-11));
#7023=DIRECTION('ref_axis',(-0.104528462173613,-5.1561180355474E-11,-0.994521895483262));
#7024=DIRECTION('',(1.,0.,0.));
#7025=DIRECTION('center_axis',(0.,-1.,0.));
#7026=DIRECTION('ref_axis',(0.104528462019331,0.,-0.994521895499477));
#7027=DIRECTION('',(-0.104528463267646,0.,0.994521895368274));
#7028=DIRECTION('',(1.,0.,0.));
#7029=DIRECTION('center_axis',(-1.,0.,0.));
#7030=DIRECTION('ref_axis',(0.,0.,1.));
#7031=DIRECTION('',(0.,0.104528463267647,-0.994521895368274));
#7032=DIRECTION('',(0.,0.,1.));
#7033=DIRECTION('',(0.,1.,0.));
#7034=DIRECTION('center_axis',(0.,1.,0.));
#7035=DIRECTION('ref_axis',(0.,0.,1.));
#7036=DIRECTION('',(1.,0.,0.));
#7037=DIRECTION('',(0.,0.,-1.));
#7038=DIRECTION('',(0.,0.,-1.));
#7039=DIRECTION('center_axis',(-1.,0.,0.));
#7040=DIRECTION('ref_axis',(0.,0.,1.));
#7041=DIRECTION('',(0.,-0.104528463267647,0.994521895368274));
#7042=DIRECTION('',(0.,1.,0.));
#7043=DIRECTION('',(0.,0.,-1.));
#7044=DIRECTION('center_axis',(0.,0.,1.));
#7045=DIRECTION('ref_axis',(1.,0.,0.));
#7046=DIRECTION('',(0.,-1.,0.));
#7047=DIRECTION('',(1.,0.,0.));
#7048=DIRECTION('',(0.,1.,0.));
#7049=DIRECTION('',(-1.,0.,0.));
#7050=DIRECTION('center_axis',(0.,0.994521895368274,0.104528463267647));
#7051=DIRECTION('ref_axis',(0.,-0.104528463267647,0.994521895368274));
#7052=DIRECTION('',(-0.103962051184491,0.103962051184491,-0.989132844377855));
#7053=DIRECTION('',(0.,0.104528463267647,-0.994521895368274));
#7054=DIRECTION('',(0.,-0.104528463267647,0.994521895368274));
#7055=DIRECTION('',(-0.103962051184491,-0.103962051184491,0.989132844377855));
#7056=DIRECTION('center_axis',(0.,0.994521895368274,-0.104528463267646));
#7057=DIRECTION('ref_axis',(0.,0.104528463267646,0.994521895368274));
#7058=DIRECTION('',(-0.103962051184491,-0.103962051184491,-0.989132844377855));
#7059=DIRECTION('center_axis',(2.26618319588684E-12,-0.994521895363899,
0.104528463309274));
#7060=DIRECTION('ref_axis',(-0.105097892634247,-0.103949572251422,-0.98901411486014));
#7061=DIRECTION('center_axis',(-9.30602523696662E-13,-0.994521895366526,
0.10452846328428));
#7062=DIRECTION('ref_axis',(0.105097893538304,-0.10394957221644,-0.989014114767747));
#7063=DIRECTION('',(-0.103962051184491,0.103962051184491,0.989132844377855));
#7064=DIRECTION('',(-1.,0.,0.));
#7065=DIRECTION('center_axis',(0.,-0.994521895368274,-0.104528463267647));
#7066=DIRECTION('ref_axis',(0.,0.104528463267647,-0.994521895368274));
#7067=DIRECTION('',(0.103962051184491,0.103962051184491,-0.989132844377855));
#7068=DIRECTION('center_axis',(1.71830889179286E-12,0.99452189537204,0.10452846323182));
#7069=DIRECTION('ref_axis',(7.28799772036406E-9,-0.10452846323182,0.994521895372039));
#7070=DIRECTION('',(1.,0.,0.));
#7071=DIRECTION('center_axis',(-1.65967642024497E-12,0.994521895371977,
0.104528463232412));
#7072=DIRECTION('ref_axis',(-7.42057577412173E-9,-0.104528463232412,0.994521895371977));
#7073=DIRECTION('',(0.103962051184491,-0.103962051184491,0.989132844377855));
#7074=DIRECTION('',(1.,0.,0.));
#7075=DIRECTION('center_axis',(0.994521895368274,0.,-0.104528463267646));
#7076=DIRECTION('ref_axis',(-0.104528463267646,0.,-0.994521895368274));
#7077=DIRECTION('',(0.103962051184491,-0.103962051184491,0.989132844377855));
#7078=DIRECTION('',(0.104528463267646,0.,0.994521895368274));
#7079=DIRECTION('',(0.103962051184491,0.103962051184491,0.989132844377855));
#7080=DIRECTION('',(0.,1.,0.));
#7081=DIRECTION('',(-0.103962051184491,0.103962051184491,-0.989132844377855));
#7082=DIRECTION('',(0.,1.,0.));
#7083=DIRECTION('center_axis',(-0.994521895368274,0.,-0.104528463267646));
#7084=DIRECTION('ref_axis',(-0.104528463267646,0.,0.994521895368274));
#7085=DIRECTION('',(0.104528463267646,0.,-0.994521895368274));
#7086=DIRECTION('',(0.103962051184491,0.103962051184491,-0.989132844377855));
#7087=DIRECTION('',(0.,1.,0.));
#7088=DIRECTION('',(-0.103962051184491,-0.103962051184491,0.989132844377855));
#7089=DIRECTION('',(0.,-1.,0.));
#7090=DIRECTION('',(0.103962051184491,-0.103962051184491,-0.989132844377855));
#7091=DIRECTION('center_axis',(1.,0.,0.));
#7092=DIRECTION('ref_axis',(0.,0.,-1.));
#7093=DIRECTION('',(0.,-1.,0.));
#7094=DIRECTION('',(0.,0.,-1.));
#7095=DIRECTION('center_axis',(0.,1.,0.));
#7096=DIRECTION('ref_axis',(0.,0.,1.));
#7097=DIRECTION('',(1.,0.,0.));
#7098=DIRECTION('',(0.,0.,-1.));
#7099=DIRECTION('center_axis',(-1.,2.56615898813137E-16,0.));
#7100=DIRECTION('ref_axis',(-2.56615898813137E-16,-1.,0.));
#7101=DIRECTION('',(2.56615898813137E-16,1.,0.));
#7102=DIRECTION('',(0.,0.,-1.));
#7103=DIRECTION('center_axis',(-1.27553196763E-16,-1.,0.));
#7104=DIRECTION('ref_axis',(1.,-1.27553196763E-16,0.));
#7105=DIRECTION('',(-1.,1.27553196763E-16,0.));
#7106=DIRECTION('',(0.,0.,-1.));
#7107=DIRECTION('center_axis',(-1.,0.,0.));
#7108=DIRECTION('ref_axis',(0.,0.,1.));
#7109=DIRECTION('',(0.,1.,0.));
#7110=DIRECTION('',(0.,0.,-1.));
#7111=DIRECTION('center_axis',(0.,-1.,0.));
#7112=DIRECTION('ref_axis',(0.,0.,-1.));
#7113=DIRECTION('',(-1.,0.,0.));
#7114=DIRECTION('',(0.,0.,-1.));
#7115=DIRECTION('center_axis',(1.,0.,0.));
#7116=DIRECTION('ref_axis',(0.,0.,-1.));
#7117=DIRECTION('',(0.,-1.,0.));
#7118=DIRECTION('center_axis',(0.,0.,-1.));
#7119=DIRECTION('ref_axis',(-1.,0.,0.));
#7120=DIRECTION('center_axis',(0.,0.104528463267647,-0.994521895368274));
#7121=DIRECTION('ref_axis',(0.,0.994521895368274,0.104528463267647));
#7122=DIRECTION('center_axis',(0.0520515868624348,-0.104386764203324,0.99317371882479));
#7123=DIRECTION('ref_axis',(0.998644397323243,0.00544087249198308,-0.0517664428121498));
#7124=DIRECTION('center_axis',(0.,0.,-1.));
#7125=DIRECTION('ref_axis',(-1.,0.,0.));
#7126=DIRECTION('center_axis',(0.,0.,1.));
#7127=DIRECTION('ref_axis',(1.,0.,0.));
#7128=DIRECTION('center_axis',(0.,-0.104528463267647,0.994521895368274));
#7129=DIRECTION('ref_axis',(0.,-0.994521895368274,-0.104528463267647));
#7130=DIRECTION('center_axis',(-0.0520515868629416,-0.104386764202768,0.993173718824821));
#7131=DIRECTION('ref_axis',(0.998644397323216,-0.00544087229247782,0.0517664428336283));
#7132=DIRECTION('center_axis',(-0.103962051184491,0.103962051184491,-0.989132844377855));
#7133=DIRECTION('ref_axis',(-1.18090075295701E-18,0.994521895368274,0.104528463267647));
#7134=DIRECTION('center_axis',(0.10438676420311,-0.0520515868626707,0.9931737188248));
#7135=DIRECTION('ref_axis',(-0.00544087238313374,-0.99864439732323,-0.0517664428238275));
#7136=DIRECTION('center_axis',(0.103962051184491,-0.103962051184491,0.989132844377855));
#7137=DIRECTION('ref_axis',(-1.00003340069767E-17,-0.994521895368274,-0.104528463267647));
#7138=DIRECTION('center_axis',(0.103962051184491,-0.103962051184491,0.989132844377855));
#7139=DIRECTION('ref_axis',(0.994521895368274,3.08004285091961E-17,-0.104528463267647));
#7140=DIRECTION('center_axis',(-1.,0.,0.));
#7141=DIRECTION('ref_axis',(0.,0.,1.));
#7142=DIRECTION('center_axis',(1.,-3.03877973899911E-16,2.89120579329468E-15));
#7143=DIRECTION('ref_axis',(2.89120579329468E-15,-1.75162308040602E-46,
-1.));
#7144=DIRECTION('center_axis',(-1.,-2.9071313630798E-15,0.));
#7145=DIRECTION('ref_axis',(2.9071313630798E-15,-1.,0.));
#7146=DIRECTION('center_axis',(0.103962051184491,0.103962051184491,-0.989132844377855));
#7147=DIRECTION('ref_axis',(8.87425761904507E-18,0.994521895368274,0.104528463267647));
#7148=DIRECTION('center_axis',(-0.103962051184491,-0.103962051184491,0.989132844377855));
#7149=DIRECTION('ref_axis',(0.994521895368274,7.66484410363045E-19,0.104528463267647));
#7150=DIRECTION('center_axis',(-0.103962051184491,-0.103962051184491,0.989132844377855));
#7151=DIRECTION('ref_axis',(3.48524105330846E-17,-0.994521895368274,-0.104528463267647));
#7152=DIRECTION('center_axis',(-0.104386764203424,-0.0520515868623594,0.993173718824783));
#7153=DIRECTION('ref_axis',(0.00544087224551998,-0.998644397323247,-0.0517664428379783));
#7154=DIRECTION('center_axis',(0.104528463267646,0.,0.994521895368274));
#7155=DIRECTION('ref_axis',(0.994521895368274,0.,-0.104528463267646));
#7156=DIRECTION('center_axis',(0.104386764203254,0.0520515868629483,0.99317371882477));
#7157=DIRECTION('ref_axis',(0.00544087233650813,-0.998644397323216,0.0517664428290072));
#7158=DIRECTION('center_axis',(0.,1.,0.));
#7159=DIRECTION('ref_axis',(1.,0.,0.));
#7160=DIRECTION('center_axis',(0.,-1.,0.));
#7161=DIRECTION('ref_axis',(0.,0.,1.));
#7162=DIRECTION('center_axis',(0.,1.,0.));
#7163=DIRECTION('ref_axis',(1.,0.,0.));
#7164=DIRECTION('center_axis',(2.9071313630798E-15,-1.,0.));
#7165=DIRECTION('ref_axis',(-1.,-2.9071313630798E-15,0.));
#7166=DIRECTION('center_axis',(0.104528463267646,0.,-0.994521895368274));
#7167=DIRECTION('ref_axis',(-0.994521895368274,0.,-0.104528463267646));
#7168=DIRECTION('center_axis',(-0.104386764203489,0.0520515868631787,0.993173718824733));
#7169=DIRECTION('ref_axis',(-0.0054408722745032,-0.998644397323204,0.0517664428357558));
#7170=DIRECTION('center_axis',(-0.103962051184491,-0.103962051184491,-0.989132844377856));
#7171=DIRECTION('ref_axis',(-0.994521895368274,-7.17683081580968E-18,0.104528463267646));
#7172=DIRECTION('center_axis',(0.103962051184491,0.103962051184491,0.989132844377855));
#7173=DIRECTION('ref_axis',(0.994521895368274,1.90938389895153E-18,-0.104528463267647));
#7174=DIRECTION('center_axis',(0.,-1.,0.));
#7175=DIRECTION('ref_axis',(0.,0.,-1.));
#7176=DIRECTION('center_axis',(0.,-1.,0.));
#7177=DIRECTION('ref_axis',(0.,0.,-1.));
#7178=DIRECTION('center_axis',(0.,-1.,0.));
#7179=DIRECTION('ref_axis',(0.,0.,-1.));
#7180=DIRECTION('center_axis',(0.,-1.,0.));
#7181=DIRECTION('ref_axis',(0.,0.,-1.));
#7182=DIRECTION('center_axis',(-0.103962051184491,0.103962051184491,0.989132844377856));
#7183=DIRECTION('ref_axis',(0.994521895368274,-2.79935125275314E-17,0.104528463267646));
#7184=DIRECTION('center_axis',(-0.103962051184491,0.103962051184491,0.989132844377855));
#7185=DIRECTION('ref_axis',(0.994521895368274,3.08004285091961E-17,0.104528463267647));
#7186=DIRECTION('center_axis',(0.,1.,0.));
#7187=DIRECTION('ref_axis',(1.,0.,0.));
#7188=DIRECTION('center_axis',(1.,0.,0.));
#7189=DIRECTION('ref_axis',(0.,0.,1.));
#7190=DIRECTION('center_axis',(0.,1.,0.));
#7191=DIRECTION('ref_axis',(1.,0.,0.));
#7192=DIRECTION('center_axis',(-1.,-2.9071313630798E-15,0.));
#7193=DIRECTION('ref_axis',(-2.9071313630798E-15,1.,0.));
#7194=DIRECTION('center_axis',(-1.,0.,0.));
#7195=DIRECTION('ref_axis',(0.,0.,1.));
#7196=DIRECTION('center_axis',(0.,0.,1.));
#7197=DIRECTION('ref_axis',(1.,0.,0.));
#7198=DIRECTION('center_axis',(0.,0.,1.));
#7199=DIRECTION('ref_axis',(1.,0.,0.));
#7200=DIRECTION('center_axis',(0.,0.,1.));
#7201=DIRECTION('ref_axis',(1.,0.,0.));
#7202=DIRECTION('',(0.,0.,-1.));
#7203=DIRECTION('center_axis',(0.,0.,1.));
#7204=DIRECTION('ref_axis',(1.,0.,0.));
#7205=DIRECTION('center_axis',(0.,0.,1.));
#7206=DIRECTION('ref_axis',(1.,0.,0.));
#7207=DIRECTION('center_axis',(0.,0.,1.));
#7208=DIRECTION('ref_axis',(1.,0.,0.));
#7209=DIRECTION('center_axis',(0.,0.,-1.));
#7210=DIRECTION('ref_axis',(-1.,0.,0.));
#7211=DIRECTION('center_axis',(0.,0.,-1.));
#7212=DIRECTION('ref_axis',(1.,0.,0.));
#7213=DIRECTION('',(0.,0.,-1.));
#7214=DIRECTION('center_axis',(0.,0.,-1.));
#7215=DIRECTION('ref_axis',(1.,0.,0.));
#7216=DIRECTION('',(0.,0.,-1.));
#7217=DIRECTION('center_axis',(-1.27553196763E-16,-1.,0.));
#7218=DIRECTION('ref_axis',(1.,-1.27553196763E-16,0.));
#7219=DIRECTION('',(-1.,1.27553196763E-16,0.));
#7220=DIRECTION('',(0.,0.,-1.));
#7221=DIRECTION('',(-1.,1.27553196763E-16,0.));
#7222=DIRECTION('',(0.,0.,-1.));
#7223=DIRECTION('center_axis',(1.,0.,0.));
#7224=DIRECTION('ref_axis',(0.,0.,-1.));
#7225=DIRECTION('',(0.,-1.,0.));
#7226=DIRECTION('',(0.,0.,-1.));
#7227=DIRECTION('',(0.,-1.,0.));
#7228=DIRECTION('center_axis',(0.,1.,0.));
#7229=DIRECTION('ref_axis',(0.,0.,1.));
#7230=DIRECTION('',(1.,0.,0.));
#7231=DIRECTION('',(0.,0.,-1.));
#7232=DIRECTION('',(1.,0.,0.));
#7233=DIRECTION('center_axis',(1.,0.,0.));
#7234=DIRECTION('ref_axis',(0.,0.,-1.));
#7235=DIRECTION('',(0.,-1.,0.));
#7236=DIRECTION('',(0.,0.,-1.));
#7237=DIRECTION('',(0.,-1.,0.));
#7238=DIRECTION('center_axis',(0.,-1.,0.));
#7239=DIRECTION('ref_axis',(0.,0.,-1.));
#7240=DIRECTION('',(-1.,0.,0.));
#7241=DIRECTION('',(0.,0.,-1.));
#7242=DIRECTION('',(-1.,0.,0.));
#7243=DIRECTION('center_axis',(1.,0.,0.));
#7244=DIRECTION('ref_axis',(0.,0.,-1.));
#7245=DIRECTION('',(0.,-1.,0.));
#7246=DIRECTION('',(0.,0.,1.));
#7247=DIRECTION('',(0.,-1.,0.));
#7248=DIRECTION('center_axis',(0.,1.,0.));
#7249=DIRECTION('ref_axis',(0.,0.,1.));
#7250=DIRECTION('',(1.,0.,0.));
#7251=DIRECTION('',(0.,0.,1.));
#7252=DIRECTION('',(1.,0.,0.));
#7253=DIRECTION('center_axis',(-1.,0.,0.));
#7254=DIRECTION('ref_axis',(0.,0.,1.));
#7255=DIRECTION('',(0.,1.,0.));
#7256=DIRECTION('',(0.,1.,0.));
#7257=DIRECTION('',(0.,0.,-1.));
#7258=DIRECTION('center_axis',(3.77113799125395E-15,-1.,0.));
#7259=DIRECTION('ref_axis',(1.,3.77113799125395E-15,0.));
#7260=DIRECTION('',(-1.,-3.77113799125396E-15,0.));
#7261=DIRECTION('',(0.,0.,-1.));
#7262=DIRECTION('',(-1.,0.,0.));
#7263=DIRECTION('center_axis',(-1.,0.,0.));
#7264=DIRECTION('ref_axis',(0.,0.,1.));
#7265=DIRECTION('',(0.,1.,0.));
#7266=DIRECTION('',(0.,0.,-1.));
#7267=DIRECTION('',(0.,1.,0.));
#7268=DIRECTION('center_axis',(0.,1.,0.));
#7269=DIRECTION('ref_axis',(0.,0.,1.));
#7270=DIRECTION('',(1.,0.,0.));
#7271=DIRECTION('',(0.,0.,-1.));
#7272=DIRECTION('',(1.,0.,0.));
#7273=DIRECTION('center_axis',(-1.,2.56615898813137E-16,0.));
#7274=DIRECTION('ref_axis',(-2.56615898813137E-16,-1.,0.));
#7275=DIRECTION('',(2.56615898813137E-16,1.,0.));
#7276=DIRECTION('',(2.56615898813137E-16,1.,0.));
#7277=DIRECTION('center_axis',(0.,0.,1.));
#7278=DIRECTION('ref_axis',(1.,0.,0.));
#7279=DIRECTION('',(1.,0.,0.));
#7280=DIRECTION('center_axis',(0.,0.,-1.));
#7281=DIRECTION('ref_axis',(-1.,0.,0.));
#7282=DIRECTION('',(-1.,-4.33680868994202E-16,0.));
#7283=DIRECTION('center_axis',(0.,0.,1.));
#7284=DIRECTION('ref_axis',(1.,0.,0.));
#7285=DIRECTION('',(1.,0.,0.));
#7286=DIRECTION('',(-1.,-4.33680868994202E-16,0.));
#7287=DIRECTION('center_axis',(0.,0.,-1.));
#7288=DIRECTION('ref_axis',(-1.,0.,0.));
#7289=DIRECTION('center_axis',(4.33680868994202E-16,-1.,0.));
#7290=DIRECTION('ref_axis',(1.,4.33680868994202E-16,0.));
#7291=DIRECTION('',(0.,0.,-1.));
#7292=DIRECTION('center_axis',(0.,0.,-1.));
#7293=DIRECTION('ref_axis',(1.,1.22464679914735E-16,0.));
#7294=DIRECTION('',(0.,0.,-1.));
#7295=DIRECTION('center_axis',(0.,1.,0.));
#7296=DIRECTION('ref_axis',(0.,0.,1.));
#7297=DIRECTION('center_axis',(0.,-0.8989499050591,0.438051444689131));
#7298=DIRECTION('ref_axis',(0.,-0.438051444689131,-0.8989499050591));
#7299=DIRECTION('',(1.,0.,0.));
#7300=DIRECTION('',(0.,0.438051444689131,0.8989499050591));
#7301=DIRECTION('',(-1.,0.,0.));
#7302=DIRECTION('',(0.,0.438051444689131,0.8989499050591));
#7303=DIRECTION('center_axis',(1.,0.,0.));
#7304=DIRECTION('ref_axis',(0.,0.,-1.));
#7305=DIRECTION('',(0.,-1.,0.));
#7306=DIRECTION('',(0.,0.,1.));
#7307=DIRECTION('center_axis',(-1.,0.,0.));
#7308=DIRECTION('ref_axis',(0.,0.,-1.));
#7309=DIRECTION('',(0.,1.,0.));
#7310=DIRECTION('',(0.,0.,1.));
#7311=DIRECTION('center_axis',(1.,0.,0.));
#7312=DIRECTION('ref_axis',(0.,0.,-1.));
#7313=DIRECTION('',(0.,0.,-1.));
#7314=DIRECTION('',(0.,-1.,0.));
#7315=DIRECTION('',(0.,0.,1.));
#7316=DIRECTION('',(0.,1.,0.));
#7317=DIRECTION('center_axis',(-1.,0.,0.));
#7318=DIRECTION('ref_axis',(0.,0.,-1.));
#7319=DIRECTION('center_axis',(-1.,0.,0.));
#7320=DIRECTION('ref_axis',(0.,0.,1.));
#7321=DIRECTION('',(-1.,0.,0.));
#7322=DIRECTION('center_axis',(0.,0.,1.));
#7323=DIRECTION('ref_axis',(1.,0.,0.));
#7324=DIRECTION('',(-1.,0.,0.));
#7325=DIRECTION('center_axis',(0.,-1.,0.));
#7326=DIRECTION('ref_axis',(0.,0.,-1.));
#7327=DIRECTION('',(-1.,0.,0.));
#7328=DIRECTION('center_axis',(0.,0.,-1.));
#7329=DIRECTION('ref_axis',(-1.,0.,0.));
#7330=DIRECTION('',(-1.,0.,0.));
#7331=DIRECTION('center_axis',(0.,-1.,0.));
#7332=DIRECTION('ref_axis',(0.,0.,-1.));
#7333=DIRECTION('center_axis',(0.,0.069756473744174,-0.997564050259821));
#7334=DIRECTION('ref_axis',(0.,0.997564050259821,0.069756473744174));
#7335=DIRECTION('',(0.,-0.997564050259821,-0.069756473744174));
#7336=DIRECTION('',(-1.,0.,0.));
#7337=DIRECTION('',(0.,-0.997564050259821,-0.069756473744174));
#7338=DIRECTION('',(-1.,0.,0.));
#7339=DIRECTION('center_axis',(0.,1.,0.));
#7340=DIRECTION('ref_axis',(0.,0.,1.));
#7341=DIRECTION('',(0.,0.,1.));
#7342=DIRECTION('',(0.,0.,1.));
#7343=DIRECTION('',(-1.,0.,0.));
#7344=DIRECTION('center_axis',(0.,-0.0697564737441754,0.997564050259821));
#7345=DIRECTION('ref_axis',(0.,-0.997564050259821,-0.0697564737441754));
#7346=DIRECTION('',(0.,0.997564050259821,0.0697564737441754));
#7347=DIRECTION('',(0.,0.997564050259821,0.0697564737441754));
#7348=DIRECTION('',(-1.,0.,0.));
#7349=DIRECTION('center_axis',(-1.,0.,0.));
#7350=DIRECTION('ref_axis',(0.,0.,1.));
#7351=DIRECTION('center_axis',(-1.,0.,0.));
#7352=DIRECTION('ref_axis',(0.,0.,-1.));
#7353=DIRECTION('',(-1.,0.,0.));
#7354=DIRECTION('center_axis',(-1.,0.,0.));
#7355=DIRECTION('ref_axis',(0.,0.,-1.));
#7356=DIRECTION('center_axis',(-1.,0.,0.));
#7357=DIRECTION('ref_axis',(0.,0.,1.));
#7358=DIRECTION('',(1.,0.,0.));
#7359=DIRECTION('center_axis',(1.,0.,0.));
#7360=DIRECTION('ref_axis',(0.,0.,-1.));
#7361=DIRECTION('center_axis',(1.,0.,0.));
#7362=DIRECTION('ref_axis',(0.,0.,-1.));
#7363=DIRECTION('',(1.,0.,0.));
#7364=DIRECTION('center_axis',(1.,0.,0.));
#7365=DIRECTION('ref_axis',(0.,0.,-1.));
#7366=DIRECTION('',(-1.,0.,0.));
#7367=DIRECTION('center_axis',(1.,0.,0.));
#7368=DIRECTION('ref_axis',(0.,0.,-1.));
#7369=DIRECTION('center_axis',(0.,0.,1.));
#7370=DIRECTION('ref_axis',(1.,0.,0.));
#7371=DIRECTION('',(1.,0.,0.));
#7372=DIRECTION('',(0.,1.,0.));
#7373=DIRECTION('',(-1.,0.,0.));
#7374=DIRECTION('',(0.,1.,0.));
#7375=DIRECTION('',(1.,0.,0.));
#7376=DIRECTION('',(0.,1.,0.));
#7377=DIRECTION('',(-1.,0.,0.));
#7378=DIRECTION('',(0.,1.,0.));
#7379=DIRECTION('center_axis',(0.,-1.,0.));
#7380=DIRECTION('ref_axis',(0.,0.,-1.));
#7381=DIRECTION('',(0.,0.,1.));
#7382=DIRECTION('',(-1.,0.,0.));
#7383=DIRECTION('',(0.,0.,1.));
#7384=DIRECTION('center_axis',(0.,0.,-1.));
#7385=DIRECTION('ref_axis',(-1.,0.,0.));
#7386=DIRECTION('',(0.,1.,0.));
#7387=DIRECTION('',(1.,0.,0.));
#7388=DIRECTION('',(0.,-1.,0.));
#7389=DIRECTION('',(-1.,0.,0.));
#7390=DIRECTION('',(0.,-1.,0.));
#7391=DIRECTION('',(1.,0.,0.));
#7392=DIRECTION('',(0.,1.,0.));
#7393=DIRECTION('center_axis',(-1.,0.,0.));
#7394=DIRECTION('ref_axis',(0.,0.,1.));
#7395=DIRECTION('',(-1.,0.,0.));
#7396=DIRECTION('center_axis',(1.,0.,0.));
#7397=DIRECTION('ref_axis',(0.,0.,-1.));
#7398=DIRECTION('center_axis',(1.,0.,0.));
#7399=DIRECTION('ref_axis',(0.,0.,-1.));
#7400=DIRECTION('',(-1.,0.,0.));
#7401=DIRECTION('center_axis',(1.,0.,0.));
#7402=DIRECTION('ref_axis',(0.,0.,-1.));
#7403=DIRECTION('',(-1.,0.,0.));
#7404=DIRECTION('center_axis',(1.,0.,0.));
#7405=DIRECTION('ref_axis',(0.,0.,-1.));
#7406=DIRECTION('center_axis',(0.,0.8989499050591,-0.438051444689131));
#7407=DIRECTION('ref_axis',(0.,0.438051444689131,0.8989499050591));
#7408=DIRECTION('',(0.,-0.438051444689131,-0.8989499050591));
#7409=DIRECTION('',(0.,-0.438051444689131,-0.8989499050591));
#7410=DIRECTION('center_axis',(1.,0.,0.));
#7411=DIRECTION('ref_axis',(0.,0.,-1.));
#7412=DIRECTION('',(0.,0.,-1.));
#7413=DIRECTION('',(0.,0.438051444689131,0.8989499050591));
#7414=DIRECTION('center_axis',(-1.,0.,0.));
#7415=DIRECTION('ref_axis',(0.,0.,-1.));
#7416=DIRECTION('',(0.,0.,-1.));
#7417=DIRECTION('center_axis',(1.,0.,0.));
#7418=DIRECTION('ref_axis',(0.,0.,-1.));
#7419=DIRECTION('',(0.,0.,-1.));
#7420=DIRECTION('center_axis',(-1.,0.,0.));
#7421=DIRECTION('ref_axis',(0.,0.,-1.));
#7422=DIRECTION('',(0.,0.438051444689131,0.8989499050591));
#7423=DIRECTION('',(0.,0.,-1.));
#7424=DIRECTION('center_axis',(0.,-0.8989499050591,0.438051444689131));
#7425=DIRECTION('ref_axis',(0.,-0.438051444689131,-0.8989499050591));
#7426=DIRECTION('',(-1.,0.,0.));
#7427=DIRECTION('center_axis',(-1.,0.,0.));
#7428=DIRECTION('ref_axis',(0.,0.,1.));
#7429=DIRECTION('center_axis',(1.,0.,0.));
#7430=DIRECTION('ref_axis',(0.,0.,-1.));
#7431=DIRECTION('',(0.,0.,1.));
#7432=DIRECTION('center_axis',(0.,-1.,0.));
#7433=DIRECTION('ref_axis',(0.,0.,-1.));
#7434=DIRECTION('center_axis',(1.,0.,0.));
#7435=DIRECTION('ref_axis',(0.,0.,-1.));
#7436=DIRECTION('',(0.,0.,1.));
#7437=DIRECTION('center_axis',(0.,-1.,0.));
#7438=DIRECTION('ref_axis',(0.,0.,-1.));
#7439=DIRECTION('center_axis',(1.,0.,0.));
#7440=DIRECTION('ref_axis',(0.,0.,-1.));
#7441=DIRECTION('',(0.,0.,1.));
#7442=DIRECTION('center_axis',(0.,-1.,0.));
#7443=DIRECTION('ref_axis',(0.,0.,-1.));
#7444=DIRECTION('center_axis',(1.,0.,0.));
#7445=DIRECTION('ref_axis',(0.,0.,-1.));
#7446=DIRECTION('',(0.,0.,1.));
#7447=DIRECTION('center_axis',(0.,-1.,0.));
#7448=DIRECTION('ref_axis',(0.,0.,-1.));
#7449=DIRECTION('center_axis',(0.,0.069756473744174,-0.997564050259821));
#7450=DIRECTION('ref_axis',(0.,0.997564050259821,0.069756473744174));
#7451=DIRECTION('',(-1.,0.,0.));
#7452=DIRECTION('',(0.,-0.997564050259821,-0.069756473744174));
#7453=DIRECTION('',(-1.,0.,0.));
#7454=DIRECTION('',(0.,-0.997564050259821,-0.069756473744174));
#7455=DIRECTION('center_axis',(0.,1.,0.));
#7456=DIRECTION('ref_axis',(0.,0.,1.));
#7457=DIRECTION('',(0.,0.,1.));
#7458=DIRECTION('',(-1.,0.,0.));
#7459=DIRECTION('',(0.,0.,1.));
#7460=DIRECTION('center_axis',(0.,-0.0697564737441754,0.997564050259821));
#7461=DIRECTION('ref_axis',(0.,-0.997564050259821,-0.0697564737441754));
#7462=DIRECTION('',(0.,0.997564050259821,0.0697564737441754));
#7463=DIRECTION('',(-1.,0.,0.));
#7464=DIRECTION('',(0.,0.997564050259821,0.0697564737441754));
#7465=DIRECTION('center_axis',(-1.,0.,0.));
#7466=DIRECTION('ref_axis',(0.,0.,1.));
#7467=DIRECTION('',(-1.,0.,0.));
#7468=DIRECTION('center_axis',(-1.,0.,0.));
#7469=DIRECTION('ref_axis',(0.,0.,-1.));
#7470=DIRECTION('center_axis',(-1.,0.,0.));
#7471=DIRECTION('ref_axis',(0.,0.,-1.));
#7472=DIRECTION('center_axis',(-1.,0.,0.));
#7473=DIRECTION('ref_axis',(0.,0.,1.));
#7474=DIRECTION('',(1.,0.,0.));
#7475=DIRECTION('center_axis',(1.,0.,0.));
#7476=DIRECTION('ref_axis',(0.,0.,-1.));
#7477=DIRECTION('',(-1.,0.,0.));
#7478=DIRECTION('center_axis',(1.,0.,0.));
#7479=DIRECTION('ref_axis',(0.,0.,-1.));
#7480=DIRECTION('',(1.,0.,0.));
#7481=DIRECTION('center_axis',(1.,0.,0.));
#7482=DIRECTION('ref_axis',(0.,0.,-1.));
#7483=DIRECTION('center_axis',(1.,0.,0.));
#7484=DIRECTION('ref_axis',(0.,0.,-1.));
#7485=DIRECTION('center_axis',(0.,0.,1.));
#7486=DIRECTION('ref_axis',(1.,0.,0.));
#7487=DIRECTION('',(0.,1.,0.));
#7488=DIRECTION('',(1.,0.,0.));
#7489=DIRECTION('',(0.,1.,0.));
#7490=DIRECTION('',(-1.,0.,0.));
#7491=DIRECTION('',(0.,1.,0.));
#7492=DIRECTION('',(1.,0.,0.));
#7493=DIRECTION('',(0.,1.,0.));
#7494=DIRECTION('',(-1.,0.,0.));
#7495=DIRECTION('center_axis',(0.,-1.,0.));
#7496=DIRECTION('ref_axis',(0.,0.,-1.));
#7497=DIRECTION('',(0.,0.,1.));
#7498=DIRECTION('',(0.,0.,1.));
#7499=DIRECTION('',(-1.,0.,0.));
#7500=DIRECTION('center_axis',(0.,0.,-1.));
#7501=DIRECTION('ref_axis',(-1.,0.,0.));
#7502=DIRECTION('',(0.,1.,0.));
#7503=DIRECTION('',(0.,1.,0.));
#7504=DIRECTION('',(1.,0.,0.));
#7505=DIRECTION('',(0.,-1.,0.));
#7506=DIRECTION('',(-1.,0.,0.));
#7507=DIRECTION('',(0.,-1.,0.));
#7508=DIRECTION('',(1.,0.,0.));
#7509=DIRECTION('center_axis',(-1.,0.,0.));
#7510=DIRECTION('ref_axis',(0.,0.,1.));
#7511=DIRECTION('',(-1.,0.,0.));
#7512=DIRECTION('center_axis',(1.,0.,0.));
#7513=DIRECTION('ref_axis',(0.,0.,-1.));
#7514=DIRECTION('',(-1.,0.,0.));
#7515=DIRECTION('center_axis',(1.,0.,0.));
#7516=DIRECTION('ref_axis',(0.,0.,-1.));
#7517=DIRECTION('',(-1.,0.,0.));
#7518=DIRECTION('center_axis',(1.,0.,0.));
#7519=DIRECTION('ref_axis',(0.,0.,-1.));
#7520=DIRECTION('center_axis',(1.,0.,0.));
#7521=DIRECTION('ref_axis',(0.,0.,-1.));
#7522=DIRECTION('center_axis',(0.,0.8989499050591,-0.438051444689131));
#7523=DIRECTION('ref_axis',(0.,0.438051444689131,0.8989499050591));
#7524=DIRECTION('',(0.,-0.438051444689131,-0.8989499050591));
#7525=DIRECTION('',(0.,-0.438051444689131,-0.8989499050591));
#7526=DIRECTION('center_axis',(1.,0.,0.));
#7527=DIRECTION('ref_axis',(0.,0.,-1.));
#7528=DIRECTION('',(0.,0.,-1.));
#7529=DIRECTION('',(0.,0.,-1.));
#7530=DIRECTION('',(0.,0.438051444689131,0.8989499050591));
#7531=DIRECTION('center_axis',(-1.,0.,0.));
#7532=DIRECTION('ref_axis',(0.,0.,-1.));
#7533=DIRECTION('center_axis',(1.,0.,0.));
#7534=DIRECTION('ref_axis',(0.,0.,-1.));
#7535=DIRECTION('',(0.,0.,-1.));
#7536=DIRECTION('center_axis',(-1.,0.,0.));
#7537=DIRECTION('ref_axis',(0.,0.,-1.));
#7538=DIRECTION('',(0.,0.438051444689131,0.8989499050591));
#7539=DIRECTION('',(0.,0.,-1.));
#7540=DIRECTION('center_axis',(0.,-0.8989499050591,0.438051444689131));
#7541=DIRECTION('ref_axis',(0.,-0.438051444689131,-0.8989499050591));
#7542=DIRECTION('',(-1.,0.,0.));
#7543=DIRECTION('center_axis',(-1.,0.,0.));
#7544=DIRECTION('ref_axis',(0.,0.,1.));
#7545=DIRECTION('center_axis',(1.,0.,0.));
#7546=DIRECTION('ref_axis',(0.,0.,-1.));
#7547=DIRECTION('',(0.,0.,1.));
#7548=DIRECTION('center_axis',(0.,-1.,0.));
#7549=DIRECTION('ref_axis',(0.,0.,-1.));
#7550=DIRECTION('center_axis',(1.,0.,0.));
#7551=DIRECTION('ref_axis',(0.,0.,-1.));
#7552=DIRECTION('',(0.,0.,1.));
#7553=DIRECTION('center_axis',(0.,-1.,0.));
#7554=DIRECTION('ref_axis',(0.,0.,-1.));
#7555=DIRECTION('center_axis',(1.,0.,0.));
#7556=DIRECTION('ref_axis',(0.,0.,-1.));
#7557=DIRECTION('',(0.,0.,1.));
#7558=DIRECTION('center_axis',(0.,-1.,0.));
#7559=DIRECTION('ref_axis',(0.,0.,-1.));
#7560=DIRECTION('center_axis',(1.,0.,0.));
#7561=DIRECTION('ref_axis',(0.,0.,-1.));
#7562=DIRECTION('',(0.,0.,1.));
#7563=DIRECTION('center_axis',(0.,-1.,0.));
#7564=DIRECTION('ref_axis',(0.,0.,-1.));
#7565=DIRECTION('center_axis',(0.,0.,1.));
#7566=DIRECTION('ref_axis',(1.,0.,0.));
#7567=DIRECTION('center_axis',(0.,0.,1.));
#7568=DIRECTION('ref_axis',(1.,0.,0.));
#7569=DIRECTION('',(0.,0.,1.));
#7570=DIRECTION('center_axis',(0.,0.,-1.));
#7571=DIRECTION('ref_axis',(-1.,0.,0.));
#7572=DIRECTION('',(0.,0.,1.));
#7573=DIRECTION('center_axis',(0.,0.,-1.));
#7574=DIRECTION('ref_axis',(-1.,0.,0.));
#7575=DIRECTION('center_axis',(0.,0.,-1.));
#7576=DIRECTION('ref_axis',(-1.,0.,0.));
#7577=DIRECTION('',(-1.,-4.33680868994202E-16,0.));
#7578=DIRECTION('',(1.,4.33680868994202E-16,0.));
#7579=DIRECTION('center_axis',(-4.33680868994202E-16,1.,0.));
#7580=DIRECTION('ref_axis',(-1.,-4.33680868994202E-16,0.));
#7581=DIRECTION('',(0.,0.,1.));
#7582=DIRECTION('',(1.,4.33680868994202E-16,0.));
#7583=DIRECTION('center_axis',(4.33680868994202E-16,-1.,0.));
#7584=DIRECTION('ref_axis',(1.,4.33680868994202E-16,0.));
#7585=DIRECTION('',(-1.,-4.33680868994202E-16,0.));
#7586=DIRECTION('',(0.,0.,1.));
#7587=DIRECTION('center_axis',(0.,0.,1.));
#7588=DIRECTION('ref_axis',(-1.,1.22464679914735E-16,0.));
#7589=DIRECTION('center_axis',(0.,0.,1.));
#7590=DIRECTION('ref_axis',(1.,0.,0.));
#7591=DIRECTION('center_axis',(0.,0.,1.));
#7592=DIRECTION('ref_axis',(1.,0.,0.));
#7593=DIRECTION('axis',(0.,0.,1.));
#7594=DIRECTION('refdir',(1.,0.,0.));
#7595=DIRECTION('',(0.,0.,-1.));
#7596=DIRECTION('',(0.,0.,-1.));
#7597=DIRECTION('',(0.,0.,-1.));
#7598=DIRECTION('',(0.,0.,-1.));
#7599=DIRECTION('',(0.,0.,-1.));
#7600=DIRECTION('center_axis',(-0.999994830531912,-0.0032154174615502,0.));
#7601=DIRECTION('ref_axis',(0.0032154174615502,-0.999994830531912,0.));
#7602=DIRECTION('',(-0.0032154174615502,0.999994830531912,0.));
#7603=DIRECTION('',(0.,0.,-1.));
#7604=DIRECTION('',(-0.0032154174615502,0.999994830531912,0.));
#7605=DIRECTION('center_axis',(0.,-1.,0.));
#7606=DIRECTION('ref_axis',(0.,0.,-1.));
#7607=DIRECTION('',(-1.,0.,0.));
#7608=DIRECTION('',(0.,0.,-1.));
#7609=DIRECTION('',(-1.,0.,0.));
#7610=DIRECTION('center_axis',(0.999994729338348,-0.00324673613416992,0.));
#7611=DIRECTION('ref_axis',(0.00324673613416992,0.999994729338348,0.));
#7612=DIRECTION('',(-0.00324673613416992,-0.999994729338348,0.));
#7613=DIRECTION('',(0.,0.,-1.));
#7614=DIRECTION('',(-0.00324673613416992,-0.999994729338348,0.));
#7615=DIRECTION('',(0.,0.,-1.));
#7616=DIRECTION('',(0.,0.,-1.));
#7617=DIRECTION('',(0.,0.,-1.));
#7618=DIRECTION('center_axis',(1.,0.,0.));
#7619=DIRECTION('ref_axis',(0.,0.,-1.));
#7620=DIRECTION('',(0.,-1.,0.));
#7621=DIRECTION('',(0.,0.,-1.));
#7622=DIRECTION('',(0.,-1.,0.));
#7623=DIRECTION('center_axis',(-0.00343640582667419,0.999994095540066,0.));
#7624=DIRECTION('ref_axis',(-0.999994095540066,-0.00343640582667419,0.));
#7625=DIRECTION('',(0.999994095540066,0.00343640582667419,0.));
#7626=DIRECTION('',(0.,0.,-1.));
#7627=DIRECTION('',(0.999994095540066,0.00343640582667419,0.));
#7628=DIRECTION('center_axis',(-1.,0.,0.));
#7629=DIRECTION('ref_axis',(0.,0.,1.));
#7630=DIRECTION('',(0.,1.,0.));
#7631=DIRECTION('',(0.,0.,-1.));
#7632=DIRECTION('',(0.,1.,0.));
#7633=DIRECTION('',(0.,0.,-1.));
#7634=DIRECTION('',(0.,0.,-1.));
#7635=DIRECTION('center_axis',(-0.00118905980153419,0.999999293068144,0.));
#7636=DIRECTION('ref_axis',(-0.999999293068144,-0.00118905980153419,0.));
#7637=DIRECTION('',(0.999999293068144,0.00118905980153419,0.));
#7638=DIRECTION('',(0.,0.,-1.));
#7639=DIRECTION('',(0.999999293068144,0.00118905980153419,0.));
#7640=DIRECTION('',(0.,0.,-1.));
#7641=DIRECTION('',(0.,0.,-1.));
#7642=DIRECTION('',(0.,0.,-1.));
#7643=DIRECTION('',(0.,0.,-1.));
#7644=DIRECTION('center_axis',(0.963517909629996,0.267643863785896,0.));
#7645=DIRECTION('ref_axis',(-0.267643863785896,0.963517909629996,0.));
#7646=DIRECTION('',(0.267643863785896,-0.963517909629996,0.));
#7647=DIRECTION('',(0.,0.,-1.));
#7648=DIRECTION('',(0.267643863785896,-0.963517909629996,0.));
#7649=DIRECTION('center_axis',(0.,1.,0.));
#7650=DIRECTION('ref_axis',(0.,0.,1.));
#7651=DIRECTION('',(1.,0.,0.));
#7652=DIRECTION('',(0.,0.,-1.));
#7653=DIRECTION('',(1.,0.,0.));
#7654=DIRECTION('center_axis',(-0.991227900682717,-0.132163720090402,0.));
#7655=DIRECTION('ref_axis',(0.132163720090402,-0.991227900682717,0.));
#7656=DIRECTION('',(-0.132163720090402,0.991227900682717,0.));
#7657=DIRECTION('',(0.,0.,-1.));
#7658=DIRECTION('',(-0.132163720090402,0.991227900682717,0.));
#7659=DIRECTION('',(0.,0.,-1.));
#7660=DIRECTION('',(0.,0.,-1.));
#7661=DIRECTION('',(0.,0.,-1.));
#7662=DIRECTION('',(0.,0.,-1.));
#7663=DIRECTION('center_axis',(0.,0.,1.));
#7664=DIRECTION('ref_axis',(1.,0.,0.));
#7665=DIRECTION('center_axis',(0.,0.,1.));
#7666=DIRECTION('ref_axis',(1.,0.,0.));
#7667=DIRECTION('',(0.,0.,-1.));
#7668=DIRECTION('',(0.,0.,-1.));
#7669=DIRECTION('',(0.,0.,-1.));
#7670=DIRECTION('center_axis',(-1.,0.,0.));
#7671=DIRECTION('ref_axis',(0.,0.,1.));
#7672=DIRECTION('',(0.,1.,0.));
#7673=DIRECTION('',(0.,0.,-1.));
#7674=DIRECTION('',(0.,1.,0.));
#7675=DIRECTION('center_axis',(0.,-1.,0.));
#7676=DIRECTION('ref_axis',(0.,0.,-1.));
#7677=DIRECTION('',(-1.,0.,0.));
#7678=DIRECTION('',(0.,0.,-1.));
#7679=DIRECTION('',(-1.,0.,0.));
#7680=DIRECTION('center_axis',(1.,0.,0.));
#7681=DIRECTION('ref_axis',(0.,0.,-1.));
#7682=DIRECTION('',(0.,-1.,0.));
#7683=DIRECTION('',(0.,0.,-1.));
#7684=DIRECTION('',(0.,-1.,0.));
#7685=DIRECTION('center_axis',(0.,1.,0.));
#7686=DIRECTION('ref_axis',(0.,0.,1.));
#7687=DIRECTION('',(1.,0.,0.));
#7688=DIRECTION('',(0.,0.,-1.));
#7689=DIRECTION('',(1.,0.,0.));
#7690=DIRECTION('',(0.,0.,-1.));
#7691=DIRECTION('',(0.,0.,-1.));
#7692=DIRECTION('center_axis',(0.999995177690065,-0.00310557508598431,0.));
#7693=DIRECTION('ref_axis',(0.00310557508598431,0.999995177690065,0.));
#7694=DIRECTION('',(-0.00310557508598431,-0.999995177690065,0.));
#7695=DIRECTION('',(0.,0.,-1.));
#7696=DIRECTION('',(-0.00310557508598431,-0.999995177690065,0.));
#7697=DIRECTION('center_axis',(-0.00343640582667413,0.999994095540066,0.));
#7698=DIRECTION('ref_axis',(-0.999994095540066,-0.00343640582667413,0.));
#7699=DIRECTION('',(0.999994095540066,0.00343640582667413,0.));
#7700=DIRECTION('',(0.,0.,-1.));
#7701=DIRECTION('',(0.999994095540066,0.00343640582667413,0.));
#7702=DIRECTION('center_axis',(-1.,0.,0.));
#7703=DIRECTION('ref_axis',(0.,0.,1.));
#7704=DIRECTION('',(0.,1.,0.));
#7705=DIRECTION('',(0.,0.,-1.));
#7706=DIRECTION('',(0.,1.,0.));
#7707=DIRECTION('',(0.,0.,-1.));
#7708=DIRECTION('',(0.,0.,-1.));
#7709=DIRECTION('',(0.,0.,-1.));
#7710=DIRECTION('',(0.,0.,-1.));
#7711=DIRECTION('',(0.,0.,-1.));
#7712=DIRECTION('',(0.,0.,-1.));
#7713=DIRECTION('',(0.,0.,-1.));
#7714=DIRECTION('center_axis',(0.,-1.,0.));
#7715=DIRECTION('ref_axis',(0.,0.,-1.));
#7716=DIRECTION('',(-1.,0.,0.));
#7717=DIRECTION('',(0.,0.,-1.));
#7718=DIRECTION('',(-1.,0.,0.));
#7719=DIRECTION('',(0.,0.,-1.));
#7720=DIRECTION('',(0.,0.,-1.));
#7721=DIRECTION('center_axis',(0.,-1.,0.));
#7722=DIRECTION('ref_axis',(0.,0.,-1.));
#7723=DIRECTION('',(-1.,0.,0.));
#7724=DIRECTION('',(-1.,0.,0.));
#7725=DIRECTION('center_axis',(0.,0.,1.));
#7726=DIRECTION('ref_axis',(1.,0.,0.));
#7727=DIRECTION('center_axis',(0.,0.,1.));
#7728=DIRECTION('ref_axis',(1.,0.,0.));
#7729=DIRECTION('',(0.,0.,-1.));
#7730=DIRECTION('',(0.,0.,-1.));
#7731=DIRECTION('',(0.,0.,-1.));
#7732=DIRECTION('',(0.,0.,-1.));
#7733=DIRECTION('',(0.,0.,-1.));
#7734=DIRECTION('',(0.,0.,-1.));
#7735=DIRECTION('center_axis',(1.,0.,0.));
#7736=DIRECTION('ref_axis',(0.,0.,-1.));
#7737=DIRECTION('',(0.,-1.,0.));
#7738=DIRECTION('',(0.,0.,-1.));
#7739=DIRECTION('',(0.,-1.,0.));
#7740=DIRECTION('',(0.,0.,-1.));
#7741=DIRECTION('',(0.,0.,-1.));
#7742=DIRECTION('center_axis',(0.732793491626493,-0.680451099367069,0.));
#7743=DIRECTION('ref_axis',(0.680451099367069,0.732793491626493,0.));
#7744=DIRECTION('',(-0.680451099367069,-0.732793491626493,0.));
#7745=DIRECTION('',(0.,0.,-1.));
#7746=DIRECTION('',(-0.680451099367069,-0.732793491626493,0.));
#7747=DIRECTION('',(0.,0.,-1.));
#7748=DIRECTION('',(0.,0.,-1.));
#7749=DIRECTION('',(0.,0.,-1.));
#7750=DIRECTION('center_axis',(0.718124593862466,-0.695914554877155,0.));
#7751=DIRECTION('ref_axis',(0.695914554877155,0.718124593862466,0.));
#7752=DIRECTION('',(-0.695914554877155,-0.718124593862466,0.));
#7753=DIRECTION('',(0.,0.,-1.));
#7754=DIRECTION('',(-0.695914554877155,-0.718124593862466,0.));
#7755=DIRECTION('',(0.,0.,-1.));
#7756=DIRECTION('',(0.,0.,-1.));
#7757=DIRECTION('',(0.,0.,-1.));
#7758=DIRECTION('',(0.,0.,-1.));
#7759=DIRECTION('center_axis',(0.999995117223263,0.00312498474127947,0.));
#7760=DIRECTION('ref_axis',(-0.00312498474127947,0.999995117223263,0.));
#7761=DIRECTION('',(0.00312498474127947,-0.999995117223263,0.));
#7762=DIRECTION('',(0.,0.,-1.));
#7763=DIRECTION('',(0.00312498474127947,-0.999995117223263,0.));
#7764=DIRECTION('center_axis',(0.,1.,0.));
#7765=DIRECTION('ref_axis',(0.,0.,1.));
#7766=DIRECTION('',(1.,0.,0.));
#7767=DIRECTION('',(0.,0.,-1.));
#7768=DIRECTION('',(1.,0.,0.));
#7769=DIRECTION('center_axis',(-1.,0.,0.));
#7770=DIRECTION('ref_axis',(0.,0.,1.));
#7771=DIRECTION('',(0.,1.,0.));
#7772=DIRECTION('',(0.,0.,-1.));
#7773=DIRECTION('',(0.,1.,0.));
#7774=DIRECTION('center_axis',(0.,-1.,0.));
#7775=DIRECTION('ref_axis',(0.,0.,-1.));
#7776=DIRECTION('',(-1.,0.,0.));
#7777=DIRECTION('',(0.,0.,-1.));
#7778=DIRECTION('',(-1.,0.,0.));
#7779=DIRECTION('center_axis',(-1.,0.,0.));
#7780=DIRECTION('ref_axis',(0.,0.,1.));
#7781=DIRECTION('',(0.,1.,0.));
#7782=DIRECTION('',(0.,0.,-1.));
#7783=DIRECTION('',(0.,1.,0.));
#7784=DIRECTION('',(0.,0.,-1.));
#7785=DIRECTION('center_axis',(0.,1.,0.));
#7786=DIRECTION('ref_axis',(0.,0.,1.));
#7787=DIRECTION('',(1.,0.,0.));
#7788=DIRECTION('',(0.,0.,-1.));
#7789=DIRECTION('',(1.,0.,0.));
#7790=DIRECTION('center_axis',(-0.999984738299999,0.00552477755962014,0.));
#7791=DIRECTION('ref_axis',(-0.00552477755962014,-0.999984738299999,0.));
#7792=DIRECTION('',(0.00552477755962014,0.999984738299999,0.));
#7793=DIRECTION('',(0.,0.,-1.));
#7794=DIRECTION('',(0.00552477755962014,0.999984738299999,0.));
#7795=DIRECTION('center_axis',(0.,-1.,0.));
#7796=DIRECTION('ref_axis',(0.,0.,-1.));
#7797=DIRECTION('',(-1.,0.,0.));
#7798=DIRECTION('',(0.,0.,-1.));
#7799=DIRECTION('',(-1.,0.,0.));
#7800=DIRECTION('center_axis',(-1.,0.,0.));
#7801=DIRECTION('ref_axis',(0.,0.,1.));
#7802=DIRECTION('',(0.,1.,0.));
#7803=DIRECTION('',(0.,0.,-1.));
#7804=DIRECTION('',(0.,1.,0.));
#7805=DIRECTION('center_axis',(0.,1.,0.));
#7806=DIRECTION('ref_axis',(0.,0.,1.));
#7807=DIRECTION('',(1.,0.,0.));
#7808=DIRECTION('',(0.,0.,-1.));
#7809=DIRECTION('',(1.,0.,0.));
#7810=DIRECTION('center_axis',(-1.,0.,0.));
#7811=DIRECTION('ref_axis',(0.,0.,1.));
#7812=DIRECTION('',(0.,1.,0.));
#7813=DIRECTION('',(0.,0.,-1.));
#7814=DIRECTION('',(0.,1.,0.));
#7815=DIRECTION('center_axis',(0.,-1.,0.));
#7816=DIRECTION('ref_axis',(0.,0.,-1.));
#7817=DIRECTION('',(-1.,0.,0.));
#7818=DIRECTION('',(0.,0.,-1.));
#7819=DIRECTION('',(-1.,0.,0.));
#7820=DIRECTION('center_axis',(0.999994660216208,-0.00326795640594708,0.));
#7821=DIRECTION('ref_axis',(0.00326795640594708,0.999994660216208,0.));
#7822=DIRECTION('',(-0.00326795640594708,-0.999994660216208,0.));
#7823=DIRECTION('',(0.,0.,-1.));
#7824=DIRECTION('',(-0.00326795640594708,-0.999994660216208,0.));
#7825=DIRECTION('',(0.,0.,-1.));
#7826=DIRECTION('',(0.,0.,-1.));
#7827=DIRECTION('',(0.,0.,-1.));
#7828=DIRECTION('center_axis',(1.,0.,0.));
#7829=DIRECTION('ref_axis',(0.,0.,-1.));
#7830=DIRECTION('',(0.,-1.,0.));
#7831=DIRECTION('',(0.,0.,-1.));
#7832=DIRECTION('',(0.,-1.,0.));
#7833=DIRECTION('',(0.,0.,-1.));
#7834=DIRECTION('center_axis',(0.726805324391686,0.686843519614109,0.));
#7835=DIRECTION('ref_axis',(-0.686843519614109,0.726805324391686,0.));
#7836=DIRECTION('',(0.686843519614109,-0.726805324391686,0.));
#7837=DIRECTION('',(0.,0.,-1.));
#7838=DIRECTION('',(0.686843519614109,-0.726805324391686,0.));
#7839=DIRECTION('center_axis',(0.,-1.,0.));
#7840=DIRECTION('ref_axis',(0.,0.,-1.));
#7841=DIRECTION('',(-1.,0.,0.));
#7842=DIRECTION('',(-1.,0.,0.));
#7843=DIRECTION('center_axis',(0.,0.,1.));
#7844=DIRECTION('ref_axis',(1.,0.,0.));
#7845=DIRECTION('center_axis',(0.,0.,1.));
#7846=DIRECTION('ref_axis',(1.,0.,0.));
#7847=DIRECTION('',(0.,0.,-1.));
#7848=DIRECTION('',(0.,0.,-1.));
#7849=DIRECTION('',(0.,0.,-1.));
#7850=DIRECTION('',(0.,0.,-1.));
#7851=DIRECTION('',(0.,0.,-1.));
#7852=DIRECTION('',(0.,0.,-1.));
#7853=DIRECTION('',(0.,0.,-1.));
#7854=DIRECTION('',(0.,0.,-1.));
#7855=DIRECTION('',(0.,0.,-1.));
#7856=DIRECTION('',(0.,0.,-1.));
#7857=DIRECTION('',(0.,0.,-1.));
#7858=DIRECTION('',(0.,0.,-1.));
#7859=DIRECTION('',(0.,0.,-1.));
#7860=DIRECTION('',(0.,0.,-1.));
#7861=DIRECTION('',(0.,0.,-1.));
#7862=DIRECTION('center_axis',(0.,0.,1.));
#7863=DIRECTION('ref_axis',(1.,0.,0.));
#7864=DIRECTION('center_axis',(0.,0.,1.));
#7865=DIRECTION('ref_axis',(1.,0.,0.));
#7866=DIRECTION('',(0.,0.,-1.));
#7867=DIRECTION('',(0.,0.,-1.));
#7868=DIRECTION('',(0.,0.,-1.));
#7869=DIRECTION('center_axis',(0.,-1.,0.));
#7870=DIRECTION('ref_axis',(0.,0.,-1.));
#7871=DIRECTION('',(-1.,0.,0.));
#7872=DIRECTION('',(0.,0.,-1.));
#7873=DIRECTION('',(-1.,0.,0.));
#7874=DIRECTION('',(0.,0.,-1.));
#7875=DIRECTION('',(0.,0.,-1.));
#7876=DIRECTION('',(0.,0.,-1.));
#7877=DIRECTION('center_axis',(0.216930457823211,-0.976187060182941,0.));
#7878=DIRECTION('ref_axis',(0.976187060182941,0.216930457823211,0.));
#7879=DIRECTION('',(-0.976187060182941,-0.216930457823211,0.));
#7880=DIRECTION('',(0.,0.,-1.));
#7881=DIRECTION('',(-0.976187060182941,-0.216930457823211,0.));
#7882=DIRECTION('center_axis',(0.48564293117609,-0.87415727612295,0.));
#7883=DIRECTION('ref_axis',(0.87415727612295,0.48564293117609,0.));
#7884=DIRECTION('',(-0.87415727612295,-0.48564293117609,0.));
#7885=DIRECTION('',(0.,0.,-1.));
#7886=DIRECTION('',(-0.87415727612295,-0.48564293117609,0.));
#7887=DIRECTION('center_axis',(-0.0623782861565293,-0.998052578482804,0.));
#7888=DIRECTION('ref_axis',(0.998052578482804,-0.0623782861565293,0.));
#7889=DIRECTION('',(-0.998052578482804,0.0623782861565293,0.));
#7890=DIRECTION('',(0.,0.,-1.));
#7891=DIRECTION('',(-0.998052578482804,0.0623782861565293,0.));
#7892=DIRECTION('center_axis',(-0.999512076087074,0.0312347523778615,0.));
#7893=DIRECTION('ref_axis',(-0.0312347523778615,-0.999512076087075,0.));
#7894=DIRECTION('',(0.0312347523778615,0.999512076087074,0.));
#7895=DIRECTION('',(0.,0.,-1.));
#7896=DIRECTION('',(0.0312347523778615,0.999512076087074,0.));
#7897=DIRECTION('center_axis',(-0.0712470499894861,0.997458699830622,0.));
#7898=DIRECTION('ref_axis',(-0.997458699830622,-0.0712470499894861,0.));
#7899=DIRECTION('',(0.997458699830622,0.0712470499894861,0.));
#7900=DIRECTION('',(0.,0.,-1.));
#7901=DIRECTION('',(0.997458699830622,0.0712470499894861,0.));
#7902=DIRECTION('center_axis',(1.,0.,0.));
#7903=DIRECTION('ref_axis',(0.,0.,-1.));
#7904=DIRECTION('',(0.,-1.,0.));
#7905=DIRECTION('',(0.,-1.,0.));
#7906=DIRECTION('center_axis',(0.,0.,1.));
#7907=DIRECTION('ref_axis',(1.,0.,0.));
#7908=DIRECTION('center_axis',(0.,0.,1.));
#7909=DIRECTION('ref_axis',(1.,0.,0.));
#7910=DIRECTION('center_axis',(-0.0149237109729701,-0.999888635224341,0.));
#7911=DIRECTION('ref_axis',(0.999888635224341,-0.0149237109729701,0.));
#7912=DIRECTION('',(-0.999888635224341,0.0149237109729701,0.));
#7913=DIRECTION('',(0.,0.,-1.));
#7914=DIRECTION('',(-0.999888635224341,0.0149237109729701,0.));
#7915=DIRECTION('',(0.,0.,-1.));
#7916=DIRECTION('',(0.,0.,-1.));
#7917=DIRECTION('center_axis',(0.,1.,0.));
#7918=DIRECTION('ref_axis',(0.,0.,1.));
#7919=DIRECTION('',(1.,0.,0.));
#7920=DIRECTION('',(0.,0.,-1.));
#7921=DIRECTION('',(1.,0.,0.));
#7922=DIRECTION('center_axis',(-0.997925308968464,-0.0643822779978822,0.));
#7923=DIRECTION('ref_axis',(0.0643822779978822,-0.997925308968464,0.));
#7924=DIRECTION('',(-0.0643822779978822,0.997925308968463,0.));
#7925=DIRECTION('',(0.,0.,-1.));
#7926=DIRECTION('',(-0.0643822779978822,0.997925308968463,0.));
#7927=DIRECTION('center_axis',(0.,-1.,0.));
#7928=DIRECTION('ref_axis',(0.,0.,-1.));
#7929=DIRECTION('',(-1.,0.,0.));
#7930=DIRECTION('',(0.,0.,-1.));
#7931=DIRECTION('',(-1.,0.,0.));
#7932=DIRECTION('center_axis',(-0.993150604322902,0.116841247567178,0.));
#7933=DIRECTION('ref_axis',(-0.116841247567178,-0.993150604322902,0.));
#7934=DIRECTION('',(0.116841247567178,0.993150604322902,0.));
#7935=DIRECTION('',(0.,0.,-1.));
#7936=DIRECTION('',(0.116841247567178,0.993150604322902,0.));
#7937=DIRECTION('center_axis',(-0.0149237109738286,0.999888635224328,0.));
#7938=DIRECTION('ref_axis',(-0.999888635224328,-0.0149237109738286,0.));
#7939=DIRECTION('',(0.999888635224328,0.0149237109738286,0.));
#7940=DIRECTION('',(0.,0.,-1.));
#7941=DIRECTION('',(0.999888635224328,0.0149237109738286,0.));
#7942=DIRECTION('center_axis',(-1.,0.,0.));
#7943=DIRECTION('ref_axis',(0.,0.,1.));
#7944=DIRECTION('',(0.,1.,0.));
#7945=DIRECTION('',(0.,0.,-1.));
#7946=DIRECTION('',(0.,1.,0.));
#7947=DIRECTION('center_axis',(0.00833304399601632,-0.999965279586127,0.));
#7948=DIRECTION('ref_axis',(0.999965279586127,0.00833304399601632,0.));
#7949=DIRECTION('',(-0.999965279586127,-0.00833304399601632,0.));
#7950=DIRECTION('',(0.,0.,-1.));
#7951=DIRECTION('',(-0.999965279586127,-0.00833304399601632,0.));
#7952=DIRECTION('center_axis',(1.,0.,0.));
#7953=DIRECTION('ref_axis',(0.,0.,-1.));
#7954=DIRECTION('',(0.,-1.,0.));
#7955=DIRECTION('',(0.,0.,-1.));
#7956=DIRECTION('',(0.,-1.,0.));
#7957=DIRECTION('center_axis',(0.,1.,0.));
#7958=DIRECTION('ref_axis',(0.,0.,1.));
#7959=DIRECTION('',(1.,0.,0.));
#7960=DIRECTION('',(0.,0.,-1.));
#7961=DIRECTION('',(1.,0.,0.));
#7962=DIRECTION('center_axis',(-1.,0.,0.));
#7963=DIRECTION('ref_axis',(0.,0.,1.));
#7964=DIRECTION('',(0.,1.,0.));
#7965=DIRECTION('',(0.,1.,0.));
#7966=DIRECTION('center_axis',(0.,0.,1.));
#7967=DIRECTION('ref_axis',(1.,0.,0.));
#7968=DIRECTION('center_axis',(0.,0.,1.));
#7969=DIRECTION('ref_axis',(1.,0.,0.));
#7970=DIRECTION('center_axis',(1.,0.,0.));
#7971=DIRECTION('ref_axis',(0.,0.,-1.));
#7972=DIRECTION('',(0.,-1.,0.));
#7973=DIRECTION('',(0.,0.,-1.));
#7974=DIRECTION('',(0.,-1.,0.));
#7975=DIRECTION('',(0.,0.,-1.));
#7976=DIRECTION('',(0.,0.,-1.));
#7977=DIRECTION('center_axis',(0.999935440136798,0.0113629027289361,0.));
#7978=DIRECTION('ref_axis',(-0.0113629027289361,0.999935440136798,0.));
#7979=DIRECTION('',(0.0113629027289361,-0.999935440136798,0.));
#7980=DIRECTION('',(0.,0.,-1.));
#7981=DIRECTION('',(0.0113629027289361,-0.999935440136798,0.));
#7982=DIRECTION('center_axis',(0.,1.,0.));
#7983=DIRECTION('ref_axis',(0.,0.,1.));
#7984=DIRECTION('',(1.,0.,0.));
#7985=DIRECTION('',(0.,0.,-1.));
#7986=DIRECTION('',(1.,0.,0.));
#7987=DIRECTION('center_axis',(-0.999935440136798,0.0113629027289361,0.));
#7988=DIRECTION('ref_axis',(-0.0113629027289361,-0.999935440136798,0.));
#7989=DIRECTION('',(0.0113629027289361,0.999935440136798,0.));
#7990=DIRECTION('',(0.,0.,-1.));
#7991=DIRECTION('',(0.0113629027289361,0.999935440136798,0.));
#7992=DIRECTION('',(0.,0.,-1.));
#7993=DIRECTION('center_axis',(-1.,0.,0.));
#7994=DIRECTION('ref_axis',(0.,0.,1.));
#7995=DIRECTION('',(0.,1.,0.));
#7996=DIRECTION('',(0.,0.,-1.));
#7997=DIRECTION('',(0.,1.,0.));
#7998=DIRECTION('center_axis',(0.,-1.,0.));
#7999=DIRECTION('ref_axis',(0.,0.,-1.));
#8000=DIRECTION('',(-1.,0.,0.));
#8001=DIRECTION('',(-1.,0.,0.));
#8002=DIRECTION('center_axis',(0.,0.,1.));
#8003=DIRECTION('ref_axis',(1.,0.,0.));
#8004=DIRECTION('center_axis',(0.,0.,1.));
#8005=DIRECTION('ref_axis',(1.,0.,0.));
#8006=DIRECTION('',(0.,0.,-1.));
#8007=DIRECTION('',(0.,0.,-1.));
#8008=DIRECTION('',(0.,0.,-1.));
#8009=DIRECTION('center_axis',(-0.921070571448505,-0.389395688742858,0.));
#8010=DIRECTION('ref_axis',(0.389395688742858,-0.921070571448505,0.));
#8011=DIRECTION('',(-0.389395688742858,0.921070571448505,0.));
#8012=DIRECTION('',(0.,0.,-1.));
#8013=DIRECTION('',(-0.389395688742858,0.921070571448505,0.));
#8014=DIRECTION('center_axis',(-0.0140831102550335,-0.999900828085238,0.));
#8015=DIRECTION('ref_axis',(0.999900828085238,-0.0140831102550335,0.));
#8016=DIRECTION('',(-0.999900828085238,0.0140831102550335,0.));
#8017=DIRECTION('',(0.,0.,-1.));
#8018=DIRECTION('',(-0.999900828085238,0.0140831102550335,0.));
#8019=DIRECTION('center_axis',(0.936021085003517,-0.351943927961316,0.));
#8020=DIRECTION('ref_axis',(0.351943927961316,0.936021085003517,0.));
#8021=DIRECTION('',(-0.351943927961316,-0.936021085003517,0.));
#8022=DIRECTION('',(0.,0.,-1.));
#8023=DIRECTION('',(-0.351943927961316,-0.936021085003517,0.));
#8024=DIRECTION('center_axis',(0.,-1.,0.));
#8025=DIRECTION('ref_axis',(0.,0.,-1.));
#8026=DIRECTION('',(-1.,0.,0.));
#8027=DIRECTION('',(0.,0.,-1.));
#8028=DIRECTION('',(-1.,0.,0.));
#8029=DIRECTION('',(0.,0.,-1.));
#8030=DIRECTION('center_axis',(-0.915644030191229,0.401990062035325,0.));
#8031=DIRECTION('ref_axis',(-0.401990062035325,-0.915644030191229,0.));
#8032=DIRECTION('',(0.401990062035325,0.915644030191229,0.));
#8033=DIRECTION('',(0.,0.,-1.));
#8034=DIRECTION('',(0.401990062035325,0.915644030191229,0.));
#8035=DIRECTION('center_axis',(0.959737407008277,0.280898753270693,0.));
#8036=DIRECTION('ref_axis',(-0.280898753270693,0.959737407008277,0.));
#8037=DIRECTION('',(0.280898753270693,-0.959737407008277,0.));
#8038=DIRECTION('',(0.280898753270693,-0.959737407008277,0.));
#8039=DIRECTION('center_axis',(0.,1.,0.));
#8040=DIRECTION('ref_axis',(0.,0.,1.));
#8041=DIRECTION('',(1.,0.,0.));
#8042=DIRECTION('',(1.,0.,0.));
#8043=DIRECTION('center_axis',(0.,0.,1.));
#8044=DIRECTION('ref_axis',(1.,0.,0.));
#8045=DIRECTION('center_axis',(0.,0.,1.));
#8046=DIRECTION('ref_axis',(1.,0.,0.));
#8047=DIRECTION('center_axis',(0.0181788136694876,0.999834751713287,0.));
#8048=DIRECTION('ref_axis',(-0.999834751713287,0.0181788136694876,0.));
#8049=DIRECTION('',(0.999834751713287,-0.0181788136694876,0.));
#8050=DIRECTION('',(0.,0.,-1.));
#8051=DIRECTION('',(0.999834751713287,-0.0181788136694876,0.));
#8052=DIRECTION('',(0.,0.,-1.));
#8053=DIRECTION('',(0.,0.,-1.));
#8054=DIRECTION('',(0.,0.,-1.));
#8055=DIRECTION('',(0.,0.,-1.));
#8056=DIRECTION('center_axis',(1.,0.,0.));
#8057=DIRECTION('ref_axis',(0.,0.,-1.));
#8058=DIRECTION('',(0.,-1.,0.));
#8059=DIRECTION('',(0.,0.,-1.));
#8060=DIRECTION('',(0.,-1.,0.));
#8061=DIRECTION('center_axis',(0.,1.,0.));
#8062=DIRECTION('ref_axis',(0.,0.,1.));
#8063=DIRECTION('',(1.,0.,0.));
#8064=DIRECTION('',(0.,0.,-1.));
#8065=DIRECTION('',(1.,0.,0.));
#8066=DIRECTION('center_axis',(-1.,0.,0.));
#8067=DIRECTION('ref_axis',(0.,0.,1.));
#8068=DIRECTION('',(0.,1.,0.));
#8069=DIRECTION('',(0.,0.,-1.));
#8070=DIRECTION('',(0.,1.,0.));
#8071=DIRECTION('center_axis',(0.0830454798518156,0.99654575824504,0.));
#8072=DIRECTION('ref_axis',(-0.99654575824504,0.0830454798518156,0.));
#8073=DIRECTION('',(0.99654575824504,-0.0830454798518156,0.));
#8074=DIRECTION('',(0.,0.,-1.));
#8075=DIRECTION('',(0.99654575824504,-0.0830454798518156,0.));
#8076=DIRECTION('center_axis',(0.,0.,-1.));
#8077=DIRECTION('ref_axis',(0.846033203871172,-0.533130207311009,0.));
#8078=DIRECTION('',(0.,0.,-1.));
#8079=DIRECTION('center_axis',(0.,0.,-1.));
#8080=DIRECTION('ref_axis',(0.846033203871172,-0.533130207311009,0.));
#8081=DIRECTION('',(0.,0.,-1.));
#8082=DIRECTION('',(0.,0.,-1.));
#8083=DIRECTION('center_axis',(-1.,0.,0.));
#8084=DIRECTION('ref_axis',(0.,0.,1.));
#8085=DIRECTION('',(0.,1.,0.));
#8086=DIRECTION('',(0.,0.,-1.));
#8087=DIRECTION('',(0.,1.,0.));
#8088=DIRECTION('center_axis',(0.,1.,0.));
#8089=DIRECTION('ref_axis',(0.,0.,1.));
#8090=DIRECTION('',(1.,0.,0.));
#8091=DIRECTION('',(1.,0.,0.));
#8092=DIRECTION('center_axis',(0.,0.,1.));
#8093=DIRECTION('ref_axis',(1.,0.,0.));
#8094=DIRECTION('center_axis',(0.,0.,1.));
#8095=DIRECTION('ref_axis',(1.,0.,0.));
#8096=DIRECTION('',(0.,0.,-1.));
#8097=DIRECTION('',(0.,0.,-1.));
#8098=DIRECTION('',(0.,0.,-1.));
#8099=DIRECTION('',(0.,0.,-1.));
#8100=DIRECTION('center_axis',(0.,0.,1.));
#8101=DIRECTION('ref_axis',(1.,0.,0.));
#8102=DIRECTION('center_axis',(0.,0.,1.));
#8103=DIRECTION('ref_axis',(1.,0.,0.));
#8104=DIRECTION('',(0.,0.,-1.));
#8105=DIRECTION('',(0.,0.,-1.));
#8106=DIRECTION('',(0.,0.,-1.));
#8107=DIRECTION('center_axis',(1.,0.,0.));
#8108=DIRECTION('ref_axis',(0.,0.,-1.));
#8109=DIRECTION('',(0.,-1.,0.));
#8110=DIRECTION('',(0.,0.,-1.));
#8111=DIRECTION('',(0.,-1.,0.));
#8112=DIRECTION('center_axis',(0.,1.,0.));
#8113=DIRECTION('ref_axis',(0.,0.,1.));
#8114=DIRECTION('',(1.,0.,0.));
#8115=DIRECTION('',(0.,0.,-1.));
#8116=DIRECTION('',(1.,0.,0.));
#8117=DIRECTION('center_axis',(-1.,0.,0.));
#8118=DIRECTION('ref_axis',(0.,0.,1.));
#8119=DIRECTION('',(0.,1.,0.));
#8120=DIRECTION('',(0.,0.,-1.));
#8121=DIRECTION('',(0.,1.,0.));
#8122=DIRECTION('center_axis',(0.,1.,0.));
#8123=DIRECTION('ref_axis',(0.,0.,1.));
#8124=DIRECTION('',(1.,0.,0.));
#8125=DIRECTION('',(0.,0.,-1.));
#8126=DIRECTION('',(1.,0.,0.));
#8127=DIRECTION('',(0.,0.,-1.));
#8128=DIRECTION('',(0.,0.,-1.));
#8129=DIRECTION('center_axis',(-0.996545758244881,-0.0830454798537259,0.));
#8130=DIRECTION('ref_axis',(0.0830454798537258,-0.996545758244881,0.));
#8131=DIRECTION('',(-0.0830454798537258,0.996545758244881,0.));
#8132=DIRECTION('',(0.,0.,-1.));
#8133=DIRECTION('',(-0.0830454798537258,0.996545758244881,0.));
#8134=DIRECTION('center_axis',(-1.,0.,0.));
#8135=DIRECTION('ref_axis',(0.,0.,1.));
#8136=DIRECTION('',(0.,1.,0.));
#8137=DIRECTION('',(0.,1.,0.));
#8138=DIRECTION('center_axis',(0.,0.,1.));
#8139=DIRECTION('ref_axis',(1.,0.,0.));
#8140=DIRECTION('center_axis',(0.,0.,1.));
#8141=DIRECTION('ref_axis',(1.,0.,0.));
#8142=DIRECTION('center_axis',(0.0181788136694876,0.999834751713287,0.));
#8143=DIRECTION('ref_axis',(-0.999834751713287,0.0181788136694876,0.));
#8144=DIRECTION('',(0.999834751713287,-0.0181788136694876,0.));
#8145=DIRECTION('',(0.,0.,-1.));
#8146=DIRECTION('',(0.999834751713287,-0.0181788136694876,0.));
#8147=DIRECTION('',(0.,0.,-1.));
#8148=DIRECTION('',(0.,0.,-1.));
#8149=DIRECTION('',(0.,0.,-1.));
#8150=DIRECTION('',(0.,0.,-1.));
#8151=DIRECTION('center_axis',(1.,0.,0.));
#8152=DIRECTION('ref_axis',(0.,0.,-1.));
#8153=DIRECTION('',(0.,-1.,0.));
#8154=DIRECTION('',(0.,0.,-1.));
#8155=DIRECTION('',(0.,-1.,0.));
#8156=DIRECTION('center_axis',(0.0185153440080282,0.999828576325094,0.));
#8157=DIRECTION('ref_axis',(-0.999828576325094,0.0185153440080282,0.));
#8158=DIRECTION('',(0.999828576325094,-0.0185153440080282,0.));
#8159=DIRECTION('',(0.,0.,-1.));
#8160=DIRECTION('',(0.999828576325094,-0.0185153440080282,0.));
#8161=DIRECTION('center_axis',(-1.,0.,0.));
#8162=DIRECTION('ref_axis',(0.,0.,1.));
#8163=DIRECTION('',(0.,1.,0.));
#8164=DIRECTION('',(0.,0.,-1.));
#8165=DIRECTION('',(0.,1.,0.));
#8166=DIRECTION('center_axis',(0.0797452222810938,0.996815278536269,0.));
#8167=DIRECTION('ref_axis',(-0.996815278536269,0.0797452222810938,0.));
#8168=DIRECTION('',(0.996815278536269,-0.0797452222810938,0.));
#8169=DIRECTION('',(0.,0.,-1.));
#8170=DIRECTION('',(0.996815278536269,-0.0797452222810938,0.));
#8171=DIRECTION('',(0.,0.,-1.));
#8172=DIRECTION('',(0.,0.,-1.));
#8173=DIRECTION('',(0.,0.,-1.));
#8174=DIRECTION('center_axis',(-1.,0.,0.));
#8175=DIRECTION('ref_axis',(0.,0.,1.));
#8176=DIRECTION('',(0.,1.,0.));
#8177=DIRECTION('',(0.,0.,-1.));
#8178=DIRECTION('',(0.,1.,0.));
#8179=DIRECTION('center_axis',(0.,1.,0.));
#8180=DIRECTION('ref_axis',(0.,0.,1.));
#8181=DIRECTION('',(1.,0.,0.));
#8182=DIRECTION('',(1.,0.,0.));
#8183=DIRECTION('center_axis',(0.,0.,1.));
#8184=DIRECTION('ref_axis',(1.,0.,0.));
#8185=DIRECTION('center_axis',(0.,0.,1.));
#8186=DIRECTION('ref_axis',(1.,0.,0.));
#8187=DIRECTION('',(0.,0.,-1.));
#8188=DIRECTION('',(0.,0.,-1.));
#8189=DIRECTION('',(0.,0.,-1.));
#8190=DIRECTION('',(0.,0.,-1.));
#8191=DIRECTION('',(0.,0.,-1.));
#8192=DIRECTION('',(0.,0.,-1.));
#8193=DIRECTION('center_axis',(0.,0.,1.));
#8194=DIRECTION('ref_axis',(1.,0.,0.));
#8195=DIRECTION('center_axis',(0.,0.,1.));
#8196=DIRECTION('ref_axis',(1.,0.,0.));
#8197=DIRECTION('',(0.,0.,-1.));
#8198=DIRECTION('',(0.,0.,-1.));
#8199=DIRECTION('',(0.,0.,-1.));
#8200=DIRECTION('center_axis',(-1.,0.,0.));
#8201=DIRECTION('ref_axis',(0.,0.,1.));
#8202=DIRECTION('',(0.,1.,0.));
#8203=DIRECTION('',(0.,0.,-1.));
#8204=DIRECTION('',(0.,1.,0.));
#8205=DIRECTION('center_axis',(0.,-1.,0.));
#8206=DIRECTION('ref_axis',(0.,0.,-1.));
#8207=DIRECTION('',(-1.,0.,0.));
#8208=DIRECTION('',(0.,0.,-1.));
#8209=DIRECTION('',(-1.,0.,0.));
#8210=DIRECTION('center_axis',(1.,0.,0.));
#8211=DIRECTION('ref_axis',(0.,0.,-1.));
#8212=DIRECTION('',(0.,-1.,0.));
#8213=DIRECTION('',(0.,0.,-1.));
#8214=DIRECTION('',(0.,-1.,0.));
#8215=DIRECTION('center_axis',(-0.947535507027482,-0.319650532491615,0.));
#8216=DIRECTION('ref_axis',(0.319650532491615,-0.947535507027482,0.));
#8217=DIRECTION('',(-0.319650532491615,0.947535507027482,0.));
#8218=DIRECTION('',(0.,0.,-1.));
#8219=DIRECTION('',(-0.319650532491615,0.947535507027482,0.));
#8220=DIRECTION('center_axis',(0.,-1.,0.));
#8221=DIRECTION('ref_axis',(0.,0.,-1.));
#8222=DIRECTION('',(-1.,0.,0.));
#8223=DIRECTION('',(0.,0.,-1.));
#8224=DIRECTION('',(-1.,0.,0.));
#8225=DIRECTION('center_axis',(1.,0.,0.));
#8226=DIRECTION('ref_axis',(0.,0.,-1.));
#8227=DIRECTION('',(0.,-1.,0.));
#8228=DIRECTION('',(0.,0.,-1.));
#8229=DIRECTION('',(0.,-1.,0.));
#8230=DIRECTION('center_axis',(-0.04540766091965,0.998968540210254,0.));
#8231=DIRECTION('ref_axis',(-0.998968540210254,-0.04540766091965,0.));
#8232=DIRECTION('',(0.998968540210254,0.04540766091965,0.));
#8233=DIRECTION('',(0.,0.,-1.));
#8234=DIRECTION('',(0.998968540210254,0.04540766091965,0.));
#8235=DIRECTION('center_axis',(-1.,0.,0.));
#8236=DIRECTION('ref_axis',(0.,0.,1.));
#8237=DIRECTION('',(0.,1.,0.));
#8238=DIRECTION('',(0.,0.,-1.));
#8239=DIRECTION('',(0.,1.,0.));
#8240=DIRECTION('center_axis',(0.,0.,1.));
#8241=DIRECTION('ref_axis',(1.,0.,0.));
#8242=DIRECTION('center_axis',(0.,0.,1.));
#8243=DIRECTION('ref_axis',(1.,0.,0.));
#8244=DIRECTION('center_axis',(0.,-1.,0.));
#8245=DIRECTION('ref_axis',(0.,0.,-1.));
#8246=DIRECTION('',(-1.,0.,0.));
#8247=DIRECTION('',(0.,0.,-1.));
#8248=DIRECTION('',(-1.,0.,0.));
#8249=DIRECTION('',(0.,0.,-1.));
#8250=DIRECTION('center_axis',(1.,0.,0.));
#8251=DIRECTION('ref_axis',(0.,0.,-1.));
#8252=DIRECTION('',(0.,-1.,0.));
#8253=DIRECTION('',(0.,0.,-1.));
#8254=DIRECTION('',(0.,-1.,0.));
#8255=DIRECTION('center_axis',(0.,1.,0.));
#8256=DIRECTION('ref_axis',(0.,0.,1.));
#8257=DIRECTION('',(1.,0.,0.));
#8258=DIRECTION('',(0.,0.,-1.));
#8259=DIRECTION('',(1.,0.,0.));
#8260=DIRECTION('center_axis',(-1.,0.,0.));
#8261=DIRECTION('ref_axis',(0.,0.,1.));
#8262=DIRECTION('',(0.,1.,0.));
#8263=DIRECTION('',(0.,1.,0.));
#8264=DIRECTION('center_axis',(0.,0.,1.));
#8265=DIRECTION('ref_axis',(1.,0.,0.));
#8266=DIRECTION('center_axis',(0.,0.,1.));
#8267=DIRECTION('ref_axis',(1.,0.,0.));
#8268=DIRECTION('center_axis',(-0.996545758244897,-0.0830454798535328,0.));
#8269=DIRECTION('ref_axis',(0.0830454798535328,-0.996545758244897,0.));
#8270=DIRECTION('',(-0.0830454798535328,0.996545758244897,0.));
#8271=DIRECTION('',(0.,0.,-1.));
#8272=DIRECTION('',(-0.0830454798535328,0.996545758244897,0.));
#8273=DIRECTION('',(0.,0.,-1.));
#8274=DIRECTION('',(0.,0.,-1.));
#8275=DIRECTION('',(0.,0.,-1.));
#8276=DIRECTION('',(0.,0.,-1.));
#8277=DIRECTION('',(0.,0.,-1.));
#8278=DIRECTION('center_axis',(0.,0.,1.));
#8279=DIRECTION('ref_axis',(0.973898911074142,0.226982182139039,0.));
#8280=DIRECTION('',(0.,0.,-1.));
#8281=DIRECTION('center_axis',(0.,0.,1.));
#8282=DIRECTION('ref_axis',(0.973898911074142,0.226982182139039,0.));
#8283=DIRECTION('center_axis',(0.,0.,1.));
#8284=DIRECTION('ref_axis',(1.,0.,0.));
#8285=DIRECTION('center_axis',(0.,0.,1.));
#8286=DIRECTION('ref_axis',(1.,0.,0.));
#8287=DIRECTION('',(0.,0.,1.));
#8288=DIRECTION('',(1.,0.,0.));
#8289=DIRECTION('',(0.,0.,1.));
#8290=DIRECTION('',(1.,0.,0.));
#8291=CARTESIAN_POINT('',(0.,0.,0.));
#8292=CARTESIAN_POINT('',(0.,0.,0.));
#8293=CARTESIAN_POINT('Origin',(-2.34997103693751,-1.67287797125442,2.37516663990042));
#8294=CARTESIAN_POINT('',(-2.65497103693751,-1.67287797125442,2.37516663990042));
#8295=CARTESIAN_POINT('Origin',(-2.34997103693751,-1.67287797125442,2.37516663990042));
#8296=CARTESIAN_POINT('',(-2.65497103693751,-1.67287797125442,2.38516663990042));
#8297=CARTESIAN_POINT('',(-2.65497103693751,-1.67287797125442,2.37516663990042));
#8298=CARTESIAN_POINT('Origin',(-2.34997103693751,-1.67287797125442,2.38516663990042));
#8299=CARTESIAN_POINT('Origin',(-3.29,3.59671678306518,2.38516663990042));
#8300=CARTESIAN_POINT('',(-3.14,3.59671678306518,-0.00483336009957827));
#8301=CARTESIAN_POINT('',(-2.05,3.59671678306518,-0.00483336009957827));
#8302=CARTESIAN_POINT('',(-3.29,3.59671678306518,-0.00483336009957827));
#8303=CARTESIAN_POINT('',(-3.14,3.59671678306518,0.526166639900422));
#8304=CARTESIAN_POINT('',(-3.14,3.59671678306518,2.38516663990042));
#8305=CARTESIAN_POINT('',(-2.05,3.59671678306518,0.526166639900422));
#8306=CARTESIAN_POINT('',(-5.15923989170857,3.59671678306518,0.526166639900422));
#8307=CARTESIAN_POINT('',(-2.05,3.59671678306518,0.526166639900422));
#8308=CARTESIAN_POINT('Origin',(0.,0.54671678306518,-0.00483336009957827));
#8309=CARTESIAN_POINT('',(-3.14,-2.39082168520055,-0.00483336009957813));
#8310=CARTESIAN_POINT('',(3.14,-2.39082168520055,-0.00483336009957813));
#8311=CARTESIAN_POINT('',(-5.15923989170857,-2.39082168520055,-0.00483336009957813));
#8312=CARTESIAN_POINT('',(-3.29,-2.23999544326603,-0.00483336009957827));
#8313=CARTESIAN_POINT('Origin',(-3.14000000000003,-2.23999544326606,-0.00483336009957799));
#8314=CARTESIAN_POINT('',(-3.29,3.44671678306518,-0.00483336009957827));
#8315=CARTESIAN_POINT('',(-3.29,-2.50328321693482,-0.00483336009957827));
#8316=CARTESIAN_POINT('Origin',(-3.14,3.44671678306518,-0.00483336009957827));
#8317=CARTESIAN_POINT('',(-2.05,2.84671678306518,-0.00483336009957827));
#8318=CARTESIAN_POINT('',(-2.05,0.54671678306518,-0.00483336009957827));
#8319=CARTESIAN_POINT('',(-2.55,2.84671678306518,-0.00483336009957827));
#8320=CARTESIAN_POINT('',(0.,2.84671678306518,-0.00483336009957827));
#8321=CARTESIAN_POINT('',(-2.55,-0.533283216934818,-0.00483336009957827));
#8322=CARTESIAN_POINT('',(-2.55,0.546716783065181,-0.00483336009957827));
#8323=CARTESIAN_POINT('',(2.55,-0.533283216934818,-0.00483336009957827));
#8324=CARTESIAN_POINT('',(-1.3775745250404E-16,-0.533283216934818,-0.00483336009957827));
#8325=CARTESIAN_POINT('',(2.55,2.84671678306518,-0.00483336009957827));
#8326=CARTESIAN_POINT('',(2.55,0.54671678306518,-0.00483336009957827));
#8327=CARTESIAN_POINT('',(2.05,2.84671678306518,-0.00483336009957827));
#8328=CARTESIAN_POINT('',(0.,2.84671678306518,-0.00483336009957827));
#8329=CARTESIAN_POINT('',(2.05,3.59671678306518,-0.00483336009957827));
#8330=CARTESIAN_POINT('',(2.05,0.54671678306518,-0.00483336009957827));
#8331=CARTESIAN_POINT('',(3.14,3.59671678306518,-0.00483336009957827));
#8332=CARTESIAN_POINT('',(-3.29,3.59671678306518,-0.00483336009957827));
#8333=CARTESIAN_POINT('',(3.29,3.44671678306518,-0.00483336009957827));
#8334=CARTESIAN_POINT('Origin',(3.14,3.44671678306518,-0.00483336009957827));
#8335=CARTESIAN_POINT('',(3.29,-2.23999544326603,-0.00483336009957827));
#8336=CARTESIAN_POINT('',(3.29,-2.50328321693482,-0.00483336009957827));
#8337=CARTESIAN_POINT('Origin',(3.14000000000005,-2.23999544326607,-0.00483336009957841));
#8338=CARTESIAN_POINT('Origin',(-3.29,-2.50328321693482,2.38516663990042));
#8339=CARTESIAN_POINT('',(-3.02955004068338,-2.50328321693482,1.57316663990042));
#8340=CARTESIAN_POINT('',(-3.08293398897261,-2.50328321693482,1.06525229987133));
#8341=CARTESIAN_POINT('',(-2.9479836224613,-2.50328321693482,2.34921927009088));
#8342=CARTESIAN_POINT('',(-3.08129503456906,-2.50328321693482,1.06516663990042));
#8343=CARTESIAN_POINT('Origin',(-2.93211655388115,-2.50328321686043,2.50018435840301));
#8344=CARTESIAN_POINT('',(3.08129503456905,-2.50328321693482,1.06516663990042));
#8345=CARTESIAN_POINT('',(-5.15923989170857,-2.50328321693482,1.06516663990042));
#8346=CARTESIAN_POINT('',(3.0829339889726,-2.50328321693482,1.06525229987133));
#8347=CARTESIAN_POINT('Origin',(2.93211644436865,-2.50328321693482,2.50018540246305));
#8348=CARTESIAN_POINT('',(3.02955004068338,-2.50328321693482,1.57316663990042));
#8349=CARTESIAN_POINT('',(2.87608922887553,-2.50328321693482,3.03324873288127));
#8350=CARTESIAN_POINT('',(-5.15923989170857,-2.50328321693482,1.57316663990042));
#8351=CARTESIAN_POINT('Origin',(3.29,-2.50328321693482,2.38516663990042));
#8352=CARTESIAN_POINT('',(3.29,-2.29457825150387,0.530166639900422));
#8353=CARTESIAN_POINT('',(3.29,-2.29621720590742,0.530080979929508));
#8354=CARTESIAN_POINT('Ctrl Pts',(3.29,-2.29457825150387,0.530166639900422));
#8355=CARTESIAN_POINT('Ctrl Pts',(3.29,-2.29512755158548,0.530166639900422));
#8356=CARTESIAN_POINT('Ctrl Pts',(3.29,-2.29567387515529,0.530138086292709));
#8357=CARTESIAN_POINT('Ctrl Pts',(3.29,-2.29621720590742,0.530080979929508));
#8358=CARTESIAN_POINT('',(3.29,-2.49132664856929,2.38642332587488));
#8359=CARTESIAN_POINT('',(3.29,3.44671678306518,0.530166639900422));
#8360=CARTESIAN_POINT('',(3.29,3.44671678306518,0.526166639900422));
#8361=CARTESIAN_POINT('',(3.29,-4.36850107552514,0.530166639900422));
#8362=CARTESIAN_POINT('Origin',(-3.29,3.59671678306518,2.38516663990042));
#8363=CARTESIAN_POINT('',(2.05,3.59671678306518,0.526166639900422));
#8364=CARTESIAN_POINT('',(3.14,3.59671678306518,0.526166639900422));
#8365=CARTESIAN_POINT('',(-5.15923989170857,3.59671678306518,0.526166639900422));
#8366=CARTESIAN_POINT('',(3.14,3.59671678306518,-0.00483336009957827));
#8367=CARTESIAN_POINT('',(2.05,3.59671678306518,0.526166639900422));
#8368=CARTESIAN_POINT('Origin',(-3.29,-2.50328321693482,2.38516663990042));
#8369=CARTESIAN_POINT('',(-3.29,-2.29621720590743,0.530080979929537));
#8370=CARTESIAN_POINT('',(-3.29,-2.29787416676244,0.545845909390569));
#8371=CARTESIAN_POINT('',(-3.29,-2.29457825150387,0.530166639900422));
#8372=CARTESIAN_POINT('Ctrl Pts',(-3.29,-2.29621720590743,0.530080979929537));
#8373=CARTESIAN_POINT('Ctrl Pts',(-3.29,-2.29567387515529,0.530138086292737));
#8374=CARTESIAN_POINT('Ctrl Pts',(-3.29,-2.29512755158548,0.530166639900451));
#8375=CARTESIAN_POINT('Ctrl Pts',(-3.29,-2.29457825150387,0.530166639900422));
#8376=CARTESIAN_POINT('',(-3.29,3.44671678306518,0.530166639900422));
#8377=CARTESIAN_POINT('',(-3.29,-4.36850107552514,0.530166639900422));
#8378=CARTESIAN_POINT('',(-3.29,3.44671678306518,2.38516663990042));
#8379=CARTESIAN_POINT('Origin',(0.,0.54671678306518,2.38516663990042));
#8380=CARTESIAN_POINT('',(-2.95997103693751,3.26626740306162,2.38516663990042));
#8381=CARTESIAN_POINT('',(-2.95997103693751,-2.28287797125442,2.38516663990042));
#8382=CARTESIAN_POINT('',(-2.95997103693751,-2.4179385778991,2.38516663990042));
#8383=CARTESIAN_POINT('',(2.95997103693751,-2.28287797125442,2.38516663990042));
#8384=CARTESIAN_POINT('',(3.09503164358218,-2.28287797125442,2.38516663990042));
#8385=CARTESIAN_POINT('',(2.95997103693751,3.26626740306162,2.38516663990042));
#8386=CARTESIAN_POINT('',(2.95997103693751,3.4013280097063,2.38516663990042));
#8387=CARTESIAN_POINT('',(-3.09503164358218,3.26626740306162,2.38516663990042));
#8388=CARTESIAN_POINT('Origin',(-5.15923989170857,-2.50328321693482,1.06516663990042));
#8389=CARTESIAN_POINT('',(-3.14,-2.44457825150388,0.506626203517849));
#8390=CARTESIAN_POINT('',(-3.10375368718278,-2.4808245643211,0.851486833782668));
#8391=CARTESIAN_POINT('',(-3.14,-2.39082168520055,-0.00483336009957827));
#8392=CARTESIAN_POINT('',(3.14,-2.44457825150387,0.506626203517827));
#8393=CARTESIAN_POINT('',(3.14,-2.50328321693482,1.06516663990042));
#8394=CARTESIAN_POINT('',(2.99223044239538,-2.5923478091085,1.91255962980754));
#8395=CARTESIAN_POINT('Origin',(-5.15923989170857,-2.50328321693482,1.57316663990042));
#8396=CARTESIAN_POINT('',(-2.95997103693751,-2.43205625555966,2.25084590939057));
#8397=CARTESIAN_POINT('',(-3.03118904440754,-2.5032742630297,1.57325183061705));
#8398=CARTESIAN_POINT('',(-3.05419810510906,-2.52628332373121,1.35433524135347));
#8399=CARTESIAN_POINT('Origin',(-2.87955003470224,-2.35328321077127,3.00032136609827));
#8400=CARTESIAN_POINT('',(3.03118904440755,-2.5032742630297,1.57325183061705));
#8401=CARTESIAN_POINT('Origin',(2.87955025837277,-2.35328343332454,3.00031924899228));
#8402=CARTESIAN_POINT('',(2.95997103693751,-2.43205625555966,2.25084590939057));
#8403=CARTESIAN_POINT('',(2.94267486032166,-2.41476007894381,2.41540803737834));
#8404=CARTESIAN_POINT('',(-3.09503164358218,-2.43205625555966,2.25084590939057));
#8405=CARTESIAN_POINT('Origin',(-5.15923989170857,3.59671678306518,0.526166639900422));
#8406=CARTESIAN_POINT('',(2.95997103693751,3.41544568736687,2.25084590939057));
#8407=CARTESIAN_POINT('',(3.14123703172414,3.5967116821535,0.526215171833251));
#8408=CARTESIAN_POINT('',(3.05152962574677,3.50700427617613,1.37972412654489));
#8409=CARTESIAN_POINT('Origin',(3.14000001034403,3.44671915518241,1.95329873934065));
#8410=CARTESIAN_POINT('',(0.,3.59671678306518,0.526166639900422));
#8411=CARTESIAN_POINT('',(-3.14123703172414,3.5967116821535,0.526215171833252));
#8412=CARTESIAN_POINT('Origin',(-3.14000001053217,3.44671930993276,1.95329726698125));
#8413=CARTESIAN_POINT('',(-2.95997103693751,3.41544568736687,2.25084590939057));
#8414=CARTESIAN_POINT('',(-3.16305287053417,3.61852752096353,0.318651330520017));
#8415=CARTESIAN_POINT('',(3.09503164358219,3.41544568736687,2.25084590939057));
#8416=CARTESIAN_POINT('Origin',(-3.29,-4.36850107552514,0.530166639900422));
#8417=CARTESIAN_POINT('',(-3.23129503456905,-2.35328321693482,1.08870707628302));
#8418=CARTESIAN_POINT('',(-3.26758481795495,-2.31699343354893,0.743432851184823));
#8419=CARTESIAN_POINT('',(-3.17955456692315,-2.35328321693482,1.58098474249811));
#8420=CARTESIAN_POINT('',(-3.29,-2.35328321693482,0.530166639900422));
#8421=CARTESIAN_POINT('',(-3.10914932124275,-2.28287797125442,2.25084590939057));
#8422=CARTESIAN_POINT('',(-3.31058698625511,-2.48431563626678,0.334294549655231));
#8423=CARTESIAN_POINT('',(-3.10914932124275,3.26626740306162,2.25084590939057));
#8424=CARTESIAN_POINT('',(-3.10914932124275,3.4013280097063,2.25084590939057));
#8425=CARTESIAN_POINT('',(-3.28999981889486,3.44711808070307,0.53016666470195));
#8426=CARTESIAN_POINT('',(-3.20552794338461,3.36264602520349,1.33386457273702));
#8427=CARTESIAN_POINT('',(-3.29,-4.36850107552514,0.530166639900422));
#8428=CARTESIAN_POINT('Origin',(3.29,-4.36850107552514,0.530166639900422));
#8429=CARTESIAN_POINT('',(3.17955456692315,-2.35328321693482,1.58098474249811));
#8430=CARTESIAN_POINT('',(3.23129503456905,-2.35328321693482,1.08870707628303));
#8431=CARTESIAN_POINT('',(3.29,-2.35328321693482,0.530166639900422));
#8432=CARTESIAN_POINT('',(3.26758481795495,-2.31699343354893,0.743432851184824));
#8433=CARTESIAN_POINT('',(3.28999981889486,3.44711808070307,0.53016666470195));
#8434=CARTESIAN_POINT('',(3.29,-4.36850107552514,0.530166639900422));
#8435=CARTESIAN_POINT('',(3.10914932124275,3.26626740306163,2.25084590939057));
#8436=CARTESIAN_POINT('',(3.20552794338461,3.36264602520349,1.33386457273702));
#8437=CARTESIAN_POINT('',(3.10914932124275,-2.28287797125442,2.25084590939057));
#8438=CARTESIAN_POINT('',(3.10914932124275,-2.4179385778991,2.25084590939057));
#8439=CARTESIAN_POINT('',(3.31058698625511,-2.48431563626678,0.334294549655231));
#8440=CARTESIAN_POINT('Origin',(-2.05,0.54671678306518,0.526166639900422));
#8441=CARTESIAN_POINT('',(-2.05,2.84671678306518,0.526166639900422));
#8442=CARTESIAN_POINT('',(-2.05,0.54671678306518,0.526166639900422));
#8443=CARTESIAN_POINT('',(-2.05,2.84671678306518,0.526166639900422));
#8444=CARTESIAN_POINT('Origin',(0.,2.84671678306518,0.526166639900422));
#8445=CARTESIAN_POINT('',(-2.55,2.84671678306518,0.526166639900422));
#8446=CARTESIAN_POINT('',(0.,2.84671678306518,0.526166639900422));
#8447=CARTESIAN_POINT('',(-2.55,2.84671678306518,0.526166639900422));
#8448=CARTESIAN_POINT('Origin',(-2.55,0.546716783065181,0.526166639900422));
#8449=CARTESIAN_POINT('',(-2.55,-0.533283216934818,0.526166639900422));
#8450=CARTESIAN_POINT('',(-2.55,0.546716783065181,0.526166639900422));
#8451=CARTESIAN_POINT('',(-2.55,-0.533283216934818,0.526166639900422));
#8452=CARTESIAN_POINT('Origin',(-1.3775745250404E-16,-0.533283216934818,
0.526166639900422));
#8453=CARTESIAN_POINT('',(2.55,-0.533283216934818,0.526166639900422));
#8454=CARTESIAN_POINT('',(-1.3775745250404E-16,-0.533283216934818,0.526166639900422));
#8455=CARTESIAN_POINT('',(2.55,-0.533283216934818,0.526166639900422));
#8456=CARTESIAN_POINT('Origin',(2.55,0.54671678306518,0.526166639900422));
#8457=CARTESIAN_POINT('',(2.55,2.84671678306518,0.526166639900422));
#8458=CARTESIAN_POINT('',(2.55,0.54671678306518,0.526166639900422));
#8459=CARTESIAN_POINT('',(2.55,2.84671678306518,0.526166639900422));
#8460=CARTESIAN_POINT('Origin',(0.,2.84671678306518,0.526166639900422));
#8461=CARTESIAN_POINT('',(2.05,2.84671678306518,0.526166639900422));
#8462=CARTESIAN_POINT('',(0.,2.84671678306518,0.526166639900422));
#8463=CARTESIAN_POINT('',(2.05,2.84671678306518,0.526166639900422));
#8464=CARTESIAN_POINT('Origin',(2.05,0.54671678306518,0.526166639900422));
#8465=CARTESIAN_POINT('',(2.05,0.54671678306518,0.526166639900422));
#8466=CARTESIAN_POINT('Origin',(0.,0.54671678306518,0.526166639900422));
#8467=CARTESIAN_POINT('Origin',(-3.14,-2.49132664856929,2.38642332587488));
#8468=CARTESIAN_POINT('Origin',(-3.13999999999995,-2.29539996719859,0.522305473008041));
#8469=CARTESIAN_POINT('Origin',(-3.14,3.44671678306518,2.38516663990042));
#8470=CARTESIAN_POINT('Ctrl Pts',(-3.14123703172414,3.5967116821535,0.526215171833252));
#8471=CARTESIAN_POINT('Ctrl Pts',(-3.14878955267316,3.59664939531529,0.526807791513962));
#8472=CARTESIAN_POINT('Ctrl Pts',(-3.15637232054821,3.59601203779271,0.527343858256778));
#8473=CARTESIAN_POINT('Ctrl Pts',(-3.16383446790812,3.5948110710696,0.527826463957866));
#8474=CARTESIAN_POINT('Ctrl Pts',(-3.16685099566873,3.59432558756397,0.528021554382183));
#8475=CARTESIAN_POINT('Ctrl Pts',(-3.16984785678828,3.59374859988255,0.528207908569088));
#8476=CARTESIAN_POINT('Ctrl Pts',(-3.17281551864259,3.59308324690242,0.528385730765454));
#8477=CARTESIAN_POINT('Ctrl Pts',(-3.18099951254125,3.5912483866666,0.528876115398727));
#8478=CARTESIAN_POINT('Ctrl Pts',(-3.18907662016076,3.58871179018925,0.529308432303314));
#8479=CARTESIAN_POINT('Ctrl Pts',(-3.19687879588257,3.58551448686085,0.529682900388715));
#8480=CARTESIAN_POINT('Ctrl Pts',(-3.20468097160437,3.58231718353245,0.530057368474117));
#8481=CARTESIAN_POINT('Ctrl Pts',(-3.21220708187357,3.57845965973767,0.530373987740333));
#8482=CARTESIAN_POINT('Ctrl Pts',(-3.21931096410143,3.57403438190093,0.530632977096867));
#8483=CARTESIAN_POINT('Ctrl Pts',(-3.22641950679745,3.56960620088171,0.530892136362136));
#8484=CARTESIAN_POINT('Ctrl Pts',(-3.23320684320055,3.56454578220426,0.531096644322425));
#8485=CARTESIAN_POINT('Ctrl Pts',(-3.23951972198618,3.55894790591349,0.531248172373636));
#8486=CARTESIAN_POINT('Ctrl Pts',(-3.24583260077182,3.55335002962273,0.531399700424848));
#8487=CARTESIAN_POINT('Ctrl Pts',(-3.25166999651434,3.54721559930103,0.531498248566983));
#8488=CARTESIAN_POINT('Ctrl Pts',(-3.25691877479449,3.5406848632869,0.531545488195944));
#8489=CARTESIAN_POINT('Ctrl Pts',(-3.26217500716688,3.53414485259853,0.531592794912622));
#8490=CARTESIAN_POINT('Ctrl Pts',(-3.26691637135837,3.52711357994786,0.531588958197834));
#8491=CARTESIAN_POINT('Ctrl Pts',(-3.27102977631035,3.51973183439063,0.531541144868604));
#8492=CARTESIAN_POINT('Ctrl Pts',(-3.27514318126234,3.5123500888334,0.531493331539374));
#8493=CARTESIAN_POINT('Ctrl Pts',(-3.27862796144291,3.50461906668941,0.531401541595702));
#8494=CARTESIAN_POINT('Ctrl Pts',(-3.28142407899727,3.49670908126974,0.531272941854617));
#8495=CARTESIAN_POINT('Ctrl Pts',(-3.28421992432926,3.48879986594467,0.531144354633652));
#8496=CARTESIAN_POINT('Ctrl Pts',(-3.28636732227211,3.4805984648649,0.530975655024922));
#8497=CARTESIAN_POINT('Ctrl Pts',(-3.28780665466651,3.47227442059873,0.530785164281545));
#8498=CARTESIAN_POINT('Ctrl Pts',(-3.2892459870609,3.46395037633255,0.530594673538168));
#8499=CARTESIAN_POINT('Ctrl Pts',(-3.28997702540188,3.45550502332053,0.530382391660145));
#8500=CARTESIAN_POINT('Ctrl Pts',(-3.28999946320056,3.44711808038948,0.530166639900595));
#8501=CARTESIAN_POINT('Origin',(3.14,3.44671678306518,2.38516663990042));
#8502=CARTESIAN_POINT('Ctrl Pts',(3.28999946320055,3.44711808039383,0.530166639900708));
#8503=CARTESIAN_POINT('Ctrl Pts',(3.28997914817476,3.45471155970739,0.530363314562365));
#8504=CARTESIAN_POINT('Ctrl Pts',(3.28937778228339,3.46233447228206,0.530556829725235));
#8505=CARTESIAN_POINT('Ctrl Pts',(3.28820771312188,3.46983547185113,0.530731914603777));
#8506=CARTESIAN_POINT('Ctrl Pts',(3.2877390202919,3.47284013587561,0.530802048088114));
#8507=CARTESIAN_POINT('Ctrl Pts',(3.28717966415501,3.47582528503162,0.530869224339147));
#8508=CARTESIAN_POINT('Ctrl Pts',(3.28653274761396,3.47878162170043,0.530932461853703));
#8509=CARTESIAN_POINT('Ctrl Pts',(3.28473718743558,3.48698713208634,0.531107981809854));
#8510=CARTESIAN_POINT('Ctrl Pts',(3.28223792320227,3.49508617807045,0.531255604781371));
#8511=CARTESIAN_POINT('Ctrl Pts',(3.27907624498914,3.50291107174047,0.531365301236117));
#8512=CARTESIAN_POINT('Ctrl Pts',(3.27591456677601,3.51073596541048,0.531474997690862));
#8513=CARTESIAN_POINT('Ctrl Pts',(3.27209096090499,3.5182855830132,0.531546767628835));
#8514=CARTESIAN_POINT('Ctrl Pts',(3.26769782873452,3.5254140799469,0.531570581517897));
#8515=CARTESIAN_POINT('Ctrl Pts',(3.26330187795256,3.53254715048838,0.531594410685829));
#8516=CARTESIAN_POINT('Ctrl Pts',(3.25827239995831,3.53936042200801,0.531571064726361));
#8517=CARTESIAN_POINT('Ctrl Pts',(3.25270405078715,3.5457006046532,0.531497206094438));
#8518=CARTESIAN_POINT('Ctrl Pts',(3.24713570161599,3.55204078729839,0.531423347462516));
#8519=CARTESIAN_POINT('Ctrl Pts',(3.24102938446011,3.55790685657338,0.531298976158138));
#8520=CARTESIAN_POINT('Ctrl Pts',(3.23452522933794,3.5631855815419,0.531120754636251));
#8521=CARTESIAN_POINT('Ctrl Pts',(3.22801186115697,3.5684717837619,0.530942280665686));
#8522=CARTESIAN_POINT('Ctrl Pts',(3.22100605158787,3.57324482528197,0.530707683028715));
#8523=CARTESIAN_POINT('Ctrl Pts',(3.21364866239465,3.57739147276246,0.530417074858049));
#8524=CARTESIAN_POINT('Ctrl Pts',(3.20629127320144,3.58153812024295,0.530126466687383));
#8525=CARTESIAN_POINT('Ctrl Pts',(3.19858350555798,3.58505770728416,0.529779847983023));
#8526=CARTESIAN_POINT('Ctrl Pts',(3.19069582926164,3.58789019733103,0.529377331877684));
#8527=CARTESIAN_POINT('Ctrl Pts',(3.18280892008,3.59072241190452,0.528974854918983));
#8528=CARTESIAN_POINT('Ctrl Pts',(3.17462899876907,3.59290827462774,0.528512456011677));
#8529=CARTESIAN_POINT('Ctrl Pts',(3.16632665091684,3.59438840339727,0.527986605792146));
#8530=CARTESIAN_POINT('Ctrl Pts',(3.15802430306461,3.59586853216679,0.527460755572614));
#8531=CARTESIAN_POINT('Ctrl Pts',(3.14960088681334,3.59664270411395,0.526871454040856));
#8532=CARTESIAN_POINT('Ctrl Pts',(3.14123703172414,3.5967116821535,0.526215171833251));
#8533=CARTESIAN_POINT('Origin',(3.14,-2.35410493262958,1.08084590939057));
#8534=CARTESIAN_POINT('Origin',(3.14000000000005,-2.29539996719867,0.522305473007932));
#8535=CARTESIAN_POINT('Origin',(-3.10375368718278,-2.33164628001586,0.867166103272815));
#8536=CARTESIAN_POINT('Origin',(-3.08211675026381,-2.35328321693482,1.07302780679287));
#8537=CARTESIAN_POINT('Origin',(-3.16305287053417,3.46934923665829,0.30297206102987));
#8538=CARTESIAN_POINT('Origin',(-2.95997103693751,3.26626740306162,2.23516663990042));
#8539=CARTESIAN_POINT('Origin',(-5.15923989170857,3.26626740306162,2.23516663990042));
#8540=CARTESIAN_POINT('Origin',(2.95997103693751,3.26626740306162,2.23516663990042));
#8541=CARTESIAN_POINT('Origin',(-2.95997103693751,3.26626740306162,2.23516663990042));
#8542=CARTESIAN_POINT('Origin',(3.05152962574677,3.35782599187089,1.36404485705475));
#8543=CARTESIAN_POINT('Origin',(2.95997103693751,3.26626740306163,2.23516663990042));
#8544=CARTESIAN_POINT('Origin',(2.99223044239538,-2.44316952480326,1.92823889929769));
#8545=CARTESIAN_POINT('Origin',(3.08211675026388,-2.35328321693489,1.07302780679283));
#8546=CARTESIAN_POINT('Origin',(-3.14082171569476,-2.35328321693482,0.514487370410275));
#8547=CARTESIAN_POINT('Origin',(-3.03037628261789,-2.35328321693479,1.56530547300793));
#8548=CARTESIAN_POINT('Origin',(-2.95997103693751,3.26626740306162,2.23516663990042));
#8549=CARTESIAN_POINT('Origin',(-2.95997103693751,3.26626740306162,2.23516663990042));
#8550=CARTESIAN_POINT('Origin',(2.95997103693751,3.26626740306162,2.23516663990042));
#8551=CARTESIAN_POINT('Origin',(2.95997103693751,3.26626740306162,2.23516663990042));
#8552=CARTESIAN_POINT('Origin',(3.14082171569476,-2.35328321693482,0.514487370410275));
#8553=CARTESIAN_POINT('Origin',(3.03037628261787,-2.35328321693476,1.56530547300789));
#8554=CARTESIAN_POINT('Origin',(-3.05419810510906,-2.37710503942597,1.33865597186332));
#8555=CARTESIAN_POINT('Origin',(-2.95997103693751,-2.28287797125442,2.23516663990042));
#8556=CARTESIAN_POINT('Origin',(-2.95997103693751,-4.36850107552514,2.23516663990042));
#8557=CARTESIAN_POINT('Origin',(-2.95997103693751,-2.28287797125442,2.23516663990042));
#8558=CARTESIAN_POINT('Origin',(2.95997103693751,0.54671678306518,2.23516663990042));
#8559=CARTESIAN_POINT('Origin',(2.95997103693751,-2.28287797125442,2.23516663990042));
#8560=CARTESIAN_POINT('Origin',(2.94267486032166,-2.26558179463857,2.3997287678882));
#8561=CARTESIAN_POINT('Origin',(2.95997103693751,-2.28287797125442,2.23516663990042));
#8562=CARTESIAN_POINT('Origin',(-2.95997103693751,-2.28287797125442,2.23516663990042));
#8563=CARTESIAN_POINT('Origin',(-2.95997103693751,-2.28287797125442,2.23516663990042));
#8564=CARTESIAN_POINT('Origin',(2.95997103693751,-2.28287797125442,2.23516663990042));
#8565=CARTESIAN_POINT('Origin',(2.95997103693751,-2.28287797125442,2.23516663990042));
#8566=CARTESIAN_POINT('Origin',(0.,-2.28287797125442,2.23516663990042));
#8567=CARTESIAN_POINT('Origin',(-2.34997103693751,-1.67287797125442,2.37516663990042));
#8568=CARTESIAN_POINT('Origin',(-2.34997103693751,-1.67287797125442,2.37516663990042));
#8569=CARTESIAN_POINT('',(-2.65497103693751,-1.67287797125442,2.38516663990042));
#8570=CARTESIAN_POINT('Origin',(-2.34997103693751,-1.67287797125442,2.38516663990042));
#8571=CARTESIAN_POINT('',(-2.65497103693751,-1.67287797125442,2.37516663990042));
#8572=CARTESIAN_POINT('',(-2.65497103693751,-1.67287797125442,2.37516663990042));
#8573=CARTESIAN_POINT('Origin',(-2.34997103693751,-1.67287797125442,2.37516663990042));
#8574=CARTESIAN_POINT('Origin',(-2.34997103693751,-1.67287797125442,2.37516663990042));
#8575=CARTESIAN_POINT('Origin',(-2.34997103693751,-1.67287797125442,2.38516663990042));
#8576=CARTESIAN_POINT('Origin',(-0.500000000000001,3.14671678306518,0.526166639900422));
#8577=CARTESIAN_POINT('',(-0.500000000000001,2.89671678306518,0.526166639900422));
#8578=CARTESIAN_POINT('',(-0.500000000000001,3.39671678306518,0.526166639900422));
#8579=CARTESIAN_POINT('Origin',(-0.500000000000001,3.14671678306518,0.526166639900422));
#8580=CARTESIAN_POINT('',(-0.500000000000001,2.89671678306518,-0.00483336009957827));
#8581=CARTESIAN_POINT('',(-0.500000000000001,2.89671678306518,0.526166639900422));
#8582=CARTESIAN_POINT('',(-0.500000000000001,3.39671678306518,-0.00483336009957827));
#8583=CARTESIAN_POINT('Origin',(-0.500000000000001,3.14671678306518,-0.00483336009957827));
#8584=CARTESIAN_POINT('',(-0.500000000000001,3.39671678306518,0.526166639900422));
#8585=CARTESIAN_POINT('Origin',(-2.55,-0.533283216934818,0.526166639900422));
#8586=CARTESIAN_POINT('',(2.55,-0.533283216934818,-0.00483336009957827));
#8587=CARTESIAN_POINT('',(-2.55,-0.533283216934818,-0.00483336009957827));
#8588=CARTESIAN_POINT('',(-2.55,-0.533283216934818,-0.00483336009957827));
#8589=CARTESIAN_POINT('',(2.55,-0.533283216934818,0.526166639900422));
#8590=CARTESIAN_POINT('',(2.55,-0.533283216934818,0.526166639900422));
#8591=CARTESIAN_POINT('',(-2.55,-0.533283216934818,0.526166639900422));
#8592=CARTESIAN_POINT('',(-2.55,-0.533283216934818,0.526166639900422));
#8593=CARTESIAN_POINT('',(-2.55,-0.533283216934818,0.526166639900422));
#8594=CARTESIAN_POINT('Origin',(2.55,-0.533283216934818,0.526166639900422));
#8595=CARTESIAN_POINT('',(2.55,2.84671678306518,-0.00483336009957827));
#8596=CARTESIAN_POINT('',(2.55,-0.533283216934818,-0.00483336009957827));
#8597=CARTESIAN_POINT('',(2.55,2.84671678306518,0.526166639900422));
#8598=CARTESIAN_POINT('',(2.55,2.84671678306518,0.526166639900422));
#8599=CARTESIAN_POINT('',(2.55,-0.533283216934818,0.526166639900422));
#8600=CARTESIAN_POINT('Origin',(2.55,2.84671678306518,0.526166639900422));
#8601=CARTESIAN_POINT('',(2.05,2.84671678306518,-0.00483336009957827));
#8602=CARTESIAN_POINT('',(2.55,2.84671678306518,-0.00483336009957827));
#8603=CARTESIAN_POINT('',(2.05,2.84671678306518,0.526166639900422));
#8604=CARTESIAN_POINT('',(2.05,2.84671678306518,0.526166639900422));
#8605=CARTESIAN_POINT('',(2.55,2.84671678306518,0.526166639900422));
#8606=CARTESIAN_POINT('Origin',(2.05,3.59671678306518,0.526166639900422));
#8607=CARTESIAN_POINT('',(2.05,3.59671678306518,-0.00483336009957827));
#8608=CARTESIAN_POINT('',(2.05,3.59671678306518,-0.00483336009957827));
#8609=CARTESIAN_POINT('',(2.05,3.59671678306518,0.526166639900422));
#8610=CARTESIAN_POINT('',(2.05,3.59671678306518,0.526166639900422));
#8611=CARTESIAN_POINT('',(2.05,3.59671678306518,0.526166639900422));
#8612=CARTESIAN_POINT('Origin',(2.55,3.59671678306518,0.526166639900422));
#8613=CARTESIAN_POINT('',(2.665,3.59671678306518,-0.00483336009957827));
#8614=CARTESIAN_POINT('',(2.55,3.59671678306518,-0.00483336009957827));
#8615=CARTESIAN_POINT('',(2.665,3.59671678306518,0.526166639900422));
#8616=CARTESIAN_POINT('',(2.665,3.59671678306518,0.526166639900422));
#8617=CARTESIAN_POINT('',(2.55,3.59671678306518,0.526166639900422));
#8618=CARTESIAN_POINT('Origin',(2.665,3.59671678306518,0.526166639900422));
#8619=CARTESIAN_POINT('',(2.665,4.67671678306518,-0.00483336009957813));
#8620=CARTESIAN_POINT('',(2.665,3.59671678306518,-0.00483336009957827));
#8621=CARTESIAN_POINT('',(2.665,4.67671678306518,0.526166639900422));
#8622=CARTESIAN_POINT('',(2.665,4.67671678306518,-5.38734206887098));
#8623=CARTESIAN_POINT('',(2.665,3.59671678306518,0.526166639900422));
#8624=CARTESIAN_POINT('Origin',(2.665,4.67671678306518,0.526166639900422));
#8625=CARTESIAN_POINT('',(-2.665,4.67671678306518,-0.00483336009957813));
#8626=CARTESIAN_POINT('',(2.665,4.67671678306518,-0.00483336009957827));
#8627=CARTESIAN_POINT('',(-2.665,4.67671678306518,0.526166639900422));
#8628=CARTESIAN_POINT('',(-2.665,4.67671678306518,-5.38734206887098));
#8629=CARTESIAN_POINT('',(2.665,4.67671678306518,0.526166639900422));
#8630=CARTESIAN_POINT('Origin',(-2.665,4.67671678306518,0.526166639900422));
#8631=CARTESIAN_POINT('',(-2.665,3.59671678306518,0.526166639900422));
#8632=CARTESIAN_POINT('',(-2.665,4.67671678306518,0.526166639900422));
#8633=CARTESIAN_POINT('',(-2.665,3.59671678306518,-0.00483336009957827));
#8634=CARTESIAN_POINT('',(-2.665,4.67671678306518,-0.00483336009957827));
#8635=CARTESIAN_POINT('',(-2.665,3.59671678306518,0.526166639900422));
#8636=CARTESIAN_POINT('Origin',(-2.665,3.59671678306518,0.526166639900422));
#8637=CARTESIAN_POINT('',(-2.05,3.59671678306518,-0.00483336009957827));
#8638=CARTESIAN_POINT('',(-2.665,3.59671678306518,-0.00483336009957827));
#8639=CARTESIAN_POINT('',(-2.05,3.59671678306518,0.526166639900422));
#8640=CARTESIAN_POINT('',(-2.05,3.59671678306518,0.526166639900422));
#8641=CARTESIAN_POINT('',(-2.55,3.59671678306518,0.526166639900422));
#8642=CARTESIAN_POINT('Origin',(-2.05,3.59671678306518,0.526166639900422));
#8643=CARTESIAN_POINT('',(-2.05,2.84671678306518,-0.00483336009957827));
#8644=CARTESIAN_POINT('',(-2.05,3.59671678306518,-0.00483336009957827));
#8645=CARTESIAN_POINT('',(-2.05,2.84671678306518,0.526166639900422));
#8646=CARTESIAN_POINT('',(-2.05,2.84671678306518,0.526166639900422));
#8647=CARTESIAN_POINT('',(-2.05,3.59671678306518,0.526166639900422));
#8648=CARTESIAN_POINT('Origin',(-2.55,2.84671678306518,0.526166639900422));
#8649=CARTESIAN_POINT('',(-2.55,2.84671678306518,-0.00483336009957827));
#8650=CARTESIAN_POINT('',(-2.55,2.84671678306518,-0.00483336009957827));
#8651=CARTESIAN_POINT('',(-2.55,2.84671678306518,0.526166639900422));
#8652=CARTESIAN_POINT('',(-2.55,2.84671678306518,0.526166639900422));
#8653=CARTESIAN_POINT('',(-2.55,2.84671678306518,0.526166639900422));
#8654=CARTESIAN_POINT('Origin',(-2.55,2.84671678306518,0.526166639900422));
#8655=CARTESIAN_POINT('',(-2.55,2.84671678306518,-0.00483336009957827));
#8656=CARTESIAN_POINT('',(-2.55,2.84671678306518,0.526166639900422));
#8657=CARTESIAN_POINT('Origin',(0.,0.54671678306518,0.526166639900422));
#8658=CARTESIAN_POINT('',(0.499999999999999,3.39671678306518,0.526166639900422));
#8659=CARTESIAN_POINT('',(0.499999999999999,3.39671678306518,0.526166639900422));
#8660=CARTESIAN_POINT('',(0.499999999999999,2.89671678306518,0.526166639900422));
#8661=CARTESIAN_POINT('Origin',(0.499999999999999,3.14671678306518,0.526166639900422));
#8662=CARTESIAN_POINT('',(0.499999999999999,2.89671678306518,0.526166639900422));
#8663=CARTESIAN_POINT('Origin',(0.,0.54671678306518,-0.00483336009957827));
#8664=CARTESIAN_POINT('',(0.499999999999999,3.39671678306518,-0.00483336009957827));
#8665=CARTESIAN_POINT('',(0.499999999999999,3.39671678306518,-0.00483336009957827));
#8666=CARTESIAN_POINT('',(0.499999999999999,2.89671678306518,-0.00483336009957827));
#8667=CARTESIAN_POINT('',(0.499999999999999,2.89671678306518,-0.00483336009957827));
#8668=CARTESIAN_POINT('Origin',(0.499999999999999,3.14671678306518,-0.00483336009957827));
#8669=CARTESIAN_POINT('Origin',(0.499999999999999,2.89671678306518,0.526166639900422));
#8670=CARTESIAN_POINT('',(0.499999999999999,2.89671678306518,0.526166639900422));
#8671=CARTESIAN_POINT('Origin',(0.499999999999999,3.14671678306518,0.526166639900422));
#8672=CARTESIAN_POINT('',(0.499999999999999,3.39671678306518,0.526166639900422));
#8673=CARTESIAN_POINT('Origin',(0.499999999999999,3.39671678306518,0.526166639900422));
#8674=CARTESIAN_POINT('Origin',(0.475000000000002,-3.64328321693482,0.277115147107831));
#8675=CARTESIAN_POINT('',(-0.474999999999998,-3.33328321693482,0.913283510314771));
#8676=CARTESIAN_POINT('',(0.475000000000002,-3.33328321693482,0.913283510314771));
#8677=CARTESIAN_POINT('',(0.475000000000002,-3.33328321693482,0.913283510314771));
#8678=CARTESIAN_POINT('',(-0.474999999999998,-3.32773003740047,0.924679501072704));
#8679=CARTESIAN_POINT('',(-0.474999999999998,-3.64328321693482,0.277115147107831));
#8680=CARTESIAN_POINT('',(0.475000000000002,-3.32773003740047,0.924679501072704));
#8681=CARTESIAN_POINT('',(0.475000000000002,-3.32773003740047,0.924679501072704));
#8682=CARTESIAN_POINT('',(0.475000000000002,-3.64328321693482,0.277115147107831));
#8683=CARTESIAN_POINT('Origin',(0.475000000000002,-4.33085492643885,0.738121532008013));
#8684=CARTESIAN_POINT('',(0.475000000000002,-2.50328321693482,1.57316663990042));
#8685=CARTESIAN_POINT('',(0.475000000000002,-3.33328321693482,1.57316663990042));
#8686=CARTESIAN_POINT('',(0.475000000000002,-2.50328321693482,1.57316663990042));
#8687=CARTESIAN_POINT('',(0.475000000000002,-3.33328321693482,-0.0848333600995918));
#8688=CARTESIAN_POINT('',(0.475000000000002,-3.1029925611357,1.06516663990042));
#8689=CARTESIAN_POINT('Origin',(0.475000000000002,-3.1029925611357,0.815166639900421));
#8690=CARTESIAN_POINT('',(0.475000000000002,-2.50328321693482,1.06516663990042));
#8691=CARTESIAN_POINT('',(0.475000000000002,-2.50328321693482,1.06516663990042));
#8692=CARTESIAN_POINT('',(0.475000000000002,-2.50328321693482,1.57316663990042));
#8693=CARTESIAN_POINT('Origin',(-0.474999999999998,-4.33085492643885,0.738121532008013));
#8694=CARTESIAN_POINT('',(-0.474999999999998,-3.33328321693482,1.57316663990042));
#8695=CARTESIAN_POINT('',(-0.474999999999998,-3.33328321693482,0.738121532008013));
#8696=CARTESIAN_POINT('',(-0.474999999999998,-2.50328321693482,1.57316663990042));
#8697=CARTESIAN_POINT('',(-0.474999999999998,-2.50328321693482,1.57316663990042));
#8698=CARTESIAN_POINT('',(-0.474999999999998,-2.50328321693482,1.06516663990042));
#8699=CARTESIAN_POINT('',(-0.474999999999998,-2.50328321693482,1.57316663990042));
#8700=CARTESIAN_POINT('',(-0.474999999999998,-3.1029925611357,1.06516663990042));
#8701=CARTESIAN_POINT('',(-0.474999999999998,-2.50328321693482,1.06516663990042));
#8702=CARTESIAN_POINT('Origin',(-0.474999999999998,-3.1029925611357,0.815166639900421));
#8703=CARTESIAN_POINT('Origin',(0.475000000000002,-3.1029925611357,0.815166639900421));
#8704=CARTESIAN_POINT('',(0.475000000000002,-3.1029925611357,1.06516663990042));
#8705=CARTESIAN_POINT('Origin',(0.475000000000002,-2.50328321693482,1.06516663990042));
#8706=CARTESIAN_POINT('',(0.475000000000002,-2.50328321693482,1.06516663990042));
#8707=CARTESIAN_POINT('Origin',(0.475000000000002,-2.50328321693482,1.57316663990042));
#8708=CARTESIAN_POINT('',(0.475000000000002,-2.50328321693482,1.57316663990042));
#8709=CARTESIAN_POINT('Origin',(0.475000000000002,-2.50328321693482,1.57316663990042));
#8710=CARTESIAN_POINT('',(0.475000000000002,-3.33328321693482,1.57316663990042));
#8711=CARTESIAN_POINT('Origin',(0.,-3.33328321693482,-0.0848333600995918));
#8712=CARTESIAN_POINT('Origin',(-1.811,-5.23328321693482,0.424407124125659));
#8713=CARTESIAN_POINT('',(-1.8945,-4.31341580800281,0.488730519443058));
#8714=CARTESIAN_POINT('',(-1.8945,-5.23328321693482,0.424407124125647));
#8715=CARTESIAN_POINT('',(-1.8945,-5.23328321693482,0.424407124125659));
#8716=CARTESIAN_POINT('',(-2.6775,-4.31341580800281,0.488730519443058));
#8717=CARTESIAN_POINT('',(-1.811,-4.31341580800281,0.488730519443058));
#8718=CARTESIAN_POINT('',(-2.6775,-5.23328321693482,0.424407124125647));
#8719=CARTESIAN_POINT('',(-2.6775,-5.23328321693482,0.424407124125659));
#8720=CARTESIAN_POINT('',(-1.811,-5.23328321693482,0.424407124125659));
#8721=CARTESIAN_POINT('Origin',(-1.811,-5.23328321693482,-0.0848333600995782));
#8722=CARTESIAN_POINT('',(-1.8945,-5.23328321693482,-0.0848333600995918));
#8723=CARTESIAN_POINT('',(-1.8945,-5.23328321693482,-0.0848333600995918));
#8724=CARTESIAN_POINT('',(-2.6775,-5.23328321693482,-0.0848333600995918));
#8725=CARTESIAN_POINT('',(-2.6775,-5.23328321693482,-0.0848333600995918));
#8726=CARTESIAN_POINT('',(-1.811,-5.23328321693482,-0.0848333600995782));
#8727=CARTESIAN_POINT('Origin',(-1.811,-4.31341580800281,-0.0205099647821803));
#8728=CARTESIAN_POINT('',(-1.8945,-4.05787993259228,-0.00264115567751549));
#8729=CARTESIAN_POINT('',(-1.8945,-4.31341580800281,-0.0205099647821803));
#8730=CARTESIAN_POINT('',(-2.6775,-4.05787993259228,-0.00264115567751549));
#8731=CARTESIAN_POINT('',(-2.6775,-4.31341580800281,-0.0205099647821803));
#8732=CARTESIAN_POINT('',(-1.811,-4.05787993259228,-0.00264115567751522));
#8733=CARTESIAN_POINT('Origin',(-1.811,-4.33085492643885,0.738121532008013));
#8734=CARTESIAN_POINT('',(-1.8945,-4.10611745017408,0.62860867083573));
#8735=CARTESIAN_POINT('Origin',(-1.8945,-4.33085492643885,0.738121532008013));
#8736=CARTESIAN_POINT('',(-2.6775,-4.10611745017408,0.62860867083573));
#8737=CARTESIAN_POINT('',(-1.811,-4.10611745017408,0.62860867083573));
#8738=CARTESIAN_POINT('Origin',(-2.6775,-4.33085492643885,0.738121532008013));
#8739=CARTESIAN_POINT('Origin',(-1.811,-4.09275816946437,0.496140869452395));
#8740=CARTESIAN_POINT('',(-1.8945,-3.67325882074115,0.224074156271986));
#8741=CARTESIAN_POINT('',(-1.811,-3.67325882074115,0.224074156271986));
#8742=CARTESIAN_POINT('',(-1.811,-3.67325882074115,0.224074156271986));
#8743=CARTESIAN_POINT('Origin',(-1.8945,-4.09275816946437,0.496140869452395));
#8744=CARTESIAN_POINT('',(-2.6775,-3.67325882074115,0.224074156271986));
#8745=CARTESIAN_POINT('Origin',(-2.6775,-4.09275816946437,0.496140869452395));
#8746=CARTESIAN_POINT('',(-2.761,-3.67325882074115,0.224074156271986));
#8747=CARTESIAN_POINT('',(-1.811,-3.67325882074115,0.224074156271986));
#8748=CARTESIAN_POINT('',(-2.761,-3.64328321693482,0.277115147107831));
#8749=CARTESIAN_POINT('Origin',(-2.761,-4.09275816946437,0.496140869452395));
#8750=CARTESIAN_POINT('',(-1.811,-3.64328321693482,0.277115147107831));
#8751=CARTESIAN_POINT('',(-1.811,-3.64328321693482,0.277115147107831));
#8752=CARTESIAN_POINT('Origin',(-1.811,-4.09275816946437,0.496140869452395));
#8753=CARTESIAN_POINT('Origin',(-1.811,-2.50328321693482,1.06516663990042));
#8754=CARTESIAN_POINT('',(-2.761,-2.99330761312849,1.06516663990042));
#8755=CARTESIAN_POINT('',(-2.6775,-2.99330761312849,1.06516663990042));
#8756=CARTESIAN_POINT('',(-1.811,-2.99330761312849,1.06516663990042));
#8757=CARTESIAN_POINT('',(-2.6775,-2.50328321693482,1.06516663990042));
#8758=CARTESIAN_POINT('',(-2.6775,-2.50328321693482,1.06516663990042));
#8759=CARTESIAN_POINT('',(-1.8945,-2.50328321693482,1.06516663990042));
#8760=CARTESIAN_POINT('',(-1.811,-2.50328321693482,1.06516663990042));
#8761=CARTESIAN_POINT('',(-1.8945,-2.99330761312849,1.06516663990042));
#8762=CARTESIAN_POINT('',(-1.8945,-2.50328321693482,1.06516663990042));
#8763=CARTESIAN_POINT('',(-1.811,-2.99330761312849,1.06516663990042));
#8764=CARTESIAN_POINT('',(-1.811,-2.99330761312849,1.06516663990042));
#8765=CARTESIAN_POINT('',(-1.811,-3.1029925611357,1.06516663990042));
#8766=CARTESIAN_POINT('',(-1.811,-2.50328321693482,1.06516663990042));
#8767=CARTESIAN_POINT('',(-2.761,-3.1029925611357,1.06516663990042));
#8768=CARTESIAN_POINT('',(-1.811,-3.1029925611357,1.06516663990042));
#8769=CARTESIAN_POINT('',(-2.761,-2.50328321693482,1.06516663990042));
#8770=CARTESIAN_POINT('Origin',(-1.811,-2.50328321693482,1.57316663990042));
#8771=CARTESIAN_POINT('',(-2.6775,-2.50328321693482,1.57316663990042));
#8772=CARTESIAN_POINT('',(-2.6775,-2.50328321693482,-0.0848333600995918));
#8773=CARTESIAN_POINT('',(-1.8945,-2.50328321693482,1.57316663990042));
#8774=CARTESIAN_POINT('',(-1.811,-2.50328321693482,1.57316663990042));
#8775=CARTESIAN_POINT('',(-1.8945,-2.50328321693482,-0.0848333600995918));
#8776=CARTESIAN_POINT('Origin',(-1.811,-2.50328321693482,1.57316663990042));
#8777=CARTESIAN_POINT('',(-2.6775,-2.99330761312849,1.57316663990042));
#8778=CARTESIAN_POINT('',(-2.6775,0.54671678306518,1.57316663990042));
#8779=CARTESIAN_POINT('',(-2.761,-2.99330761312849,1.57316663990042));
#8780=CARTESIAN_POINT('',(0.,-2.99330761312849,1.57316663990042));
#8781=CARTESIAN_POINT('',(-2.761,-3.33328321693482,1.57316663990042));
#8782=CARTESIAN_POINT('',(-2.761,-2.50328321693482,1.57316663990042));
#8783=CARTESIAN_POINT('',(-1.811,-3.33328321693482,1.57316663990042));
#8784=CARTESIAN_POINT('',(-1.811,-3.33328321693482,1.57316663990042));
#8785=CARTESIAN_POINT('',(-1.811,-2.99330761312849,1.57316663990042));
#8786=CARTESIAN_POINT('',(-1.811,-2.50328321693482,1.57316663990042));
#8787=CARTESIAN_POINT('',(-1.8945,-2.99330761312849,1.57316663990042));
#8788=CARTESIAN_POINT('',(0.,-2.99330761312849,1.57316663990042));
#8789=CARTESIAN_POINT('',(-1.8945,0.54671678306518,1.57316663990042));
#8790=CARTESIAN_POINT('Origin',(-1.811,-3.33328321693482,1.07316663990042));
#8791=CARTESIAN_POINT('',(-1.811,-3.67325882074115,1.43979531965219));
#8792=CARTESIAN_POINT('',(-1.8945,-3.67325882074115,1.43979531965219));
#8793=CARTESIAN_POINT('',(-1.811,-3.67325882074115,1.43979531965219));
#8794=CARTESIAN_POINT('Origin',(-1.811,-3.33328321693482,1.07316663990042));
#8795=CARTESIAN_POINT('',(-2.761,-3.67325882074115,1.43979531965219));
#8796=CARTESIAN_POINT('Origin',(-2.761,-3.33328321693482,1.07316663990042));
#8797=CARTESIAN_POINT('',(-2.6775,-3.67325882074115,1.43979531965219));
#8798=CARTESIAN_POINT('',(-1.811,-3.67325882074115,1.43979531965219));
#8799=CARTESIAN_POINT('',(-2.6775,-3.78275816946437,1.29219236224499));
#8800=CARTESIAN_POINT('Origin',(-2.6775,-3.33328321693482,1.07316663990042));
#8801=CARTESIAN_POINT('',(-1.8945,-3.78275816946437,1.29219236224499));
#8802=CARTESIAN_POINT('',(-1.811,-3.78275816946437,1.29219236224499));
#8803=CARTESIAN_POINT('Origin',(-1.8945,-3.33328321693482,1.07316663990042));
#8804=CARTESIAN_POINT('Origin',(-1.811,-3.78275816946437,1.29219236224499));
#8805=CARTESIAN_POINT('',(-1.8945,-3.78275816946437,1.29219236224499));
#8806=CARTESIAN_POINT('',(-2.6775,-3.78275816946437,1.29219236224499));
#8807=CARTESIAN_POINT('Origin',(-1.811,-4.33085492643885,0.738121532008013));
#8808=CARTESIAN_POINT('',(-1.811,-3.67325882074115,0.738121532008013));
#8809=CARTESIAN_POINT('',(-1.811,-3.32773003740047,0.924679501072704));
#8810=CARTESIAN_POINT('',(-1.811,-3.64328321693482,0.277115147107831));
#8811=CARTESIAN_POINT('Origin',(-1.811,-3.1029925611357,0.815166639900421));
#8812=CARTESIAN_POINT('',(-1.811,-2.99330761312849,0.738121532008013));
#8813=CARTESIAN_POINT('Origin',(-2.761,-4.33085492643885,0.738121532008013));
#8814=CARTESIAN_POINT('',(-2.761,-2.99330761312849,0.738121532008013));
#8815=CARTESIAN_POINT('',(-2.761,-3.32773003740047,0.924679501072704));
#8816=CARTESIAN_POINT('Origin',(-2.761,-3.1029925611357,0.815166639900421));
#8817=CARTESIAN_POINT('',(-2.761,-3.64328321693482,0.277115147107831));
#8818=CARTESIAN_POINT('',(-2.761,-3.67325882074115,0.738121532008013));
#8819=CARTESIAN_POINT('Origin',(-1.811,-3.64328321693482,0.277115147107831));
#8820=CARTESIAN_POINT('',(-1.811,-3.32773003740047,0.924679501072704));
#8821=CARTESIAN_POINT('Origin',(-1.811,-3.1029925611357,0.815166639900421));
#8822=CARTESIAN_POINT('Origin',(-2.6775,0.54671678306518,-0.0848333600995918));
#8823=CARTESIAN_POINT('',(-2.6775,-3.67325882074115,-0.0848333600995918));
#8824=CARTESIAN_POINT('Origin',(0.,-3.67325882074115,-0.0848333600995918));
#8825=CARTESIAN_POINT('Origin',(-2.6775,0.54671678306518,-0.0848333600995918));
#8826=CARTESIAN_POINT('',(-2.6775,-2.99330761312849,-0.0848333600995918));
#8827=CARTESIAN_POINT('Origin',(0.,-2.99330761312849,-0.0848333600995918));
#8828=CARTESIAN_POINT('Origin',(-1.8945,0.54671678306518,-0.0848333600995918));
#8829=CARTESIAN_POINT('',(-1.8945,-2.99330761312849,-0.0848333600995918));
#8830=CARTESIAN_POINT('Origin',(0.,-2.99330761312849,-0.0848333600995918));
#8831=CARTESIAN_POINT('Origin',(-1.8945,0.54671678306518,-0.0848333600995918));
#8832=CARTESIAN_POINT('',(-1.8945,-3.67325882074115,-0.0848333600995918));
#8833=CARTESIAN_POINT('Origin',(0.,-3.67325882074115,-0.0848333600995918));
#8834=CARTESIAN_POINT('Origin',(2.761,-5.23328321693482,0.424407124125659));
#8835=CARTESIAN_POINT('',(2.6775,-4.31341580800281,0.488730519443058));
#8836=CARTESIAN_POINT('',(1.8945,-4.31341580800281,0.488730519443058));
#8837=CARTESIAN_POINT('',(2.761,-4.31341580800281,0.488730519443058));
#8838=CARTESIAN_POINT('',(1.8945,-5.23328321693482,0.424407124125647));
#8839=CARTESIAN_POINT('',(1.8945,-5.23328321693482,0.424407124125659));
#8840=CARTESIAN_POINT('',(2.6775,-5.23328321693482,0.424407124125647));
#8841=CARTESIAN_POINT('',(2.761,-5.23328321693482,0.424407124125659));
#8842=CARTESIAN_POINT('',(2.6775,-5.23328321693482,0.424407124125659));
#8843=CARTESIAN_POINT('Origin',(2.761,-5.23328321693482,-0.0848333600995782));
#8844=CARTESIAN_POINT('',(1.8945,-5.23328321693482,-0.0848333600995918));
#8845=CARTESIAN_POINT('',(1.8945,-5.23328321693482,-0.0848333600995918));
#8846=CARTESIAN_POINT('',(2.6775,-5.23328321693482,-0.0848333600995918));
#8847=CARTESIAN_POINT('',(2.761,-5.23328321693482,-0.0848333600995782));
#8848=CARTESIAN_POINT('',(2.6775,-5.23328321693482,-0.0848333600995918));
#8849=CARTESIAN_POINT('Origin',(2.761,-4.31341580800281,-0.0205099647821803));
#8850=CARTESIAN_POINT('',(1.8945,-4.05787993259228,-0.00264115567751549));
#8851=CARTESIAN_POINT('',(1.8945,-4.31341580800281,-0.0205099647821803));
#8852=CARTESIAN_POINT('',(2.6775,-4.05787993259228,-0.00264115567751549));
#8853=CARTESIAN_POINT('',(2.761,-4.05787993259228,-0.00264115567751522));
#8854=CARTESIAN_POINT('',(2.6775,-4.31341580800281,-0.0205099647821803));
#8855=CARTESIAN_POINT('Origin',(2.761,-4.33085492643885,0.738121532008013));
#8856=CARTESIAN_POINT('',(2.6775,-4.10611745017408,0.62860867083573));
#8857=CARTESIAN_POINT('',(1.8945,-4.10611745017408,0.62860867083573));
#8858=CARTESIAN_POINT('',(2.761,-4.10611745017408,0.62860867083573));
#8859=CARTESIAN_POINT('Origin',(1.8945,-4.33085492643885,0.738121532008013));
#8860=CARTESIAN_POINT('Origin',(2.6775,-4.33085492643885,0.738121532008013));
#8861=CARTESIAN_POINT('Origin',(2.761,-4.09275816946437,0.496140869452395));
#8862=CARTESIAN_POINT('',(1.811,-3.67325882074115,0.224074156271986));
#8863=CARTESIAN_POINT('',(1.8945,-3.67325882074115,0.224074156271986));
#8864=CARTESIAN_POINT('',(2.761,-3.67325882074115,0.224074156271986));
#8865=CARTESIAN_POINT('',(1.811,-3.64328321693482,0.277115147107831));
#8866=CARTESIAN_POINT('Origin',(1.811,-4.09275816946437,0.496140869452395));
#8867=CARTESIAN_POINT('',(2.761,-3.64328321693482,0.277115147107831));
#8868=CARTESIAN_POINT('',(2.761,-3.64328321693482,0.277115147107831));
#8869=CARTESIAN_POINT('',(2.761,-3.67325882074115,0.224074156271986));
#8870=CARTESIAN_POINT('Origin',(2.761,-4.09275816946437,0.496140869452395));
#8871=CARTESIAN_POINT('',(2.6775,-3.67325882074115,0.224074156271986));
#8872=CARTESIAN_POINT('',(2.761,-3.67325882074115,0.224074156271986));
#8873=CARTESIAN_POINT('Origin',(2.6775,-4.09275816946437,0.496140869452395));
#8874=CARTESIAN_POINT('Origin',(1.8945,-4.09275816946437,0.496140869452395));
#8875=CARTESIAN_POINT('Origin',(2.761,-2.50328321693482,1.06516663990042));
#8876=CARTESIAN_POINT('',(2.6775,-2.99330761312849,1.06516663990042));
#8877=CARTESIAN_POINT('',(2.6775,-2.50328321693482,1.06516663990042));
#8878=CARTESIAN_POINT('',(2.6775,-2.50328321693482,1.06516663990042));
#8879=CARTESIAN_POINT('',(2.761,-2.99330761312849,1.06516663990042));
#8880=CARTESIAN_POINT('',(2.761,-2.99330761312849,1.06516663990042));
#8881=CARTESIAN_POINT('',(2.761,-3.1029925611357,1.06516663990042));
#8882=CARTESIAN_POINT('',(2.761,-2.50328321693482,1.06516663990042));
#8883=CARTESIAN_POINT('',(1.811,-3.1029925611357,1.06516663990042));
#8884=CARTESIAN_POINT('',(2.761,-3.1029925611357,1.06516663990042));
#8885=CARTESIAN_POINT('',(1.811,-2.99330761312849,1.06516663990042));
#8886=CARTESIAN_POINT('',(1.811,-2.50328321693482,1.06516663990042));
#8887=CARTESIAN_POINT('',(1.8945,-2.99330761312849,1.06516663990042));
#8888=CARTESIAN_POINT('',(2.761,-2.99330761312849,1.06516663990042));
#8889=CARTESIAN_POINT('',(1.8945,-2.50328321693482,1.06516663990042));
#8890=CARTESIAN_POINT('',(1.8945,-2.50328321693482,1.06516663990042));
#8891=CARTESIAN_POINT('',(2.761,-2.50328321693482,1.06516663990042));
#8892=CARTESIAN_POINT('Origin',(2.761,-2.50328321693482,1.57316663990042));
#8893=CARTESIAN_POINT('',(2.6775,-2.50328321693482,1.57316663990042));
#8894=CARTESIAN_POINT('',(2.6775,-2.50328321693482,-0.0848333600995918));
#8895=CARTESIAN_POINT('',(1.8945,-2.50328321693482,1.57316663990042));
#8896=CARTESIAN_POINT('',(1.8945,-2.50328321693482,-0.0848333600995918));
#8897=CARTESIAN_POINT('',(2.761,-2.50328321693482,1.57316663990042));
#8898=CARTESIAN_POINT('Origin',(2.761,-2.50328321693482,1.57316663990042));
#8899=CARTESIAN_POINT('',(2.6775,-2.99330761312849,1.57316663990042));
#8900=CARTESIAN_POINT('',(2.6775,0.54671678306518,1.57316663990042));
#8901=CARTESIAN_POINT('',(1.8945,-2.99330761312849,1.57316663990042));
#8902=CARTESIAN_POINT('',(1.8945,0.54671678306518,1.57316663990042));
#8903=CARTESIAN_POINT('',(1.811,-2.99330761312849,1.57316663990042));
#8904=CARTESIAN_POINT('',(0.,-2.99330761312849,1.57316663990042));
#8905=CARTESIAN_POINT('',(1.811,-3.33328321693482,1.57316663990042));
#8906=CARTESIAN_POINT('',(1.811,-2.50328321693482,1.57316663990042));
#8907=CARTESIAN_POINT('',(2.761,-3.33328321693482,1.57316663990042));
#8908=CARTESIAN_POINT('',(2.761,-3.33328321693482,1.57316663990042));
#8909=CARTESIAN_POINT('',(2.761,-2.99330761312849,1.57316663990042));
#8910=CARTESIAN_POINT('',(2.761,-2.50328321693482,1.57316663990042));
#8911=CARTESIAN_POINT('',(0.,-2.99330761312849,1.57316663990042));
#8912=CARTESIAN_POINT('Origin',(2.761,-3.33328321693482,1.07316663990042));
#8913=CARTESIAN_POINT('',(1.8945,-3.67325882074115,1.43979531965219));
#8914=CARTESIAN_POINT('',(1.811,-3.67325882074115,1.43979531965219));
#8915=CARTESIAN_POINT('',(2.761,-3.67325882074115,1.43979531965219));
#8916=CARTESIAN_POINT('',(1.8945,-3.78275816946437,1.29219236224499));
#8917=CARTESIAN_POINT('Origin',(1.8945,-3.33328321693482,1.07316663990042));
#8918=CARTESIAN_POINT('',(2.6775,-3.78275816946437,1.29219236224499));
#8919=CARTESIAN_POINT('',(2.761,-3.78275816946437,1.29219236224499));
#8920=CARTESIAN_POINT('',(2.6775,-3.67325882074115,1.43979531965219));
#8921=CARTESIAN_POINT('Origin',(2.6775,-3.33328321693482,1.07316663990042));
#8922=CARTESIAN_POINT('',(2.761,-3.67325882074115,1.43979531965219));
#8923=CARTESIAN_POINT('',(2.761,-3.67325882074115,1.43979531965219));
#8924=CARTESIAN_POINT('Origin',(2.761,-3.33328321693482,1.07316663990042));
#8925=CARTESIAN_POINT('Origin',(1.811,-3.33328321693482,1.07316663990042));
#8926=CARTESIAN_POINT('Origin',(2.761,-3.78275816946437,1.29219236224499));
#8927=CARTESIAN_POINT('',(1.8945,-3.78275816946437,1.29219236224499));
#8928=CARTESIAN_POINT('',(2.6775,-3.78275816946437,1.29219236224499));
#8929=CARTESIAN_POINT('Origin',(2.761,-4.33085492643885,0.738121532008013));
#8930=CARTESIAN_POINT('',(2.761,-2.99330761312849,0.738121532008013));
#8931=CARTESIAN_POINT('',(2.761,-3.67325882074115,0.738121532008013));
#8932=CARTESIAN_POINT('',(2.761,-3.32773003740047,0.924679501072704));
#8933=CARTESIAN_POINT('',(2.761,-3.64328321693482,0.277115147107831));
#8934=CARTESIAN_POINT('Origin',(2.761,-3.1029925611357,0.815166639900421));
#8935=CARTESIAN_POINT('Origin',(1.811,-4.33085492643885,0.738121532008013));
#8936=CARTESIAN_POINT('',(1.811,-2.99330761312849,0.738121532008013));
#8937=CARTESIAN_POINT('',(1.811,-3.32773003740047,0.924679501072704));
#8938=CARTESIAN_POINT('Origin',(1.811,-3.1029925611357,0.815166639900421));
#8939=CARTESIAN_POINT('',(1.811,-3.64328321693482,0.277115147107831));
#8940=CARTESIAN_POINT('',(1.811,-3.67325882074115,0.738121532008013));
#8941=CARTESIAN_POINT('Origin',(2.761,-3.64328321693482,0.277115147107831));
#8942=CARTESIAN_POINT('',(2.761,-3.32773003740047,0.924679501072704));
#8943=CARTESIAN_POINT('Origin',(2.761,-3.1029925611357,0.815166639900421));
#8944=CARTESIAN_POINT('Origin',(1.8945,0.54671678306518,-0.0848333600995918));
#8945=CARTESIAN_POINT('',(1.8945,-3.67325882074115,-0.0848333600995918));
#8946=CARTESIAN_POINT('Origin',(0.,-3.67325882074115,-0.0848333600995918));
#8947=CARTESIAN_POINT('Origin',(1.8945,0.54671678306518,-0.0848333600995918));
#8948=CARTESIAN_POINT('',(1.8945,-2.99330761312849,-0.0848333600995918));
#8949=CARTESIAN_POINT('Origin',(0.,-2.99330761312849,-0.0848333600995918));
#8950=CARTESIAN_POINT('Origin',(2.6775,0.54671678306518,-0.0848333600995918));
#8951=CARTESIAN_POINT('',(2.6775,-3.67325882074115,-0.0848333600995918));
#8952=CARTESIAN_POINT('Origin',(0.,-3.67325882074115,-0.0848333600995918));
#8953=CARTESIAN_POINT('Origin',(2.6775,0.54671678306518,-0.0848333600995918));
#8954=CARTESIAN_POINT('',(2.6775,-2.99330761312849,-0.0848333600995918));
#8955=CARTESIAN_POINT('Origin',(0.,-2.99330761312849,-0.0848333600995918));
#8956=CARTESIAN_POINT('Origin',(0.499999999999999,3.14671678306518,-1.58597219018377));
#8957=CARTESIAN_POINT('',(0.499999999999999,2.89671678306518,-0.00483336009957827));
#8958=CARTESIAN_POINT('',(0.499999999999999,3.39671678306518,-0.00483336009957827));
#8959=CARTESIAN_POINT('Origin',(0.499999999999999,3.14671678306518,-0.00483336009957827));
#8960=CARTESIAN_POINT('',(0.499999999999999,3.39671678306518,0.526166639900422));
#8961=CARTESIAN_POINT('',(0.499999999999999,3.39671678306518,-1.58597219018377));
#8962=CARTESIAN_POINT('',(0.499999999999999,2.89671678306518,0.526166639900422));
#8963=CARTESIAN_POINT('Origin',(0.499999999999999,3.14671678306518,0.526166639900422));
#8964=CARTESIAN_POINT('',(0.499999999999999,2.89671678306518,-1.58597219018377));
#8965=CARTESIAN_POINT('Origin',(-0.500000000000001,3.14671678306518,0.526166639900422));
#8966=CARTESIAN_POINT('',(-0.500000000000001,2.89671678306518,0.526166639900422));
#8967=CARTESIAN_POINT('',(-0.500000000000001,3.39671678306518,0.526166639900422));
#8968=CARTESIAN_POINT('Origin',(-0.500000000000001,3.14671678306518,0.526166639900422));
#8969=CARTESIAN_POINT('',(0.499999999999999,2.89671678306518,0.526166639900422));
#8970=CARTESIAN_POINT('',(-0.500000000000001,3.39671678306518,0.526166639900422));
#8971=CARTESIAN_POINT('Origin',(0.499999999999999,2.89671678306518,-1.58597219018377));
#8972=CARTESIAN_POINT('',(-0.500000000000001,2.89671678306518,-0.00483336009957827));
#8973=CARTESIAN_POINT('',(-0.500000000000001,2.89671678306518,-1.58597219018377));
#8974=CARTESIAN_POINT('',(0.499999999999999,2.89671678306518,-0.00483336009957827));
#8975=CARTESIAN_POINT('Origin',(-0.500000000000001,3.39671678306518,-1.58597219018377));
#8976=CARTESIAN_POINT('',(-0.500000000000001,3.39671678306518,-0.00483336009957827));
#8977=CARTESIAN_POINT('',(-0.500000000000001,3.39671678306518,-0.00483336009957827));
#8978=CARTESIAN_POINT('',(-0.500000000000001,3.39671678306518,-1.58597219018377));
#8979=CARTESIAN_POINT('Origin',(-0.500000000000001,3.14671678306518,-1.58597219018377));
#8980=CARTESIAN_POINT('Origin',(-0.500000000000001,3.14671678306518,-0.00483336009957827));
#8981=CARTESIAN_POINT('Origin',(0.,0.54671678306518,-0.00483336009957827));
#8982=CARTESIAN_POINT('',(0.,0.,0.));
#8983=CARTESIAN_POINT('Ctrl Pts',(2.6283323515625,-9.93548763844121,0.000999999999999998));
#8984=CARTESIAN_POINT('Ctrl Pts',(2.6283323515625,-9.93548763844121,-0.0002));
#8985=CARTESIAN_POINT('Ctrl Pts',(2.5945682890625,-9.95321377125369,0.000999999999999998));
#8986=CARTESIAN_POINT('Ctrl Pts',(2.5945682890625,-9.95321377125369,-0.0002));
#8987=CARTESIAN_POINT('Ctrl Pts',(2.544766296875,-9.98951013844118,0.000999999999999998));
#8988=CARTESIAN_POINT('Ctrl Pts',(2.544766296875,-9.98951013844118,-0.0002));
#8989=CARTESIAN_POINT('Ctrl Pts',(2.52113145312499,-10.0207418962537,0.000999999999999998));
#8990=CARTESIAN_POINT('Ctrl Pts',(2.52113145312499,-10.0207418962537,-0.0002));
#8991=CARTESIAN_POINT('',(2.6283323515625,-9.93548763844121,0.));
#8992=CARTESIAN_POINT('',(2.52113145312499,-10.0207418962537,-1.6940658945086E-18));
#8993=CARTESIAN_POINT('Ctrl Pts',(2.6283323515625,-9.93548763844121,0.));
#8994=CARTESIAN_POINT('Ctrl Pts',(2.5945682890625,-9.95321377125369,-1.6940658945086E-18));
#8995=CARTESIAN_POINT('Ctrl Pts',(2.544766296875,-9.98951013844118,-1.6940658945086E-18));
#8996=CARTESIAN_POINT('Ctrl Pts',(2.52113145312499,-10.0207418962537,-1.6940658945086E-18));
#8997=CARTESIAN_POINT('',(2.52113145312499,-10.0207418962537,0.000999999999999998));
#8998=CARTESIAN_POINT('',(2.52113145312499,-10.0207418962537,0.000999999999999998));
#8999=CARTESIAN_POINT('',(2.6283323515625,-9.93548763844121,0.001));
#9000=CARTESIAN_POINT('Ctrl Pts',(2.6283323515625,-9.93548763844121,0.000999999999999998));
#9001=CARTESIAN_POINT('Ctrl Pts',(2.5945682890625,-9.95321377125369,0.000999999999999998));
#9002=CARTESIAN_POINT('Ctrl Pts',(2.544766296875,-9.98951013844118,0.000999999999999998));
#9003=CARTESIAN_POINT('Ctrl Pts',(2.52113145312499,-10.0207418962537,0.000999999999999998));
#9004=CARTESIAN_POINT('',(2.6283323515625,-9.93548763844121,0.001));
#9005=CARTESIAN_POINT('Ctrl Pts',(2.52113145312499,-10.0207418962537,0.001));
#9006=CARTESIAN_POINT('Ctrl Pts',(2.52113145312499,-10.0207418962537,-0.000200000000000002));
#9007=CARTESIAN_POINT('Ctrl Pts',(2.494120203125,-10.0570382634411,0.001));
#9008=CARTESIAN_POINT('Ctrl Pts',(2.494120203125,-10.0570382634411,-0.000200000000000002));
#9009=CARTESIAN_POINT('Ctrl Pts',(2.463732546875,-10.1000874431287,0.001));
#9010=CARTESIAN_POINT('Ctrl Pts',(2.463732546875,-10.1000874431287,-0.000200000000000002));
#9011=CARTESIAN_POINT('Ctrl Pts',(2.453603328125,-10.1465130290662,0.001));
#9012=CARTESIAN_POINT('Ctrl Pts',(2.453603328125,-10.1465130290662,-0.000200000000000002));
#9013=CARTESIAN_POINT('',(2.453603328125,-10.1465130290662,0.));
#9014=CARTESIAN_POINT('Ctrl Pts',(2.52113145312499,-10.0207418962537,-1.6940658945086E-18));
#9015=CARTESIAN_POINT('Ctrl Pts',(2.494120203125,-10.0570382634411,-2.40741243048404E-34));
#9016=CARTESIAN_POINT('Ctrl Pts',(2.463732546875,-10.1000874431287,0.));
#9017=CARTESIAN_POINT('Ctrl Pts',(2.453603328125,-10.1465130290662,0.));
#9018=CARTESIAN_POINT('',(2.453603328125,-10.1465130290662,0.001));
#9019=CARTESIAN_POINT('',(2.453603328125,-10.1465130290662,0.001));
#9020=CARTESIAN_POINT('Ctrl Pts',(2.52113145312499,-10.0207418962537,0.001));
#9021=CARTESIAN_POINT('Ctrl Pts',(2.494120203125,-10.0570382634411,0.001));
#9022=CARTESIAN_POINT('Ctrl Pts',(2.463732546875,-10.1000874431287,0.001));
#9023=CARTESIAN_POINT('Ctrl Pts',(2.453603328125,-10.1465130290662,0.001));
#9024=CARTESIAN_POINT('Ctrl Pts',(2.453603328125,-10.1465130290662,0.001));
#9025=CARTESIAN_POINT('Ctrl Pts',(2.453603328125,-10.1465130290662,-0.0002));
#9026=CARTESIAN_POINT('Ctrl Pts',(2.45107102343749,-10.1524217400037,0.001));
#9027=CARTESIAN_POINT('Ctrl Pts',(2.45107102343749,-10.1524217400037,-0.0002));
#9028=CARTESIAN_POINT('Ctrl Pts',(2.4527592265625,-10.1482012321912,0.001));
#9029=CARTESIAN_POINT('Ctrl Pts',(2.4527592265625,-10.1482012321912,-0.0002));
#9030=CARTESIAN_POINT('Ctrl Pts',(2.45107102343749,-10.1524217400037,0.001));
#9031=CARTESIAN_POINT('Ctrl Pts',(2.45107102343749,-10.1524217400037,-0.0002));
#9032=CARTESIAN_POINT('',(2.45107102343749,-10.1524217400037,0.));
#9033=CARTESIAN_POINT('Ctrl Pts',(2.453603328125,-10.1465130290662,0.));
#9034=CARTESIAN_POINT('Ctrl Pts',(2.45107102343749,-10.1524217400037,0.));
#9035=CARTESIAN_POINT('Ctrl Pts',(2.4527592265625,-10.1482012321912,0.));
#9036=CARTESIAN_POINT('Ctrl Pts',(2.45107102343749,-10.1524217400037,0.));
#9037=CARTESIAN_POINT('',(2.45107102343749,-10.1524217400037,0.001));
#9038=CARTESIAN_POINT('',(2.45107102343749,-10.1524217400037,0.001));
#9039=CARTESIAN_POINT('Ctrl Pts',(2.453603328125,-10.1465130290662,0.001));
#9040=CARTESIAN_POINT('Ctrl Pts',(2.45107102343749,-10.1524217400037,0.001));
#9041=CARTESIAN_POINT('Ctrl Pts',(2.4527592265625,-10.1482012321912,0.001));
#9042=CARTESIAN_POINT('Ctrl Pts',(2.45107102343749,-10.1524217400037,0.001));
#9043=CARTESIAN_POINT('Ctrl Pts',(2.45107102343749,-10.1524217400037,0.001));
#9044=CARTESIAN_POINT('Ctrl Pts',(2.45107102343749,-10.1524217400037,-0.0002));
#9045=CARTESIAN_POINT('Ctrl Pts',(2.44853871875,-10.1583304509412,0.001));
#9046=CARTESIAN_POINT('Ctrl Pts',(2.44853871875,-10.1583304509412,-0.0002));
#9047=CARTESIAN_POINT('Ctrl Pts',(2.4493828203125,-10.1557981462537,0.001));
#9048=CARTESIAN_POINT('Ctrl Pts',(2.4493828203125,-10.1557981462537,-0.0002));
#9049=CARTESIAN_POINT('Ctrl Pts',(2.44853871875,-10.1574863493787,0.001));
#9050=CARTESIAN_POINT('Ctrl Pts',(2.44853871875,-10.1574863493787,-0.0002));
#9051=CARTESIAN_POINT('',(2.44853871875,-10.1574863493787,0.));
#9052=CARTESIAN_POINT('Ctrl Pts',(2.45107102343749,-10.1524217400037,0.));
#9053=CARTESIAN_POINT('Ctrl Pts',(2.44853871875,-10.1583304509412,0.));
#9054=CARTESIAN_POINT('Ctrl Pts',(2.4493828203125,-10.1557981462537,0.));
#9055=CARTESIAN_POINT('Ctrl Pts',(2.44853871875,-10.1574863493787,0.));
#9056=CARTESIAN_POINT('',(2.44853871875,-10.1574863493787,0.001));
#9057=CARTESIAN_POINT('',(2.44853871875,-10.1574863493787,0.001));
#9058=CARTESIAN_POINT('Ctrl Pts',(2.45107102343749,-10.1524217400037,0.001));
#9059=CARTESIAN_POINT('Ctrl Pts',(2.44853871875,-10.1583304509412,0.001));
#9060=CARTESIAN_POINT('Ctrl Pts',(2.4493828203125,-10.1557981462537,0.001));
#9061=CARTESIAN_POINT('Ctrl Pts',(2.44853871875,-10.1574863493787,0.001));
#9062=CARTESIAN_POINT('Origin',(2.41585301339436,0.00776801612031836,0.001));
#9063=CARTESIAN_POINT('',(2.44769461718749,-9.89497076344119,0.));
#9064=CARTESIAN_POINT('',(2.41585301339436,0.00776801612031836,0.));
#9065=CARTESIAN_POINT('',(2.44769461718749,-9.89497076344119,0.001));
#9066=CARTESIAN_POINT('',(2.44769461718749,-9.89497076344119,0.001));
#9067=CARTESIAN_POINT('',(2.41585301339436,0.00776801612031836,0.001));
#9068=CARTESIAN_POINT('Origin',(0.,-9.89497076344119,0.001));
#9069=CARTESIAN_POINT('',(2.20459336718749,-9.89497076344119,0.));
#9070=CARTESIAN_POINT('',(0.,-9.89497076344119,0.));
#9071=CARTESIAN_POINT('',(2.20459336718749,-9.89497076344119,0.001));
#9072=CARTESIAN_POINT('',(2.20459336718749,-9.89497076344119,0.001));
#9073=CARTESIAN_POINT('',(0.,-9.89497076344119,0.001));
#9074=CARTESIAN_POINT('Origin',(2.23669631771435,-0.00726200103143833,0.001));
#9075=CARTESIAN_POINT('',(2.203749265625,-10.1549540446912,0.));
#9076=CARTESIAN_POINT('',(2.23669631771435,-0.00726200103143833,0.));
#9077=CARTESIAN_POINT('',(2.203749265625,-10.1549540446912,0.001));
#9078=CARTESIAN_POINT('',(2.203749265625,-10.1549540446912,0.001));
#9079=CARTESIAN_POINT('',(2.23669631771435,-0.00726200103143833,0.001));
#9080=CARTESIAN_POINT('Ctrl Pts',(2.203749265625,-10.1549540446912,0.001));
#9081=CARTESIAN_POINT('Ctrl Pts',(2.203749265625,-10.1549540446912,-0.0002));
#9082=CARTESIAN_POINT('Ctrl Pts',(2.19699645312499,-10.1414484196912,0.001));
#9083=CARTESIAN_POINT('Ctrl Pts',(2.19699645312499,-10.1414484196912,-0.0002));
#9084=CARTESIAN_POINT('Ctrl Pts',(2.19193184375,-10.1203458806287,0.001));
#9085=CARTESIAN_POINT('Ctrl Pts',(2.19193184375,-10.1203458806287,-0.0002));
#9086=CARTESIAN_POINT('Ctrl Pts',(2.183490828125,-10.1043079509412,0.001));
#9087=CARTESIAN_POINT('Ctrl Pts',(2.183490828125,-10.1043079509412,-0.0002));
#9088=CARTESIAN_POINT('',(2.183490828125,-10.1043079509412,0.));
#9089=CARTESIAN_POINT('Ctrl Pts',(2.203749265625,-10.1549540446912,0.));
#9090=CARTESIAN_POINT('Ctrl Pts',(2.19699645312499,-10.1414484196912,0.));
#9091=CARTESIAN_POINT('Ctrl Pts',(2.19193184375,-10.1203458806287,0.));
#9092=CARTESIAN_POINT('Ctrl Pts',(2.183490828125,-10.1043079509412,0.));
#9093=CARTESIAN_POINT('',(2.183490828125,-10.1043079509412,0.001));
#9094=CARTESIAN_POINT('',(2.183490828125,-10.1043079509412,0.001));
#9095=CARTESIAN_POINT('Ctrl Pts',(2.203749265625,-10.1549540446912,0.001));
#9096=CARTESIAN_POINT('Ctrl Pts',(2.19699645312499,-10.1414484196912,0.001));
#9097=CARTESIAN_POINT('Ctrl Pts',(2.19193184375,-10.1203458806287,0.001));
#9098=CARTESIAN_POINT('Ctrl Pts',(2.183490828125,-10.1043079509412,0.001));
#9099=CARTESIAN_POINT('Ctrl Pts',(2.183490828125,-10.1043079509412,0.001));
#9100=CARTESIAN_POINT('Ctrl Pts',(2.183490828125,-10.1043079509412,-0.0002));
#9101=CARTESIAN_POINT('Ctrl Pts',(2.12609192187499,-9.98444552906622,0.001));
#9102=CARTESIAN_POINT('Ctrl Pts',(2.12609192187499,-9.98444552906622,-0.0002));
#9103=CARTESIAN_POINT('Ctrl Pts',(2.01382641406249,-9.93464353687869,0.001));
#9104=CARTESIAN_POINT('Ctrl Pts',(2.01382641406249,-9.93464353687869,-0.0002));
#9105=CARTESIAN_POINT('Ctrl Pts',(1.8872111796875,-9.91016459156621,0.001));
#9106=CARTESIAN_POINT('Ctrl Pts',(1.8872111796875,-9.91016459156621,-0.0002));
#9107=CARTESIAN_POINT('',(1.8872111796875,-9.91016459156621,0.));
#9108=CARTESIAN_POINT('Ctrl Pts',(2.183490828125,-10.1043079509412,0.));
#9109=CARTESIAN_POINT('Ctrl Pts',(2.12609192187499,-9.98444552906622,0.));
#9110=CARTESIAN_POINT('Ctrl Pts',(2.01382641406249,-9.93464353687869,0.));
#9111=CARTESIAN_POINT('Ctrl Pts',(1.8872111796875,-9.91016459156621,0.));
#9112=CARTESIAN_POINT('',(1.8872111796875,-9.91016459156621,0.001));
#9113=CARTESIAN_POINT('',(1.8872111796875,-9.91016459156621,0.001));
#9114=CARTESIAN_POINT('Ctrl Pts',(2.183490828125,-10.1043079509412,0.001));
#9115=CARTESIAN_POINT('Ctrl Pts',(2.12609192187499,-9.98444552906622,0.001));
#9116=CARTESIAN_POINT('Ctrl Pts',(2.01382641406249,-9.93464353687869,0.001));
#9117=CARTESIAN_POINT('Ctrl Pts',(1.8872111796875,-9.91016459156621,0.001));
#9118=CARTESIAN_POINT('Ctrl Pts',(1.8872111796875,-9.91016459156621,0.001));
#9119=CARTESIAN_POINT('Ctrl Pts',(1.8872111796875,-9.91016459156621,-0.0002));
#9120=CARTESIAN_POINT('Ctrl Pts',(1.76144004687499,-9.88652974781617,0.001));
#9121=CARTESIAN_POINT('Ctrl Pts',(1.76144004687499,-9.88652974781617,-0.0002));
#9122=CARTESIAN_POINT('Ctrl Pts',(1.4921716484375,-9.89328256031615,0.001));
#9123=CARTESIAN_POINT('Ctrl Pts',(1.4921716484375,-9.89328256031615,-0.0002));
#9124=CARTESIAN_POINT('Ctrl Pts',(1.3512066875,-9.89328256031615,0.001));
#9125=CARTESIAN_POINT('Ctrl Pts',(1.3512066875,-9.89328256031615,-0.0002));
#9126=CARTESIAN_POINT('',(1.3512066875,-9.89328256031615,0.));
#9127=CARTESIAN_POINT('Ctrl Pts',(1.8872111796875,-9.91016459156621,0.));
#9128=CARTESIAN_POINT('Ctrl Pts',(1.76144004687499,-9.88652974781617,0.));
#9129=CARTESIAN_POINT('Ctrl Pts',(1.4921716484375,-9.89328256031615,0.));
#9130=CARTESIAN_POINT('Ctrl Pts',(1.3512066875,-9.89328256031615,0.));
#9131=CARTESIAN_POINT('',(1.3512066875,-9.89328256031615,0.001));
#9132=CARTESIAN_POINT('',(1.3512066875,-9.89328256031615,0.001));
#9133=CARTESIAN_POINT('Ctrl Pts',(1.8872111796875,-9.91016459156621,0.001));
#9134=CARTESIAN_POINT('Ctrl Pts',(1.76144004687499,-9.88652974781617,0.001));
#9135=CARTESIAN_POINT('Ctrl Pts',(1.4921716484375,-9.89328256031615,0.001));
#9136=CARTESIAN_POINT('Ctrl Pts',(1.3512066875,-9.89328256031615,0.001));
#9137=CARTESIAN_POINT('Origin',(1.3512066875,0.,0.001));
#9138=CARTESIAN_POINT('',(1.3512066875,-10.2748164665662,0.));
#9139=CARTESIAN_POINT('',(1.3512066875,0.,0.));
#9140=CARTESIAN_POINT('',(1.3512066875,-10.2748164665662,0.001));
#9141=CARTESIAN_POINT('',(1.3512066875,-10.2748164665662,0.001));
#9142=CARTESIAN_POINT('',(1.3512066875,0.,0.001));
#9143=CARTESIAN_POINT('Origin',(0.035324186940843,-10.2793383995579,0.001));
#9144=CARTESIAN_POINT('',(1.5968402421875,-10.2739723650037,0.));
#9145=CARTESIAN_POINT('',(0.035324186940843,-10.2793383995579,0.));
#9146=CARTESIAN_POINT('',(1.5968402421875,-10.2739723650037,0.001));
#9147=CARTESIAN_POINT('',(1.5968402421875,-10.2739723650037,0.001));
#9148=CARTESIAN_POINT('',(0.035324186940843,-10.2793383995579,0.001));
#9149=CARTESIAN_POINT('Origin',(1.5968402421875,0.,0.001));
#9150=CARTESIAN_POINT('',(1.5968402421875,-10.0545059587537,0.));
#9151=CARTESIAN_POINT('',(1.5968402421875,0.,0.));
#9152=CARTESIAN_POINT('',(1.5968402421875,-10.0545059587537,0.001));
#9153=CARTESIAN_POINT('',(1.5968402421875,-10.0545059587537,0.001));
#9154=CARTESIAN_POINT('',(1.5968402421875,0.,0.001));
#9155=CARTESIAN_POINT('Ctrl Pts',(1.5968402421875,-10.0545059587537,0.001));
#9156=CARTESIAN_POINT('Ctrl Pts',(1.5968402421875,-10.0545059587537,-0.0002));
#9157=CARTESIAN_POINT('Ctrl Pts',(1.6880032109375,-10.0545059587537,0.001));
#9158=CARTESIAN_POINT('Ctrl Pts',(1.6880032109375,-10.0545059587537,-0.0002));
#9159=CARTESIAN_POINT('Ctrl Pts',(1.7825425859375,-10.0494413493787,0.001));
#9160=CARTESIAN_POINT('Ctrl Pts',(1.7825425859375,-10.0494413493787,-0.0002));
#9161=CARTESIAN_POINT('Ctrl Pts',(1.857667625,-10.0891141228163,0.001));
#9162=CARTESIAN_POINT('Ctrl Pts',(1.857667625,-10.0891141228163,-0.0002));
#9163=CARTESIAN_POINT('',(1.857667625,-10.0891141228163,0.));
#9164=CARTESIAN_POINT('Ctrl Pts',(1.5968402421875,-10.0545059587537,0.));
#9165=CARTESIAN_POINT('Ctrl Pts',(1.6880032109375,-10.0545059587537,0.));
#9166=CARTESIAN_POINT('Ctrl Pts',(1.7825425859375,-10.0494413493787,0.));
#9167=CARTESIAN_POINT('Ctrl Pts',(1.857667625,-10.0891141228163,0.));
#9168=CARTESIAN_POINT('',(1.857667625,-10.0891141228163,0.001));
#9169=CARTESIAN_POINT('',(1.857667625,-10.0891141228163,0.001));
#9170=CARTESIAN_POINT('Ctrl Pts',(1.5968402421875,-10.0545059587537,0.001));
#9171=CARTESIAN_POINT('Ctrl Pts',(1.6880032109375,-10.0545059587537,0.001));
#9172=CARTESIAN_POINT('Ctrl Pts',(1.7825425859375,-10.0494413493787,0.001));
#9173=CARTESIAN_POINT('Ctrl Pts',(1.857667625,-10.0891141228163,0.001));
#9174=CARTESIAN_POINT('Ctrl Pts',(1.857667625,-10.0891141228163,0.001));
#9175=CARTESIAN_POINT('Ctrl Pts',(1.857667625,-10.0891141228163,-0.0002));
#9176=CARTESIAN_POINT('Ctrl Pts',(1.920131140625,-10.1220340837537,0.001));
#9177=CARTESIAN_POINT('Ctrl Pts',(1.920131140625,-10.1220340837537,-0.0002));
#9178=CARTESIAN_POINT('Ctrl Pts',(1.967400828125,-10.1802770915663,0.001));
#9179=CARTESIAN_POINT('Ctrl Pts',(1.967400828125,-10.1802770915663,-0.0002));
#9180=CARTESIAN_POINT('Ctrl Pts',(1.9733095390625,-10.2748164665662,0.001));
#9181=CARTESIAN_POINT('Ctrl Pts',(1.9733095390625,-10.2748164665662,-0.0002));
#9182=CARTESIAN_POINT('',(1.9733095390625,-10.2748164665662,0.));
#9183=CARTESIAN_POINT('Ctrl Pts',(1.857667625,-10.0891141228163,-1.35525271560688E-19));
#9184=CARTESIAN_POINT('Ctrl Pts',(1.920131140625,-10.1220340837537,-1.35525271560688E-19));
#9185=CARTESIAN_POINT('Ctrl Pts',(1.967400828125,-10.1802770915663,-1.35525271560688E-19));
#9186=CARTESIAN_POINT('Ctrl Pts',(1.9733095390625,-10.2748164665662,-1.35525271560688E-19));
#9187=CARTESIAN_POINT('',(1.9733095390625,-10.2748164665662,0.001));
#9188=CARTESIAN_POINT('',(1.9733095390625,-10.2748164665662,0.001));
#9189=CARTESIAN_POINT('Ctrl Pts',(1.857667625,-10.0891141228163,0.001));
#9190=CARTESIAN_POINT('Ctrl Pts',(1.920131140625,-10.1220340837537,0.001));
#9191=CARTESIAN_POINT('Ctrl Pts',(1.967400828125,-10.1802770915663,0.001));
#9192=CARTESIAN_POINT('Ctrl Pts',(1.9733095390625,-10.2748164665662,0.001));
#9193=CARTESIAN_POINT('Origin',(0.012220152581449,-10.2771483207713,0.001));
#9194=CARTESIAN_POINT('',(2.68319895312499,-10.2739723650037,0.));
#9195=CARTESIAN_POINT('',(0.012220152581449,-10.2771483207713,0.));
#9196=CARTESIAN_POINT('',(2.68319895312499,-10.2739723650037,0.001));
#9197=CARTESIAN_POINT('',(2.68319895312499,-10.2739723650037,0.001));
#9198=CARTESIAN_POINT('',(0.012220152581449,-10.2771483207713,0.001));
#9199=CARTESIAN_POINT('Ctrl Pts',(2.68319895312499,-10.2739723650037,0.001));
#9200=CARTESIAN_POINT('Ctrl Pts',(2.68319895312499,-10.2739723650037,-0.0002));
#9201=CARTESIAN_POINT('Ctrl Pts',(2.6874194609375,-10.2115088493787,0.001));
#9202=CARTESIAN_POINT('Ctrl Pts',(2.6874194609375,-10.2115088493787,-0.0002));
#9203=CARTESIAN_POINT('Ctrl Pts',(2.7026132890625,-10.1456689275037,0.001));
#9204=CARTESIAN_POINT('Ctrl Pts',(2.7026132890625,-10.1456689275037,-0.0002));
#9205=CARTESIAN_POINT('Ctrl Pts',(2.7380655546875,-10.1093725603162,0.001));
#9206=CARTESIAN_POINT('Ctrl Pts',(2.7380655546875,-10.1093725603162,-0.0002));
#9207=CARTESIAN_POINT('',(2.7380655546875,-10.1093725603162,0.));
#9208=CARTESIAN_POINT('Ctrl Pts',(2.68319895312499,-10.2739723650037,-4.06575814682064E-19));
#9209=CARTESIAN_POINT('Ctrl Pts',(2.6874194609375,-10.2115088493787,-4.06575814682064E-19));
#9210=CARTESIAN_POINT('Ctrl Pts',(2.7026132890625,-10.1456689275037,-4.06575814682064E-19));
#9211=CARTESIAN_POINT('Ctrl Pts',(2.7380655546875,-10.1093725603162,-4.06575814682064E-19));
#9212=CARTESIAN_POINT('',(2.7380655546875,-10.1093725603162,0.001));
#9213=CARTESIAN_POINT('',(2.7380655546875,-10.1093725603162,0.001));
#9214=CARTESIAN_POINT('Ctrl Pts',(2.68319895312499,-10.2739723650037,0.001));
#9215=CARTESIAN_POINT('Ctrl Pts',(2.6874194609375,-10.2115088493787,0.001));
#9216=CARTESIAN_POINT('Ctrl Pts',(2.7026132890625,-10.1456689275037,0.001));
#9217=CARTESIAN_POINT('Ctrl Pts',(2.7380655546875,-10.1093725603162,0.001));
#9218=CARTESIAN_POINT('Ctrl Pts',(2.7380655546875,-10.1093725603162,0.000999999999999998));
#9219=CARTESIAN_POINT('Ctrl Pts',(2.7380655546875,-10.1093725603162,-0.0002));
#9220=CARTESIAN_POINT('Ctrl Pts',(2.74650657031249,-10.1009315446912,0.000999999999999998));
#9221=CARTESIAN_POINT('Ctrl Pts',(2.74650657031249,-10.1009315446912,-0.0002));
#9222=CARTESIAN_POINT('Ctrl Pts',(2.7557916875,-10.0891141228163,0.000999999999999998));
#9223=CARTESIAN_POINT('Ctrl Pts',(2.7557916875,-10.0891141228163,-0.0002));
#9224=CARTESIAN_POINT('Ctrl Pts',(2.76507680468749,-10.0815172087537,0.000999999999999998));
#9225=CARTESIAN_POINT('Ctrl Pts',(2.76507680468749,-10.0815172087537,-0.0002));
#9226=CARTESIAN_POINT('',(2.76507680468749,-10.0815172087537,-1.6940658945086E-18));
#9227=CARTESIAN_POINT('Ctrl Pts',(2.7380655546875,-10.1093725603162,0.));
#9228=CARTESIAN_POINT('Ctrl Pts',(2.74650657031249,-10.1009315446912,-1.6940658945086E-18));
#9229=CARTESIAN_POINT('Ctrl Pts',(2.7557916875,-10.0891141228163,-1.6940658945086E-18));
#9230=CARTESIAN_POINT('Ctrl Pts',(2.76507680468749,-10.0815172087537,-1.6940658945086E-18));
#9231=CARTESIAN_POINT('',(2.76507680468749,-10.0815172087537,0.000999999999999998));
#9232=CARTESIAN_POINT('',(2.76507680468749,-10.0815172087537,0.000999999999999998));
#9233=CARTESIAN_POINT('Ctrl Pts',(2.7380655546875,-10.1093725603162,0.000999999999999998));
#9234=CARTESIAN_POINT('Ctrl Pts',(2.74650657031249,-10.1009315446912,0.000999999999999998));
#9235=CARTESIAN_POINT('Ctrl Pts',(2.7557916875,-10.0891141228163,0.000999999999999998));
#9236=CARTESIAN_POINT('Ctrl Pts',(2.76507680468749,-10.0815172087537,0.000999999999999998));
#9237=CARTESIAN_POINT('Ctrl Pts',(2.76507680468749,-10.0815172087537,0.000999999999999998));
#9238=CARTESIAN_POINT('Ctrl Pts',(2.76507680468749,-10.0815172087537,-0.000200000000000002));
#9239=CARTESIAN_POINT('Ctrl Pts',(2.830072625,-10.0308711150037,0.000999999999999998));
#9240=CARTESIAN_POINT('Ctrl Pts',(2.830072625,-10.0308711150037,-0.000200000000000002));
#9241=CARTESIAN_POINT('Ctrl Pts',(2.93811762499999,-10.0291829118787,0.000999999999999998));
#9242=CARTESIAN_POINT('Ctrl Pts',(2.93811762499999,-10.0291829118787,-0.000200000000000002));
#9243=CARTESIAN_POINT('Ctrl Pts',(3.00902215625,-10.0781408025037,0.000999999999999998));
#9244=CARTESIAN_POINT('Ctrl Pts',(3.00902215625,-10.0781408025037,-0.000200000000000002));
#9245=CARTESIAN_POINT('',(3.00902215625,-10.0781408025037,-1.6940658945086E-18));
#9246=CARTESIAN_POINT('Ctrl Pts',(2.76507680468749,-10.0815172087537,-1.6940658945086E-18));
#9247=CARTESIAN_POINT('Ctrl Pts',(2.830072625,-10.0308711150037,-1.6940658945086E-18));
#9248=CARTESIAN_POINT('Ctrl Pts',(2.93811762499999,-10.0291829118787,-1.6940658945086E-18));
#9249=CARTESIAN_POINT('Ctrl Pts',(3.00902215625,-10.0781408025037,-1.6940658945086E-18));
#9250=CARTESIAN_POINT('',(3.00902215625,-10.0781408025037,0.000999999999999998));
#9251=CARTESIAN_POINT('',(3.00902215625,-10.0781408025037,0.000999999999999998));
#9252=CARTESIAN_POINT('Ctrl Pts',(2.76507680468749,-10.0815172087537,0.000999999999999998));
#9253=CARTESIAN_POINT('Ctrl Pts',(2.830072625,-10.0308711150037,0.000999999999999998));
#9254=CARTESIAN_POINT('Ctrl Pts',(2.93811762499999,-10.0291829118787,0.000999999999999998));
#9255=CARTESIAN_POINT('Ctrl Pts',(3.00902215625,-10.0781408025037,0.000999999999999998));
#9256=CARTESIAN_POINT('Ctrl Pts',(3.00902215625,-10.0781408025037,0.001));
#9257=CARTESIAN_POINT('Ctrl Pts',(3.00902215625,-10.0781408025037,-0.000200000000000002));
#9258=CARTESIAN_POINT('Ctrl Pts',(3.05207133593749,-10.1076843571912,0.001));
#9259=CARTESIAN_POINT('Ctrl Pts',(3.05207133593749,-10.1076843571912,-0.000200000000000002));
#9260=CARTESIAN_POINT('Ctrl Pts',(3.0993410234375,-10.1937827165662,0.001));
#9261=CARTESIAN_POINT('Ctrl Pts',(3.0993410234375,-10.1937827165662,-0.000200000000000002));
#9262=CARTESIAN_POINT('Ctrl Pts',(3.09596461718749,-10.2579344353162,0.001));
#9263=CARTESIAN_POINT('Ctrl Pts',(3.09596461718749,-10.2579344353162,-0.000200000000000002));
#9264=CARTESIAN_POINT('',(3.09596461718749,-10.2579344353162,0.));
#9265=CARTESIAN_POINT('Ctrl Pts',(3.00902215625,-10.0781408025037,-1.6940658945086E-18));
#9266=CARTESIAN_POINT('Ctrl Pts',(3.05207133593749,-10.1076843571912,0.));
#9267=CARTESIAN_POINT('Ctrl Pts',(3.0993410234375,-10.1937827165662,0.));
#9268=CARTESIAN_POINT('Ctrl Pts',(3.09596461718749,-10.2579344353162,0.));
#9269=CARTESIAN_POINT('',(3.09596461718749,-10.2579344353162,0.001));
#9270=CARTESIAN_POINT('',(3.09596461718749,-10.2579344353162,0.001));
#9271=CARTESIAN_POINT('Ctrl Pts',(3.00902215625,-10.0781408025037,0.001));
#9272=CARTESIAN_POINT('Ctrl Pts',(3.05207133593749,-10.1076843571912,0.001));
#9273=CARTESIAN_POINT('Ctrl Pts',(3.0993410234375,-10.1937827165662,0.001));
#9274=CARTESIAN_POINT('Ctrl Pts',(3.09596461718749,-10.2579344353162,0.001));
#9275=CARTESIAN_POINT('Origin',(0.228878042381191,0.0635772339947246,0.001));
#9276=CARTESIAN_POINT('',(3.10018512499999,-10.2731282634412,0.));
#9277=CARTESIAN_POINT('',(0.228878042381191,0.0635772339947246,0.));
#9278=CARTESIAN_POINT('',(3.10018512499999,-10.2731282634412,0.001));
#9279=CARTESIAN_POINT('',(3.10018512499999,-10.2731282634412,0.001));
#9280=CARTESIAN_POINT('',(0.228878042381191,0.0635772339947246,0.001));
#9281=CARTESIAN_POINT('Origin',(0.,-10.2731282634412,0.001));
#9282=CARTESIAN_POINT('',(3.34835098437499,-10.2731282634412,0.));
#9283=CARTESIAN_POINT('',(0.,-10.2731282634412,0.));
#9284=CARTESIAN_POINT('',(3.34835098437499,-10.2731282634412,0.001));
#9285=CARTESIAN_POINT('',(3.34835098437499,-10.2731282634412,0.001));
#9286=CARTESIAN_POINT('',(0.,-10.2731282634412,0.001));
#9287=CARTESIAN_POINT('Origin',(1.94403984097237,0.25920531212842,0.001));
#9288=CARTESIAN_POINT('',(3.34666278125,-10.2604667400037,0.));
#9289=CARTESIAN_POINT('',(1.94403984097237,0.25920531212842,0.));
#9290=CARTESIAN_POINT('',(3.34666278125,-10.2604667400037,0.001));
#9291=CARTESIAN_POINT('',(3.34666278125,-10.2604667400037,0.001));
#9292=CARTESIAN_POINT('',(1.94403984097237,0.25920531212842,0.001));
#9293=CARTESIAN_POINT('Ctrl Pts',(3.34666278125,-10.2604667400037,0.000999999999999998));
#9294=CARTESIAN_POINT('Ctrl Pts',(3.34666278125,-10.2604667400037,-0.0002));
#9295=CARTESIAN_POINT('Ctrl Pts',(3.34835098437499,-10.2131970525037,0.000999999999999998));
#9296=CARTESIAN_POINT('Ctrl Pts',(3.34835098437499,-10.2131970525037,-0.0002));
#9297=CARTESIAN_POINT('Ctrl Pts',(3.32809254687499,-10.1389161150037,0.000999999999999998));
#9298=CARTESIAN_POINT('Ctrl Pts',(3.32809254687499,-10.1389161150037,-0.0002));
#9299=CARTESIAN_POINT('Ctrl Pts',(3.30952231249999,-10.1009315446912,0.000999999999999998));
#9300=CARTESIAN_POINT('Ctrl Pts',(3.30952231249999,-10.1009315446912,-0.0002));
#9301=CARTESIAN_POINT('',(3.30952231249999,-10.1009315446912,-1.6940658945086E-18));
#9302=CARTESIAN_POINT('Ctrl Pts',(3.34666278125,-10.2604667400037,0.));
#9303=CARTESIAN_POINT('Ctrl Pts',(3.34835098437499,-10.2131970525037,-1.6940658945086E-18));
#9304=CARTESIAN_POINT('Ctrl Pts',(3.32809254687499,-10.1389161150037,-1.6940658945086E-18));
#9305=CARTESIAN_POINT('Ctrl Pts',(3.30952231249999,-10.1009315446912,-1.6940658945086E-18));
#9306=CARTESIAN_POINT('',(3.30952231249999,-10.1009315446912,0.000999999999999998));
#9307=CARTESIAN_POINT('',(3.30952231249999,-10.1009315446912,0.000999999999999998));
#9308=CARTESIAN_POINT('Ctrl Pts',(3.34666278125,-10.2604667400037,0.000999999999999998));
#9309=CARTESIAN_POINT('Ctrl Pts',(3.34835098437499,-10.2131970525037,0.000999999999999998));
#9310=CARTESIAN_POINT('Ctrl Pts',(3.32809254687499,-10.1389161150037,0.000999999999999998));
#9311=CARTESIAN_POINT('Ctrl Pts',(3.30952231249999,-10.1009315446912,0.000999999999999998));
#9312=CARTESIAN_POINT('Ctrl Pts',(3.30952231249999,-10.1009315446912,0.001));
#9313=CARTESIAN_POINT('Ctrl Pts',(3.30952231249999,-10.1009315446912,-0.000200000000000002));
#9314=CARTESIAN_POINT('Ctrl Pts',(3.2816669609375,-10.0393121306287,0.001));
#9315=CARTESIAN_POINT('Ctrl Pts',(3.2816669609375,-10.0393121306287,-0.000200000000000002));
#9316=CARTESIAN_POINT('Ctrl Pts',(3.2512793046875,-10.0038598650037,0.001));
#9317=CARTESIAN_POINT('Ctrl Pts',(3.2512793046875,-10.0038598650037,-0.000200000000000002));
#9318=CARTESIAN_POINT('Ctrl Pts',(3.2014773125,-9.96587529469115,0.001));
#9319=CARTESIAN_POINT('Ctrl Pts',(3.2014773125,-9.96587529469115,-0.000200000000000002));
#9320=CARTESIAN_POINT('',(3.2014773125,-9.96587529469115,0.));
#9321=CARTESIAN_POINT('Ctrl Pts',(3.30952231249999,-10.1009315446912,-1.6940658945086E-18));
#9322=CARTESIAN_POINT('Ctrl Pts',(3.2816669609375,-10.0393121306287,0.));
#9323=CARTESIAN_POINT('Ctrl Pts',(3.2512793046875,-10.0038598650037,0.));
#9324=CARTESIAN_POINT('Ctrl Pts',(3.2014773125,-9.96587529469115,0.));
#9325=CARTESIAN_POINT('',(3.2014773125,-9.96587529469115,0.001));
#9326=CARTESIAN_POINT('',(3.2014773125,-9.96587529469115,0.001));
#9327=CARTESIAN_POINT('Ctrl Pts',(3.30952231249999,-10.1009315446912,0.001));
#9328=CARTESIAN_POINT('Ctrl Pts',(3.2816669609375,-10.0393121306287,0.001));
#9329=CARTESIAN_POINT('Ctrl Pts',(3.2512793046875,-10.0038598650037,0.001));
#9330=CARTESIAN_POINT('Ctrl Pts',(3.2014773125,-9.96587529469115,0.001));
#9331=CARTESIAN_POINT('Ctrl Pts',(3.2014773125,-9.96587529469115,0.000999999999999998));
#9332=CARTESIAN_POINT('Ctrl Pts',(3.2014773125,-9.96587529469115,-0.0002));
#9333=CARTESIAN_POINT('Ctrl Pts',(3.19219219531249,-9.95827838062868,0.000999999999999998));
#9334=CARTESIAN_POINT('Ctrl Pts',(3.19219219531249,-9.95827838062868,-0.0002));
#9335=CARTESIAN_POINT('Ctrl Pts',(3.18459528125001,-9.95321377125369,0.000999999999999998));
#9336=CARTESIAN_POINT('Ctrl Pts',(3.18459528125001,-9.95321377125369,-0.0002));
#9337=CARTESIAN_POINT('Ctrl Pts',(3.17362196093749,-9.94730506031622,0.000999999999999998));
#9338=CARTESIAN_POINT('Ctrl Pts',(3.17362196093749,-9.94730506031622,-0.0002));
#9339=CARTESIAN_POINT('',(3.17362196093749,-9.94730506031622,-1.6940658945086E-18));
#9340=CARTESIAN_POINT('Ctrl Pts',(3.2014773125,-9.96587529469115,0.));
#9341=CARTESIAN_POINT('Ctrl Pts',(3.19219219531249,-9.95827838062868,-1.6940658945086E-18));
#9342=CARTESIAN_POINT('Ctrl Pts',(3.18459528125001,-9.95321377125369,-1.6940658945086E-18));
#9343=CARTESIAN_POINT('Ctrl Pts',(3.17362196093749,-9.94730506031622,-1.6940658945086E-18));
#9344=CARTESIAN_POINT('',(3.17362196093749,-9.94730506031622,0.000999999999999998));
#9345=CARTESIAN_POINT('',(3.17362196093749,-9.94730506031622,0.000999999999999998));
#9346=CARTESIAN_POINT('Ctrl Pts',(3.2014773125,-9.96587529469115,0.000999999999999998));
#9347=CARTESIAN_POINT('Ctrl Pts',(3.19219219531249,-9.95827838062868,0.000999999999999998));
#9348=CARTESIAN_POINT('Ctrl Pts',(3.18459528125001,-9.95321377125369,0.000999999999999998));
#9349=CARTESIAN_POINT('Ctrl Pts',(3.17362196093749,-9.94730506031622,0.000999999999999998));
#9350=CARTESIAN_POINT('Ctrl Pts',(3.17362196093749,-9.94730506031622,0.000999999999999998));
#9351=CARTESIAN_POINT('Ctrl Pts',(3.17362196093749,-9.94730506031622,-0.000200000000000002));
#9352=CARTESIAN_POINT('Ctrl Pts',(3.10693793749999,-9.90594408375369,0.000999999999999998));
#9353=CARTESIAN_POINT('Ctrl Pts',(3.10693793749999,-9.90594408375369,-0.000200000000000002));
#9354=CARTESIAN_POINT('Ctrl Pts',(3.03350110156251,-9.88906205250368,0.000999999999999998));
#9355=CARTESIAN_POINT('Ctrl Pts',(3.03350110156251,-9.88906205250368,-0.000200000000000002));
#9356=CARTESIAN_POINT('Ctrl Pts',(2.95331145312499,-9.88146513844123,0.000999999999999998));
#9357=CARTESIAN_POINT('Ctrl Pts',(2.95331145312499,-9.88146513844123,-0.000200000000000002));
#9358=CARTESIAN_POINT('',(2.95331145312499,-9.88146513844123,-1.6940658945086E-18));
#9359=CARTESIAN_POINT('Ctrl Pts',(3.17362196093749,-9.94730506031622,-1.6940658945086E-18));
#9360=CARTESIAN_POINT('Ctrl Pts',(3.10693793749999,-9.90594408375369,-1.6940658945086E-18));
#9361=CARTESIAN_POINT('Ctrl Pts',(3.03350110156251,-9.88906205250368,-1.6940658945086E-18));
#9362=CARTESIAN_POINT('Ctrl Pts',(2.95331145312499,-9.88146513844123,-1.6940658945086E-18));
#9363=CARTESIAN_POINT('',(2.95331145312499,-9.88146513844123,0.000999999999999998));
#9364=CARTESIAN_POINT('',(2.95331145312499,-9.88146513844123,0.000999999999999998));
#9365=CARTESIAN_POINT('Ctrl Pts',(3.17362196093749,-9.94730506031622,0.000999999999999998));
#9366=CARTESIAN_POINT('Ctrl Pts',(3.10693793749999,-9.90594408375369,0.000999999999999998));
#9367=CARTESIAN_POINT('Ctrl Pts',(3.03350110156251,-9.88906205250368,0.000999999999999998));
#9368=CARTESIAN_POINT('Ctrl Pts',(2.95331145312499,-9.88146513844123,0.000999999999999998));
#9369=CARTESIAN_POINT('Ctrl Pts',(2.95331145312499,-9.88146513844123,0.001));
#9370=CARTESIAN_POINT('Ctrl Pts',(2.95331145312499,-9.88146513844123,-0.000200000000000002));
#9371=CARTESIAN_POINT('Ctrl Pts',(2.8393577421875,-9.8713359196912,0.001));
#9372=CARTESIAN_POINT('Ctrl Pts',(2.8393577421875,-9.8713359196912,-0.000200000000000002));
#9373=CARTESIAN_POINT('Ctrl Pts',(2.7228717265625,-9.88652974781617,0.001));
#9374=CARTESIAN_POINT('Ctrl Pts',(2.7228717265625,-9.88652974781617,-0.000200000000000002));
#9375=CARTESIAN_POINT('Ctrl Pts',(2.6283323515625,-9.93548763844121,0.001));
#9376=CARTESIAN_POINT('Ctrl Pts',(2.6283323515625,-9.93548763844121,-0.000200000000000002));
#9377=CARTESIAN_POINT('Ctrl Pts',(2.95331145312499,-9.88146513844123,-1.35525271560688E-18));
#9378=CARTESIAN_POINT('Ctrl Pts',(2.8393577421875,-9.8713359196912,-1.35525271560688E-18));
#9379=CARTESIAN_POINT('Ctrl Pts',(2.7228717265625,-9.88652974781617,-1.35525271560688E-18));
#9380=CARTESIAN_POINT('Ctrl Pts',(2.6283323515625,-9.93548763844121,-1.35525271560688E-18));
#9381=CARTESIAN_POINT('Ctrl Pts',(2.95331145312499,-9.88146513844123,0.000999999999999999));
#9382=CARTESIAN_POINT('Ctrl Pts',(2.8393577421875,-9.8713359196912,0.000999999999999999));
#9383=CARTESIAN_POINT('Ctrl Pts',(2.7228717265625,-9.88652974781617,0.000999999999999999));
#9384=CARTESIAN_POINT('Ctrl Pts',(2.6283323515625,-9.93548763844121,0.000999999999999999));
#9385=CARTESIAN_POINT('Origin',(0.,0.,0.001));
#9386=CARTESIAN_POINT('Origin',(0.,0.,0.));
#9387=CARTESIAN_POINT('Ctrl Pts',(1.9733095390625,-10.3254625603162,0.001));
#9388=CARTESIAN_POINT('Ctrl Pts',(1.9733095390625,-10.3254625603162,-0.0002));
#9389=CARTESIAN_POINT('Ctrl Pts',(1.967400828125,-10.4233783415662,0.001));
#9390=CARTESIAN_POINT('Ctrl Pts',(1.967400828125,-10.4233783415662,-0.0002));
#9391=CARTESIAN_POINT('Ctrl Pts',(1.923507546875,-10.4782449431287,0.001));
#9392=CARTESIAN_POINT('Ctrl Pts',(1.923507546875,-10.4782449431287,-0.0002));
#9393=CARTESIAN_POINT('Ctrl Pts',(1.859355828125,-10.5120090056287,0.001));
#9394=CARTESIAN_POINT('Ctrl Pts',(1.859355828125,-10.5120090056287,-0.0002));
#9395=CARTESIAN_POINT('',(1.9733095390625,-10.3254625603162,0.));
#9396=CARTESIAN_POINT('',(1.859355828125,-10.5120090056287,1.6940658945086E-18));
#9397=CARTESIAN_POINT('Ctrl Pts',(1.9733095390625,-10.3254625603162,0.));
#9398=CARTESIAN_POINT('Ctrl Pts',(1.967400828125,-10.4233783415662,1.6940658945086E-18));
#9399=CARTESIAN_POINT('Ctrl Pts',(1.923507546875,-10.4782449431287,1.6940658945086E-18));
#9400=CARTESIAN_POINT('Ctrl Pts',(1.859355828125,-10.5120090056287,1.6940658945086E-18));
#9401=CARTESIAN_POINT('',(1.859355828125,-10.5120090056287,0.001));
#9402=CARTESIAN_POINT('',(1.859355828125,-10.5120090056287,0.001));
#9403=CARTESIAN_POINT('',(1.9733095390625,-10.3254625603162,0.001));
#9404=CARTESIAN_POINT('Ctrl Pts',(1.9733095390625,-10.3254625603162,0.001));
#9405=CARTESIAN_POINT('Ctrl Pts',(1.967400828125,-10.4233783415662,0.001));
#9406=CARTESIAN_POINT('Ctrl Pts',(1.923507546875,-10.4782449431287,0.001));
#9407=CARTESIAN_POINT('Ctrl Pts',(1.859355828125,-10.5120090056287,0.001));
#9408=CARTESIAN_POINT('',(1.9733095390625,-10.3254625603162,0.001));
#9409=CARTESIAN_POINT('Ctrl Pts',(1.859355828125,-10.5120090056287,0.001));
#9410=CARTESIAN_POINT('Ctrl Pts',(1.859355828125,-10.5120090056287,-0.000199999999999998));
#9411=CARTESIAN_POINT('Ctrl Pts',(1.78507489062499,-10.5508376775037,0.001));
#9412=CARTESIAN_POINT('Ctrl Pts',(1.78507489062499,-10.5508376775037,-0.000199999999999998));
#9413=CARTESIAN_POINT('Ctrl Pts',(1.6863150078125,-10.5449289665662,0.001));
#9414=CARTESIAN_POINT('Ctrl Pts',(1.6863150078125,-10.5449289665662,-0.000199999999999998));
#9415=CARTESIAN_POINT('Ctrl Pts',(1.5968402421875,-10.5449289665662,0.001));
#9416=CARTESIAN_POINT('Ctrl Pts',(1.5968402421875,-10.5449289665662,-0.000199999999999998));
#9417=CARTESIAN_POINT('',(1.5968402421875,-10.5449289665662,0.));
#9418=CARTESIAN_POINT('Ctrl Pts',(1.859355828125,-10.5120090056287,1.6940658945086E-18));
#9419=CARTESIAN_POINT('Ctrl Pts',(1.78507489062499,-10.5508376775037,-2.40741243048404E-34));
#9420=CARTESIAN_POINT('Ctrl Pts',(1.6863150078125,-10.5449289665662,0.));
#9421=CARTESIAN_POINT('Ctrl Pts',(1.5968402421875,-10.5449289665662,0.));
#9422=CARTESIAN_POINT('',(1.5968402421875,-10.5449289665662,0.001));
#9423=CARTESIAN_POINT('',(1.5968402421875,-10.5449289665662,0.001));
#9424=CARTESIAN_POINT('Ctrl Pts',(1.859355828125,-10.5120090056287,0.001));
#9425=CARTESIAN_POINT('Ctrl Pts',(1.78507489062499,-10.5508376775037,0.001));
#9426=CARTESIAN_POINT('Ctrl Pts',(1.6863150078125,-10.5449289665662,0.001));
#9427=CARTESIAN_POINT('Ctrl Pts',(1.5968402421875,-10.5449289665662,0.001));
#9428=CARTESIAN_POINT('Origin',(1.5968402421875,0.,0.001));
#9429=CARTESIAN_POINT('',(1.5968402421875,-10.3254625603162,0.));
#9430=CARTESIAN_POINT('',(1.5968402421875,0.,0.));
#9431=CARTESIAN_POINT('',(1.5968402421875,-10.3254625603162,0.001));
#9432=CARTESIAN_POINT('',(1.5968402421875,-10.3254625603162,0.001));
#9433=CARTESIAN_POINT('',(1.5968402421875,0.,0.001));
#9434=CARTESIAN_POINT('Origin',(0.,-10.3254625603162,0.001));
#9435=CARTESIAN_POINT('',(1.3512066875,-10.3254625603162,0.));
#9436=CARTESIAN_POINT('',(0.,-10.3254625603162,0.));
#9437=CARTESIAN_POINT('',(1.3512066875,-10.3254625603162,0.001));
#9438=CARTESIAN_POINT('',(1.3512066875,-10.3254625603162,0.001));
#9439=CARTESIAN_POINT('',(0.,-10.3254625603162,0.001));
#9440=CARTESIAN_POINT('Origin',(1.3512066875,0.,0.001));
#9441=CARTESIAN_POINT('',(1.3512066875,-10.7061523650037,0.));
#9442=CARTESIAN_POINT('',(1.3512066875,0.,0.));
#9443=CARTESIAN_POINT('',(1.3512066875,-10.7061523650037,0.001));
#9444=CARTESIAN_POINT('',(1.3512066875,-10.7061523650037,0.001));
#9445=CARTESIAN_POINT('',(1.3512066875,0.,0.001));
#9446=CARTESIAN_POINT('Origin',(0.,-10.7061523650037,0.001));
#9447=CARTESIAN_POINT('',(1.63060430468749,-10.7061523650037,0.));
#9448=CARTESIAN_POINT('',(0.,-10.7061523650037,0.));
#9449=CARTESIAN_POINT('',(1.63060430468749,-10.7061523650037,0.001));
#9450=CARTESIAN_POINT('',(1.63060430468749,-10.7061523650037,0.001));
#9451=CARTESIAN_POINT('',(0.,-10.7061523650037,0.001));
#9452=CARTESIAN_POINT('Ctrl Pts',(1.63060430468749,-10.7061523650037,0.001));
#9453=CARTESIAN_POINT('Ctrl Pts',(1.63060430468749,-10.7061523650037,-0.0002));
#9454=CARTESIAN_POINT('Ctrl Pts',(1.778322078125,-10.7061523650037,0.001));
#9455=CARTESIAN_POINT('Ctrl Pts',(1.778322078125,-10.7061523650037,-0.0002));
#9456=CARTESIAN_POINT('Ctrl Pts',(1.9699331328125,-10.6985554509412,0.001));
#9457=CARTESIAN_POINT('Ctrl Pts',(1.9699331328125,-10.6985554509412,-0.0002));
#9458=CARTESIAN_POINT('Ctrl Pts',(2.088951453125,-10.6014837712537,0.001));
#9459=CARTESIAN_POINT('Ctrl Pts',(2.088951453125,-10.6014837712537,-0.0002));
#9460=CARTESIAN_POINT('',(2.088951453125,-10.6014837712537,1.6940658945086E-18));
#9461=CARTESIAN_POINT('Ctrl Pts',(1.63060430468749,-10.7061523650037,0.));
#9462=CARTESIAN_POINT('Ctrl Pts',(1.778322078125,-10.7061523650037,1.6940658945086E-18));
#9463=CARTESIAN_POINT('Ctrl Pts',(1.9699331328125,-10.6985554509412,1.6940658945086E-18));
#9464=CARTESIAN_POINT('Ctrl Pts',(2.088951453125,-10.6014837712537,1.6940658945086E-18));
#9465=CARTESIAN_POINT('',(2.088951453125,-10.6014837712537,0.001));
#9466=CARTESIAN_POINT('',(2.088951453125,-10.6014837712537,0.001));
#9467=CARTESIAN_POINT('Ctrl Pts',(1.63060430468749,-10.7061523650037,0.001));
#9468=CARTESIAN_POINT('Ctrl Pts',(1.778322078125,-10.7061523650037,0.001));
#9469=CARTESIAN_POINT('Ctrl Pts',(1.9699331328125,-10.6985554509412,0.001));
#9470=CARTESIAN_POINT('Ctrl Pts',(2.088951453125,-10.6014837712537,0.001));
#9471=CARTESIAN_POINT('Ctrl Pts',(2.088951453125,-10.6014837712537,0.001));
#9472=CARTESIAN_POINT('Ctrl Pts',(2.088951453125,-10.6014837712537,-0.000199999999999998));
#9473=CARTESIAN_POINT('Ctrl Pts',(2.1910877421875,-10.5187618181287,0.001));
#9474=CARTESIAN_POINT('Ctrl Pts',(2.1910877421875,-10.5187618181287,-0.000199999999999998));
#9475=CARTESIAN_POINT('Ctrl Pts',(2.18602313281249,-10.4622070134412,0.001));
#9476=CARTESIAN_POINT('Ctrl Pts',(2.18602313281249,-10.4622070134412,-0.000199999999999998));
#9477=CARTESIAN_POINT('Ctrl Pts',(2.20796977343749,-10.4343516618787,0.001));
#9478=CARTESIAN_POINT('Ctrl Pts',(2.20796977343749,-10.4343516618787,-0.000199999999999998));
#9479=CARTESIAN_POINT('',(2.20796977343749,-10.4343516618787,0.));
#9480=CARTESIAN_POINT('Ctrl Pts',(2.088951453125,-10.6014837712537,1.6940658945086E-18));
#9481=CARTESIAN_POINT('Ctrl Pts',(2.1910877421875,-10.5187618181287,-2.40741243048404E-34));
#9482=CARTESIAN_POINT('Ctrl Pts',(2.18602313281249,-10.4622070134412,0.));
#9483=CARTESIAN_POINT('Ctrl Pts',(2.20796977343749,-10.4343516618787,0.));
#9484=CARTESIAN_POINT('',(2.20796977343749,-10.4343516618787,0.001));
#9485=CARTESIAN_POINT('',(2.20796977343749,-10.4343516618787,0.001));
#9486=CARTESIAN_POINT('Ctrl Pts',(2.088951453125,-10.6014837712537,0.001));
#9487=CARTESIAN_POINT('Ctrl Pts',(2.1910877421875,-10.5187618181287,0.001));
#9488=CARTESIAN_POINT('Ctrl Pts',(2.18602313281249,-10.4622070134412,0.001));
#9489=CARTESIAN_POINT('Ctrl Pts',(2.20796977343749,-10.4343516618787,0.001));
#9490=CARTESIAN_POINT('Origin',(2.2403529847539,-0.00695761796505252,0.001));
#9491=CARTESIAN_POINT('',(2.207125671875,-10.7061523650037,0.));
#9492=CARTESIAN_POINT('',(2.2403529847539,-0.00695761796505252,0.));
#9493=CARTESIAN_POINT('',(2.207125671875,-10.7061523650037,0.001));
#9494=CARTESIAN_POINT('',(2.207125671875,-10.7061523650037,0.001));
#9495=CARTESIAN_POINT('',(2.2403529847539,-0.00695761796505252,0.001));
#9496=CARTESIAN_POINT('Origin',(0.03681653083249,-10.7136104720178,0.001));
#9497=CARTESIAN_POINT('',(2.4527592265625,-10.7053082634412,0.));
#9498=CARTESIAN_POINT('',(0.03681653083249,-10.7136104720178,0.));
#9499=CARTESIAN_POINT('',(2.4527592265625,-10.7053082634412,0.001));
#9500=CARTESIAN_POINT('',(2.4527592265625,-10.7053082634412,0.001));
#9501=CARTESIAN_POINT('',(0.03681653083249,-10.7136104720178,0.001));
#9502=CARTESIAN_POINT('Origin',(2.4527592265625,0.,0.001));
#9503=CARTESIAN_POINT('',(2.4527592265625,-10.4368839665662,0.));
#9504=CARTESIAN_POINT('',(2.4527592265625,0.,0.));
#9505=CARTESIAN_POINT('',(2.4527592265625,-10.4368839665662,0.001));
#9506=CARTESIAN_POINT('',(2.4527592265625,-10.4368839665662,0.001));
#9507=CARTESIAN_POINT('',(2.4527592265625,0.,0.001));
#9508=CARTESIAN_POINT('Ctrl Pts',(2.4527592265625,-10.4368839665662,0.001));
#9509=CARTESIAN_POINT('Ctrl Pts',(2.4527592265625,-10.4368839665662,-0.0002));
#9510=CARTESIAN_POINT('Ctrl Pts',(2.4586679375,-10.4461690837538,0.001));
#9511=CARTESIAN_POINT('Ctrl Pts',(2.4586679375,-10.4461690837538,-0.0002));
#9512=CARTESIAN_POINT('Ctrl Pts',(2.46204434375,-10.4622070134412,0.001));
#9513=CARTESIAN_POINT('Ctrl Pts',(2.46204434375,-10.4622070134412,-0.0002));
#9514=CARTESIAN_POINT('Ctrl Pts',(2.4662648515625,-10.4740244353162,0.001));
#9515=CARTESIAN_POINT('Ctrl Pts',(2.4662648515625,-10.4740244353162,-0.0002));
#9516=CARTESIAN_POINT('',(2.4662648515625,-10.4740244353162,0.));
#9517=CARTESIAN_POINT('Ctrl Pts',(2.4527592265625,-10.4368839665662,0.));
#9518=CARTESIAN_POINT('Ctrl Pts',(2.4586679375,-10.4461690837538,0.));
#9519=CARTESIAN_POINT('Ctrl Pts',(2.46204434375,-10.4622070134412,0.));
#9520=CARTESIAN_POINT('Ctrl Pts',(2.4662648515625,-10.4740244353162,0.));
#9521=CARTESIAN_POINT('',(2.4662648515625,-10.4740244353162,0.001));
#9522=CARTESIAN_POINT('',(2.4662648515625,-10.4740244353162,0.001));
#9523=CARTESIAN_POINT('Ctrl Pts',(2.4527592265625,-10.4368839665662,0.001));
#9524=CARTESIAN_POINT('Ctrl Pts',(2.4586679375,-10.4461690837538,0.001));
#9525=CARTESIAN_POINT('Ctrl Pts',(2.46204434375,-10.4622070134412,0.001));
#9526=CARTESIAN_POINT('Ctrl Pts',(2.4662648515625,-10.4740244353162,0.001));
#9527=CARTESIAN_POINT('Ctrl Pts',(2.4662648515625,-10.4740244353162,0.001));
#9528=CARTESIAN_POINT('Ctrl Pts',(2.4662648515625,-10.4740244353162,-0.0002));
#9529=CARTESIAN_POINT('Ctrl Pts',(2.477238171875,-10.5035679900037,0.001));
#9530=CARTESIAN_POINT('Ctrl Pts',(2.477238171875,-10.5035679900037,-0.0002));
#9531=CARTESIAN_POINT('Ctrl Pts',(2.4831468828125,-10.5145413103161,0.001));
#9532=CARTESIAN_POINT('Ctrl Pts',(2.4831468828125,-10.5145413103161,-0.0002));
#9533=CARTESIAN_POINT('Ctrl Pts',(2.4983407109375,-10.5407084587537,0.001));
#9534=CARTESIAN_POINT('Ctrl Pts',(2.4983407109375,-10.5407084587537,-0.0002));
#9535=CARTESIAN_POINT('',(2.4983407109375,-10.5407084587537,0.));
#9536=CARTESIAN_POINT('Ctrl Pts',(2.4662648515625,-10.4740244353162,0.));
#9537=CARTESIAN_POINT('Ctrl Pts',(2.477238171875,-10.5035679900037,0.));
#9538=CARTESIAN_POINT('Ctrl Pts',(2.4831468828125,-10.5145413103161,0.));
#9539=CARTESIAN_POINT('Ctrl Pts',(2.4983407109375,-10.5407084587537,0.));
#9540=CARTESIAN_POINT('',(2.4983407109375,-10.5407084587537,0.001));
#9541=CARTESIAN_POINT('',(2.4983407109375,-10.5407084587537,0.001));
#9542=CARTESIAN_POINT('Ctrl Pts',(2.4662648515625,-10.4740244353162,0.001));
#9543=CARTESIAN_POINT('Ctrl Pts',(2.477238171875,-10.5035679900037,0.001));
#9544=CARTESIAN_POINT('Ctrl Pts',(2.4831468828125,-10.5145413103161,0.001));
#9545=CARTESIAN_POINT('Ctrl Pts',(2.4983407109375,-10.5407084587537,0.001));
#9546=CARTESIAN_POINT('Ctrl Pts',(2.4983407109375,-10.5407084587537,0.001));
#9547=CARTESIAN_POINT('Ctrl Pts',(2.4983407109375,-10.5407084587537,-0.0002));
#9548=CARTESIAN_POINT('Ctrl Pts',(2.51944325,-10.5761607243787,0.001));
#9549=CARTESIAN_POINT('Ctrl Pts',(2.51944325,-10.5761607243787,-0.0002));
#9550=CARTESIAN_POINT('Ctrl Pts',(2.53970168749999,-10.5930427556287,0.001));
#9551=CARTESIAN_POINT('Ctrl Pts',(2.53970168749999,-10.5930427556287,-0.0002));
#9552=CARTESIAN_POINT('Ctrl Pts',(2.568401140625,-10.6192099040662,0.001));
#9553=CARTESIAN_POINT('Ctrl Pts',(2.568401140625,-10.6192099040662,-0.0002));
#9554=CARTESIAN_POINT('',(2.568401140625,-10.6192099040662,0.));
#9555=CARTESIAN_POINT('Ctrl Pts',(2.4983407109375,-10.5407084587537,0.));
#9556=CARTESIAN_POINT('Ctrl Pts',(2.51944325,-10.5761607243787,0.));
#9557=CARTESIAN_POINT('Ctrl Pts',(2.53970168749999,-10.5930427556287,0.));
#9558=CARTESIAN_POINT('Ctrl Pts',(2.568401140625,-10.6192099040662,0.));
#9559=CARTESIAN_POINT('',(2.568401140625,-10.6192099040662,0.001));
#9560=CARTESIAN_POINT('',(2.568401140625,-10.6192099040662,0.001));
#9561=CARTESIAN_POINT('Ctrl Pts',(2.4983407109375,-10.5407084587537,0.001));
#9562=CARTESIAN_POINT('Ctrl Pts',(2.51944325,-10.5761607243787,0.001));
#9563=CARTESIAN_POINT('Ctrl Pts',(2.53970168749999,-10.5930427556287,0.001));
#9564=CARTESIAN_POINT('Ctrl Pts',(2.568401140625,-10.6192099040662,0.001));
#9565=CARTESIAN_POINT('Ctrl Pts',(2.568401140625,-10.6192099040662,0.001));
#9566=CARTESIAN_POINT('Ctrl Pts',(2.568401140625,-10.6192099040662,-0.0002));
#9567=CARTESIAN_POINT('Ctrl Pts',(2.6604082109375,-10.7027759587537,0.001));
#9568=CARTESIAN_POINT('Ctrl Pts',(2.6604082109375,-10.7027759587537,-0.0002));
#9569=CARTESIAN_POINT('Ctrl Pts',(2.82500801562499,-10.7314754118787,0.001));
#9570=CARTESIAN_POINT('Ctrl Pts',(2.82500801562499,-10.7314754118787,-0.0002));
#9571=CARTESIAN_POINT('Ctrl Pts',(2.95331145312499,-10.7179697868787,0.001));
#9572=CARTESIAN_POINT('Ctrl Pts',(2.95331145312499,-10.7179697868787,-0.0002));
#9573=CARTESIAN_POINT('',(2.95331145312499,-10.7179697868787,1.6940658945086E-18));
#9574=CARTESIAN_POINT('Ctrl Pts',(2.568401140625,-10.6192099040662,0.));
#9575=CARTESIAN_POINT('Ctrl Pts',(2.6604082109375,-10.7027759587537,1.6940658945086E-18));
#9576=CARTESIAN_POINT('Ctrl Pts',(2.82500801562499,-10.7314754118787,1.6940658945086E-18));
#9577=CARTESIAN_POINT('Ctrl Pts',(2.95331145312499,-10.7179697868787,1.6940658945086E-18));
#9578=CARTESIAN_POINT('',(2.95331145312499,-10.7179697868787,0.001));
#9579=CARTESIAN_POINT('',(2.95331145312499,-10.7179697868787,0.001));
#9580=CARTESIAN_POINT('Ctrl Pts',(2.568401140625,-10.6192099040662,0.001));
#9581=CARTESIAN_POINT('Ctrl Pts',(2.6604082109375,-10.7027759587537,0.001));
#9582=CARTESIAN_POINT('Ctrl Pts',(2.82500801562499,-10.7314754118787,0.001));
#9583=CARTESIAN_POINT('Ctrl Pts',(2.95331145312499,-10.7179697868787,0.001));
#9584=CARTESIAN_POINT('Ctrl Pts',(2.95331145312499,-10.7179697868787,0.001));
#9585=CARTESIAN_POINT('Ctrl Pts',(2.95331145312499,-10.7179697868787,-0.000199999999999998));
#9586=CARTESIAN_POINT('Ctrl Pts',(3.04531852343749,-10.7086846696912,0.001));
#9587=CARTESIAN_POINT('Ctrl Pts',(3.04531852343749,-10.7086846696912,-0.000199999999999998));
#9588=CARTESIAN_POINT('Ctrl Pts',(3.1347932890625,-10.6858939275037,0.001));
#9589=CARTESIAN_POINT('Ctrl Pts',(3.1347932890625,-10.6858939275037,-0.000199999999999998));
#9590=CARTESIAN_POINT('Ctrl Pts',(3.20738602343749,-10.6284950212537,0.001));
#9591=CARTESIAN_POINT('Ctrl Pts',(3.20738602343749,-10.6284950212537,-0.000199999999999998));
#9592=CARTESIAN_POINT('',(3.20738602343749,-10.6284950212537,0.));
#9593=CARTESIAN_POINT('Ctrl Pts',(2.95331145312499,-10.7179697868787,1.6940658945086E-18));
#9594=CARTESIAN_POINT('Ctrl Pts',(3.04531852343749,-10.7086846696912,0.));
#9595=CARTESIAN_POINT('Ctrl Pts',(3.1347932890625,-10.6858939275037,0.));
#9596=CARTESIAN_POINT('Ctrl Pts',(3.20738602343749,-10.6284950212537,0.));
#9597=CARTESIAN_POINT('',(3.20738602343749,-10.6284950212537,0.001));
#9598=CARTESIAN_POINT('',(3.20738602343749,-10.6284950212537,0.001));
#9599=CARTESIAN_POINT('Ctrl Pts',(2.95331145312499,-10.7179697868787,0.001));
#9600=CARTESIAN_POINT('Ctrl Pts',(3.04531852343749,-10.7086846696912,0.001));
#9601=CARTESIAN_POINT('Ctrl Pts',(3.1347932890625,-10.6858939275037,0.001));
#9602=CARTESIAN_POINT('Ctrl Pts',(3.20738602343749,-10.6284950212537,0.001));
#9603=CARTESIAN_POINT('Ctrl Pts',(3.20738602343749,-10.6284950212537,0.001));
#9604=CARTESIAN_POINT('Ctrl Pts',(3.20738602343749,-10.6284950212537,-0.0002));
#9605=CARTESIAN_POINT('Ctrl Pts',(3.2310208671875,-10.6090806853162,0.001));
#9606=CARTESIAN_POINT('Ctrl Pts',(3.2310208671875,-10.6090806853162,-0.0002));
#9607=CARTESIAN_POINT('Ctrl Pts',(3.260564421875,-10.5803812321912,0.001));
#9608=CARTESIAN_POINT('Ctrl Pts',(3.260564421875,-10.5803812321912,-0.0002));
#9609=CARTESIAN_POINT('Ctrl Pts',(3.27829055468749,-10.5533699821912,0.001));
#9610=CARTESIAN_POINT('Ctrl Pts',(3.27829055468749,-10.5533699821912,-0.0002));
#9611=CARTESIAN_POINT('',(3.27829055468749,-10.5533699821912,0.));
#9612=CARTESIAN_POINT('Ctrl Pts',(3.20738602343749,-10.6284950212537,-1.35525271560688E-19));
#9613=CARTESIAN_POINT('Ctrl Pts',(3.2310208671875,-10.6090806853162,-1.35525271560688E-19));
#9614=CARTESIAN_POINT('Ctrl Pts',(3.260564421875,-10.5803812321912,-1.35525271560688E-19));
#9615=CARTESIAN_POINT('Ctrl Pts',(3.27829055468749,-10.5533699821912,-1.35525271560688E-19));
#9616=CARTESIAN_POINT('',(3.27829055468749,-10.5533699821912,0.001));
#9617=CARTESIAN_POINT('',(3.27829055468749,-10.5533699821912,0.001));
#9618=CARTESIAN_POINT('Ctrl Pts',(3.20738602343749,-10.6284950212537,0.001));
#9619=CARTESIAN_POINT('Ctrl Pts',(3.2310208671875,-10.6090806853162,0.001));
#9620=CARTESIAN_POINT('Ctrl Pts',(3.260564421875,-10.5803812321912,0.001));
#9621=CARTESIAN_POINT('Ctrl Pts',(3.27829055468749,-10.5533699821912,0.001));
#9622=CARTESIAN_POINT('Ctrl Pts',(3.27829055468749,-10.5533699821912,0.001));
#9623=CARTESIAN_POINT('Ctrl Pts',(3.27829055468749,-10.5533699821912,-0.0002));
#9624=CARTESIAN_POINT('Ctrl Pts',(3.32471614062499,-10.4841536540662,0.001));
#9625=CARTESIAN_POINT('Ctrl Pts',(3.32471614062499,-10.4841536540662,-0.0002));
#9626=CARTESIAN_POINT('Ctrl Pts',(3.3424422734375,-10.4140932243787,0.001));
#9627=CARTESIAN_POINT('Ctrl Pts',(3.3424422734375,-10.4140932243787,-0.0002));
#9628=CARTESIAN_POINT('Ctrl Pts',(3.34835098437499,-10.3254625603162,0.001));
#9629=CARTESIAN_POINT('Ctrl Pts',(3.34835098437499,-10.3254625603162,-0.0002));
#9630=CARTESIAN_POINT('',(3.34835098437499,-10.3254625603162,0.));
#9631=CARTESIAN_POINT('Ctrl Pts',(3.27829055468749,-10.5533699821912,0.));
#9632=CARTESIAN_POINT('Ctrl Pts',(3.32471614062499,-10.4841536540662,0.));
#9633=CARTESIAN_POINT('Ctrl Pts',(3.3424422734375,-10.4140932243787,0.));
#9634=CARTESIAN_POINT('Ctrl Pts',(3.34835098437499,-10.3254625603162,0.));
#9635=CARTESIAN_POINT('',(3.34835098437499,-10.3254625603162,0.001));
#9636=CARTESIAN_POINT('',(3.34835098437499,-10.3254625603162,0.001));
#9637=CARTESIAN_POINT('Ctrl Pts',(3.27829055468749,-10.5533699821912,0.001));
#9638=CARTESIAN_POINT('Ctrl Pts',(3.32471614062499,-10.4841536540662,0.001));
#9639=CARTESIAN_POINT('Ctrl Pts',(3.3424422734375,-10.4140932243787,0.001));
#9640=CARTESIAN_POINT('Ctrl Pts',(3.34835098437499,-10.3254625603162,0.001));
#9641=CARTESIAN_POINT('Origin',(0.,-10.3254625603162,0.001));
#9642=CARTESIAN_POINT('',(3.0976528203125,-10.3254625603162,0.));
#9643=CARTESIAN_POINT('',(0.,-10.3254625603162,0.));
#9644=CARTESIAN_POINT('',(3.0976528203125,-10.3254625603162,0.001));
#9645=CARTESIAN_POINT('',(3.0976528203125,-10.3254625603162,0.001));
#9646=CARTESIAN_POINT('',(0.,-10.3254625603162,0.001));
#9647=CARTESIAN_POINT('Ctrl Pts',(3.0976528203125,-10.3254625603162,0.001));
#9648=CARTESIAN_POINT('Ctrl Pts',(3.0976528203125,-10.3254625603162,-0.0002));
#9649=CARTESIAN_POINT('Ctrl Pts',(3.0909000078125,-10.4571424040662,0.001));
#9650=CARTESIAN_POINT('Ctrl Pts',(3.0909000078125,-10.4571424040662,-0.0002));
#9651=CARTESIAN_POINT('Ctrl Pts',(3.020839578125,-10.5592786931287,0.001));
#9652=CARTESIAN_POINT('Ctrl Pts',(3.020839578125,-10.5592786931287,-0.0002));
#9653=CARTESIAN_POINT('Ctrl Pts',(2.89169203906249,-10.5601227946912,0.001));
#9654=CARTESIAN_POINT('Ctrl Pts',(2.89169203906249,-10.5601227946912,-0.0002));
#9655=CARTESIAN_POINT('',(2.89169203906249,-10.5601227946912,0.));
#9656=CARTESIAN_POINT('Ctrl Pts',(3.0976528203125,-10.3254625603162,0.));
#9657=CARTESIAN_POINT('Ctrl Pts',(3.0909000078125,-10.4571424040662,0.));
#9658=CARTESIAN_POINT('Ctrl Pts',(3.020839578125,-10.5592786931287,0.));
#9659=CARTESIAN_POINT('Ctrl Pts',(2.89169203906249,-10.5601227946912,0.));
#9660=CARTESIAN_POINT('',(2.89169203906249,-10.5601227946912,0.001));
#9661=CARTESIAN_POINT('',(2.89169203906249,-10.5601227946912,0.001));
#9662=CARTESIAN_POINT('Ctrl Pts',(3.0976528203125,-10.3254625603162,0.001));
#9663=CARTESIAN_POINT('Ctrl Pts',(3.0909000078125,-10.4571424040662,0.001));
#9664=CARTESIAN_POINT('Ctrl Pts',(3.020839578125,-10.5592786931287,0.001));
#9665=CARTESIAN_POINT('Ctrl Pts',(2.89169203906249,-10.5601227946912,0.001));
#9666=CARTESIAN_POINT('Ctrl Pts',(2.89169203906249,-10.5601227946912,0.001));
#9667=CARTESIAN_POINT('Ctrl Pts',(2.89169203906249,-10.5601227946912,-0.0002));
#9668=CARTESIAN_POINT('Ctrl Pts',(2.7557916875,-10.5609668962536,0.001));
#9669=CARTESIAN_POINT('Ctrl Pts',(2.7557916875,-10.5609668962536,-0.0002));
#9670=CARTESIAN_POINT('Ctrl Pts',(2.6924840703125,-10.4605188103162,0.001));
#9671=CARTESIAN_POINT('Ctrl Pts',(2.6924840703125,-10.4605188103162,-0.0002));
#9672=CARTESIAN_POINT('Ctrl Pts',(2.68319895312499,-10.3254625603162,0.001));
#9673=CARTESIAN_POINT('Ctrl Pts',(2.68319895312499,-10.3254625603162,-0.0002));
#9674=CARTESIAN_POINT('',(2.68319895312499,-10.3254625603162,0.));
#9675=CARTESIAN_POINT('Ctrl Pts',(2.89169203906249,-10.5601227946912,0.));
#9676=CARTESIAN_POINT('Ctrl Pts',(2.7557916875,-10.5609668962536,0.));
#9677=CARTESIAN_POINT('Ctrl Pts',(2.6924840703125,-10.4605188103162,0.));
#9678=CARTESIAN_POINT('Ctrl Pts',(2.68319895312499,-10.3254625603162,0.));
#9679=CARTESIAN_POINT('',(2.68319895312499,-10.3254625603162,0.001));
#9680=CARTESIAN_POINT('',(2.68319895312499,-10.3254625603162,0.001));
#9681=CARTESIAN_POINT('Ctrl Pts',(2.89169203906249,-10.5601227946912,0.001));
#9682=CARTESIAN_POINT('Ctrl Pts',(2.7557916875,-10.5609668962536,0.001));
#9683=CARTESIAN_POINT('Ctrl Pts',(2.6924840703125,-10.4605188103162,0.001));
#9684=CARTESIAN_POINT('Ctrl Pts',(2.68319895312499,-10.3254625603162,0.001));
#9685=CARTESIAN_POINT('Origin',(0.,-10.3254625603162,0.001));
#9686=CARTESIAN_POINT('',(0.,-10.3254625603162,0.));
#9687=CARTESIAN_POINT('',(0.,-10.3254625603162,0.001));
#9688=CARTESIAN_POINT('Origin',(0.,0.,0.001));
#9689=CARTESIAN_POINT('Origin',(0.,0.,0.));
#9690=CARTESIAN_POINT('Ctrl Pts',(3.658980359375,-10.0570382634411,0.001));
#9691=CARTESIAN_POINT('Ctrl Pts',(3.658980359375,-10.0570382634411,-0.0002));
#9692=CARTESIAN_POINT('Ctrl Pts',(3.64378653125,-10.0587264665661,0.001));
#9693=CARTESIAN_POINT('Ctrl Pts',(3.64378653125,-10.0587264665661,-0.0002));
#9694=CARTESIAN_POINT('Ctrl Pts',(3.61424297656249,-10.0553500603162,0.001));
#9695=CARTESIAN_POINT('Ctrl Pts',(3.61424297656249,-10.0553500603162,-0.0002));
#9696=CARTESIAN_POINT('Ctrl Pts',(3.5956727421875,-10.0553500603162,0.001));
#9697=CARTESIAN_POINT('Ctrl Pts',(3.5956727421875,-10.0553500603162,-0.0002));
#9698=CARTESIAN_POINT('',(3.658980359375,-10.0570382634411,0.));
#9699=CARTESIAN_POINT('',(3.5956727421875,-10.0553500603162,0.));
#9700=CARTESIAN_POINT('Ctrl Pts',(3.658980359375,-10.0570382634411,0.));
#9701=CARTESIAN_POINT('Ctrl Pts',(3.64378653125,-10.0587264665661,0.));
#9702=CARTESIAN_POINT('Ctrl Pts',(3.61424297656249,-10.0553500603162,0.));
#9703=CARTESIAN_POINT('Ctrl Pts',(3.5956727421875,-10.0553500603162,0.));
#9704=CARTESIAN_POINT('',(3.658980359375,-10.0570382634411,0.001));
#9705=CARTESIAN_POINT('',(3.658980359375,-10.0570382634411,0.001));
#9706=CARTESIAN_POINT('',(3.5956727421875,-10.0553500603162,0.001));
#9707=CARTESIAN_POINT('Ctrl Pts',(3.658980359375,-10.0570382634411,0.001));
#9708=CARTESIAN_POINT('Ctrl Pts',(3.64378653125,-10.0587264665661,0.001));
#9709=CARTESIAN_POINT('Ctrl Pts',(3.61424297656249,-10.0553500603162,0.001));
#9710=CARTESIAN_POINT('Ctrl Pts',(3.5956727421875,-10.0553500603162,0.001));
#9711=CARTESIAN_POINT('',(3.5956727421875,-10.0553500603162,0.001));
#9712=CARTESIAN_POINT('Ctrl Pts',(3.658980359375,-10.0570382634411,0.001));
#9713=CARTESIAN_POINT('Ctrl Pts',(3.658980359375,-10.0570382634411,-0.0002));
#9714=CARTESIAN_POINT('Ctrl Pts',(3.6919003203125,-10.0545059587537,0.001));
#9715=CARTESIAN_POINT('Ctrl Pts',(3.6919003203125,-10.0545059587537,-0.0002));
#9716=CARTESIAN_POINT('Ctrl Pts',(3.7476110234375,-10.0688556853162,0.001));
#9717=CARTESIAN_POINT('Ctrl Pts',(3.7476110234375,-10.0688556853162,-0.0002));
#9718=CARTESIAN_POINT('Ctrl Pts',(3.77462227343749,-10.0806731071912,0.001));
#9719=CARTESIAN_POINT('Ctrl Pts',(3.77462227343749,-10.0806731071912,-0.0002));
#9720=CARTESIAN_POINT('',(3.77462227343749,-10.0806731071912,0.));
#9721=CARTESIAN_POINT('Ctrl Pts',(3.658980359375,-10.0570382634411,0.));
#9722=CARTESIAN_POINT('Ctrl Pts',(3.6919003203125,-10.0545059587537,0.));
#9723=CARTESIAN_POINT('Ctrl Pts',(3.7476110234375,-10.0688556853162,0.));
#9724=CARTESIAN_POINT('Ctrl Pts',(3.77462227343749,-10.0806731071912,0.));
#9725=CARTESIAN_POINT('',(3.77462227343749,-10.0806731071912,0.001));
#9726=CARTESIAN_POINT('',(3.77462227343749,-10.0806731071912,0.001));
#9727=CARTESIAN_POINT('Ctrl Pts',(3.658980359375,-10.0570382634411,0.001));
#9728=CARTESIAN_POINT('Ctrl Pts',(3.6919003203125,-10.0545059587537,0.001));
#9729=CARTESIAN_POINT('Ctrl Pts',(3.7476110234375,-10.0688556853162,0.001));
#9730=CARTESIAN_POINT('Ctrl Pts',(3.77462227343749,-10.0806731071912,0.001));
#9731=CARTESIAN_POINT('Ctrl Pts',(3.77462227343749,-10.0806731071912,0.001));
#9732=CARTESIAN_POINT('Ctrl Pts',(3.77462227343749,-10.0806731071912,-0.0002));
#9733=CARTESIAN_POINT('Ctrl Pts',(3.8134509453125,-10.0967110368787,0.001));
#9734=CARTESIAN_POINT('Ctrl Pts',(3.8134509453125,-10.0967110368787,-0.0002));
#9735=CARTESIAN_POINT('Ctrl Pts',(3.83370938281249,-10.1119048650037,0.001));
#9736=CARTESIAN_POINT('Ctrl Pts',(3.83370938281249,-10.1119048650037,-0.0002));
#9737=CARTESIAN_POINT('Ctrl Pts',(3.8573442265625,-10.1380720134412,0.001));
#9738=CARTESIAN_POINT('Ctrl Pts',(3.8573442265625,-10.1380720134412,-0.0002));
#9739=CARTESIAN_POINT('',(3.8573442265625,-10.1380720134412,0.));
#9740=CARTESIAN_POINT('Ctrl Pts',(3.77462227343749,-10.0806731071912,0.));
#9741=CARTESIAN_POINT('Ctrl Pts',(3.8134509453125,-10.0967110368787,0.));
#9742=CARTESIAN_POINT('Ctrl Pts',(3.83370938281249,-10.1119048650037,0.));
#9743=CARTESIAN_POINT('Ctrl Pts',(3.8573442265625,-10.1380720134412,0.));
#9744=CARTESIAN_POINT('',(3.8573442265625,-10.1380720134412,0.001));
#9745=CARTESIAN_POINT('',(3.8573442265625,-10.1380720134412,0.001));
#9746=CARTESIAN_POINT('Ctrl Pts',(3.77462227343749,-10.0806731071912,0.001));
#9747=CARTESIAN_POINT('Ctrl Pts',(3.8134509453125,-10.0967110368787,0.001));
#9748=CARTESIAN_POINT('Ctrl Pts',(3.83370938281249,-10.1119048650037,0.001));
#9749=CARTESIAN_POINT('Ctrl Pts',(3.8573442265625,-10.1380720134412,0.001));
#9750=CARTESIAN_POINT('Ctrl Pts',(3.8573442265625,-10.1380720134412,0.001));
#9751=CARTESIAN_POINT('Ctrl Pts',(3.8573442265625,-10.1380720134412,-0.0002));
#9752=CARTESIAN_POINT('Ctrl Pts',(3.90039340625,-10.1853417009412,0.001));
#9753=CARTESIAN_POINT('Ctrl Pts',(3.90039340625,-10.1853417009412,-0.0002));
#9754=CARTESIAN_POINT('Ctrl Pts',(3.9214959453125,-10.2790369743787,0.001));
#9755=CARTESIAN_POINT('Ctrl Pts',(3.9214959453125,-10.2790369743787,-0.0002));
#9756=CARTESIAN_POINT('Ctrl Pts',(3.905458015625,-10.3626030290663,0.001));
#9757=CARTESIAN_POINT('Ctrl Pts',(3.905458015625,-10.3626030290663,-0.0002));
#9758=CARTESIAN_POINT('',(3.905458015625,-10.3626030290663,0.));
#9759=CARTESIAN_POINT('Ctrl Pts',(3.8573442265625,-10.1380720134412,-1.35525271560688E-19));
#9760=CARTESIAN_POINT('Ctrl Pts',(3.90039340625,-10.1853417009412,-1.35525271560688E-19));
#9761=CARTESIAN_POINT('Ctrl Pts',(3.9214959453125,-10.2790369743787,-1.35525271560688E-19));
#9762=CARTESIAN_POINT('Ctrl Pts',(3.905458015625,-10.3626030290663,-1.35525271560688E-19));
#9763=CARTESIAN_POINT('',(3.905458015625,-10.3626030290663,0.001));
#9764=CARTESIAN_POINT('',(3.905458015625,-10.3626030290663,0.001));
#9765=CARTESIAN_POINT('Ctrl Pts',(3.8573442265625,-10.1380720134412,0.001));
#9766=CARTESIAN_POINT('Ctrl Pts',(3.90039340625,-10.1853417009412,0.001));
#9767=CARTESIAN_POINT('Ctrl Pts',(3.9214959453125,-10.2790369743787,0.001));
#9768=CARTESIAN_POINT('Ctrl Pts',(3.905458015625,-10.3626030290663,0.001));
#9769=CARTESIAN_POINT('Ctrl Pts',(3.905458015625,-10.3626030290663,0.001));
#9770=CARTESIAN_POINT('Ctrl Pts',(3.905458015625,-10.3626030290663,-0.0002));
#9771=CARTESIAN_POINT('Ctrl Pts',(3.868317546875,-10.5550581853162,0.001));
#9772=CARTESIAN_POINT('Ctrl Pts',(3.868317546875,-10.5550581853162,-0.0002));
#9773=CARTESIAN_POINT('Ctrl Pts',(3.67333008593749,-10.5499935759412,0.001));
#9774=CARTESIAN_POINT('Ctrl Pts',(3.67333008593749,-10.5499935759412,-0.0002));
#9775=CARTESIAN_POINT('Ctrl Pts',(3.532365125,-10.5483053728162,0.001));
#9776=CARTESIAN_POINT('Ctrl Pts',(3.532365125,-10.5483053728162,-0.0002));
#9777=CARTESIAN_POINT('',(3.532365125,-10.5483053728162,0.));
#9778=CARTESIAN_POINT('Ctrl Pts',(3.905458015625,-10.3626030290663,0.));
#9779=CARTESIAN_POINT('Ctrl Pts',(3.868317546875,-10.5550581853162,0.));
#9780=CARTESIAN_POINT('Ctrl Pts',(3.67333008593749,-10.5499935759412,0.));
#9781=CARTESIAN_POINT('Ctrl Pts',(3.532365125,-10.5483053728162,0.));
#9782=CARTESIAN_POINT('',(3.532365125,-10.5483053728162,0.001));
#9783=CARTESIAN_POINT('',(3.532365125,-10.5483053728162,0.001));
#9784=CARTESIAN_POINT('Ctrl Pts',(3.905458015625,-10.3626030290663,0.001));
#9785=CARTESIAN_POINT('Ctrl Pts',(3.868317546875,-10.5550581853162,0.001));
#9786=CARTESIAN_POINT('Ctrl Pts',(3.67333008593749,-10.5499935759412,0.001));
#9787=CARTESIAN_POINT('Ctrl Pts',(3.532365125,-10.5483053728162,0.001));
#9788=CARTESIAN_POINT('Origin',(3.532365125,0.,0.001));
#9789=CARTESIAN_POINT('',(3.532365125,-10.0553500603162,0.));
#9790=CARTESIAN_POINT('',(3.532365125,0.,0.));
#9791=CARTESIAN_POINT('',(3.532365125,-10.0553500603162,0.001));
#9792=CARTESIAN_POINT('',(3.532365125,-10.0553500603162,0.001));
#9793=CARTESIAN_POINT('',(3.532365125,0.,0.001));
#9794=CARTESIAN_POINT('Ctrl Pts',(3.52730051562499,-10.3026718181287,0.000999999999999998));
#9795=CARTESIAN_POINT('Ctrl Pts',(3.52730051562499,-10.3026718181287,-0.0002));
#9796=CARTESIAN_POINT('Ctrl Pts',(3.5281446171875,-10.3026718181287,0.000999999999999998));
#9797=CARTESIAN_POINT('Ctrl Pts',(3.5281446171875,-10.3026718181287,-0.0002));
#9798=CARTESIAN_POINT('Ctrl Pts',(3.52730051562499,-10.3052041228162,0.000999999999999998));
#9799=CARTESIAN_POINT('Ctrl Pts',(3.52730051562499,-10.3052041228162,-0.0002));
#9800=CARTESIAN_POINT('Ctrl Pts',(3.5264564140625,-10.3060482243787,0.000999999999999998));
#9801=CARTESIAN_POINT('Ctrl Pts',(3.5264564140625,-10.3060482243787,-0.0002));
#9802=CARTESIAN_POINT('',(3.52730051562499,-10.3026718181287,0.));
#9803=CARTESIAN_POINT('',(3.5264564140625,-10.3060482243787,0.));
#9804=CARTESIAN_POINT('Ctrl Pts',(3.52730051562499,-10.3026718181287,0.));
#9805=CARTESIAN_POINT('Ctrl Pts',(3.5281446171875,-10.3026718181287,-1.6940658945086E-18));
#9806=CARTESIAN_POINT('Ctrl Pts',(3.52730051562499,-10.3052041228162,-1.6940658945086E-18));
#9807=CARTESIAN_POINT('Ctrl Pts',(3.5264564140625,-10.3060482243787,0.));
#9808=CARTESIAN_POINT('',(3.5264564140625,-10.3060482243787,0.001));
#9809=CARTESIAN_POINT('',(3.5264564140625,-10.3060482243787,0.001));
#9810=CARTESIAN_POINT('',(3.52730051562499,-10.3026718181287,0.001));
#9811=CARTESIAN_POINT('Ctrl Pts',(3.52730051562499,-10.3026718181287,0.000999999999999998));
#9812=CARTESIAN_POINT('Ctrl Pts',(3.5281446171875,-10.3026718181287,0.000999999999999998));
#9813=CARTESIAN_POINT('Ctrl Pts',(3.52730051562499,-10.3052041228162,0.000999999999999998));
#9814=CARTESIAN_POINT('Ctrl Pts',(3.5264564140625,-10.3060482243787,0.000999999999999998));
#9815=CARTESIAN_POINT('',(3.52730051562499,-10.3026718181287,0.001));
#9816=CARTESIAN_POINT('Origin',(7.0325650246396,-6.53023895144733,0.001));
#9817=CARTESIAN_POINT('',(3.449643171875,-10.3887701775037,0.));
#9818=CARTESIAN_POINT('',(7.0325650246396,-6.53023895144733,0.));
#9819=CARTESIAN_POINT('',(3.449643171875,-10.3887701775037,0.001));
#9820=CARTESIAN_POINT('',(3.449643171875,-10.3887701775037,0.001));
#9821=CARTESIAN_POINT('',(7.0325650246396,-6.53023895144733,0.001));
#9822=CARTESIAN_POINT('Ctrl Pts',(3.44964317187499,-10.3887701775037,0.001));
#9823=CARTESIAN_POINT('Ctrl Pts',(3.44964317187499,-10.3887701775037,-0.0002));
#9824=CARTESIAN_POINT('Ctrl Pts',(3.4420462578125,-10.3963670915662,0.001));
#9825=CARTESIAN_POINT('Ctrl Pts',(3.4420462578125,-10.3963670915662,-0.0002));
#9826=CARTESIAN_POINT('Ctrl Pts',(3.43529344531249,-10.4014317009412,0.001));
#9827=CARTESIAN_POINT('Ctrl Pts',(3.43529344531249,-10.4014317009412,-0.0002));
#9828=CARTESIAN_POINT('Ctrl Pts',(3.42769653125,-10.4090286150037,0.001));
#9829=CARTESIAN_POINT('Ctrl Pts',(3.42769653125,-10.4090286150037,-0.0002));
#9830=CARTESIAN_POINT('',(3.42769653125,-10.4090286150037,0.));
#9831=CARTESIAN_POINT('Ctrl Pts',(3.449643171875,-10.3887701775037,0.));
#9832=CARTESIAN_POINT('Ctrl Pts',(3.4420462578125,-10.3963670915662,0.));
#9833=CARTESIAN_POINT('Ctrl Pts',(3.43529344531249,-10.4014317009412,0.));
#9834=CARTESIAN_POINT('Ctrl Pts',(3.42769653125,-10.4090286150037,0.));
#9835=CARTESIAN_POINT('',(3.42769653125,-10.4090286150037,0.001));
#9836=CARTESIAN_POINT('',(3.42769653125,-10.4090286150037,0.001));
#9837=CARTESIAN_POINT('Ctrl Pts',(3.44964317187499,-10.3887701775037,0.001));
#9838=CARTESIAN_POINT('Ctrl Pts',(3.4420462578125,-10.3963670915662,0.001));
#9839=CARTESIAN_POINT('Ctrl Pts',(3.43529344531249,-10.4014317009412,0.001));
#9840=CARTESIAN_POINT('Ctrl Pts',(3.42769653125,-10.4090286150037,0.001));
#9841=CARTESIAN_POINT('Ctrl Pts',(3.42769653125,-10.4090286150037,0.001));
#9842=CARTESIAN_POINT('Ctrl Pts',(3.42769653125,-10.4090286150037,-0.0002));
#9843=CARTESIAN_POINT('Ctrl Pts',(3.42094371874999,-10.4166255290662,0.001));
#9844=CARTESIAN_POINT('Ctrl Pts',(3.42094371874999,-10.4166255290662,-0.0002));
#9845=CARTESIAN_POINT('Ctrl Pts',(3.415879109375,-10.4216901384412,0.001));
#9846=CARTESIAN_POINT('Ctrl Pts',(3.415879109375,-10.4216901384412,-0.0002));
#9847=CARTESIAN_POINT('Ctrl Pts',(3.409126296875,-10.4292870525037,0.001));
#9848=CARTESIAN_POINT('Ctrl Pts',(3.409126296875,-10.4292870525037,-0.0002));
#9849=CARTESIAN_POINT('',(3.409126296875,-10.4292870525037,1.6940658945086E-18));
#9850=CARTESIAN_POINT('Ctrl Pts',(3.42769653125,-10.4090286150037,0.));
#9851=CARTESIAN_POINT('Ctrl Pts',(3.42094371874999,-10.4166255290662,1.6940658945086E-18));
#9852=CARTESIAN_POINT('Ctrl Pts',(3.415879109375,-10.4216901384412,1.6940658945086E-18));
#9853=CARTESIAN_POINT('Ctrl Pts',(3.409126296875,-10.4292870525037,1.6940658945086E-18));
#9854=CARTESIAN_POINT('',(3.409126296875,-10.4292870525037,0.001));
#9855=CARTESIAN_POINT('',(3.409126296875,-10.4292870525037,0.001));
#9856=CARTESIAN_POINT('Ctrl Pts',(3.42769653125,-10.4090286150037,0.001));
#9857=CARTESIAN_POINT('Ctrl Pts',(3.42094371874999,-10.4166255290662,0.001));
#9858=CARTESIAN_POINT('Ctrl Pts',(3.415879109375,-10.4216901384412,0.001));
#9859=CARTESIAN_POINT('Ctrl Pts',(3.409126296875,-10.4292870525037,0.001));
#9860=CARTESIAN_POINT('Ctrl Pts',(3.409126296875,-10.4292870525037,0.001));
#9861=CARTESIAN_POINT('Ctrl Pts',(3.409126296875,-10.4292870525037,-0.000199999999999998));
#9862=CARTESIAN_POINT('Ctrl Pts',(3.39562067187499,-10.4436367790662,0.001));
#9863=CARTESIAN_POINT('Ctrl Pts',(3.39562067187499,-10.4436367790662,-0.000199999999999998));
#9864=CARTESIAN_POINT('Ctrl Pts',(3.3846473515625,-10.4554542009412,0.001));
#9865=CARTESIAN_POINT('Ctrl Pts',(3.3846473515625,-10.4554542009412,-0.000199999999999998));
#9866=CARTESIAN_POINT('Ctrl Pts',(3.3711417265625,-10.4698039275036,0.001));
#9867=CARTESIAN_POINT('Ctrl Pts',(3.3711417265625,-10.4698039275036,-0.000199999999999998));
#9868=CARTESIAN_POINT('',(3.3711417265625,-10.4698039275036,0.));
#9869=CARTESIAN_POINT('Ctrl Pts',(3.409126296875,-10.4292870525037,1.6940658945086E-18));
#9870=CARTESIAN_POINT('Ctrl Pts',(3.39562067187499,-10.4436367790662,0.));
#9871=CARTESIAN_POINT('Ctrl Pts',(3.3846473515625,-10.4554542009412,0.));
#9872=CARTESIAN_POINT('Ctrl Pts',(3.3711417265625,-10.4698039275036,0.));
#9873=CARTESIAN_POINT('',(3.3711417265625,-10.4698039275036,0.001));
#9874=CARTESIAN_POINT('',(3.3711417265625,-10.4698039275036,0.001));
#9875=CARTESIAN_POINT('Ctrl Pts',(3.409126296875,-10.4292870525037,0.001));
#9876=CARTESIAN_POINT('Ctrl Pts',(3.39562067187499,-10.4436367790662,0.001));
#9877=CARTESIAN_POINT('Ctrl Pts',(3.3846473515625,-10.4554542009412,0.001));
#9878=CARTESIAN_POINT('Ctrl Pts',(3.3711417265625,-10.4698039275036,0.001));
#9879=CARTESIAN_POINT('Origin',(6.97082733440393,-6.7552347364339,0.001));
#9880=CARTESIAN_POINT('',(3.2917961796875,-10.5516817790661,0.));
#9881=CARTESIAN_POINT('',(6.97082733440393,-6.7552347364339,0.));
#9882=CARTESIAN_POINT('',(3.2917961796875,-10.5516817790661,0.001));
#9883=CARTESIAN_POINT('',(3.2917961796875,-10.5516817790661,0.001));
#9884=CARTESIAN_POINT('',(6.97082733440393,-6.7552347364339,0.001));
#9885=CARTESIAN_POINT('Ctrl Pts',(3.2917961796875,-10.5516817790661,0.001));
#9886=CARTESIAN_POINT('Ctrl Pts',(3.2917961796875,-10.5516817790661,-0.0002));
#9887=CARTESIAN_POINT('Ctrl Pts',(3.2850433671875,-10.5618109978162,0.001));
#9888=CARTESIAN_POINT('Ctrl Pts',(3.2850433671875,-10.5618109978162,-0.0002));
#9889=CARTESIAN_POINT('Ctrl Pts',(3.287575671875,-10.6892703337537,0.001));
#9890=CARTESIAN_POINT('Ctrl Pts',(3.287575671875,-10.6892703337537,-0.0002));
#9891=CARTESIAN_POINT('Ctrl Pts',(3.28926387499999,-10.7095287712537,0.001));
#9892=CARTESIAN_POINT('Ctrl Pts',(3.28926387499999,-10.7095287712537,-0.0002));
#9893=CARTESIAN_POINT('',(3.28926387499999,-10.7095287712537,0.));
#9894=CARTESIAN_POINT('Ctrl Pts',(3.2917961796875,-10.5516817790661,0.));
#9895=CARTESIAN_POINT('Ctrl Pts',(3.2850433671875,-10.5618109978162,0.));
#9896=CARTESIAN_POINT('Ctrl Pts',(3.287575671875,-10.6892703337537,0.));
#9897=CARTESIAN_POINT('Ctrl Pts',(3.28926387499999,-10.7095287712537,0.));
#9898=CARTESIAN_POINT('',(3.28926387499999,-10.7095287712537,0.001));
#9899=CARTESIAN_POINT('',(3.28926387499999,-10.7095287712537,0.001));
#9900=CARTESIAN_POINT('Ctrl Pts',(3.2917961796875,-10.5516817790661,0.001));
#9901=CARTESIAN_POINT('Ctrl Pts',(3.2850433671875,-10.5618109978162,0.001));
#9902=CARTESIAN_POINT('Ctrl Pts',(3.287575671875,-10.6892703337537,0.001));
#9903=CARTESIAN_POINT('Ctrl Pts',(3.28926387499999,-10.7095287712537,0.001));
#9904=CARTESIAN_POINT('Ctrl Pts',(3.28926387499999,-10.7095287712537,0.001));
#9905=CARTESIAN_POINT('Ctrl Pts',(3.28926387499999,-10.7095287712537,-0.0002));
#9906=CARTESIAN_POINT('Ctrl Pts',(3.4386698515625,-10.7095287712537,0.001));
#9907=CARTESIAN_POINT('Ctrl Pts',(3.4386698515625,-10.7095287712537,-0.0002));
#9908=CARTESIAN_POINT('Ctrl Pts',(3.6919003203125,-10.7179697868787,0.001));
#9909=CARTESIAN_POINT('Ctrl Pts',(3.6919003203125,-10.7179697868787,-0.0002));
#9910=CARTESIAN_POINT('Ctrl Pts',(3.8269565703125,-10.6892703337537,0.001));
#9911=CARTESIAN_POINT('Ctrl Pts',(3.8269565703125,-10.6892703337537,-0.0002));
#9912=CARTESIAN_POINT('',(3.8269565703125,-10.6892703337537,0.));
#9913=CARTESIAN_POINT('Ctrl Pts',(3.28926387499999,-10.7095287712537,0.));
#9914=CARTESIAN_POINT('Ctrl Pts',(3.4386698515625,-10.7095287712537,0.));
#9915=CARTESIAN_POINT('Ctrl Pts',(3.6919003203125,-10.7179697868787,0.));
#9916=CARTESIAN_POINT('Ctrl Pts',(3.8269565703125,-10.6892703337537,0.));
#9917=CARTESIAN_POINT('',(3.8269565703125,-10.6892703337537,0.001));
#9918=CARTESIAN_POINT('',(3.8269565703125,-10.6892703337537,0.001));
#9919=CARTESIAN_POINT('Ctrl Pts',(3.28926387499999,-10.7095287712537,0.001));
#9920=CARTESIAN_POINT('Ctrl Pts',(3.4386698515625,-10.7095287712537,0.001));
#9921=CARTESIAN_POINT('Ctrl Pts',(3.6919003203125,-10.7179697868787,0.001));
#9922=CARTESIAN_POINT('Ctrl Pts',(3.8269565703125,-10.6892703337537,0.001));
#9923=CARTESIAN_POINT('Ctrl Pts',(3.8269565703125,-10.6892703337537,0.001));
#9924=CARTESIAN_POINT('Ctrl Pts',(3.8269565703125,-10.6892703337537,-0.0002));
#9925=CARTESIAN_POINT('Ctrl Pts',(3.93922207812499,-10.6647913884412,0.001));
#9926=CARTESIAN_POINT('Ctrl Pts',(3.93922207812499,-10.6647913884412,-0.0002));
#9927=CARTESIAN_POINT('Ctrl Pts',(4.02869684374999,-10.6208981071912,0.001));
#9928=CARTESIAN_POINT('Ctrl Pts',(4.02869684374999,-10.6208981071912,-0.0002));
#9929=CARTESIAN_POINT('Ctrl Pts',(4.0936926640625,-10.5331115446912,0.001));
#9930=CARTESIAN_POINT('Ctrl Pts',(4.0936926640625,-10.5331115446912,-0.0002));
#9931=CARTESIAN_POINT('',(4.0936926640625,-10.5331115446912,1.6940658945086E-18));
#9932=CARTESIAN_POINT('Ctrl Pts',(3.8269565703125,-10.6892703337537,0.));
#9933=CARTESIAN_POINT('Ctrl Pts',(3.93922207812499,-10.6647913884412,1.6940658945086E-18));
#9934=CARTESIAN_POINT('Ctrl Pts',(4.02869684374999,-10.6208981071912,1.6940658945086E-18));
#9935=CARTESIAN_POINT('Ctrl Pts',(4.0936926640625,-10.5331115446912,1.6940658945086E-18));
#9936=CARTESIAN_POINT('',(4.0936926640625,-10.5331115446912,0.001));
#9937=CARTESIAN_POINT('',(4.0936926640625,-10.5331115446912,0.001));
#9938=CARTESIAN_POINT('Ctrl Pts',(3.8269565703125,-10.6892703337537,0.001));
#9939=CARTESIAN_POINT('Ctrl Pts',(3.93922207812499,-10.6647913884412,0.001));
#9940=CARTESIAN_POINT('Ctrl Pts',(4.02869684374999,-10.6208981071912,0.001));
#9941=CARTESIAN_POINT('Ctrl Pts',(4.0936926640625,-10.5331115446912,0.001));
#9942=CARTESIAN_POINT('Ctrl Pts',(4.0936926640625,-10.5331115446912,0.001));
#9943=CARTESIAN_POINT('Ctrl Pts',(4.0936926640625,-10.5331115446912,-0.000199999999999998));
#9944=CARTESIAN_POINT('Ctrl Pts',(4.12323621875,-10.4942828728162,0.001));
#9945=CARTESIAN_POINT('Ctrl Pts',(4.12323621875,-10.4942828728162,-0.000199999999999998));
#9946=CARTESIAN_POINT('Ctrl Pts',(4.1274567265625,-10.4630511150037,0.001));
#9947=CARTESIAN_POINT('Ctrl Pts',(4.1274567265625,-10.4630511150037,-0.000199999999999998));
#9948=CARTESIAN_POINT('Ctrl Pts',(4.141806453125,-10.4394162712537,0.001));
#9949=CARTESIAN_POINT('Ctrl Pts',(4.141806453125,-10.4394162712537,-0.000199999999999998));
#9950=CARTESIAN_POINT('',(4.141806453125,-10.4394162712537,0.));
#9951=CARTESIAN_POINT('Ctrl Pts',(4.0936926640625,-10.5331115446912,1.6940658945086E-18));
#9952=CARTESIAN_POINT('Ctrl Pts',(4.12323621875,-10.4942828728162,1.6940658945086E-18));
#9953=CARTESIAN_POINT('Ctrl Pts',(4.1274567265625,-10.4630511150037,1.6940658945086E-18));
#9954=CARTESIAN_POINT('Ctrl Pts',(4.141806453125,-10.4394162712537,0.));
#9955=CARTESIAN_POINT('',(4.141806453125,-10.4394162712537,0.001));
#9956=CARTESIAN_POINT('',(4.141806453125,-10.4394162712537,0.001));
#9957=CARTESIAN_POINT('Ctrl Pts',(4.0936926640625,-10.5331115446912,0.001));
#9958=CARTESIAN_POINT('Ctrl Pts',(4.12323621875,-10.4942828728162,0.001));
#9959=CARTESIAN_POINT('Ctrl Pts',(4.1274567265625,-10.4630511150037,0.001));
#9960=CARTESIAN_POINT('Ctrl Pts',(4.141806453125,-10.4394162712537,0.001));
#9961=CARTESIAN_POINT('Origin',(4.10914314892672,0.0128410723402184,0.001));
#9962=CARTESIAN_POINT('',(4.14265055468749,-10.7095287712537,0.));
#9963=CARTESIAN_POINT('',(4.10914314892672,0.0128410723402184,0.));
#9964=CARTESIAN_POINT('',(4.14265055468749,-10.7095287712537,0.001));
#9965=CARTESIAN_POINT('',(4.14265055468749,-10.7095287712537,0.001));
#9966=CARTESIAN_POINT('',(4.10914314892672,0.0128410723402184,0.001));
#9967=CARTESIAN_POINT('Origin',(0.,-10.7095287712537,0.001));
#9968=CARTESIAN_POINT('',(4.76475340624999,-10.7095287712537,0.));
#9969=CARTESIAN_POINT('',(0.,-10.7095287712537,0.));
#9970=CARTESIAN_POINT('',(4.76475340624999,-10.7095287712537,0.001));
#9971=CARTESIAN_POINT('',(4.76475340624999,-10.7095287712537,0.001));
#9972=CARTESIAN_POINT('',(0.,-10.7095287712537,0.001));
#9973=CARTESIAN_POINT('Origin',(4.76475340624999,0.,0.001));
#9974=CARTESIAN_POINT('',(4.76475340624999,-10.5559022868787,0.));
#9975=CARTESIAN_POINT('',(4.76475340624999,0.,0.));
#9976=CARTESIAN_POINT('',(4.76475340624999,-10.5559022868787,0.001));
#9977=CARTESIAN_POINT('',(4.76475340624999,-10.5559022868787,0.001));
#9978=CARTESIAN_POINT('',(4.76475340624999,0.,0.001));
#9979=CARTESIAN_POINT('Origin',(0.,-10.5559022868787,0.001));
#9980=CARTESIAN_POINT('',(4.38575180468749,-10.5559022868787,0.));
#9981=CARTESIAN_POINT('',(0.,-10.5559022868787,0.));
#9982=CARTESIAN_POINT('',(4.38575180468749,-10.5559022868787,0.001));
#9983=CARTESIAN_POINT('',(4.38575180468749,-10.5559022868787,0.001));
#9984=CARTESIAN_POINT('',(0.,-10.5559022868787,0.001));
#9985=CARTESIAN_POINT('Origin',(4.38575180468749,0.,0.001));
#9986=CARTESIAN_POINT('',(4.38575180468749,-10.3693558415662,0.));
#9987=CARTESIAN_POINT('',(4.38575180468749,0.,0.));
#9988=CARTESIAN_POINT('',(4.38575180468749,-10.3693558415662,0.001));
#9989=CARTESIAN_POINT('',(4.38575180468749,-10.3693558415662,0.001));
#9990=CARTESIAN_POINT('',(4.38575180468749,0.,0.001));
#9991=CARTESIAN_POINT('Ctrl Pts',(4.38575180468749,-10.3693558415662,0.001));
#9992=CARTESIAN_POINT('Ctrl Pts',(4.38575180468749,-10.3693558415662,-0.0002));
#9993=CARTESIAN_POINT('Ctrl Pts',(4.40601024218748,-10.3634471306286,0.001));
#9994=CARTESIAN_POINT('Ctrl Pts',(4.40601024218748,-10.3634471306286,-0.0002));
#9995=CARTESIAN_POINT('Ctrl Pts',(4.54359879687499,-10.3676676384412,0.001));
#9996=CARTESIAN_POINT('Ctrl Pts',(4.54359879687499,-10.3676676384412,-0.0002));
#9997=CARTESIAN_POINT('Ctrl Pts',(4.5748305546875,-10.3676676384412,0.001));
#9998=CARTESIAN_POINT('Ctrl Pts',(4.5748305546875,-10.3676676384412,-0.0002));
#9999=CARTESIAN_POINT('',(4.5748305546875,-10.3676676384412,0.));
#10000=CARTESIAN_POINT('Ctrl Pts',(4.38575180468749,-10.3693558415662,0.));
#10001=CARTESIAN_POINT('Ctrl Pts',(4.40601024218748,-10.3634471306286,0.));
#10002=CARTESIAN_POINT('Ctrl Pts',(4.54359879687499,-10.3676676384412,0.));
#10003=CARTESIAN_POINT('Ctrl Pts',(4.5748305546875,-10.3676676384412,0.));
#10004=CARTESIAN_POINT('',(4.5748305546875,-10.3676676384412,0.001));
#10005=CARTESIAN_POINT('',(4.5748305546875,-10.3676676384412,0.001));
#10006=CARTESIAN_POINT('Ctrl Pts',(4.38575180468749,-10.3693558415662,0.001));
#10007=CARTESIAN_POINT('Ctrl Pts',(4.40601024218748,-10.3634471306286,0.001));
#10008=CARTESIAN_POINT('Ctrl Pts',(4.54359879687499,-10.3676676384412,0.001));
#10009=CARTESIAN_POINT('Ctrl Pts',(4.5748305546875,-10.3676676384412,0.001));
#10010=CARTESIAN_POINT('Origin',(0.,-10.3676676384412,0.001));
#10011=CARTESIAN_POINT('',(4.7639093046875,-10.3676676384412,0.));
#10012=CARTESIAN_POINT('',(0.,-10.3676676384412,0.));
#10013=CARTESIAN_POINT('',(4.7639093046875,-10.3676676384412,0.001));
#10014=CARTESIAN_POINT('',(4.7639093046875,-10.3676676384412,0.001));
#10015=CARTESIAN_POINT('',(0.,-10.3676676384412,0.001));
#10016=CARTESIAN_POINT('Origin',(4.82104207842649,-0.0266355915932834,0.001));
#10017=CARTESIAN_POINT('',(4.76475340624999,-10.2148852556287,0.));
#10018=CARTESIAN_POINT('',(4.82104207842649,-0.0266355915932834,0.));
#10019=CARTESIAN_POINT('',(4.76475340624999,-10.2148852556287,0.001));
#10020=CARTESIAN_POINT('',(4.76475340624999,-10.2148852556287,0.001));
#10021=CARTESIAN_POINT('',(4.82104207842649,-0.0266355915932834,0.001));
#10022=CARTESIAN_POINT('Origin',(0.,-10.2148852556287,0.001));
#10023=CARTESIAN_POINT('',(4.3874400078125,-10.2148852556287,0.));
#10024=CARTESIAN_POINT('',(0.,-10.2148852556287,0.));
#10025=CARTESIAN_POINT('',(4.3874400078125,-10.2148852556287,0.001));
#10026=CARTESIAN_POINT('',(4.3874400078125,-10.2148852556287,0.001));
#10027=CARTESIAN_POINT('',(0.,-10.2148852556287,0.001));
#10028=CARTESIAN_POINT('Origin',(4.3874400078125,0.,0.001));
#10029=CARTESIAN_POINT('',(4.3874400078125,-10.0460649431287,0.));
#10030=CARTESIAN_POINT('',(4.3874400078125,0.,0.));
#10031=CARTESIAN_POINT('',(4.3874400078125,-10.0460649431287,0.001));
#10032=CARTESIAN_POINT('',(4.3874400078125,-10.0460649431287,0.001));
#10033=CARTESIAN_POINT('',(4.3874400078125,0.,0.001));
#10034=CARTESIAN_POINT('Origin',(0.,-10.0460649431287,0.001));
#10035=CARTESIAN_POINT('',(4.76475340624999,-10.0460649431287,0.));
#10036=CARTESIAN_POINT('',(0.,-10.0460649431287,0.));
#10037=CARTESIAN_POINT('',(4.76475340624999,-10.0460649431287,0.001));
#10038=CARTESIAN_POINT('',(4.76475340624999,-10.0460649431287,0.001));
#10039=CARTESIAN_POINT('',(0.,-10.0460649431287,0.001));
#10040=CARTESIAN_POINT('Origin',(4.76475340624999,0.,0.001));
#10041=CARTESIAN_POINT('',(4.76475340624999,-9.89328256031615,0.));
#10042=CARTESIAN_POINT('',(4.76475340624999,0.,0.));
#10043=CARTESIAN_POINT('',(4.76475340624999,-9.89328256031615,0.001));
#10044=CARTESIAN_POINT('',(4.76475340624999,-9.89328256031615,0.001));
#10045=CARTESIAN_POINT('',(4.76475340624999,0.,0.001));
#10046=CARTESIAN_POINT('Origin',(0.,-9.89328256031615,0.001));
#10047=CARTESIAN_POINT('',(4.141806453125,-9.89328256031615,0.));
#10048=CARTESIAN_POINT('',(0.,-9.89328256031615,0.));
#10049=CARTESIAN_POINT('',(4.141806453125,-9.89328256031615,0.001));
#10050=CARTESIAN_POINT('',(4.141806453125,-9.89328256031615,0.001));
#10051=CARTESIAN_POINT('',(0.,-9.89328256031615,0.001));
#10052=CARTESIAN_POINT('Origin',(4.17409286402042,-0.013640826353057,0.001));
#10053=CARTESIAN_POINT('',(4.1409623515625,-10.1515776384412,0.));
#10054=CARTESIAN_POINT('',(4.17409286402042,-0.013640826353057,0.));
#10055=CARTESIAN_POINT('',(4.1409623515625,-10.1515776384412,0.001));
#10056=CARTESIAN_POINT('',(4.1409623515625,-10.1515776384412,0.001));
#10057=CARTESIAN_POINT('',(4.17409286402042,-0.013640826353057,0.001));
#10058=CARTESIAN_POINT('Ctrl Pts',(4.1409623515625,-10.1515776384412,0.001));
#10059=CARTESIAN_POINT('Ctrl Pts',(4.1409623515625,-10.1515776384412,-0.0002));
#10060=CARTESIAN_POINT('Ctrl Pts',(4.1342095390625,-10.1389161150037,0.001));
#10061=CARTESIAN_POINT('Ctrl Pts',(4.1342095390625,-10.1389161150037,-0.0002));
#10062=CARTESIAN_POINT('Ctrl Pts',(4.12830082812499,-10.1178135759412,0.001));
#10063=CARTESIAN_POINT('Ctrl Pts',(4.12830082812499,-10.1178135759412,-0.0002));
#10064=CARTESIAN_POINT('Ctrl Pts',(4.12070391406249,-10.1017756462537,0.001));
#10065=CARTESIAN_POINT('Ctrl Pts',(4.12070391406249,-10.1017756462537,-0.0002));
#10066=CARTESIAN_POINT('',(4.12070391406249,-10.1017756462537,0.));
#10067=CARTESIAN_POINT('Ctrl Pts',(4.1409623515625,-10.1515776384412,0.));
#10068=CARTESIAN_POINT('Ctrl Pts',(4.1342095390625,-10.1389161150037,0.));
#10069=CARTESIAN_POINT('Ctrl Pts',(4.12830082812499,-10.1178135759412,0.));
#10070=CARTESIAN_POINT('Ctrl Pts',(4.12070391406249,-10.1017756462537,0.));
#10071=CARTESIAN_POINT('',(4.12070391406249,-10.1017756462537,0.001));
#10072=CARTESIAN_POINT('',(4.12070391406249,-10.1017756462537,0.001));
#10073=CARTESIAN_POINT('Ctrl Pts',(4.1409623515625,-10.1515776384412,0.001));
#10074=CARTESIAN_POINT('Ctrl Pts',(4.1342095390625,-10.1389161150037,0.001));
#10075=CARTESIAN_POINT('Ctrl Pts',(4.12830082812499,-10.1178135759412,0.001));
#10076=CARTESIAN_POINT('Ctrl Pts',(4.12070391406249,-10.1017756462537,0.001));
#10077=CARTESIAN_POINT('Ctrl Pts',(4.12070391406249,-10.1017756462537,0.001));
#10078=CARTESIAN_POINT('Ctrl Pts',(4.12070391406249,-10.1017756462537,-0.0002));
#10079=CARTESIAN_POINT('Ctrl Pts',(4.0633050078125,-9.98191322437872,0.001));
#10080=CARTESIAN_POINT('Ctrl Pts',(4.0633050078125,-9.98191322437872,-0.0002));
#10081=CARTESIAN_POINT('Ctrl Pts',(3.949351296875,-9.93464353687869,0.001));
#10082=CARTESIAN_POINT('Ctrl Pts',(3.949351296875,-9.93464353687869,-0.0002));
#10083=CARTESIAN_POINT('Ctrl Pts',(3.82273606249999,-9.90932049000369,0.001));
#10084=CARTESIAN_POINT('Ctrl Pts',(3.82273606249999,-9.90932049000369,-0.0002));
#10085=CARTESIAN_POINT('',(3.82273606249999,-9.90932049000369,0.));
#10086=CARTESIAN_POINT('Ctrl Pts',(4.12070391406249,-10.1017756462537,0.));
#10087=CARTESIAN_POINT('Ctrl Pts',(4.0633050078125,-9.98191322437872,0.));
#10088=CARTESIAN_POINT('Ctrl Pts',(3.949351296875,-9.93464353687869,0.));
#10089=CARTESIAN_POINT('Ctrl Pts',(3.82273606249999,-9.90932049000369,0.));
#10090=CARTESIAN_POINT('',(3.82273606249999,-9.90932049000369,0.001));
#10091=CARTESIAN_POINT('',(3.82273606249999,-9.90932049000369,0.001));
#10092=CARTESIAN_POINT('Ctrl Pts',(4.12070391406249,-10.1017756462537,0.001));
#10093=CARTESIAN_POINT('Ctrl Pts',(4.0633050078125,-9.98191322437872,0.001));
#10094=CARTESIAN_POINT('Ctrl Pts',(3.949351296875,-9.93464353687869,0.001));
#10095=CARTESIAN_POINT('Ctrl Pts',(3.82273606249999,-9.90932049000369,0.001));
#10096=CARTESIAN_POINT('Ctrl Pts',(3.82273606249999,-9.90932049000369,0.001));
#10097=CARTESIAN_POINT('Ctrl Pts',(3.82273606249999,-9.90932049000369,-0.0002));
#10098=CARTESIAN_POINT('Ctrl Pts',(3.7070941484375,-9.88652974781617,0.001));
#10099=CARTESIAN_POINT('Ctrl Pts',(3.7070941484375,-9.88652974781617,-0.0002));
#10100=CARTESIAN_POINT('Ctrl Pts',(3.4184114140625,-9.89328256031615,0.001));
#10101=CARTESIAN_POINT('Ctrl Pts',(3.4184114140625,-9.89328256031615,-0.0002));
#10102=CARTESIAN_POINT('Ctrl Pts',(3.28588746875,-9.89328256031615,0.001));
#10103=CARTESIAN_POINT('Ctrl Pts',(3.28588746875,-9.89328256031615,-0.0002));
#10104=CARTESIAN_POINT('',(3.28588746875,-9.89328256031615,0.));
#10105=CARTESIAN_POINT('Ctrl Pts',(3.82273606249999,-9.90932049000369,0.));
#10106=CARTESIAN_POINT('Ctrl Pts',(3.7070941484375,-9.88652974781617,0.));
#10107=CARTESIAN_POINT('Ctrl Pts',(3.4184114140625,-9.89328256031615,0.));
#10108=CARTESIAN_POINT('Ctrl Pts',(3.28588746875,-9.89328256031615,0.));
#10109=CARTESIAN_POINT('',(3.28588746875,-9.89328256031615,0.001));
#10110=CARTESIAN_POINT('',(3.28588746875,-9.89328256031615,0.001));
#10111=CARTESIAN_POINT('Ctrl Pts',(3.82273606249999,-9.90932049000369,0.001));
#10112=CARTESIAN_POINT('Ctrl Pts',(3.7070941484375,-9.88652974781617,0.001));
#10113=CARTESIAN_POINT('Ctrl Pts',(3.4184114140625,-9.89328256031615,0.001));
#10114=CARTESIAN_POINT('Ctrl Pts',(3.28588746875,-9.89328256031615,0.001));
#10115=CARTESIAN_POINT('Origin',(3.28588746875,0.,0.001));
#10116=CARTESIAN_POINT('',(3.28588746875,-10.0190536931287,0.));
#10117=CARTESIAN_POINT('',(3.28588746875,0.,0.));
#10118=CARTESIAN_POINT('',(3.28588746875,-10.0190536931287,0.001));
#10119=CARTESIAN_POINT('',(3.28588746875,-10.0190536931287,0.001));
#10120=CARTESIAN_POINT('',(3.28588746875,0.,0.001));
#10121=CARTESIAN_POINT('Ctrl Pts',(3.28588746875,-10.0190536931287,0.001));
#10122=CARTESIAN_POINT('Ctrl Pts',(3.28588746875,-10.0190536931287,-0.0002));
#10123=CARTESIAN_POINT('Ctrl Pts',(3.28588746875,-10.0384680290662,0.001));
#10124=CARTESIAN_POINT('Ctrl Pts',(3.28588746875,-10.0384680290662,-0.0002));
#10125=CARTESIAN_POINT('Ctrl Pts',(3.2833551640625,-10.0410003337537,0.001));
#10126=CARTESIAN_POINT('Ctrl Pts',(3.2833551640625,-10.0410003337537,-0.0002));
#10127=CARTESIAN_POINT('Ctrl Pts',(3.2934843828125,-10.0511295525037,0.001));
#10128=CARTESIAN_POINT('Ctrl Pts',(3.2934843828125,-10.0511295525037,-0.0002));
#10129=CARTESIAN_POINT('',(3.2934843828125,-10.0511295525037,0.));
#10130=CARTESIAN_POINT('Ctrl Pts',(3.28588746875,-10.0190536931287,0.));
#10131=CARTESIAN_POINT('Ctrl Pts',(3.28588746875,-10.0384680290662,0.));
#10132=CARTESIAN_POINT('Ctrl Pts',(3.2833551640625,-10.0410003337537,0.));
#10133=CARTESIAN_POINT('Ctrl Pts',(3.2934843828125,-10.0511295525037,0.));
#10134=CARTESIAN_POINT('',(3.2934843828125,-10.0511295525037,0.001));
#10135=CARTESIAN_POINT('',(3.2934843828125,-10.0511295525037,0.001));
#10136=CARTESIAN_POINT('Ctrl Pts',(3.28588746875,-10.0190536931287,0.001));
#10137=CARTESIAN_POINT('Ctrl Pts',(3.28588746875,-10.0384680290662,0.001));
#10138=CARTESIAN_POINT('Ctrl Pts',(3.2833551640625,-10.0410003337537,0.001));
#10139=CARTESIAN_POINT('Ctrl Pts',(3.2934843828125,-10.0511295525037,0.001));
#10140=CARTESIAN_POINT('Origin',(-3.27776933750545,-3.09754834300331,0.001));
#10141=CARTESIAN_POINT('',(3.5256123125,-10.2967631071912,0.));
#10142=CARTESIAN_POINT('',(-3.27776933750545,-3.09754834300331,0.));
#10143=CARTESIAN_POINT('',(3.5256123125,-10.2967631071912,0.001));
#10144=CARTESIAN_POINT('',(3.5256123125,-10.2967631071912,0.001));
#10145=CARTESIAN_POINT('',(-3.27776933750545,-3.09754834300331,0.001));
#10146=CARTESIAN_POINT('Ctrl Pts',(3.5256123125,-10.2967631071912,0.001));
#10147=CARTESIAN_POINT('Ctrl Pts',(3.5256123125,-10.2967631071912,-0.0002));
#10148=CARTESIAN_POINT('Ctrl Pts',(3.5281446171875,-10.3018277165662,0.001));
#10149=CARTESIAN_POINT('Ctrl Pts',(3.5281446171875,-10.3018277165662,-0.0002));
#10150=CARTESIAN_POINT('Ctrl Pts',(3.52730051562499,-10.3009836150037,0.001));
#10151=CARTESIAN_POINT('Ctrl Pts',(3.52730051562499,-10.3009836150037,-0.0002));
#10152=CARTESIAN_POINT('Ctrl Pts',(3.52730051562499,-10.3026718181287,0.001));
#10153=CARTESIAN_POINT('Ctrl Pts',(3.52730051562499,-10.3026718181287,-0.0002));
#10154=CARTESIAN_POINT('Ctrl Pts',(3.5256123125,-10.2967631071912,0.));
#10155=CARTESIAN_POINT('Ctrl Pts',(3.5281446171875,-10.3018277165662,0.));
#10156=CARTESIAN_POINT('Ctrl Pts',(3.52730051562499,-10.3009836150037,0.));
#10157=CARTESIAN_POINT('Ctrl Pts',(3.52730051562499,-10.3026718181287,0.));
#10158=CARTESIAN_POINT('Ctrl Pts',(3.5256123125,-10.2967631071912,0.001));
#10159=CARTESIAN_POINT('Ctrl Pts',(3.5281446171875,-10.3018277165662,0.001));
#10160=CARTESIAN_POINT('Ctrl Pts',(3.52730051562499,-10.3009836150037,0.001));
#10161=CARTESIAN_POINT('Ctrl Pts',(3.52730051562499,-10.3026718181287,0.001));
#10162=CARTESIAN_POINT('Origin',(0.,-10.0553500603162,0.001));
#10163=CARTESIAN_POINT('',(0.,-10.0553500603162,0.));
#10164=CARTESIAN_POINT('',(0.,-10.0553500603162,0.001));
#10165=CARTESIAN_POINT('Origin',(0.,0.,0.001));
#10166=CARTESIAN_POINT('Origin',(0.,0.,0.));
#10167=CARTESIAN_POINT('Ctrl Pts',(5.0610330546875,-10.0587264665662,0.001));
#10168=CARTESIAN_POINT('Ctrl Pts',(5.0610330546875,-10.0587264665662,-0.0002));
#10169=CARTESIAN_POINT('Ctrl Pts',(5.10239403124999,-10.0384680290662,0.001));
#10170=CARTESIAN_POINT('Ctrl Pts',(5.10239403124999,-10.0384680290662,-0.0002));
#10171=CARTESIAN_POINT('Ctrl Pts',(5.20030981249999,-10.0367798259412,0.001));
#10172=CARTESIAN_POINT('Ctrl Pts',(5.20030981249999,-10.0367798259412,-0.0002));
#10173=CARTESIAN_POINT('Ctrl Pts',(5.24420309374999,-10.0418444353162,0.001));
#10174=CARTESIAN_POINT('Ctrl Pts',(5.24420309374999,-10.0418444353162,-0.0002));
#10175=CARTESIAN_POINT('',(5.0610330546875,-10.0587264665662,0.));
#10176=CARTESIAN_POINT('',(5.24420309374999,-10.0418444353162,0.));
#10177=CARTESIAN_POINT('Ctrl Pts',(5.0610330546875,-10.0587264665662,0.));
#10178=CARTESIAN_POINT('Ctrl Pts',(5.10239403124999,-10.0384680290662,0.));
#10179=CARTESIAN_POINT('Ctrl Pts',(5.20030981249999,-10.0367798259412,0.));
#10180=CARTESIAN_POINT('Ctrl Pts',(5.24420309374999,-10.0418444353162,0.));
#10181=CARTESIAN_POINT('',(5.24420309374999,-10.0418444353162,0.001));
#10182=CARTESIAN_POINT('',(5.24420309374999,-10.0418444353162,0.001));
#10183=CARTESIAN_POINT('',(5.0610330546875,-10.0587264665662,0.001));
#10184=CARTESIAN_POINT('Ctrl Pts',(5.0610330546875,-10.0587264665662,0.001));
#10185=CARTESIAN_POINT('Ctrl Pts',(5.10239403124999,-10.0384680290662,0.001));
#10186=CARTESIAN_POINT('Ctrl Pts',(5.20030981249999,-10.0367798259412,0.001));
#10187=CARTESIAN_POINT('Ctrl Pts',(5.24420309374999,-10.0418444353162,0.001));
#10188=CARTESIAN_POINT('',(5.0610330546875,-10.0587264665662,0.001));
#10189=CARTESIAN_POINT('Ctrl Pts',(5.24420309374999,-10.0418444353162,0.001));
#10190=CARTESIAN_POINT('Ctrl Pts',(5.24420309374999,-10.0418444353162,-0.0002));
#10191=CARTESIAN_POINT('Ctrl Pts',(5.28725227343751,-10.0460649431287,0.001));
#10192=CARTESIAN_POINT('Ctrl Pts',(5.28725227343751,-10.0460649431287,-0.0002));
#10193=CARTESIAN_POINT('Ctrl Pts',(5.3159517265625,-10.0561941618787,0.001));
#10194=CARTESIAN_POINT('Ctrl Pts',(5.3159517265625,-10.0561941618787,-0.0002));
#10195=CARTESIAN_POINT('Ctrl Pts',(5.353936296875,-10.0663233806287,0.001));
#10196=CARTESIAN_POINT('Ctrl Pts',(5.353936296875,-10.0663233806287,-0.0002));
#10197=CARTESIAN_POINT('',(5.353936296875,-10.0663233806287,0.));
#10198=CARTESIAN_POINT('Ctrl Pts',(5.24420309374999,-10.0418444353162,0.));
#10199=CARTESIAN_POINT('Ctrl Pts',(5.28725227343751,-10.0460649431287,0.));
#10200=CARTESIAN_POINT('Ctrl Pts',(5.3159517265625,-10.0561941618787,0.));
#10201=CARTESIAN_POINT('Ctrl Pts',(5.353936296875,-10.0663233806287,0.));
#10202=CARTESIAN_POINT('',(5.353936296875,-10.0663233806287,0.001));
#10203=CARTESIAN_POINT('',(5.353936296875,-10.0663233806287,0.001));
#10204=CARTESIAN_POINT('Ctrl Pts',(5.24420309374999,-10.0418444353162,0.001));
#10205=CARTESIAN_POINT('Ctrl Pts',(5.28725227343751,-10.0460649431287,0.001));
#10206=CARTESIAN_POINT('Ctrl Pts',(5.3159517265625,-10.0561941618787,0.001));
#10207=CARTESIAN_POINT('Ctrl Pts',(5.353936296875,-10.0663233806287,0.001));
#10208=CARTESIAN_POINT('Ctrl Pts',(5.353936296875,-10.0663233806287,0.001));
#10209=CARTESIAN_POINT('Ctrl Pts',(5.353936296875,-10.0663233806287,-0.0002));
#10210=CARTESIAN_POINT('Ctrl Pts',(5.36153321093749,-10.0587264665661,0.001));
#10211=CARTESIAN_POINT('Ctrl Pts',(5.36153321093749,-10.0587264665661,-0.0002));
#10212=CARTESIAN_POINT('Ctrl Pts',(5.4163998125,-9.92029381031619,0.001));
#10213=CARTESIAN_POINT('Ctrl Pts',(5.4163998125,-9.92029381031619,-0.0002));
#10214=CARTESIAN_POINT('Ctrl Pts',(5.4172439140625,-9.91185279469117,0.001));
#10215=CARTESIAN_POINT('Ctrl Pts',(5.4172439140625,-9.91185279469117,-0.0002));
#10216=CARTESIAN_POINT('',(5.4172439140625,-9.91185279469117,0.));
#10217=CARTESIAN_POINT('Ctrl Pts',(5.353936296875,-10.0663233806287,0.));
#10218=CARTESIAN_POINT('Ctrl Pts',(5.36153321093749,-10.0587264665661,0.));
#10219=CARTESIAN_POINT('Ctrl Pts',(5.4163998125,-9.92029381031619,0.));
#10220=CARTESIAN_POINT('Ctrl Pts',(5.4172439140625,-9.91185279469117,0.));
#10221=CARTESIAN_POINT('',(5.4172439140625,-9.91185279469117,0.001));
#10222=CARTESIAN_POINT('',(5.4172439140625,-9.91185279469117,0.001));
#10223=CARTESIAN_POINT('Ctrl Pts',(5.353936296875,-10.0663233806287,0.001));
#10224=CARTESIAN_POINT('Ctrl Pts',(5.36153321093749,-10.0587264665661,0.001));
#10225=CARTESIAN_POINT('Ctrl Pts',(5.4163998125,-9.92029381031619,0.001));
#10226=CARTESIAN_POINT('Ctrl Pts',(5.4172439140625,-9.91185279469117,0.001));
#10227=CARTESIAN_POINT('Ctrl Pts',(5.4172439140625,-9.91185279469117,0.001));
#10228=CARTESIAN_POINT('Ctrl Pts',(5.4172439140625,-9.91185279469117,-0.0002));
#10229=CARTESIAN_POINT('Ctrl Pts',(5.256020515625,-9.85951849781618,0.001));
#10230=CARTESIAN_POINT('Ctrl Pts',(5.256020515625,-9.85951849781618,-0.0002));
#10231=CARTESIAN_POINT('Ctrl Pts',(4.86773379687499,-9.8460128728162,0.001));
#10232=CARTESIAN_POINT('Ctrl Pts',(4.86773379687499,-9.8460128728162,-0.0002));
#10233=CARTESIAN_POINT('Ctrl Pts',(4.78416774218749,-10.0418444353162,0.001));
#10234=CARTESIAN_POINT('Ctrl Pts',(4.78416774218749,-10.0418444353162,-0.0002));
#10235=CARTESIAN_POINT('',(4.78416774218749,-10.0418444353162,0.));
#10236=CARTESIAN_POINT('Ctrl Pts',(5.4172439140625,-9.91185279469117,0.));
#10237=CARTESIAN_POINT('Ctrl Pts',(5.256020515625,-9.85951849781618,0.));
#10238=CARTESIAN_POINT('Ctrl Pts',(4.86773379687499,-9.8460128728162,0.));
#10239=CARTESIAN_POINT('Ctrl Pts',(4.78416774218749,-10.0418444353162,0.));
#10240=CARTESIAN_POINT('',(4.78416774218749,-10.0418444353162,0.001));
#10241=CARTESIAN_POINT('',(4.78416774218749,-10.0418444353162,0.001));
#10242=CARTESIAN_POINT('Ctrl Pts',(5.4172439140625,-9.91185279469117,0.001));
#10243=CARTESIAN_POINT('Ctrl Pts',(5.256020515625,-9.85951849781618,0.001));
#10244=CARTESIAN_POINT('Ctrl Pts',(4.86773379687499,-9.8460128728162,0.001));
#10245=CARTESIAN_POINT('Ctrl Pts',(4.78416774218749,-10.0418444353162,0.001));
#10246=CARTESIAN_POINT('Ctrl Pts',(4.78416774218749,-10.0418444353162,0.001));
#10247=CARTESIAN_POINT('Ctrl Pts',(4.78416774218749,-10.0418444353162,-0.0002));
#10248=CARTESIAN_POINT('Ctrl Pts',(4.7504036796875,-10.1195017790662,0.001));
#10249=CARTESIAN_POINT('Ctrl Pts',(4.7504036796875,-10.1195017790662,-0.0002));
#10250=CARTESIAN_POINT('Ctrl Pts',(4.7689739140625,-10.2047560368787,0.001));
#10251=CARTESIAN_POINT('Ctrl Pts',(4.7689739140625,-10.2047560368787,-0.0002));
#10252=CARTESIAN_POINT('Ctrl Pts',(4.81033489062501,-10.2604667400037,0.001));
#10253=CARTESIAN_POINT('Ctrl Pts',(4.81033489062501,-10.2604667400037,-0.0002));
#10254=CARTESIAN_POINT('',(4.81033489062501,-10.2604667400037,0.));
#10255=CARTESIAN_POINT('Ctrl Pts',(4.78416774218749,-10.0418444353162,0.));
#10256=CARTESIAN_POINT('Ctrl Pts',(4.7504036796875,-10.1195017790662,0.));
#10257=CARTESIAN_POINT('Ctrl Pts',(4.7689739140625,-10.2047560368787,0.));
#10258=CARTESIAN_POINT('Ctrl Pts',(4.81033489062501,-10.2604667400037,0.));
#10259=CARTESIAN_POINT('',(4.81033489062501,-10.2604667400037,0.001));
#10260=CARTESIAN_POINT('',(4.81033489062501,-10.2604667400037,0.001));
#10261=CARTESIAN_POINT('Ctrl Pts',(4.78416774218749,-10.0418444353162,0.001));
#10262=CARTESIAN_POINT('Ctrl Pts',(4.7504036796875,-10.1195017790662,0.001));
#10263=CARTESIAN_POINT('Ctrl Pts',(4.7689739140625,-10.2047560368787,0.001));
#10264=CARTESIAN_POINT('Ctrl Pts',(4.81033489062501,-10.2604667400037,0.001));
#10265=CARTESIAN_POINT('Ctrl Pts',(4.81033489062501,-10.2604667400037,0.001));
#10266=CARTESIAN_POINT('Ctrl Pts',(4.81033489062501,-10.2604667400037,-0.0002));
#10267=CARTESIAN_POINT('Ctrl Pts',(4.89390094531251,-10.3735763493787,0.001));
#10268=CARTESIAN_POINT('Ctrl Pts',(4.89390094531251,-10.3735763493787,-0.0002));
#10269=CARTESIAN_POINT('Ctrl Pts',(5.1319375859375,-10.3668235368787,0.001));
#10270=CARTESIAN_POINT('Ctrl Pts',(5.1319375859375,-10.3668235368787,-0.0002));
#10271=CARTESIAN_POINT('Ctrl Pts',(5.18427188281249,-10.4377280681287,0.001));
#10272=CARTESIAN_POINT('Ctrl Pts',(5.18427188281249,-10.4377280681287,-0.0002));
#10273=CARTESIAN_POINT('',(5.18427188281249,-10.4377280681287,0.));
#10274=CARTESIAN_POINT('Ctrl Pts',(4.81033489062501,-10.2604667400037,0.));
#10275=CARTESIAN_POINT('Ctrl Pts',(4.89390094531251,-10.3735763493787,0.));
#10276=CARTESIAN_POINT('Ctrl Pts',(5.1319375859375,-10.3668235368787,0.));
#10277=CARTESIAN_POINT('Ctrl Pts',(5.18427188281249,-10.4377280681287,0.));
#10278=CARTESIAN_POINT('',(5.18427188281249,-10.4377280681287,0.001));
#10279=CARTESIAN_POINT('',(5.18427188281249,-10.4377280681287,0.001));
#10280=CARTESIAN_POINT('Ctrl Pts',(4.81033489062501,-10.2604667400037,0.001));
#10281=CARTESIAN_POINT('Ctrl Pts',(4.89390094531251,-10.3735763493787,0.001));
#10282=CARTESIAN_POINT('Ctrl Pts',(5.1319375859375,-10.3668235368787,0.001));
#10283=CARTESIAN_POINT('Ctrl Pts',(5.18427188281249,-10.4377280681287,0.001));
#10284=CARTESIAN_POINT('Ctrl Pts',(5.18427188281249,-10.4377280681287,0.001));
#10285=CARTESIAN_POINT('Ctrl Pts',(5.18427188281249,-10.4377280681287,-0.0002));
#10286=CARTESIAN_POINT('Ctrl Pts',(5.2095949296875,-10.4731803337537,0.001));
#10287=CARTESIAN_POINT('Ctrl Pts',(5.2095949296875,-10.4731803337537,-0.0002));
#10288=CARTESIAN_POINT('Ctrl Pts',(5.201998015625,-10.5128531071912,0.001));
#10289=CARTESIAN_POINT('Ctrl Pts',(5.201998015625,-10.5128531071912,-0.0002));
#10290=CARTESIAN_POINT('Ctrl Pts',(5.171610359375,-10.5347997478162,0.001));
#10291=CARTESIAN_POINT('Ctrl Pts',(5.171610359375,-10.5347997478162,-0.0002));
#10292=CARTESIAN_POINT('',(5.171610359375,-10.5347997478162,0.));
#10293=CARTESIAN_POINT('Ctrl Pts',(5.18427188281249,-10.4377280681287,0.));
#10294=CARTESIAN_POINT('Ctrl Pts',(5.2095949296875,-10.4731803337537,0.));
#10295=CARTESIAN_POINT('Ctrl Pts',(5.201998015625,-10.5128531071912,0.));
#10296=CARTESIAN_POINT('Ctrl Pts',(5.171610359375,-10.5347997478162,0.));
#10297=CARTESIAN_POINT('',(5.171610359375,-10.5347997478162,0.001));
#10298=CARTESIAN_POINT('',(5.171610359375,-10.5347997478162,0.001));
#10299=CARTESIAN_POINT('Ctrl Pts',(5.18427188281249,-10.4377280681287,0.001));
#10300=CARTESIAN_POINT('Ctrl Pts',(5.2095949296875,-10.4731803337537,0.001));
#10301=CARTESIAN_POINT('Ctrl Pts',(5.201998015625,-10.5128531071912,0.001));
#10302=CARTESIAN_POINT('Ctrl Pts',(5.171610359375,-10.5347997478162,0.001));
#10303=CARTESIAN_POINT('Ctrl Pts',(5.171610359375,-10.5347997478162,0.001));
#10304=CARTESIAN_POINT('Ctrl Pts',(5.171610359375,-10.5347997478162,-0.0002));
#10305=CARTESIAN_POINT('Ctrl Pts',(5.11927606249999,-10.5710961150037,0.001));
#10306=CARTESIAN_POINT('Ctrl Pts',(5.11927606249999,-10.5710961150037,-0.0002));
#10307=CARTESIAN_POINT('Ctrl Pts',(4.992660828125,-10.5592786931287,0.001));
#10308=CARTESIAN_POINT('Ctrl Pts',(4.992660828125,-10.5592786931287,-0.0002));
#10309=CARTESIAN_POINT('Ctrl Pts',(4.93019731249999,-10.5516817790661,0.001));
#10310=CARTESIAN_POINT('Ctrl Pts',(4.93019731249999,-10.5516817790661,-0.0002));
#10311=CARTESIAN_POINT('',(4.93019731249999,-10.5516817790661,0.));
#10312=CARTESIAN_POINT('Ctrl Pts',(5.171610359375,-10.5347997478162,-1.35525271560688E-19));
#10313=CARTESIAN_POINT('Ctrl Pts',(5.11927606249999,-10.5710961150037,-1.35525271560688E-19));
#10314=CARTESIAN_POINT('Ctrl Pts',(4.992660828125,-10.5592786931287,-1.35525271560688E-19));
#10315=CARTESIAN_POINT('Ctrl Pts',(4.93019731249999,-10.5516817790661,-1.35525271560688E-19));
#10316=CARTESIAN_POINT('',(4.93019731249999,-10.5516817790661,0.001));
#10317=CARTESIAN_POINT('',(4.93019731249999,-10.5516817790661,0.001));
#10318=CARTESIAN_POINT('Ctrl Pts',(5.171610359375,-10.5347997478162,0.001));
#10319=CARTESIAN_POINT('Ctrl Pts',(5.11927606249999,-10.5710961150037,0.001));
#10320=CARTESIAN_POINT('Ctrl Pts',(4.992660828125,-10.5592786931287,0.001));
#10321=CARTESIAN_POINT('Ctrl Pts',(4.93019731249999,-10.5516817790661,0.001));
#10322=CARTESIAN_POINT('Ctrl Pts',(4.93019731249999,-10.5516817790661,0.001));
#10323=CARTESIAN_POINT('Ctrl Pts',(4.93019731249999,-10.5516817790661,-0.0002));
#10324=CARTESIAN_POINT('Ctrl Pts',(4.88208352343749,-10.5466171696912,0.001));
#10325=CARTESIAN_POINT('Ctrl Pts',(4.88208352343749,-10.5466171696912,-0.0002));
#10326=CARTESIAN_POINT('Ctrl Pts',(4.83734614062501,-10.5229823259412,0.001));
#10327=CARTESIAN_POINT('Ctrl Pts',(4.83734614062501,-10.5229823259412,-0.0002));
#10328=CARTESIAN_POINT('Ctrl Pts',(4.82384051562499,-10.5212941228162,0.001));
#10329=CARTESIAN_POINT('Ctrl Pts',(4.82384051562499,-10.5212941228162,-0.0002));
#10330=CARTESIAN_POINT('',(4.82384051562499,-10.5212941228162,0.));
#10331=CARTESIAN_POINT('Ctrl Pts',(4.93019731249999,-10.5516817790661,0.));
#10332=CARTESIAN_POINT('Ctrl Pts',(4.88208352343749,-10.5466171696912,0.));
#10333=CARTESIAN_POINT('Ctrl Pts',(4.83734614062501,-10.5229823259412,0.));
#10334=CARTESIAN_POINT('Ctrl Pts',(4.82384051562499,-10.5212941228162,0.));
#10335=CARTESIAN_POINT('',(4.82384051562499,-10.5212941228162,0.001));
#10336=CARTESIAN_POINT('',(4.82384051562499,-10.5212941228162,0.001));
#10337=CARTESIAN_POINT('Ctrl Pts',(4.93019731249999,-10.5516817790661,0.001));
#10338=CARTESIAN_POINT('Ctrl Pts',(4.88208352343749,-10.5466171696912,0.001));
#10339=CARTESIAN_POINT('Ctrl Pts',(4.83734614062501,-10.5229823259412,0.001));
#10340=CARTESIAN_POINT('Ctrl Pts',(4.82384051562499,-10.5212941228162,0.001));
#10341=CARTESIAN_POINT('Ctrl Pts',(4.82384051562499,-10.5212941228162,0.001));
#10342=CARTESIAN_POINT('Ctrl Pts',(4.82384051562499,-10.5212941228162,-0.0002));
#10343=CARTESIAN_POINT('Ctrl Pts',(4.81624360156249,-10.5305792400037,0.001));
#10344=CARTESIAN_POINT('Ctrl Pts',(4.81624360156249,-10.5305792400037,-0.0002));
#10345=CARTESIAN_POINT('Ctrl Pts',(4.77994723437499,-10.6622590837537,0.001));
#10346=CARTESIAN_POINT('Ctrl Pts',(4.77994723437499,-10.6622590837537,-0.0002));
#10347=CARTESIAN_POINT('Ctrl Pts',(4.7774149296875,-10.6808293181287,0.001));
#10348=CARTESIAN_POINT('Ctrl Pts',(4.7774149296875,-10.6808293181287,-0.0002));
#10349=CARTESIAN_POINT('',(4.7774149296875,-10.6808293181287,0.));
#10350=CARTESIAN_POINT('Ctrl Pts',(4.82384051562499,-10.5212941228162,0.));
#10351=CARTESIAN_POINT('Ctrl Pts',(4.81624360156249,-10.5305792400037,0.));
#10352=CARTESIAN_POINT('Ctrl Pts',(4.77994723437499,-10.6622590837537,0.));
#10353=CARTESIAN_POINT('Ctrl Pts',(4.7774149296875,-10.6808293181287,0.));
#10354=CARTESIAN_POINT('',(4.7774149296875,-10.6808293181287,0.001));
#10355=CARTESIAN_POINT('',(4.7774149296875,-10.6808293181287,0.001));
#10356=CARTESIAN_POINT('Ctrl Pts',(4.82384051562499,-10.5212941228162,0.001));
#10357=CARTESIAN_POINT('Ctrl Pts',(4.81624360156249,-10.5305792400037,0.001));
#10358=CARTESIAN_POINT('Ctrl Pts',(4.77994723437499,-10.6622590837537,0.001));
#10359=CARTESIAN_POINT('Ctrl Pts',(4.7774149296875,-10.6808293181287,0.001));
#10360=CARTESIAN_POINT('Ctrl Pts',(4.7774149296875,-10.6808293181287,0.001));
#10361=CARTESIAN_POINT('Ctrl Pts',(4.7774149296875,-10.6808293181287,-0.0002));
#10362=CARTESIAN_POINT('Ctrl Pts',(4.828905125,-10.7019318571912,0.001));
#10363=CARTESIAN_POINT('Ctrl Pts',(4.828905125,-10.7019318571912,-0.0002));
#10364=CARTESIAN_POINT('Ctrl Pts',(4.9496116484375,-10.7145933806287,0.001));
#10365=CARTESIAN_POINT('Ctrl Pts',(4.9496116484375,-10.7145933806287,-0.0002));
#10366=CARTESIAN_POINT('Ctrl Pts',(5.012919265625,-10.7171256853161,0.001));
#10367=CARTESIAN_POINT('Ctrl Pts',(5.012919265625,-10.7171256853161,-0.0002));
#10368=CARTESIAN_POINT('',(5.012919265625,-10.7171256853161,0.));
#10369=CARTESIAN_POINT('Ctrl Pts',(4.7774149296875,-10.6808293181287,0.));
#10370=CARTESIAN_POINT('Ctrl Pts',(4.828905125,-10.7019318571912,0.));
#10371=CARTESIAN_POINT('Ctrl Pts',(4.9496116484375,-10.7145933806287,0.));
#10372=CARTESIAN_POINT('Ctrl Pts',(5.012919265625,-10.7171256853161,0.));
#10373=CARTESIAN_POINT('',(5.012919265625,-10.7171256853161,0.001));
#10374=CARTESIAN_POINT('',(5.012919265625,-10.7171256853161,0.001));
#10375=CARTESIAN_POINT('Ctrl Pts',(4.7774149296875,-10.6808293181287,0.001));
#10376=CARTESIAN_POINT('Ctrl Pts',(4.828905125,-10.7019318571912,0.001));
#10377=CARTESIAN_POINT('Ctrl Pts',(4.9496116484375,-10.7145933806287,0.001));
#10378=CARTESIAN_POINT('Ctrl Pts',(5.012919265625,-10.7171256853161,0.001));
#10379=CARTESIAN_POINT('Ctrl Pts',(5.012919265625,-10.7171256853161,0.001));
#10380=CARTESIAN_POINT('Ctrl Pts',(5.012919265625,-10.7171256853161,-0.0002));
#10381=CARTESIAN_POINT('Ctrl Pts',(5.14966371875,-10.7213461931287,0.001));
#10382=CARTESIAN_POINT('Ctrl Pts',(5.14966371875,-10.7213461931287,-0.0002));
#10383=CARTESIAN_POINT('Ctrl Pts',(5.34296297656251,-10.7036200603162,0.001));
#10384=CARTESIAN_POINT('Ctrl Pts',(5.34296297656251,-10.7036200603162,-0.0002));
#10385=CARTESIAN_POINT('Ctrl Pts',(5.41977621875,-10.5795371306286,0.001));
#10386=CARTESIAN_POINT('Ctrl Pts',(5.41977621875,-10.5795371306286,-0.0002));
#10387=CARTESIAN_POINT('',(5.41977621875,-10.5795371306286,0.));
#10388=CARTESIAN_POINT('Ctrl Pts',(5.012919265625,-10.7171256853161,0.));
#10389=CARTESIAN_POINT('Ctrl Pts',(5.14966371875,-10.7213461931287,0.));
#10390=CARTESIAN_POINT('Ctrl Pts',(5.34296297656251,-10.7036200603162,0.));
#10391=CARTESIAN_POINT('Ctrl Pts',(5.41977621875,-10.5795371306286,0.));
#10392=CARTESIAN_POINT('',(5.41977621875,-10.5795371306286,0.001));
#10393=CARTESIAN_POINT('',(5.41977621875,-10.5795371306286,0.001));
#10394=CARTESIAN_POINT('Ctrl Pts',(5.012919265625,-10.7171256853161,0.001));
#10395=CARTESIAN_POINT('Ctrl Pts',(5.14966371875,-10.7213461931287,0.001));
#10396=CARTESIAN_POINT('Ctrl Pts',(5.34296297656251,-10.7036200603162,0.001));
#10397=CARTESIAN_POINT('Ctrl Pts',(5.41977621875,-10.5795371306286,0.001));
#10398=CARTESIAN_POINT('Ctrl Pts',(5.41977621875,-10.5795371306286,0.001));
#10399=CARTESIAN_POINT('Ctrl Pts',(5.41977621875,-10.5795371306286,-0.0002));
#10400=CARTESIAN_POINT('Ctrl Pts',(5.4569166875,-10.5204500212537,0.001));
#10401=CARTESIAN_POINT('Ctrl Pts',(5.4569166875,-10.5204500212537,-0.0002));
#10402=CARTESIAN_POINT('Ctrl Pts',(5.465357703125,-10.4267547478162,0.001));
#10403=CARTESIAN_POINT('Ctrl Pts',(5.465357703125,-10.4267547478162,-0.0002));
#10404=CARTESIAN_POINT('Ctrl Pts',(5.43328184375,-10.3575384196912,0.001));
#10405=CARTESIAN_POINT('Ctrl Pts',(5.43328184375,-10.3575384196912,-0.0002));
#10406=CARTESIAN_POINT('',(5.43328184375,-10.3575384196912,0.));
#10407=CARTESIAN_POINT('Ctrl Pts',(5.41977621875,-10.5795371306286,0.));
#10408=CARTESIAN_POINT('Ctrl Pts',(5.4569166875,-10.5204500212537,0.));
#10409=CARTESIAN_POINT('Ctrl Pts',(5.465357703125,-10.4267547478162,0.));
#10410=CARTESIAN_POINT('Ctrl Pts',(5.43328184375,-10.3575384196912,0.));
#10411=CARTESIAN_POINT('',(5.43328184375,-10.3575384196912,0.001));
#10412=CARTESIAN_POINT('',(5.43328184375,-10.3575384196912,0.001));
#10413=CARTESIAN_POINT('Ctrl Pts',(5.41977621875,-10.5795371306286,0.001));
#10414=CARTESIAN_POINT('Ctrl Pts',(5.4569166875,-10.5204500212537,0.001));
#10415=CARTESIAN_POINT('Ctrl Pts',(5.465357703125,-10.4267547478162,0.001));
#10416=CARTESIAN_POINT('Ctrl Pts',(5.43328184375,-10.3575384196912,0.001));
#10417=CARTESIAN_POINT('Ctrl Pts',(5.43328184375,-10.3575384196912,0.001));
#10418=CARTESIAN_POINT('Ctrl Pts',(5.43328184375,-10.3575384196912,-0.0002));
#10419=CARTESIAN_POINT('Ctrl Pts',(5.3699742265625,-10.2182616618787,0.001));
#10420=CARTESIAN_POINT('Ctrl Pts',(5.3699742265625,-10.2182616618787,-0.0002));
#10421=CARTESIAN_POINT('Ctrl Pts',(5.16063703906249,-10.2182616618787,0.001));
#10422=CARTESIAN_POINT('Ctrl Pts',(5.16063703906249,-10.2182616618787,-0.0002));
#10423=CARTESIAN_POINT('Ctrl Pts',(5.07116227343749,-10.1743683806287,0.001));
#10424=CARTESIAN_POINT('Ctrl Pts',(5.07116227343749,-10.1743683806287,-0.0002));
#10425=CARTESIAN_POINT('',(5.07116227343749,-10.1743683806287,0.));
#10426=CARTESIAN_POINT('Ctrl Pts',(5.43328184375,-10.3575384196912,0.));
#10427=CARTESIAN_POINT('Ctrl Pts',(5.3699742265625,-10.2182616618787,0.));
#10428=CARTESIAN_POINT('Ctrl Pts',(5.16063703906249,-10.2182616618787,0.));
#10429=CARTESIAN_POINT('Ctrl Pts',(5.07116227343749,-10.1743683806287,0.));
#10430=CARTESIAN_POINT('',(5.07116227343749,-10.1743683806287,0.001));
#10431=CARTESIAN_POINT('',(5.07116227343749,-10.1743683806287,0.001));
#10432=CARTESIAN_POINT('Ctrl Pts',(5.43328184375,-10.3575384196912,0.001));
#10433=CARTESIAN_POINT('Ctrl Pts',(5.3699742265625,-10.2182616618787,0.001));
#10434=CARTESIAN_POINT('Ctrl Pts',(5.16063703906249,-10.2182616618787,0.001));
#10435=CARTESIAN_POINT('Ctrl Pts',(5.07116227343749,-10.1743683806287,0.001));
#10436=CARTESIAN_POINT('Ctrl Pts',(5.07116227343749,-10.1743683806287,0.001));
#10437=CARTESIAN_POINT('Ctrl Pts',(5.07116227343749,-10.1743683806287,-0.0002));
#10438=CARTESIAN_POINT('Ctrl Pts',(5.00110184374999,-10.1397602165662,0.001));
#10439=CARTESIAN_POINT('Ctrl Pts',(5.00110184374999,-10.1397602165662,-0.0002));
#10440=CARTESIAN_POINT('Ctrl Pts',(5.00701055468748,-10.0848936150037,0.001));
#10441=CARTESIAN_POINT('Ctrl Pts',(5.00701055468748,-10.0848936150037,-0.0002));
#10442=CARTESIAN_POINT('Ctrl Pts',(5.0610330546875,-10.0587264665662,0.001));
#10443=CARTESIAN_POINT('Ctrl Pts',(5.0610330546875,-10.0587264665662,-0.0002));
#10444=CARTESIAN_POINT('Ctrl Pts',(5.07116227343749,-10.1743683806287,0.));
#10445=CARTESIAN_POINT('Ctrl Pts',(5.00110184374999,-10.1397602165662,0.));
#10446=CARTESIAN_POINT('Ctrl Pts',(5.00701055468748,-10.0848936150037,0.));
#10447=CARTESIAN_POINT('Ctrl Pts',(5.0610330546875,-10.0587264665662,0.));
#10448=CARTESIAN_POINT('Ctrl Pts',(5.07116227343749,-10.1743683806287,0.001));
#10449=CARTESIAN_POINT('Ctrl Pts',(5.00110184374999,-10.1397602165662,0.001));
#10450=CARTESIAN_POINT('Ctrl Pts',(5.00701055468748,-10.0848936150037,0.001));
#10451=CARTESIAN_POINT('Ctrl Pts',(5.0610330546875,-10.0587264665662,0.001));
#10452=CARTESIAN_POINT('Origin',(0.,0.,0.001));
#10453=CARTESIAN_POINT('Origin',(0.,0.,0.));
#10454=CARTESIAN_POINT('Ctrl Pts',(5.2821876640625,-10.9323715837537,0.001));
#10455=CARTESIAN_POINT('Ctrl Pts',(5.2821876640625,-10.9323715837537,-0.0002));
#10456=CARTESIAN_POINT('Ctrl Pts',(5.32523684374999,-10.9323715837537,0.001));
#10457=CARTESIAN_POINT('Ctrl Pts',(5.32523684374999,-10.9323715837537,-0.0002));
#10458=CARTESIAN_POINT('Ctrl Pts',(5.37757114062499,-10.9399684978162,0.001));
#10459=CARTESIAN_POINT('Ctrl Pts',(5.37757114062499,-10.9399684978162,-0.0002));
#10460=CARTESIAN_POINT('Ctrl Pts',(5.39698547656249,-10.9078926384412,0.001));
#10461=CARTESIAN_POINT('Ctrl Pts',(5.39698547656249,-10.9078926384412,-0.0002));
#10462=CARTESIAN_POINT('',(5.2821876640625,-10.9323715837537,0.));
#10463=CARTESIAN_POINT('',(5.39698547656249,-10.9078926384412,0.));
#10464=CARTESIAN_POINT('Ctrl Pts',(5.2821876640625,-10.9323715837537,0.));
#10465=CARTESIAN_POINT('Ctrl Pts',(5.32523684374999,-10.9323715837537,0.));
#10466=CARTESIAN_POINT('Ctrl Pts',(5.37757114062499,-10.9399684978162,0.));
#10467=CARTESIAN_POINT('Ctrl Pts',(5.39698547656249,-10.9078926384412,0.));
#10468=CARTESIAN_POINT('',(5.39698547656249,-10.9078926384412,0.001));
#10469=CARTESIAN_POINT('',(5.39698547656249,-10.9078926384412,0.001));
#10470=CARTESIAN_POINT('',(5.2821876640625,-10.9323715837537,0.001));
#10471=CARTESIAN_POINT('Ctrl Pts',(5.2821876640625,-10.9323715837537,0.001));
#10472=CARTESIAN_POINT('Ctrl Pts',(5.32523684374999,-10.9323715837537,0.001));
#10473=CARTESIAN_POINT('Ctrl Pts',(5.37757114062499,-10.9399684978162,0.001));
#10474=CARTESIAN_POINT('Ctrl Pts',(5.39698547656249,-10.9078926384412,0.001));
#10475=CARTESIAN_POINT('',(5.2821876640625,-10.9323715837537,0.001));
#10476=CARTESIAN_POINT('Ctrl Pts',(5.39698547656249,-10.9078926384412,0.001));
#10477=CARTESIAN_POINT('Ctrl Pts',(5.39698547656249,-10.9078926384412,-0.0002));
#10478=CARTESIAN_POINT('Ctrl Pts',(5.4172439140625,-10.8741285759412,0.001));
#10479=CARTESIAN_POINT('Ctrl Pts',(5.4172439140625,-10.8741285759412,-0.0002));
#10480=CARTESIAN_POINT('Ctrl Pts',(5.401205984375,-10.8251706853162,0.001));
#10481=CARTESIAN_POINT('Ctrl Pts',(5.401205984375,-10.8251706853162,-0.0002));
#10482=CARTESIAN_POINT('Ctrl Pts',(5.357312703125,-10.8260147868787,0.001));
#10483=CARTESIAN_POINT('Ctrl Pts',(5.357312703125,-10.8260147868787,-0.0002));
#10484=CARTESIAN_POINT('',(5.357312703125,-10.8260147868787,0.));
#10485=CARTESIAN_POINT('Ctrl Pts',(5.39698547656249,-10.9078926384412,0.));
#10486=CARTESIAN_POINT('Ctrl Pts',(5.4172439140625,-10.8741285759412,0.));
#10487=CARTESIAN_POINT('Ctrl Pts',(5.401205984375,-10.8251706853162,0.));
#10488=CARTESIAN_POINT('Ctrl Pts',(5.357312703125,-10.8260147868787,0.));
#10489=CARTESIAN_POINT('',(5.357312703125,-10.8260147868787,0.001));
#10490=CARTESIAN_POINT('',(5.357312703125,-10.8260147868787,0.001));
#10491=CARTESIAN_POINT('Ctrl Pts',(5.39698547656249,-10.9078926384412,0.001));
#10492=CARTESIAN_POINT('Ctrl Pts',(5.4172439140625,-10.8741285759412,0.001));
#10493=CARTESIAN_POINT('Ctrl Pts',(5.401205984375,-10.8251706853162,0.001));
#10494=CARTESIAN_POINT('Ctrl Pts',(5.357312703125,-10.8260147868787,0.001));
#10495=CARTESIAN_POINT('Origin',(0.,-10.8260147868787,0.001));
#10496=CARTESIAN_POINT('',(5.2821876640625,-10.8260147868787,0.));
#10497=CARTESIAN_POINT('',(0.,-10.8260147868787,0.));
#10498=CARTESIAN_POINT('',(5.2821876640625,-10.8260147868787,0.001));
#10499=CARTESIAN_POINT('',(5.2821876640625,-10.8260147868787,0.001));
#10500=CARTESIAN_POINT('',(0.,-10.8260147868787,0.001));
#10501=CARTESIAN_POINT('Ctrl Pts',(5.3446511796875,-10.8513378337537,0.000999999999999998));
#10502=CARTESIAN_POINT('Ctrl Pts',(5.3446511796875,-10.8513378337537,-0.0002));
#10503=CARTESIAN_POINT('Ctrl Pts',(5.35224809374999,-10.8521819353162,0.000999999999999998));
#10504=CARTESIAN_POINT('Ctrl Pts',(5.35224809374999,-10.8521819353162,-0.0002));
#10505=CARTESIAN_POINT('Ctrl Pts',(5.35140399218749,-10.8488055290662,0.000999999999999998));
#10506=CARTESIAN_POINT('Ctrl Pts',(5.35140399218749,-10.8488055290662,-0.0002));
#10507=CARTESIAN_POINT('Ctrl Pts',(5.3564686015625,-10.8580906462537,0.000999999999999998));
#10508=CARTESIAN_POINT('Ctrl Pts',(5.3564686015625,-10.8580906462537,-0.0002));
#10509=CARTESIAN_POINT('',(5.3446511796875,-10.8513378337537,0.));
#10510=CARTESIAN_POINT('',(5.3564686015625,-10.8580906462537,-1.6940658945086E-18));
#10511=CARTESIAN_POINT('Ctrl Pts',(5.3446511796875,-10.8513378337537,0.));
#10512=CARTESIAN_POINT('Ctrl Pts',(5.35224809374999,-10.8521819353162,-1.6940658945086E-18));
#10513=CARTESIAN_POINT('Ctrl Pts',(5.35140399218749,-10.8488055290662,-1.6940658945086E-18));
#10514=CARTESIAN_POINT('Ctrl Pts',(5.3564686015625,-10.8580906462537,-1.6940658945086E-18));
#10515=CARTESIAN_POINT('',(5.3564686015625,-10.8580906462537,0.000999999999999998));
#10516=CARTESIAN_POINT('',(5.3564686015625,-10.8580906462537,0.000999999999999998));
#10517=CARTESIAN_POINT('',(5.3446511796875,-10.8513378337537,0.001));
#10518=CARTESIAN_POINT('Ctrl Pts',(5.3446511796875,-10.8513378337537,0.000999999999999998));
#10519=CARTESIAN_POINT('Ctrl Pts',(5.35224809374999,-10.8521819353162,0.000999999999999998));
#10520=CARTESIAN_POINT('Ctrl Pts',(5.35140399218749,-10.8488055290662,0.000999999999999998));
#10521=CARTESIAN_POINT('Ctrl Pts',(5.3564686015625,-10.8580906462537,0.000999999999999998));
#10522=CARTESIAN_POINT('',(5.3446511796875,-10.8513378337537,0.001));
#10523=CARTESIAN_POINT('Ctrl Pts',(5.3564686015625,-10.8580906462537,0.001));
#10524=CARTESIAN_POINT('Ctrl Pts',(5.3564686015625,-10.8580906462537,-0.000200000000000002));
#10525=CARTESIAN_POINT('Ctrl Pts',(5.360689109375,-10.8682198650037,0.001));
#10526=CARTESIAN_POINT('Ctrl Pts',(5.360689109375,-10.8682198650037,-0.000200000000000002));
#10527=CARTESIAN_POINT('Ctrl Pts',(5.357312703125,-10.8884783025037,0.001));
#10528=CARTESIAN_POINT('Ctrl Pts',(5.357312703125,-10.8884783025037,-0.000200000000000002));
#10529=CARTESIAN_POINT('Ctrl Pts',(5.353936296875,-10.8977634196912,0.001));
#10530=CARTESIAN_POINT('Ctrl Pts',(5.353936296875,-10.8977634196912,-0.000200000000000002));
#10531=CARTESIAN_POINT('',(5.353936296875,-10.8977634196912,0.));
#10532=CARTESIAN_POINT('Ctrl Pts',(5.3564686015625,-10.8580906462537,-1.6940658945086E-18));
#10533=CARTESIAN_POINT('Ctrl Pts',(5.360689109375,-10.8682198650037,2.40741243048404E-34));
#10534=CARTESIAN_POINT('Ctrl Pts',(5.357312703125,-10.8884783025037,0.));
#10535=CARTESIAN_POINT('Ctrl Pts',(5.353936296875,-10.8977634196912,0.));
#10536=CARTESIAN_POINT('',(5.353936296875,-10.8977634196912,0.001));
#10537=CARTESIAN_POINT('',(5.353936296875,-10.8977634196912,0.001));
#10538=CARTESIAN_POINT('Ctrl Pts',(5.3564686015625,-10.8580906462537,0.001));
#10539=CARTESIAN_POINT('Ctrl Pts',(5.360689109375,-10.8682198650037,0.001));
#10540=CARTESIAN_POINT('Ctrl Pts',(5.357312703125,-10.8884783025037,0.001));
#10541=CARTESIAN_POINT('Ctrl Pts',(5.353936296875,-10.8977634196912,0.001));
#10542=CARTESIAN_POINT('Origin',(2.55971160878537,-11.5187022392803,0.001));
#10543=CARTESIAN_POINT('',(5.3463393828125,-10.8994516228162,0.));
#10544=CARTESIAN_POINT('',(2.55971160878537,-11.5187022392803,0.));
#10545=CARTESIAN_POINT('',(5.3463393828125,-10.8994516228162,0.001));
#10546=CARTESIAN_POINT('',(5.3463393828125,-10.8994516228162,0.001));
#10547=CARTESIAN_POINT('',(2.55971160878537,-11.5187022392803,0.001));
#10548=CARTESIAN_POINT('Origin',(5.88805478862139,-10.5984986195911,0.001));
#10549=CARTESIAN_POINT('',(5.33874246875,-10.9036721306287,0.));
#10550=CARTESIAN_POINT('',(5.88805478862139,-10.5984986195911,0.));
#10551=CARTESIAN_POINT('',(5.33874246875,-10.9036721306287,0.001));
#10552=CARTESIAN_POINT('',(5.33874246875,-10.9036721306287,0.001));
#10553=CARTESIAN_POINT('',(5.88805478862139,-10.5984986195911,0.001));
#10554=CARTESIAN_POINT('Origin',(-0.658054519940995,-10.5288723188274,0.001));
#10555=CARTESIAN_POINT('',(5.32523684374999,-10.9028280290662,0.));
#10556=CARTESIAN_POINT('',(-0.658054519940995,-10.5288723188274,0.));
#10557=CARTESIAN_POINT('',(5.32523684374999,-10.9028280290662,0.001));
#10558=CARTESIAN_POINT('',(5.32523684374999,-10.9028280290662,0.001));
#10559=CARTESIAN_POINT('',(-0.658054519940995,-10.5288723188274,0.001));
#10560=CARTESIAN_POINT('Origin',(5.66042246334793,-0.176888201980418,0.001));
#10561=CARTESIAN_POINT('',(5.326925046875,-10.8488055290662,0.));
#10562=CARTESIAN_POINT('',(5.66042246334793,-0.176888201980418,0.));
#10563=CARTESIAN_POINT('',(5.326925046875,-10.8488055290662,0.001));
#10564=CARTESIAN_POINT('',(5.326925046875,-10.8488055290662,0.001));
#10565=CARTESIAN_POINT('',(5.66042246334793,-0.176888201980418,0.001));
#10566=CARTESIAN_POINT('Origin',(0.798021332270969,-11.1722986515451,0.001));
#10567=CARTESIAN_POINT('',(5.33874246875,-10.8479614275037,0.));
#10568=CARTESIAN_POINT('',(0.798021332270969,-11.1722986515451,0.));
#10569=CARTESIAN_POINT('',(5.33874246875,-10.8479614275037,0.001));
#10570=CARTESIAN_POINT('',(5.33874246875,-10.8479614275037,0.001));
#10571=CARTESIAN_POINT('',(0.798021332270969,-11.1722986515451,0.001));
#10572=CARTESIAN_POINT('Ctrl Pts',(5.33874246875,-10.8479614275037,0.001));
#10573=CARTESIAN_POINT('Ctrl Pts',(5.33874246875,-10.8479614275037,-0.0002));
#10574=CARTESIAN_POINT('Ctrl Pts',(5.3488716875,-10.8496496306287,0.001));
#10575=CARTESIAN_POINT('Ctrl Pts',(5.3488716875,-10.8496496306287,-0.0002));
#10576=CARTESIAN_POINT('Ctrl Pts',(5.34211887499999,-10.8479614275037,0.001));
#10577=CARTESIAN_POINT('Ctrl Pts',(5.34211887499999,-10.8479614275037,-0.0002));
#10578=CARTESIAN_POINT('Ctrl Pts',(5.3446511796875,-10.8513378337537,0.001));
#10579=CARTESIAN_POINT('Ctrl Pts',(5.3446511796875,-10.8513378337537,-0.0002));
#10580=CARTESIAN_POINT('Ctrl Pts',(5.33874246875,-10.8479614275037,0.));
#10581=CARTESIAN_POINT('Ctrl Pts',(5.3488716875,-10.8496496306287,0.));
#10582=CARTESIAN_POINT('Ctrl Pts',(5.34211887499999,-10.8479614275037,0.));
#10583=CARTESIAN_POINT('Ctrl Pts',(5.3446511796875,-10.8513378337537,0.));
#10584=CARTESIAN_POINT('Ctrl Pts',(5.33874246875,-10.8479614275037,0.001));
#10585=CARTESIAN_POINT('Ctrl Pts',(5.3488716875,-10.8496496306287,0.001));
#10586=CARTESIAN_POINT('Ctrl Pts',(5.34211887499999,-10.8479614275037,0.001));
#10587=CARTESIAN_POINT('Ctrl Pts',(5.3446511796875,-10.8513378337537,0.001));
#10588=CARTESIAN_POINT('Origin',(5.2821876640625,0.,0.001));
#10589=CARTESIAN_POINT('',(5.2821876640625,0.,0.));
#10590=CARTESIAN_POINT('',(5.2821876640625,0.,0.001));
#10591=CARTESIAN_POINT('Origin',(0.,0.,0.001));
#10592=CARTESIAN_POINT('Origin',(0.,0.,0.));
#10593=CARTESIAN_POINT('Origin',(-0.161621941968284,-10.8286701122578,0.001));
#10594=CARTESIAN_POINT('',(5.03317770312499,-10.9062044353162,0.));
#10595=CARTESIAN_POINT('',(4.9766228984375,-10.9053603337537,0.));
#10596=CARTESIAN_POINT('',(-0.161621941968284,-10.8286701122578,0.));
#10597=CARTESIAN_POINT('',(4.9766228984375,-10.9053603337537,0.001));
#10598=CARTESIAN_POINT('',(4.9766228984375,-10.9053603337537,0.001));
#10599=CARTESIAN_POINT('',(5.03317770312499,-10.9062044353162,0.001));
#10600=CARTESIAN_POINT('',(-0.161621941968284,-10.8286701122578,0.001));
#10601=CARTESIAN_POINT('',(5.03317770312499,-10.9062044353162,0.001));
#10602=CARTESIAN_POINT('Ctrl Pts',(4.9766228984375,-10.9053603337537,0.001));
#10603=CARTESIAN_POINT('Ctrl Pts',(4.9766228984375,-10.9053603337537,-0.0002));
#10604=CARTESIAN_POINT('Ctrl Pts',(4.9732464921875,-10.8994516228162,0.001));
#10605=CARTESIAN_POINT('Ctrl Pts',(4.9732464921875,-10.8994516228162,-0.0002));
#10606=CARTESIAN_POINT('Ctrl Pts',(4.97409059374999,-10.8986075212537,0.001));
#10607=CARTESIAN_POINT('Ctrl Pts',(4.97409059374999,-10.8986075212537,-0.0002));
#10608=CARTESIAN_POINT('Ctrl Pts',(4.9749346953125,-10.8893224040662,0.001));
#10609=CARTESIAN_POINT('Ctrl Pts',(4.9749346953125,-10.8893224040662,-0.0002));
#10610=CARTESIAN_POINT('',(4.9749346953125,-10.8893224040662,0.));
#10611=CARTESIAN_POINT('Ctrl Pts',(4.9766228984375,-10.9053603337537,0.));
#10612=CARTESIAN_POINT('Ctrl Pts',(4.9732464921875,-10.8994516228162,0.));
#10613=CARTESIAN_POINT('Ctrl Pts',(4.97409059374999,-10.8986075212537,0.));
#10614=CARTESIAN_POINT('Ctrl Pts',(4.9749346953125,-10.8893224040662,0.));
#10615=CARTESIAN_POINT('',(4.9749346953125,-10.8893224040662,0.001));
#10616=CARTESIAN_POINT('',(4.9749346953125,-10.8893224040662,0.001));
#10617=CARTESIAN_POINT('Ctrl Pts',(4.9766228984375,-10.9053603337537,0.001));
#10618=CARTESIAN_POINT('Ctrl Pts',(4.9732464921875,-10.8994516228162,0.001));
#10619=CARTESIAN_POINT('Ctrl Pts',(4.97409059374999,-10.8986075212537,0.001));
#10620=CARTESIAN_POINT('Ctrl Pts',(4.9749346953125,-10.8893224040662,0.001));
#10621=CARTESIAN_POINT('Origin',(0.,-10.8893224040662,0.001));
#10622=CARTESIAN_POINT('',(5.029801296875,-10.8893224040662,0.));
#10623=CARTESIAN_POINT('',(0.,-10.8893224040662,0.));
#10624=CARTESIAN_POINT('',(5.029801296875,-10.8893224040662,0.001));
#10625=CARTESIAN_POINT('',(5.029801296875,-10.8893224040662,0.001));
#10626=CARTESIAN_POINT('',(0.,-10.8893224040662,0.001));
#10627=CARTESIAN_POINT('Origin',(4.30932752046185,0.278021130352018,0.001));
#10628=CARTESIAN_POINT('',(5.02811309375,-10.8631552556287,0.));
#10629=CARTESIAN_POINT('',(4.30932752046185,0.278021130352018,0.));
#10630=CARTESIAN_POINT('',(5.02811309375,-10.8631552556287,0.001));
#10631=CARTESIAN_POINT('',(5.02811309375,-10.8631552556287,0.001));
#10632=CARTESIAN_POINT('',(4.30932752046185,0.278021130352018,0.001));
#10633=CARTESIAN_POINT('Origin',(0.,-10.8631552556287,0.001));
#10634=CARTESIAN_POINT('',(4.9749346953125,-10.8631552556287,0.));
#10635=CARTESIAN_POINT('',(0.,-10.8631552556287,0.));
#10636=CARTESIAN_POINT('',(4.9749346953125,-10.8631552556287,0.001));
#10637=CARTESIAN_POINT('',(4.9749346953125,-10.8631552556287,0.001));
#10638=CARTESIAN_POINT('',(0.,-10.8631552556287,0.001));
#10639=CARTESIAN_POINT('Origin',(6.1675884151402,-0.725598637073936,0.001));
#10640=CARTESIAN_POINT('',(4.9766228984375,-10.8488055290662,0.));
#10641=CARTESIAN_POINT('',(6.1675884151402,-0.725598637073936,0.));
#10642=CARTESIAN_POINT('',(4.9766228984375,-10.8488055290662,0.001));
#10643=CARTESIAN_POINT('',(4.9766228984375,-10.8488055290662,0.001));
#10644=CARTESIAN_POINT('',(6.1675884151402,-0.725598637073936,0.001));
#10645=CARTESIAN_POINT('Origin',(0.16299478694036,-10.9206507247618,0.001));
#10646=CARTESIAN_POINT('',(5.03317770312499,-10.8479614275037,0.));
#10647=CARTESIAN_POINT('',(0.16299478694036,-10.9206507247618,0.));
#10648=CARTESIAN_POINT('',(5.03317770312499,-10.8479614275037,0.001));
#10649=CARTESIAN_POINT('',(5.03317770312499,-10.8479614275037,0.001));
#10650=CARTESIAN_POINT('',(0.16299478694036,-10.9206507247618,0.001));
#10651=CARTESIAN_POINT('Origin',(5.03317770312499,0.,0.001));
#10652=CARTESIAN_POINT('',(5.03317770312499,-10.8251706853162,0.));
#10653=CARTESIAN_POINT('',(5.03317770312499,0.,0.));
#10654=CARTESIAN_POINT('',(5.03317770312499,-10.8251706853162,0.001));
#10655=CARTESIAN_POINT('',(5.03317770312499,-10.8251706853162,0.001));
#10656=CARTESIAN_POINT('',(5.03317770312499,0.,0.001));
#10657=CARTESIAN_POINT('Origin',(0.0905529935321907,-10.8663592245602,0.001));
#10658=CARTESIAN_POINT('',(4.931885515625,-10.8260147868787,0.));
#10659=CARTESIAN_POINT('',(0.0905529935321907,-10.8663592245602,0.));
#10660=CARTESIAN_POINT('',(4.931885515625,-10.8260147868787,0.001));
#10661=CARTESIAN_POINT('',(4.931885515625,-10.8260147868787,0.001));
#10662=CARTESIAN_POINT('',(0.0905529935321907,-10.8663592245602,0.001));
#10663=CARTESIAN_POINT('Origin',(4.931885515625,0.,0.001));
#10664=CARTESIAN_POINT('',(4.931885515625,-10.9289951775036,0.));
#10665=CARTESIAN_POINT('',(4.931885515625,0.,0.));
#10666=CARTESIAN_POINT('',(4.931885515625,-10.9289951775036,0.001));
#10667=CARTESIAN_POINT('',(4.931885515625,-10.9289951775036,0.001));
#10668=CARTESIAN_POINT('',(4.931885515625,0.,0.001));
#10669=CARTESIAN_POINT('Origin',(0.,-10.9289951775036,0.001));
#10670=CARTESIAN_POINT('',(5.03317770312499,-10.9289951775036,0.));
#10671=CARTESIAN_POINT('',(0.,-10.9289951775036,0.));
#10672=CARTESIAN_POINT('',(5.03317770312499,-10.9289951775036,0.001));
#10673=CARTESIAN_POINT('',(5.03317770312499,-10.9289951775036,0.001));
#10674=CARTESIAN_POINT('',(0.,-10.9289951775036,0.001));
#10675=CARTESIAN_POINT('Origin',(5.03317770312499,0.,0.001));
#10676=CARTESIAN_POINT('',(5.03317770312499,0.,0.));
#10677=CARTESIAN_POINT('',(5.03317770312499,0.,0.001));
#10678=CARTESIAN_POINT('Origin',(0.,0.,0.001));
#10679=CARTESIAN_POINT('Origin',(0.,0.,0.));
#10680=CARTESIAN_POINT('Origin',(4.56385723437499,0.,0.001));
#10681=CARTESIAN_POINT('',(4.56385723437499,-10.8268588884411,0.));
#10682=CARTESIAN_POINT('',(4.56385723437499,-10.8538701384412,0.));
#10683=CARTESIAN_POINT('',(4.56385723437499,0.,0.));
#10684=CARTESIAN_POINT('',(4.56385723437499,-10.8538701384412,0.001));
#10685=CARTESIAN_POINT('',(4.56385723437499,-10.8538701384412,0.001));
#10686=CARTESIAN_POINT('',(4.56385723437499,-10.8268588884411,0.001));
#10687=CARTESIAN_POINT('',(4.56385723437499,0.,0.001));
#10688=CARTESIAN_POINT('',(4.56385723437499,-10.8268588884411,0.001));
#10689=CARTESIAN_POINT('Ctrl Pts',(4.56385723437499,-10.8538701384412,0.001));
#10690=CARTESIAN_POINT('Ctrl Pts',(4.56385723437499,-10.8538701384412,-0.0002));
#10691=CARTESIAN_POINT('Ctrl Pts',(4.57567465624999,-10.8538701384412,0.001));
#10692=CARTESIAN_POINT('Ctrl Pts',(4.57567465624999,-10.8538701384412,-0.0002));
#10693=CARTESIAN_POINT('Ctrl Pts',(4.59424489062501,-10.8504937321912,0.001));
#10694=CARTESIAN_POINT('Ctrl Pts',(4.59424489062501,-10.8504937321912,-0.0002));
#10695=CARTESIAN_POINT('Ctrl Pts',(4.60268590624999,-10.8555583415662,0.001));
#10696=CARTESIAN_POINT('Ctrl Pts',(4.60268590624999,-10.8555583415662,-0.0002));
#10697=CARTESIAN_POINT('',(4.60268590624999,-10.8555583415662,0.));
#10698=CARTESIAN_POINT('Ctrl Pts',(4.56385723437499,-10.8538701384412,0.));
#10699=CARTESIAN_POINT('Ctrl Pts',(4.57567465624999,-10.8538701384412,0.));
#10700=CARTESIAN_POINT('Ctrl Pts',(4.59424489062501,-10.8504937321912,0.));
#10701=CARTESIAN_POINT('Ctrl Pts',(4.60268590624999,-10.8555583415662,0.));
#10702=CARTESIAN_POINT('',(4.60268590624999,-10.8555583415662,0.001));
#10703=CARTESIAN_POINT('',(4.60268590624999,-10.8555583415662,0.001));
#10704=CARTESIAN_POINT('Ctrl Pts',(4.56385723437499,-10.8538701384412,0.001));
#10705=CARTESIAN_POINT('Ctrl Pts',(4.57567465624999,-10.8538701384412,0.001));
#10706=CARTESIAN_POINT('Ctrl Pts',(4.59424489062501,-10.8504937321912,0.001));
#10707=CARTESIAN_POINT('Ctrl Pts',(4.60268590624999,-10.8555583415662,0.001));
#10708=CARTESIAN_POINT('Origin',(4.47874893788675,0.0508948742946549,0.001));
#10709=CARTESIAN_POINT('',(4.6035300078125,-10.9298392790662,0.));
#10710=CARTESIAN_POINT('',(4.47874893788675,0.0508948742946549,0.));
#10711=CARTESIAN_POINT('',(4.6035300078125,-10.9298392790662,0.001));
#10712=CARTESIAN_POINT('',(4.6035300078125,-10.9298392790662,0.001));
#10713=CARTESIAN_POINT('',(4.47874893788675,0.0508948742946549,0.001));
#10714=CARTESIAN_POINT('Origin',(0.,-10.9298392790662,0.001));
#10715=CARTESIAN_POINT('',(4.64911149218749,-10.9298392790662,0.));
#10716=CARTESIAN_POINT('',(0.,-10.9298392790662,0.));
#10717=CARTESIAN_POINT('',(4.64911149218749,-10.9298392790662,0.001));
#10718=CARTESIAN_POINT('',(4.64911149218749,-10.9298392790662,0.001));
#10719=CARTESIAN_POINT('',(0.,-10.9298392790662,0.001));
#10720=CARTESIAN_POINT('Origin',(4.77269790213905,-0.0542352034339175,0.001));
#10721=CARTESIAN_POINT('',(4.64995559375,-10.8555583415662,0.));
#10722=CARTESIAN_POINT('',(4.77269790213905,-0.0542352034339175,0.));
#10723=CARTESIAN_POINT('',(4.64995559375,-10.8555583415662,0.001));
#10724=CARTESIAN_POINT('',(4.64995559375,-10.8555583415662,0.001));
#10725=CARTESIAN_POINT('',(4.77269790213905,-0.0542352034339175,0.001));
#10726=CARTESIAN_POINT('Ctrl Pts',(4.64995559375,-10.8555583415662,0.001));
#10727=CARTESIAN_POINT('Ctrl Pts',(4.64995559375,-10.8555583415662,-0.0002));
#10728=CARTESIAN_POINT('Ctrl Pts',(4.6575525078125,-10.8504937321912,0.001));
#10729=CARTESIAN_POINT('Ctrl Pts',(4.6575525078125,-10.8504937321912,-0.0002));
#10730=CARTESIAN_POINT('Ctrl Pts',(4.67696684375,-10.8538701384412,0.001));
#10731=CARTESIAN_POINT('Ctrl Pts',(4.67696684375,-10.8538701384412,-0.0002));
#10732=CARTESIAN_POINT('Ctrl Pts',(4.688784265625,-10.8538701384412,0.001));
#10733=CARTESIAN_POINT('Ctrl Pts',(4.688784265625,-10.8538701384412,-0.0002));
#10734=CARTESIAN_POINT('',(4.688784265625,-10.8538701384412,0.));
#10735=CARTESIAN_POINT('Ctrl Pts',(4.64995559375,-10.8555583415662,0.));
#10736=CARTESIAN_POINT('Ctrl Pts',(4.6575525078125,-10.8504937321912,0.));
#10737=CARTESIAN_POINT('Ctrl Pts',(4.67696684375,-10.8538701384412,0.));
#10738=CARTESIAN_POINT('Ctrl Pts',(4.688784265625,-10.8538701384412,0.));
#10739=CARTESIAN_POINT('',(4.688784265625,-10.8538701384412,0.001));
#10740=CARTESIAN_POINT('',(4.688784265625,-10.8538701384412,0.001));
#10741=CARTESIAN_POINT('Ctrl Pts',(4.64995559375,-10.8555583415662,0.001));
#10742=CARTESIAN_POINT('Ctrl Pts',(4.6575525078125,-10.8504937321912,0.001));
#10743=CARTESIAN_POINT('Ctrl Pts',(4.67696684375,-10.8538701384412,0.001));
#10744=CARTESIAN_POINT('Ctrl Pts',(4.688784265625,-10.8538701384412,0.001));
#10745=CARTESIAN_POINT('Origin',(4.688784265625,0.,0.001));
#10746=CARTESIAN_POINT('',(4.688784265625,-10.8268588884411,0.));
#10747=CARTESIAN_POINT('',(4.688784265625,0.,0.));
#10748=CARTESIAN_POINT('',(4.688784265625,-10.8268588884411,0.001));
#10749=CARTESIAN_POINT('',(4.688784265625,-10.8268588884411,0.001));
#10750=CARTESIAN_POINT('',(4.688784265625,0.,0.001));
#10751=CARTESIAN_POINT('Origin',(0.,-10.8268588884411,0.001));
#10752=CARTESIAN_POINT('',(0.,-10.8268588884411,0.));
#10753=CARTESIAN_POINT('',(0.,-10.8268588884411,0.001));
#10754=CARTESIAN_POINT('Origin',(0.,0.,0.001));
#10755=CARTESIAN_POINT('Origin',(0.,0.,0.));
#10756=CARTESIAN_POINT('Ctrl Pts',(4.243098640625,-10.9298392790662,0.001));
#10757=CARTESIAN_POINT('Ctrl Pts',(4.243098640625,-10.9298392790662,-0.0002));
#10758=CARTESIAN_POINT('Ctrl Pts',(4.2490073515625,-10.8994516228162,0.001));
#10759=CARTESIAN_POINT('Ctrl Pts',(4.2490073515625,-10.8994516228162,-0.0002));
#10760=CARTESIAN_POINT('Ctrl Pts',(4.24563094531249,-10.9053603337537,0.001));
#10761=CARTESIAN_POINT('Ctrl Pts',(4.24563094531249,-10.9053603337537,-0.0002));
#10762=CARTESIAN_POINT('Ctrl Pts',(4.28614782031249,-10.9053603337537,0.001));
#10763=CARTESIAN_POINT('Ctrl Pts',(4.28614782031249,-10.9053603337537,-0.0002));
#10764=CARTESIAN_POINT('',(4.243098640625,-10.9298392790662,0.));
#10765=CARTESIAN_POINT('',(4.28614782031249,-10.9053603337537,0.));
#10766=CARTESIAN_POINT('Ctrl Pts',(4.243098640625,-10.9298392790662,0.));
#10767=CARTESIAN_POINT('Ctrl Pts',(4.2490073515625,-10.8994516228162,0.));
#10768=CARTESIAN_POINT('Ctrl Pts',(4.24563094531249,-10.9053603337537,0.));
#10769=CARTESIAN_POINT('Ctrl Pts',(4.28614782031249,-10.9053603337537,0.));
#10770=CARTESIAN_POINT('',(4.28614782031249,-10.9053603337537,0.001));
#10771=CARTESIAN_POINT('',(4.28614782031249,-10.9053603337537,0.001));
#10772=CARTESIAN_POINT('',(4.243098640625,-10.9298392790662,0.001));
#10773=CARTESIAN_POINT('Ctrl Pts',(4.243098640625,-10.9298392790662,0.001));
#10774=CARTESIAN_POINT('Ctrl Pts',(4.2490073515625,-10.8994516228162,0.001));
#10775=CARTESIAN_POINT('Ctrl Pts',(4.24563094531249,-10.9053603337537,0.001));
#10776=CARTESIAN_POINT('Ctrl Pts',(4.28614782031249,-10.9053603337537,0.001));
#10777=CARTESIAN_POINT('',(4.243098640625,-10.9298392790662,0.001));
#10778=CARTESIAN_POINT('Ctrl Pts',(4.28614782031249,-10.9053603337537,0.001));
#10779=CARTESIAN_POINT('Ctrl Pts',(4.28614782031249,-10.9053603337537,-0.0002));
#10780=CARTESIAN_POINT('Ctrl Pts',(4.2945888359375,-10.9365920915661,0.001));
#10781=CARTESIAN_POINT('Ctrl Pts',(4.2945888359375,-10.9365920915661,-0.0002));
#10782=CARTESIAN_POINT('Ctrl Pts',(4.29374473437499,-10.9298392790662,0.001));
#10783=CARTESIAN_POINT('Ctrl Pts',(4.29374473437499,-10.9298392790662,-0.0002));
#10784=CARTESIAN_POINT('Ctrl Pts',(4.341014421875,-10.9289951775036,0.001));
#10785=CARTESIAN_POINT('Ctrl Pts',(4.341014421875,-10.9289951775036,-0.0002));
#10786=CARTESIAN_POINT('',(4.341014421875,-10.9289951775036,0.));
#10787=CARTESIAN_POINT('Ctrl Pts',(4.28614782031249,-10.9053603337537,0.));
#10788=CARTESIAN_POINT('Ctrl Pts',(4.2945888359375,-10.9365920915661,0.));
#10789=CARTESIAN_POINT('Ctrl Pts',(4.29374473437499,-10.9298392790662,0.));
#10790=CARTESIAN_POINT('Ctrl Pts',(4.341014421875,-10.9289951775036,0.));
#10791=CARTESIAN_POINT('',(4.341014421875,-10.9289951775036,0.001));
#10792=CARTESIAN_POINT('',(4.341014421875,-10.9289951775036,0.001));
#10793=CARTESIAN_POINT('Ctrl Pts',(4.28614782031249,-10.9053603337537,0.001));
#10794=CARTESIAN_POINT('Ctrl Pts',(4.2945888359375,-10.9365920915661,0.001));
#10795=CARTESIAN_POINT('Ctrl Pts',(4.29374473437499,-10.9298392790662,0.001));
#10796=CARTESIAN_POINT('Ctrl Pts',(4.341014421875,-10.9289951775036,0.001));
#10797=CARTESIAN_POINT('Origin',(-0.237012615198618,-0.100200455206023,
0.001));
#10798=CARTESIAN_POINT('',(4.297121140625,-10.8251706853162,0.));
#10799=CARTESIAN_POINT('',(-0.237012615198618,-0.100200455206023,0.));
#10800=CARTESIAN_POINT('',(4.297121140625,-10.8251706853162,0.001));
#10801=CARTESIAN_POINT('',(4.297121140625,-10.8251706853162,0.001));
#10802=CARTESIAN_POINT('',(-0.237012615198618,-0.100200455206023,0.001));
#10803=CARTESIAN_POINT('Origin',(-0.151584688126467,-10.7625128567409,0.001));
#10804=CARTESIAN_POINT('',(4.2371899296875,-10.8243265837537,0.));
#10805=CARTESIAN_POINT('',(-0.151584688126467,-10.7625128567409,0.));
#10806=CARTESIAN_POINT('',(4.2371899296875,-10.8243265837537,0.001));
#10807=CARTESIAN_POINT('',(4.2371899296875,-10.8243265837537,0.001));
#10808=CARTESIAN_POINT('',(-0.151584688126467,-10.7625128567409,0.001));
#10809=CARTESIAN_POINT('Origin',(7.27817715212065,-2.73659460919731,0.001));
#10810=CARTESIAN_POINT('',(4.19751715624999,-10.9298392790662,0.));
#10811=CARTESIAN_POINT('',(7.27817715212065,-2.73659460919731,0.));
#10812=CARTESIAN_POINT('',(4.19751715624999,-10.9298392790662,0.001));
#10813=CARTESIAN_POINT('',(4.19751715624999,-10.9298392790662,0.001));
#10814=CARTESIAN_POINT('',(7.27817715212065,-2.73659460919731,0.001));
#10815=CARTESIAN_POINT('Origin',(0.,-10.8817254900037,0.001));
#10816=CARTESIAN_POINT('',(4.27939500781249,-10.8817254900037,0.));
#10817=CARTESIAN_POINT('',(4.25407196093749,-10.8817254900037,0.));
#10818=CARTESIAN_POINT('',(0.,-10.8817254900037,0.));
#10819=CARTESIAN_POINT('',(4.25407196093749,-10.8817254900037,0.001));
#10820=CARTESIAN_POINT('',(4.25407196093749,-10.8817254900037,0.001));
#10821=CARTESIAN_POINT('',(4.27939500781249,-10.8817254900037,0.001));
#10822=CARTESIAN_POINT('',(0.,-10.8817254900037,0.001));
#10823=CARTESIAN_POINT('',(4.27939500781249,-10.8817254900037,0.001));
#10824=CARTESIAN_POINT('Origin',(7.57197425334655,-3.32428137951925,0.001));
#10825=CARTESIAN_POINT('',(4.2692657890625,-10.8471173259412,0.));
#10826=CARTESIAN_POINT('',(7.57197425334655,-3.32428137951925,0.));
#10827=CARTESIAN_POINT('',(4.2692657890625,-10.8471173259412,0.001));
#10828=CARTESIAN_POINT('',(4.2692657890625,-10.8471173259412,0.001));
#10829=CARTESIAN_POINT('',(7.57197425334655,-3.32428137951925,0.001));
#10830=CARTESIAN_POINT('Origin',(1.0081392148227,0.295065136045646,0.001));
#10831=CARTESIAN_POINT('',(1.0081392148227,0.295065136045646,0.));
#10832=CARTESIAN_POINT('',(1.0081392148227,0.295065136045646,0.001));
#10833=CARTESIAN_POINT('Origin',(0.,-10.9298392790662,0.001));
#10834=CARTESIAN_POINT('',(0.,-10.9298392790662,0.));
#10835=CARTESIAN_POINT('',(0.,-10.9298392790662,0.001));
#10836=CARTESIAN_POINT('Origin',(0.,0.,0.001));
#10837=CARTESIAN_POINT('Origin',(0.,0.,0.));
#10838=CARTESIAN_POINT('Origin',(-0.197349075839761,-10.8541991700087,0.001));
#10839=CARTESIAN_POINT('',(3.9164313359375,-10.9289951775036,0.));
#10840=CARTESIAN_POINT('',(3.96285692187499,-10.9298392790662,0.));
#10841=CARTESIAN_POINT('',(-0.197349075839761,-10.8541991700087,0.));
#10842=CARTESIAN_POINT('',(3.96285692187499,-10.9298392790662,0.001));
#10843=CARTESIAN_POINT('',(3.96285692187499,-10.9298392790662,0.001));
#10844=CARTESIAN_POINT('',(3.9164313359375,-10.9289951775036,0.001));
#10845=CARTESIAN_POINT('',(-0.197349075839761,-10.8541991700087,0.001));
#10846=CARTESIAN_POINT('',(3.9164313359375,-10.9289951775036,0.001));
#10847=CARTESIAN_POINT('Ctrl Pts',(3.96285692187499,-10.9298392790662,0.001));
#10848=CARTESIAN_POINT('Ctrl Pts',(3.96285692187499,-10.9298392790662,-0.0002));
#10849=CARTESIAN_POINT('Ctrl Pts',(3.95526000781249,-10.9019839275037,0.001));
#10850=CARTESIAN_POINT('Ctrl Pts',(3.95526000781249,-10.9019839275037,-0.0002));
#10851=CARTESIAN_POINT('Ctrl Pts',(3.9569482109375,-10.8893224040662,0.001));
#10852=CARTESIAN_POINT('Ctrl Pts',(3.9569482109375,-10.8893224040662,-0.0002));
#10853=CARTESIAN_POINT('Ctrl Pts',(3.9350015703125,-10.8783490837537,0.001));
#10854=CARTESIAN_POINT('Ctrl Pts',(3.9350015703125,-10.8783490837537,-0.0002));
#10855=CARTESIAN_POINT('',(3.9350015703125,-10.8783490837537,0.));
#10856=CARTESIAN_POINT('Ctrl Pts',(3.96285692187499,-10.9298392790662,0.));
#10857=CARTESIAN_POINT('Ctrl Pts',(3.95526000781249,-10.9019839275037,0.));
#10858=CARTESIAN_POINT('Ctrl Pts',(3.9569482109375,-10.8893224040662,0.));
#10859=CARTESIAN_POINT('Ctrl Pts',(3.9350015703125,-10.8783490837537,0.));
#10860=CARTESIAN_POINT('',(3.9350015703125,-10.8783490837537,0.001));
#10861=CARTESIAN_POINT('',(3.9350015703125,-10.8783490837537,0.001));
#10862=CARTESIAN_POINT('Ctrl Pts',(3.96285692187499,-10.9298392790662,0.001));
#10863=CARTESIAN_POINT('Ctrl Pts',(3.95526000781249,-10.9019839275037,0.001));
#10864=CARTESIAN_POINT('Ctrl Pts',(3.9569482109375,-10.8893224040662,0.001));
#10865=CARTESIAN_POINT('Ctrl Pts',(3.9350015703125,-10.8783490837537,0.001));
#10866=CARTESIAN_POINT('Ctrl Pts',(3.9350015703125,-10.8783490837537,0.001));
#10867=CARTESIAN_POINT('Ctrl Pts',(3.9350015703125,-10.8783490837537,-0.0002));
#10868=CARTESIAN_POINT('Ctrl Pts',(3.96792153125,-10.8673757634412,0.001));
#10869=CARTESIAN_POINT('Ctrl Pts',(3.96792153125,-10.8673757634412,-0.0002));
#10870=CARTESIAN_POINT('Ctrl Pts',(3.96960973437499,-10.8361440056287,0.001));
#10871=CARTESIAN_POINT('Ctrl Pts',(3.96960973437499,-10.8361440056287,-0.0002));
#10872=CARTESIAN_POINT('Ctrl Pts',(3.9383779765625,-10.8277029900037,0.001));
#10873=CARTESIAN_POINT('Ctrl Pts',(3.9383779765625,-10.8277029900037,-0.0002));
#10874=CARTESIAN_POINT('',(3.9383779765625,-10.8277029900037,0.));
#10875=CARTESIAN_POINT('Ctrl Pts',(3.9350015703125,-10.8783490837537,0.));
#10876=CARTESIAN_POINT('Ctrl Pts',(3.96792153125,-10.8673757634412,0.));
#10877=CARTESIAN_POINT('Ctrl Pts',(3.96960973437499,-10.8361440056287,0.));
#10878=CARTESIAN_POINT('Ctrl Pts',(3.9383779765625,-10.8277029900037,0.));
#10879=CARTESIAN_POINT('',(3.9383779765625,-10.8277029900037,0.001));
#10880=CARTESIAN_POINT('',(3.9383779765625,-10.8277029900037,0.001));
#10881=CARTESIAN_POINT('Ctrl Pts',(3.9350015703125,-10.8783490837537,0.001));
#10882=CARTESIAN_POINT('Ctrl Pts',(3.96792153125,-10.8673757634412,0.001));
#10883=CARTESIAN_POINT('Ctrl Pts',(3.96960973437499,-10.8361440056287,0.001));
#10884=CARTESIAN_POINT('Ctrl Pts',(3.9383779765625,-10.8277029900037,0.001));
#10885=CARTESIAN_POINT('Ctrl Pts',(3.9383779765625,-10.8277029900037,0.001));
#10886=CARTESIAN_POINT('Ctrl Pts',(3.9383779765625,-10.8277029900037,-0.0002));
#10887=CARTESIAN_POINT('Ctrl Pts',(3.9164313359375,-10.8217942790662,0.001));
#10888=CARTESIAN_POINT('Ctrl Pts',(3.9164313359375,-10.8217942790662,-0.0002));
#10889=CARTESIAN_POINT('Ctrl Pts',(3.86662934374999,-10.8251706853162,0.001));
#10890=CARTESIAN_POINT('Ctrl Pts',(3.86662934374999,-10.8251706853162,-0.0002));
#10891=CARTESIAN_POINT('Ctrl Pts',(3.8421503984375,-10.8251706853162,0.001));
#10892=CARTESIAN_POINT('Ctrl Pts',(3.8421503984375,-10.8251706853162,-0.0002));
#10893=CARTESIAN_POINT('',(3.8421503984375,-10.8251706853162,0.));
#10894=CARTESIAN_POINT('Ctrl Pts',(3.9383779765625,-10.8277029900037,0.));
#10895=CARTESIAN_POINT('Ctrl Pts',(3.9164313359375,-10.8217942790662,0.));
#10896=CARTESIAN_POINT('Ctrl Pts',(3.86662934374999,-10.8251706853162,0.));
#10897=CARTESIAN_POINT('Ctrl Pts',(3.8421503984375,-10.8251706853162,0.));
#10898=CARTESIAN_POINT('',(3.8421503984375,-10.8251706853162,0.001));
#10899=CARTESIAN_POINT('',(3.8421503984375,-10.8251706853162,0.001));
#10900=CARTESIAN_POINT('Ctrl Pts',(3.9383779765625,-10.8277029900037,0.001));
#10901=CARTESIAN_POINT('Ctrl Pts',(3.9164313359375,-10.8217942790662,0.001));
#10902=CARTESIAN_POINT('Ctrl Pts',(3.86662934374999,-10.8251706853162,0.001));
#10903=CARTESIAN_POINT('Ctrl Pts',(3.8421503984375,-10.8251706853162,0.001));
#10904=CARTESIAN_POINT('Origin',(3.8421503984375,0.,0.001));
#10905=CARTESIAN_POINT('',(3.8421503984375,-10.9298392790662,0.));
#10906=CARTESIAN_POINT('',(3.8421503984375,0.,0.));
#10907=CARTESIAN_POINT('',(3.8421503984375,-10.9298392790662,0.001));
#10908=CARTESIAN_POINT('',(3.8421503984375,-10.9298392790662,0.001));
#10909=CARTESIAN_POINT('',(3.8421503984375,0.,0.001));
#10910=CARTESIAN_POINT('Origin',(0.,-10.9298392790662,0.001));
#10911=CARTESIAN_POINT('',(3.88857598437499,-10.9298392790662,0.));
#10912=CARTESIAN_POINT('',(0.,-10.9298392790662,0.));
#10913=CARTESIAN_POINT('',(3.88857598437499,-10.9298392790662,0.001));
#10914=CARTESIAN_POINT('',(3.88857598437499,-10.9298392790662,0.001));
#10915=CARTESIAN_POINT('',(0.,-10.9298392790662,0.001));
#10916=CARTESIAN_POINT('Origin',(3.88857598437499,0.,0.001));
#10917=CARTESIAN_POINT('',(3.88857598437499,-10.8935429118787,0.));
#10918=CARTESIAN_POINT('',(3.88857598437499,0.,0.));
#10919=CARTESIAN_POINT('',(3.88857598437499,-10.8935429118787,0.001));
#10920=CARTESIAN_POINT('',(3.88857598437499,-10.8935429118787,0.001));
#10921=CARTESIAN_POINT('',(3.88857598437499,0.,0.001));
#10922=CARTESIAN_POINT('Origin',(-0.874716820381666,-10.4966018448249,0.001));
#10923=CARTESIAN_POINT('',(3.908834421875,-10.8952311150037,0.));
#10924=CARTESIAN_POINT('',(-0.874716820381666,-10.4966018448249,0.));
#10925=CARTESIAN_POINT('',(3.908834421875,-10.8952311150037,0.001));
#10926=CARTESIAN_POINT('',(3.908834421875,-10.8952311150037,0.001));
#10927=CARTESIAN_POINT('',(-0.874716820381666,-10.4966018448249,0.001));
#10928=CARTESIAN_POINT('Ctrl Pts',(3.89364059375,-10.8462732243787,0.001));
#10929=CARTESIAN_POINT('Ctrl Pts',(3.89364059375,-10.8462732243787,-0.0002));
#10930=CARTESIAN_POINT('Ctrl Pts',(3.90039340625,-10.8462732243787,0.001));
#10931=CARTESIAN_POINT('Ctrl Pts',(3.90039340625,-10.8462732243787,-0.0002));
#10932=CARTESIAN_POINT('Ctrl Pts',(3.90714621874999,-10.8479614275037,0.001));
#10933=CARTESIAN_POINT('Ctrl Pts',(3.90714621874999,-10.8479614275037,-0.0002));
#10934=CARTESIAN_POINT('Ctrl Pts',(3.912210828125,-10.8496496306287,0.001));
#10935=CARTESIAN_POINT('Ctrl Pts',(3.912210828125,-10.8496496306287,-0.0002));
#10936=CARTESIAN_POINT('',(3.89364059375,-10.8462732243787,0.));
#10937=CARTESIAN_POINT('',(3.912210828125,-10.8496496306287,0.));
#10938=CARTESIAN_POINT('Origin',(3.91973577081468,-10.880869109621,0.));
#10939=CARTESIAN_POINT('',(3.912210828125,-10.8496496306287,0.001));
#10940=CARTESIAN_POINT('',(3.912210828125,-10.8496496306287,0.001));
#10941=CARTESIAN_POINT('',(3.89364059375,-10.8462732243787,0.001));
#10942=CARTESIAN_POINT('Origin',(3.91973577081468,-10.880869109621,0.001));
#10943=CARTESIAN_POINT('',(3.89364059375,-10.8462732243787,0.001));
#10944=CARTESIAN_POINT('Ctrl Pts',(3.912210828125,-10.8496496306287,0.001));
#10945=CARTESIAN_POINT('Ctrl Pts',(3.912210828125,-10.8496496306287,-0.0002));
#10946=CARTESIAN_POINT('Ctrl Pts',(3.91811953906251,-10.8724403728162,0.001));
#10947=CARTESIAN_POINT('Ctrl Pts',(3.91811953906251,-10.8724403728162,-0.0002));
#10948=CARTESIAN_POINT('Ctrl Pts',(3.905458015625,-10.8699080681287,0.001));
#10949=CARTESIAN_POINT('Ctrl Pts',(3.905458015625,-10.8699080681287,-0.0002));
#10950=CARTESIAN_POINT('Ctrl Pts',(3.885199578125,-10.8699080681287,0.001));
#10951=CARTESIAN_POINT('Ctrl Pts',(3.885199578125,-10.8699080681287,-0.0002));
#10952=CARTESIAN_POINT('',(3.885199578125,-10.8699080681287,0.));
#10953=CARTESIAN_POINT('Ctrl Pts',(3.912210828125,-10.8496496306287,0.));
#10954=CARTESIAN_POINT('Ctrl Pts',(3.91811953906251,-10.8724403728162,0.));
#10955=CARTESIAN_POINT('Ctrl Pts',(3.905458015625,-10.8699080681287,0.));
#10956=CARTESIAN_POINT('Ctrl Pts',(3.885199578125,-10.8699080681287,0.));
#10957=CARTESIAN_POINT('',(3.885199578125,-10.8699080681287,0.001));
#10958=CARTESIAN_POINT('',(3.885199578125,-10.8699080681287,0.001));
#10959=CARTESIAN_POINT('Ctrl Pts',(3.912210828125,-10.8496496306287,0.001));
#10960=CARTESIAN_POINT('Ctrl Pts',(3.91811953906251,-10.8724403728162,0.001));
#10961=CARTESIAN_POINT('Ctrl Pts',(3.905458015625,-10.8699080681287,0.001));
#10962=CARTESIAN_POINT('Ctrl Pts',(3.885199578125,-10.8699080681287,0.001));
#10963=CARTESIAN_POINT('Origin',(3.885199578125,0.,0.001));
#10964=CARTESIAN_POINT('',(3.885199578125,-10.8462732243787,0.));
#10965=CARTESIAN_POINT('',(3.885199578125,0.,0.));
#10966=CARTESIAN_POINT('',(3.885199578125,-10.8462732243787,0.001));
#10967=CARTESIAN_POINT('',(3.885199578125,-10.8462732243787,0.001));
#10968=CARTESIAN_POINT('',(3.885199578125,0.,0.001));
#10969=CARTESIAN_POINT('Origin',(0.,-10.8462732243787,0.001));
#10970=CARTESIAN_POINT('',(0.,-10.8462732243787,0.));
#10971=CARTESIAN_POINT('',(0.,-10.8462732243787,0.001));
#10972=CARTESIAN_POINT('Ctrl Pts',(3.908834421875,-10.8952311150037,0.001));
#10973=CARTESIAN_POINT('Ctrl Pts',(3.908834421875,-10.8952311150037,-0.0002));
#10974=CARTESIAN_POINT('Ctrl Pts',(3.9130549296875,-10.9053603337537,0.001));
#10975=CARTESIAN_POINT('Ctrl Pts',(3.9130549296875,-10.9053603337537,-0.0002));
#10976=CARTESIAN_POINT('Ctrl Pts',(3.91474313281249,-10.9154895525037,0.001));
#10977=CARTESIAN_POINT('Ctrl Pts',(3.91474313281249,-10.9154895525037,-0.0002));
#10978=CARTESIAN_POINT('Ctrl Pts',(3.9164313359375,-10.9289951775036,0.001));
#10979=CARTESIAN_POINT('Ctrl Pts',(3.9164313359375,-10.9289951775036,-0.0002));
#10980=CARTESIAN_POINT('Ctrl Pts',(3.908834421875,-10.8952311150037,0.));
#10981=CARTESIAN_POINT('Ctrl Pts',(3.9130549296875,-10.9053603337537,0.));
#10982=CARTESIAN_POINT('Ctrl Pts',(3.91474313281249,-10.9154895525037,0.));
#10983=CARTESIAN_POINT('Ctrl Pts',(3.9164313359375,-10.9289951775036,0.));
#10984=CARTESIAN_POINT('Ctrl Pts',(3.908834421875,-10.8952311150037,0.001));
#10985=CARTESIAN_POINT('Ctrl Pts',(3.9130549296875,-10.9053603337537,0.001));
#10986=CARTESIAN_POINT('Ctrl Pts',(3.91474313281249,-10.9154895525037,0.001));
#10987=CARTESIAN_POINT('Ctrl Pts',(3.9164313359375,-10.9289951775036,0.001));
#10988=CARTESIAN_POINT('Origin',(0.,0.,0.001));
#10989=CARTESIAN_POINT('Origin',(0.,0.,0.));
#10990=CARTESIAN_POINT('Ctrl Pts',(3.466525203125,-10.8952311150037,0.001));
#10991=CARTESIAN_POINT('Ctrl Pts',(3.466525203125,-10.8952311150037,-0.0002));
#10992=CARTESIAN_POINT('Ctrl Pts',(3.48171903125,-10.9492536150037,0.001));
#10993=CARTESIAN_POINT('Ctrl Pts',(3.48171903125,-10.9492536150037,-0.0002));
#10994=CARTESIAN_POINT('Ctrl Pts',(3.61424297656249,-10.9500977165662,0.001));
#10995=CARTESIAN_POINT('Ctrl Pts',(3.61424297656249,-10.9500977165662,-0.0002));
#10996=CARTESIAN_POINT('Ctrl Pts',(3.594828640625,-10.8639993571912,0.001));
#10997=CARTESIAN_POINT('Ctrl Pts',(3.594828640625,-10.8639993571912,-0.0002));
#10998=CARTESIAN_POINT('',(3.466525203125,-10.8952311150037,0.));
#10999=CARTESIAN_POINT('',(3.594828640625,-10.8639993571912,0.));
#11000=CARTESIAN_POINT('Ctrl Pts',(3.466525203125,-10.8952311150037,0.));
#11001=CARTESIAN_POINT('Ctrl Pts',(3.48171903125,-10.9492536150037,0.));
#11002=CARTESIAN_POINT('Ctrl Pts',(3.61424297656249,-10.9500977165662,0.));
#11003=CARTESIAN_POINT('Ctrl Pts',(3.594828640625,-10.8639993571912,0.));
#11004=CARTESIAN_POINT('',(3.594828640625,-10.8639993571912,0.001));
#11005=CARTESIAN_POINT('',(3.594828640625,-10.8639993571912,0.001));
#11006=CARTESIAN_POINT('',(3.466525203125,-10.8952311150037,0.001));
#11007=CARTESIAN_POINT('Ctrl Pts',(3.466525203125,-10.8952311150037,0.001));
#11008=CARTESIAN_POINT('Ctrl Pts',(3.48171903125,-10.9492536150037,0.001));
#11009=CARTESIAN_POINT('Ctrl Pts',(3.61424297656249,-10.9500977165662,0.001));
#11010=CARTESIAN_POINT('Ctrl Pts',(3.594828640625,-10.8639993571912,0.001));
#11011=CARTESIAN_POINT('',(3.466525203125,-10.8952311150037,0.001));
#11012=CARTESIAN_POINT('Ctrl Pts',(3.513794890625,-10.8741285759412,0.001));
#11013=CARTESIAN_POINT('Ctrl Pts',(3.513794890625,-10.8741285759412,-0.0002));
#11014=CARTESIAN_POINT('Ctrl Pts',(3.513794890625,-10.8336117009412,0.001));
#11015=CARTESIAN_POINT('Ctrl Pts',(3.513794890625,-10.8336117009412,-0.0002));
#11016=CARTESIAN_POINT('Ctrl Pts',(3.547558953125,-10.8352999040662,0.001));
#11017=CARTESIAN_POINT('Ctrl Pts',(3.547558953125,-10.8352999040662,-0.0002));
#11018=CARTESIAN_POINT('Ctrl Pts',(3.547558953125,-10.8766608806287,0.001));
#11019=CARTESIAN_POINT('Ctrl Pts',(3.547558953125,-10.8766608806287,-0.0002));
#11020=CARTESIAN_POINT('',(3.513794890625,-10.8741285759412,0.));
#11021=CARTESIAN_POINT('',(3.547558953125,-10.8766608806287,0.));
#11022=CARTESIAN_POINT('Ctrl Pts',(3.513794890625,-10.8741285759412,0.));
#11023=CARTESIAN_POINT('Ctrl Pts',(3.513794890625,-10.8336117009412,0.));
#11024=CARTESIAN_POINT('Ctrl Pts',(3.547558953125,-10.8352999040662,0.));
#11025=CARTESIAN_POINT('Ctrl Pts',(3.547558953125,-10.8766608806287,0.));
#11026=CARTESIAN_POINT('',(3.547558953125,-10.8766608806287,0.001));
#11027=CARTESIAN_POINT('',(3.547558953125,-10.8766608806287,0.001));
#11028=CARTESIAN_POINT('',(3.513794890625,-10.8741285759412,0.001));
#11029=CARTESIAN_POINT('Ctrl Pts',(3.513794890625,-10.8741285759412,0.001));
#11030=CARTESIAN_POINT('Ctrl Pts',(3.513794890625,-10.8336117009412,0.001));
#11031=CARTESIAN_POINT('Ctrl Pts',(3.547558953125,-10.8352999040662,0.001));
#11032=CARTESIAN_POINT('Ctrl Pts',(3.547558953125,-10.8766608806287,0.001));
#11033=CARTESIAN_POINT('',(3.513794890625,-10.8741285759412,0.001));
#11034=CARTESIAN_POINT('Ctrl Pts',(3.547558953125,-10.8766608806287,0.001));
#11035=CARTESIAN_POINT('Ctrl Pts',(3.547558953125,-10.8766608806287,-0.0002));
#11036=CARTESIAN_POINT('Ctrl Pts',(3.547558953125,-10.9163336540662,0.001));
#11037=CARTESIAN_POINT('Ctrl Pts',(3.547558953125,-10.9163336540662,-0.0002));
#11038=CARTESIAN_POINT('Ctrl Pts',(3.513794890625,-10.9163336540662,0.001));
#11039=CARTESIAN_POINT('Ctrl Pts',(3.513794890625,-10.9163336540662,-0.0002));
#11040=CARTESIAN_POINT('Ctrl Pts',(3.513794890625,-10.8741285759412,0.001));
#11041=CARTESIAN_POINT('Ctrl Pts',(3.513794890625,-10.8741285759412,-0.0002));
#11042=CARTESIAN_POINT('Ctrl Pts',(3.547558953125,-10.8766608806287,0.));
#11043=CARTESIAN_POINT('Ctrl Pts',(3.547558953125,-10.9163336540662,1.6940658945086E-18));
#11044=CARTESIAN_POINT('Ctrl Pts',(3.513794890625,-10.9163336540662,1.6940658945086E-18));
#11045=CARTESIAN_POINT('Ctrl Pts',(3.513794890625,-10.8741285759412,0.));
#11046=CARTESIAN_POINT('Ctrl Pts',(3.547558953125,-10.8766608806287,0.001));
#11047=CARTESIAN_POINT('Ctrl Pts',(3.547558953125,-10.9163336540662,0.001));
#11048=CARTESIAN_POINT('Ctrl Pts',(3.513794890625,-10.9163336540662,0.001));
#11049=CARTESIAN_POINT('Ctrl Pts',(3.513794890625,-10.8741285759412,0.001));
#11050=CARTESIAN_POINT('Ctrl Pts',(3.594828640625,-10.8639993571912,0.001));
#11051=CARTESIAN_POINT('Ctrl Pts',(3.594828640625,-10.8639993571912,-0.0002));
#11052=CARTESIAN_POINT('Ctrl Pts',(3.5821671171875,-10.8040681462537,0.001));
#11053=CARTESIAN_POINT('Ctrl Pts',(3.5821671171875,-10.8040681462537,-0.0002));
#11054=CARTESIAN_POINT('Ctrl Pts',(3.442890359375,-10.8099768571912,0.001));
#11055=CARTESIAN_POINT('Ctrl Pts',(3.442890359375,-10.8099768571912,-0.0002));
#11056=CARTESIAN_POINT('Ctrl Pts',(3.466525203125,-10.8952311150037,0.001));
#11057=CARTESIAN_POINT('Ctrl Pts',(3.466525203125,-10.8952311150037,-0.0002));
#11058=CARTESIAN_POINT('Ctrl Pts',(3.594828640625,-10.8639993571912,0.));
#11059=CARTESIAN_POINT('Ctrl Pts',(3.5821671171875,-10.8040681462537,1.6940658945086E-18));
#11060=CARTESIAN_POINT('Ctrl Pts',(3.442890359375,-10.8099768571912,1.6940658945086E-18));
#11061=CARTESIAN_POINT('Ctrl Pts',(3.466525203125,-10.8952311150037,0.));
#11062=CARTESIAN_POINT('Ctrl Pts',(3.594828640625,-10.8639993571912,0.001));
#11063=CARTESIAN_POINT('Ctrl Pts',(3.5821671171875,-10.8040681462537,0.001));
#11064=CARTESIAN_POINT('Ctrl Pts',(3.442890359375,-10.8099768571912,0.001));
#11065=CARTESIAN_POINT('Ctrl Pts',(3.466525203125,-10.8952311150037,0.001));
#11066=CARTESIAN_POINT('Origin',(0.,0.,0.001));
#11067=CARTESIAN_POINT('Origin',(0.,0.,0.));
#11068=CARTESIAN_POINT('Ctrl Pts',(3.2090742265625,-10.8918547087537,0.001));
#11069=CARTESIAN_POINT('Ctrl Pts',(3.2090742265625,-10.8918547087537,-0.0002));
#11070=CARTESIAN_POINT('Ctrl Pts',(3.2208916484375,-10.8842577946912,0.001));
#11071=CARTESIAN_POINT('Ctrl Pts',(3.2208916484375,-10.8842577946912,-0.0002));
#11072=CARTESIAN_POINT('Ctrl Pts',(3.2327090703125,-10.8631552556287,0.001));
#11073=CARTESIAN_POINT('Ctrl Pts',(3.2327090703125,-10.8631552556287,-0.0002));
#11074=CARTESIAN_POINT('Ctrl Pts',(3.220047546875,-10.8437409196912,0.001));
#11075=CARTESIAN_POINT('Ctrl Pts',(3.220047546875,-10.8437409196912,-0.0002));
#11076=CARTESIAN_POINT('',(3.2090742265625,-10.8918547087537,0.));
#11077=CARTESIAN_POINT('',(3.220047546875,-10.8437409196912,0.));
#11078=CARTESIAN_POINT('Ctrl Pts',(3.2090742265625,-10.8918547087537,0.));
#11079=CARTESIAN_POINT('Ctrl Pts',(3.2208916484375,-10.8842577946912,0.));
#11080=CARTESIAN_POINT('Ctrl Pts',(3.2327090703125,-10.8631552556287,0.));
#11081=CARTESIAN_POINT('Ctrl Pts',(3.220047546875,-10.8437409196912,0.));
#11082=CARTESIAN_POINT('',(3.220047546875,-10.8437409196912,0.001));
#11083=CARTESIAN_POINT('',(3.220047546875,-10.8437409196912,0.001));
#11084=CARTESIAN_POINT('',(3.2090742265625,-10.8918547087537,0.001));
#11085=CARTESIAN_POINT('Ctrl Pts',(3.2090742265625,-10.8918547087537,0.001));
#11086=CARTESIAN_POINT('Ctrl Pts',(3.2208916484375,-10.8842577946912,0.001));
#11087=CARTESIAN_POINT('Ctrl Pts',(3.2327090703125,-10.8631552556287,0.001));
#11088=CARTESIAN_POINT('Ctrl Pts',(3.220047546875,-10.8437409196912,0.001));
#11089=CARTESIAN_POINT('',(3.2090742265625,-10.8918547087537,0.001));
#11090=CARTESIAN_POINT('Ctrl Pts',(3.220047546875,-10.8437409196912,0.001));
#11091=CARTESIAN_POINT('Ctrl Pts',(3.220047546875,-10.8437409196912,-0.0002));
#11092=CARTESIAN_POINT('Ctrl Pts',(3.20232141406249,-10.8150414665662,0.001));
#11093=CARTESIAN_POINT('Ctrl Pts',(3.20232141406249,-10.8150414665662,-0.0002));
#11094=CARTESIAN_POINT('Ctrl Pts',(3.140702,-10.8251706853162,0.001));
#11095=CARTESIAN_POINT('Ctrl Pts',(3.140702,-10.8251706853162,-0.0002));
#11096=CARTESIAN_POINT('Ctrl Pts',(3.10440563281249,-10.8251706853162,0.001));
#11097=CARTESIAN_POINT('Ctrl Pts',(3.10440563281249,-10.8251706853162,-0.0002));
#11098=CARTESIAN_POINT('',(3.10440563281249,-10.8251706853162,0.));
#11099=CARTESIAN_POINT('Ctrl Pts',(3.220047546875,-10.8437409196912,0.));
#11100=CARTESIAN_POINT('Ctrl Pts',(3.20232141406249,-10.8150414665662,0.));
#11101=CARTESIAN_POINT('Ctrl Pts',(3.140702,-10.8251706853162,0.));
#11102=CARTESIAN_POINT('Ctrl Pts',(3.10440563281249,-10.8251706853162,0.));
#11103=CARTESIAN_POINT('',(3.10440563281249,-10.8251706853162,0.001));
#11104=CARTESIAN_POINT('',(3.10440563281249,-10.8251706853162,0.001));
#11105=CARTESIAN_POINT('Ctrl Pts',(3.220047546875,-10.8437409196912,0.001));
#11106=CARTESIAN_POINT('Ctrl Pts',(3.20232141406249,-10.8150414665662,0.001));
#11107=CARTESIAN_POINT('Ctrl Pts',(3.140702,-10.8251706853162,0.001));
#11108=CARTESIAN_POINT('Ctrl Pts',(3.10440563281249,-10.8251706853162,0.001));
#11109=CARTESIAN_POINT('Origin',(3.10440563281249,0.,0.001));
#11110=CARTESIAN_POINT('',(3.10440563281249,-10.9298392790662,0.));
#11111=CARTESIAN_POINT('',(3.10440563281249,0.,0.));
#11112=CARTESIAN_POINT('',(3.10440563281249,-10.9298392790662,0.001));
#11113=CARTESIAN_POINT('',(3.10440563281249,-10.9298392790662,0.001));
#11114=CARTESIAN_POINT('',(3.10440563281249,0.,0.001));
#11115=CARTESIAN_POINT('Origin',(0.,-10.9298392790662,0.001));
#11116=CARTESIAN_POINT('',(3.1499871171875,-10.9298392790662,0.));
#11117=CARTESIAN_POINT('',(0.,-10.9298392790662,0.));
#11118=CARTESIAN_POINT('',(3.1499871171875,-10.9298392790662,0.001));
#11119=CARTESIAN_POINT('',(3.1499871171875,-10.9298392790662,0.001));
#11120=CARTESIAN_POINT('',(0.,-10.9298392790662,0.001));
#11121=CARTESIAN_POINT('Origin',(3.1499871171875,0.,0.001));
#11122=CARTESIAN_POINT('',(3.1499871171875,-10.8994516228162,0.));
#11123=CARTESIAN_POINT('',(3.1499871171875,0.,0.));
#11124=CARTESIAN_POINT('',(3.1499871171875,-10.8994516228162,0.001));
#11125=CARTESIAN_POINT('',(3.1499871171875,-10.8994516228162,0.001));
#11126=CARTESIAN_POINT('',(3.1499871171875,0.,0.001));
#11127=CARTESIAN_POINT('Origin',(0.,-10.8488055290662,0.001));
#11128=CARTESIAN_POINT('',(3.14745481249999,-10.8488055290662,0.));
#11129=CARTESIAN_POINT('',(3.15758403124999,-10.8488055290662,0.));
#11130=CARTESIAN_POINT('',(0.,-10.8488055290662,0.));
#11131=CARTESIAN_POINT('',(3.15758403124999,-10.8488055290662,0.001));
#11132=CARTESIAN_POINT('',(3.15758403124999,-10.8488055290662,0.001));
#11133=CARTESIAN_POINT('',(3.14745481249999,-10.8488055290662,0.001));
#11134=CARTESIAN_POINT('',(0.,-10.8488055290662,0.001));
#11135=CARTESIAN_POINT('',(3.14745481249999,-10.8488055290662,0.001));
#11136=CARTESIAN_POINT('Ctrl Pts',(3.15758403124999,-10.8488055290662,0.001));
#11137=CARTESIAN_POINT('Ctrl Pts',(3.15758403124999,-10.8488055290662,-0.0002));
#11138=CARTESIAN_POINT('Ctrl Pts',(3.189659890625,-10.8488055290662,0.001));
#11139=CARTESIAN_POINT('Ctrl Pts',(3.189659890625,-10.8488055290662,-0.0002));
#11140=CARTESIAN_POINT('Ctrl Pts',(3.1879716875,-10.8749726775037,0.001));
#11141=CARTESIAN_POINT('Ctrl Pts',(3.1879716875,-10.8749726775037,-0.0002));
#11142=CARTESIAN_POINT('Ctrl Pts',(3.14829891406249,-10.8758167790662,0.001));
#11143=CARTESIAN_POINT('Ctrl Pts',(3.14829891406249,-10.8758167790662,-0.0002));
#11144=CARTESIAN_POINT('',(3.14829891406249,-10.8758167790662,0.));
#11145=CARTESIAN_POINT('Ctrl Pts',(3.15758403124999,-10.8488055290662,0.));
#11146=CARTESIAN_POINT('Ctrl Pts',(3.189659890625,-10.8488055290662,0.));
#11147=CARTESIAN_POINT('Ctrl Pts',(3.1879716875,-10.8749726775037,0.));
#11148=CARTESIAN_POINT('Ctrl Pts',(3.14829891406249,-10.8758167790662,0.));
#11149=CARTESIAN_POINT('',(3.14829891406249,-10.8758167790662,0.001));
#11150=CARTESIAN_POINT('',(3.14829891406249,-10.8758167790662,0.001));
#11151=CARTESIAN_POINT('Ctrl Pts',(3.15758403124999,-10.8488055290662,0.001));
#11152=CARTESIAN_POINT('Ctrl Pts',(3.189659890625,-10.8488055290662,0.001));
#11153=CARTESIAN_POINT('Ctrl Pts',(3.1879716875,-10.8749726775037,0.001));
#11154=CARTESIAN_POINT('Ctrl Pts',(3.14829891406249,-10.8758167790662,0.001));
#11155=CARTESIAN_POINT('Origin',(2.22651891224985,0.185543242687456,0.001));
#11156=CARTESIAN_POINT('',(3.14745481249999,-10.8656875603162,0.));
#11157=CARTESIAN_POINT('',(2.22651891224985,0.185543242687456,0.));
#11158=CARTESIAN_POINT('',(3.14745481249999,-10.8656875603162,0.001));
#11159=CARTESIAN_POINT('',(3.14745481249999,-10.8656875603162,0.001));
#11160=CARTESIAN_POINT('',(2.22651891224985,0.185543242687456,0.001));
#11161=CARTESIAN_POINT('Origin',(3.14745481249999,0.,0.001));
#11162=CARTESIAN_POINT('',(3.14745481249999,0.,0.));
#11163=CARTESIAN_POINT('',(3.14745481249999,0.,0.001));
#11164=CARTESIAN_POINT('Ctrl Pts',(3.1499871171875,-10.8994516228162,0.001));
#11165=CARTESIAN_POINT('Ctrl Pts',(3.1499871171875,-10.8994516228162,-0.0002));
#11166=CARTESIAN_POINT('Ctrl Pts',(3.16940145312499,-10.8994516228162,0.001));
#11167=CARTESIAN_POINT('Ctrl Pts',(3.16940145312499,-10.8994516228162,-0.0002));
#11168=CARTESIAN_POINT('Ctrl Pts',(3.19388039843749,-10.9019839275037,0.001));
#11169=CARTESIAN_POINT('Ctrl Pts',(3.19388039843749,-10.9019839275037,-0.0002));
#11170=CARTESIAN_POINT('Ctrl Pts',(3.2090742265625,-10.8918547087537,0.001));
#11171=CARTESIAN_POINT('Ctrl Pts',(3.2090742265625,-10.8918547087537,-0.0002));
#11172=CARTESIAN_POINT('Ctrl Pts',(3.1499871171875,-10.8994516228162,0.));
#11173=CARTESIAN_POINT('Ctrl Pts',(3.16940145312499,-10.8994516228162,0.));
#11174=CARTESIAN_POINT('Ctrl Pts',(3.19388039843749,-10.9019839275037,0.));
#11175=CARTESIAN_POINT('Ctrl Pts',(3.2090742265625,-10.8918547087537,0.));
#11176=CARTESIAN_POINT('Ctrl Pts',(3.1499871171875,-10.8994516228162,0.001));
#11177=CARTESIAN_POINT('Ctrl Pts',(3.16940145312499,-10.8994516228162,0.001));
#11178=CARTESIAN_POINT('Ctrl Pts',(3.19388039843749,-10.9019839275037,0.001));
#11179=CARTESIAN_POINT('Ctrl Pts',(3.2090742265625,-10.8918547087537,0.001));
#11180=CARTESIAN_POINT('Origin',(0.,0.,0.001));
#11181=CARTESIAN_POINT('Origin',(0.,0.,0.));
#11182=CARTESIAN_POINT('Origin',(-0.197713941948152,-10.874266805968,0.001));
#11183=CARTESIAN_POINT('',(2.81234649218749,-10.9289951775036,0.));
#11184=CARTESIAN_POINT('',(2.85877207812499,-10.9298392790662,0.));
#11185=CARTESIAN_POINT('',(-0.197713941948152,-10.874266805968,0.));
#11186=CARTESIAN_POINT('',(2.85877207812499,-10.9298392790662,0.001));
#11187=CARTESIAN_POINT('',(2.85877207812499,-10.9298392790662,0.001));
#11188=CARTESIAN_POINT('',(2.81234649218749,-10.9289951775036,0.001));
#11189=CARTESIAN_POINT('',(-0.197713941948152,-10.874266805968,0.001));
#11190=CARTESIAN_POINT('',(2.81234649218749,-10.9289951775036,0.001));
#11191=CARTESIAN_POINT('Ctrl Pts',(2.85877207812499,-10.9298392790662,0.001));
#11192=CARTESIAN_POINT('Ctrl Pts',(2.85877207812499,-10.9298392790662,-0.0002));
#11193=CARTESIAN_POINT('Ctrl Pts',(2.852019265625,-10.9019839275037,0.001));
#11194=CARTESIAN_POINT('Ctrl Pts',(2.852019265625,-10.9019839275037,-0.0002));
#11195=CARTESIAN_POINT('Ctrl Pts',(2.852019265625,-10.8884783025037,0.001));
#11196=CARTESIAN_POINT('Ctrl Pts',(2.852019265625,-10.8884783025037,-0.0002));
#11197=CARTESIAN_POINT('Ctrl Pts',(2.830072625,-10.8783490837537,0.001));
#11198=CARTESIAN_POINT('Ctrl Pts',(2.830072625,-10.8783490837537,-0.0002));
#11199=CARTESIAN_POINT('',(2.830072625,-10.8783490837537,0.));
#11200=CARTESIAN_POINT('Ctrl Pts',(2.85877207812499,-10.9298392790662,0.));
#11201=CARTESIAN_POINT('Ctrl Pts',(2.852019265625,-10.9019839275037,0.));
#11202=CARTESIAN_POINT('Ctrl Pts',(2.852019265625,-10.8884783025037,0.));
#11203=CARTESIAN_POINT('Ctrl Pts',(2.830072625,-10.8783490837537,0.));
#11204=CARTESIAN_POINT('',(2.830072625,-10.8783490837537,0.001));
#11205=CARTESIAN_POINT('',(2.830072625,-10.8783490837537,0.001));
#11206=CARTESIAN_POINT('Ctrl Pts',(2.85877207812499,-10.9298392790662,0.001));
#11207=CARTESIAN_POINT('Ctrl Pts',(2.852019265625,-10.9019839275037,0.001));
#11208=CARTESIAN_POINT('Ctrl Pts',(2.852019265625,-10.8884783025037,0.001));
#11209=CARTESIAN_POINT('Ctrl Pts',(2.830072625,-10.8783490837537,0.001));
#11210=CARTESIAN_POINT('Ctrl Pts',(2.830072625,-10.8783490837537,0.001));
#11211=CARTESIAN_POINT('Ctrl Pts',(2.830072625,-10.8783490837537,-0.0002));
#11212=CARTESIAN_POINT('Ctrl Pts',(2.865524890625,-10.8656875603162,0.001));
#11213=CARTESIAN_POINT('Ctrl Pts',(2.865524890625,-10.8656875603162,-0.0002));
#11214=CARTESIAN_POINT('Ctrl Pts',(2.8638366875,-10.8352999040662,0.001));
#11215=CARTESIAN_POINT('Ctrl Pts',(2.8638366875,-10.8352999040662,-0.0002));
#11216=CARTESIAN_POINT('Ctrl Pts',(2.83344903125,-10.8277029900037,0.001));
#11217=CARTESIAN_POINT('Ctrl Pts',(2.83344903125,-10.8277029900037,-0.0002));
#11218=CARTESIAN_POINT('',(2.83344903125,-10.8277029900037,0.));
#11219=CARTESIAN_POINT('Ctrl Pts',(2.830072625,-10.8783490837537,0.));
#11220=CARTESIAN_POINT('Ctrl Pts',(2.865524890625,-10.8656875603162,0.));
#11221=CARTESIAN_POINT('Ctrl Pts',(2.8638366875,-10.8352999040662,0.));
#11222=CARTESIAN_POINT('Ctrl Pts',(2.83344903125,-10.8277029900037,0.));
#11223=CARTESIAN_POINT('',(2.83344903125,-10.8277029900037,0.001));
#11224=CARTESIAN_POINT('',(2.83344903125,-10.8277029900037,0.001));
#11225=CARTESIAN_POINT('Ctrl Pts',(2.830072625,-10.8783490837537,0.001));
#11226=CARTESIAN_POINT('Ctrl Pts',(2.865524890625,-10.8656875603162,0.001));
#11227=CARTESIAN_POINT('Ctrl Pts',(2.8638366875,-10.8352999040662,0.001));
#11228=CARTESIAN_POINT('Ctrl Pts',(2.83344903125,-10.8277029900037,0.001));
#11229=CARTESIAN_POINT('Ctrl Pts',(2.83344903125,-10.8277029900037,0.001));
#11230=CARTESIAN_POINT('Ctrl Pts',(2.83344903125,-10.8277029900037,-0.0002));
#11231=CARTESIAN_POINT('Ctrl Pts',(2.818255203125,-10.8234824821912,0.001));
#11232=CARTESIAN_POINT('Ctrl Pts',(2.818255203125,-10.8234824821912,-0.0002));
#11233=CARTESIAN_POINT('Ctrl Pts',(2.7549475859375,-10.8234824821912,0.001));
#11234=CARTESIAN_POINT('Ctrl Pts',(2.7549475859375,-10.8234824821912,-0.0002));
#11235=CARTESIAN_POINT('Ctrl Pts',(2.7380655546875,-10.8260147868787,0.001));
#11236=CARTESIAN_POINT('Ctrl Pts',(2.7380655546875,-10.8260147868787,-0.0002));
#11237=CARTESIAN_POINT('',(2.7380655546875,-10.8260147868787,0.));
#11238=CARTESIAN_POINT('Ctrl Pts',(2.83344903125,-10.8277029900037,0.));
#11239=CARTESIAN_POINT('Ctrl Pts',(2.818255203125,-10.8234824821912,0.));
#11240=CARTESIAN_POINT('Ctrl Pts',(2.7549475859375,-10.8234824821912,0.));
#11241=CARTESIAN_POINT('Ctrl Pts',(2.7380655546875,-10.8260147868787,0.));
#11242=CARTESIAN_POINT('',(2.7380655546875,-10.8260147868787,0.001));
#11243=CARTESIAN_POINT('',(2.7380655546875,-10.8260147868787,0.001));
#11244=CARTESIAN_POINT('Ctrl Pts',(2.83344903125,-10.8277029900037,0.001));
#11245=CARTESIAN_POINT('Ctrl Pts',(2.818255203125,-10.8234824821912,0.001));
#11246=CARTESIAN_POINT('Ctrl Pts',(2.7549475859375,-10.8234824821912,0.001));
#11247=CARTESIAN_POINT('Ctrl Pts',(2.7380655546875,-10.8260147868787,0.001));
#11248=CARTESIAN_POINT('Origin',(2.7380655546875,0.,0.001));
#11249=CARTESIAN_POINT('',(2.7380655546875,-10.9289951775036,0.));
#11250=CARTESIAN_POINT('',(2.7380655546875,0.,0.));
#11251=CARTESIAN_POINT('',(2.7380655546875,-10.9289951775036,0.001));
#11252=CARTESIAN_POINT('',(2.7380655546875,-10.9289951775036,0.001));
#11253=CARTESIAN_POINT('',(2.7380655546875,0.,0.001));
#11254=CARTESIAN_POINT('Origin',(-0.201380759031153,-10.8745609865029,0.001));
#11255=CARTESIAN_POINT('',(2.7836470390625,-10.9298392790662,0.));
#11256=CARTESIAN_POINT('',(-0.201380759031153,-10.8745609865029,0.));
#11257=CARTESIAN_POINT('',(2.7836470390625,-10.9298392790662,0.001));
#11258=CARTESIAN_POINT('',(2.7836470390625,-10.9298392790662,0.001));
#11259=CARTESIAN_POINT('',(-0.201380759031153,-10.8745609865029,0.001));
#11260=CARTESIAN_POINT('Origin',(2.7836470390625,0.,0.001));
#11261=CARTESIAN_POINT('',(2.7836470390625,-10.8935429118787,0.));
#11262=CARTESIAN_POINT('',(2.7836470390625,0.,0.));
#11263=CARTESIAN_POINT('',(2.7836470390625,-10.8935429118787,0.001));
#11264=CARTESIAN_POINT('',(2.7836470390625,-10.8935429118787,0.001));
#11265=CARTESIAN_POINT('',(2.7836470390625,0.,0.001));
#11266=CARTESIAN_POINT('Origin',(-0.848239359977738,-10.6029919999621,0.001));
#11267=CARTESIAN_POINT('',(2.80474957812499,-10.8952311150037,0.));
#11268=CARTESIAN_POINT('',(-0.848239359977738,-10.6029919999621,0.));
#11269=CARTESIAN_POINT('',(2.80474957812499,-10.8952311150037,0.001));
#11270=CARTESIAN_POINT('',(2.80474957812499,-10.8952311150037,0.001));
#11271=CARTESIAN_POINT('',(-0.848239359977738,-10.6029919999621,0.001));
#11272=CARTESIAN_POINT('Ctrl Pts',(2.79124395312499,-10.8462732243787,0.001));
#11273=CARTESIAN_POINT('Ctrl Pts',(2.79124395312499,-10.8462732243787,-0.0002));
#11274=CARTESIAN_POINT('Ctrl Pts',(2.80643778125,-10.8462732243787,0.001));
#11275=CARTESIAN_POINT('Ctrl Pts',(2.80643778125,-10.8462732243787,-0.0002));
#11276=CARTESIAN_POINT('Ctrl Pts',(2.811502390625,-10.8488055290662,0.001));
#11277=CARTESIAN_POINT('Ctrl Pts',(2.811502390625,-10.8488055290662,-0.0002));
#11278=CARTESIAN_POINT('Ctrl Pts',(2.80812598437499,-10.8648434587537,0.001));
#11279=CARTESIAN_POINT('Ctrl Pts',(2.80812598437499,-10.8648434587537,-0.0002));
#11280=CARTESIAN_POINT('',(2.79124395312499,-10.8462732243787,0.));
#11281=CARTESIAN_POINT('',(2.80812598437499,-10.8648434587537,0.));
#11282=CARTESIAN_POINT('Ctrl Pts',(2.79124395312499,-10.8462732243787,0.));
#11283=CARTESIAN_POINT('Ctrl Pts',(2.80643778125,-10.8462732243787,0.));
#11284=CARTESIAN_POINT('Ctrl Pts',(2.811502390625,-10.8488055290662,0.));
#11285=CARTESIAN_POINT('Ctrl Pts',(2.80812598437499,-10.8648434587537,0.));
#11286=CARTESIAN_POINT('',(2.80812598437499,-10.8648434587537,0.001));
#11287=CARTESIAN_POINT('',(2.80812598437499,-10.8648434587537,0.001));
#11288=CARTESIAN_POINT('',(2.79124395312499,-10.8462732243787,0.001));
#11289=CARTESIAN_POINT('Ctrl Pts',(2.79124395312499,-10.8462732243787,0.001));
#11290=CARTESIAN_POINT('Ctrl Pts',(2.80643778125,-10.8462732243787,0.001));
#11291=CARTESIAN_POINT('Ctrl Pts',(2.811502390625,-10.8488055290662,0.001));
#11292=CARTESIAN_POINT('Ctrl Pts',(2.80812598437499,-10.8648434587537,0.001));
#11293=CARTESIAN_POINT('',(2.79124395312499,-10.8462732243787,0.001));
#11294=CARTESIAN_POINT('Ctrl Pts',(2.80812598437499,-10.8648434587537,0.001));
#11295=CARTESIAN_POINT('Ctrl Pts',(2.80812598437499,-10.8648434587537,-0.0002));
#11296=CARTESIAN_POINT('Ctrl Pts',(2.801373171875,-10.8699080681287,0.001));
#11297=CARTESIAN_POINT('Ctrl Pts',(2.801373171875,-10.8699080681287,-0.0002));
#11298=CARTESIAN_POINT('Ctrl Pts',(2.79124395312499,-10.8699080681287,0.001));
#11299=CARTESIAN_POINT('Ctrl Pts',(2.79124395312499,-10.8699080681287,-0.0002));
#11300=CARTESIAN_POINT('Ctrl Pts',(2.781114734375,-10.8699080681287,0.001));
#11301=CARTESIAN_POINT('Ctrl Pts',(2.781114734375,-10.8699080681287,-0.0002));
#11302=CARTESIAN_POINT('',(2.781114734375,-10.8699080681287,0.));
#11303=CARTESIAN_POINT('Ctrl Pts',(2.80812598437499,-10.8648434587537,0.));
#11304=CARTESIAN_POINT('Ctrl Pts',(2.801373171875,-10.8699080681287,0.));
#11305=CARTESIAN_POINT('Ctrl Pts',(2.79124395312499,-10.8699080681287,0.));
#11306=CARTESIAN_POINT('Ctrl Pts',(2.781114734375,-10.8699080681287,0.));
#11307=CARTESIAN_POINT('',(2.781114734375,-10.8699080681287,0.001));
#11308=CARTESIAN_POINT('',(2.781114734375,-10.8699080681287,0.001));
#11309=CARTESIAN_POINT('Ctrl Pts',(2.80812598437499,-10.8648434587537,0.001));
#11310=CARTESIAN_POINT('Ctrl Pts',(2.801373171875,-10.8699080681287,0.001));
#11311=CARTESIAN_POINT('Ctrl Pts',(2.79124395312499,-10.8699080681287,0.001));
#11312=CARTESIAN_POINT('Ctrl Pts',(2.781114734375,-10.8699080681287,0.001));
#11313=CARTESIAN_POINT('Origin',(2.781114734375,0.,0.001));
#11314=CARTESIAN_POINT('',(2.781114734375,-10.8462732243787,0.));
#11315=CARTESIAN_POINT('',(2.781114734375,0.,0.));
#11316=CARTESIAN_POINT('',(2.781114734375,-10.8462732243787,0.001));
#11317=CARTESIAN_POINT('',(2.781114734375,-10.8462732243787,0.001));
#11318=CARTESIAN_POINT('',(2.781114734375,0.,0.001));
#11319=CARTESIAN_POINT('Origin',(0.,-10.8462732243787,0.001));
#11320=CARTESIAN_POINT('',(0.,-10.8462732243787,0.));
#11321=CARTESIAN_POINT('',(0.,-10.8462732243787,0.001));
#11322=CARTESIAN_POINT('Ctrl Pts',(2.80474957812499,-10.8952311150037,0.001));
#11323=CARTESIAN_POINT('Ctrl Pts',(2.80474957812499,-10.8952311150037,-0.0002));
#11324=CARTESIAN_POINT('Ctrl Pts',(2.80897008593749,-10.9053603337537,0.001));
#11325=CARTESIAN_POINT('Ctrl Pts',(2.80897008593749,-10.9053603337537,-0.0002));
#11326=CARTESIAN_POINT('Ctrl Pts',(2.8106582890625,-10.9154895525037,0.001));
#11327=CARTESIAN_POINT('Ctrl Pts',(2.8106582890625,-10.9154895525037,-0.0002));
#11328=CARTESIAN_POINT('Ctrl Pts',(2.81234649218749,-10.9289951775036,0.001));
#11329=CARTESIAN_POINT('Ctrl Pts',(2.81234649218749,-10.9289951775036,-0.0002));
#11330=CARTESIAN_POINT('Ctrl Pts',(2.80474957812499,-10.8952311150037,0.));
#11331=CARTESIAN_POINT('Ctrl Pts',(2.80897008593749,-10.9053603337537,0.));
#11332=CARTESIAN_POINT('Ctrl Pts',(2.8106582890625,-10.9154895525037,0.));
#11333=CARTESIAN_POINT('Ctrl Pts',(2.81234649218749,-10.9289951775036,0.));
#11334=CARTESIAN_POINT('Ctrl Pts',(2.80474957812499,-10.8952311150037,0.001));
#11335=CARTESIAN_POINT('Ctrl Pts',(2.80897008593749,-10.9053603337537,0.001));
#11336=CARTESIAN_POINT('Ctrl Pts',(2.8106582890625,-10.9154895525037,0.001));
#11337=CARTESIAN_POINT('Ctrl Pts',(2.81234649218749,-10.9289951775036,0.001));
#11338=CARTESIAN_POINT('Origin',(0.,0.,0.001));
#11339=CARTESIAN_POINT('Origin',(0.,0.,0.));
#11340=CARTESIAN_POINT('Ctrl Pts',(2.4949643046875,-10.8682198650037,0.001));
#11341=CARTESIAN_POINT('Ctrl Pts',(2.4949643046875,-10.8682198650037,-0.0002));
#11342=CARTESIAN_POINT('Ctrl Pts',(2.49074379687501,-10.8336117009412,0.001));
#11343=CARTESIAN_POINT('Ctrl Pts',(2.49074379687501,-10.8336117009412,-0.0002));
#11344=CARTESIAN_POINT('Ctrl Pts',(2.45360332812502,-10.8217942790663,0.001));
#11345=CARTESIAN_POINT('Ctrl Pts',(2.45360332812502,-10.8217942790663,-0.0002));
#11346=CARTESIAN_POINT('Ctrl Pts',(2.41730696093751,-10.8251706853162,0.001));
#11347=CARTESIAN_POINT('Ctrl Pts',(2.41730696093751,-10.8251706853162,-0.0002));
#11348=CARTESIAN_POINT('',(2.4949643046875,-10.8682198650037,0.));
#11349=CARTESIAN_POINT('',(2.41730696093751,-10.8251706853162,0.));
#11350=CARTESIAN_POINT('Ctrl Pts',(2.4949643046875,-10.8682198650037,0.));
#11351=CARTESIAN_POINT('Ctrl Pts',(2.49074379687501,-10.8336117009412,0.));
#11352=CARTESIAN_POINT('Ctrl Pts',(2.45360332812502,-10.8217942790663,0.));
#11353=CARTESIAN_POINT('Ctrl Pts',(2.41730696093751,-10.8251706853162,0.));
#11354=CARTESIAN_POINT('',(2.41730696093751,-10.8251706853162,0.001));
#11355=CARTESIAN_POINT('',(2.41730696093751,-10.8251706853162,0.001));
#11356=CARTESIAN_POINT('',(2.4949643046875,-10.8682198650037,0.001));
#11357=CARTESIAN_POINT('Ctrl Pts',(2.4949643046875,-10.8682198650037,0.001));
#11358=CARTESIAN_POINT('Ctrl Pts',(2.49074379687501,-10.8336117009412,0.001));
#11359=CARTESIAN_POINT('Ctrl Pts',(2.45360332812502,-10.8217942790663,0.001));
#11360=CARTESIAN_POINT('Ctrl Pts',(2.41730696093751,-10.8251706853162,0.001));
#11361=CARTESIAN_POINT('',(2.4949643046875,-10.8682198650037,0.001));
#11362=CARTESIAN_POINT('Ctrl Pts',(2.41730696093751,-10.8251706853162,0.001));
#11363=CARTESIAN_POINT('Ctrl Pts',(2.41730696093751,-10.8251706853162,-0.0002));
#11364=CARTESIAN_POINT('Ctrl Pts',(2.38185469531252,-10.8293911931287,0.001));
#11365=CARTESIAN_POINT('Ctrl Pts',(2.38185469531252,-10.8293911931287,-0.0002));
#11366=CARTESIAN_POINT('Ctrl Pts',(2.35821985156251,-10.8488055290662,0.001));
#11367=CARTESIAN_POINT('Ctrl Pts',(2.35821985156251,-10.8488055290662,-0.0002));
#11368=CARTESIAN_POINT('Ctrl Pts',(2.3641285625,-10.8901665056286,0.001));
#11369=CARTESIAN_POINT('Ctrl Pts',(2.3641285625,-10.8901665056286,-0.0002));
#11370=CARTESIAN_POINT('',(2.3641285625,-10.8901665056286,0.));
#11371=CARTESIAN_POINT('Ctrl Pts',(2.41730696093751,-10.8251706853162,0.));
#11372=CARTESIAN_POINT('Ctrl Pts',(2.41174859108938,-10.8258323960124,0.));
#11373=CARTESIAN_POINT('Ctrl Pts',(2.4061744105024,-10.8269040567649,0.));
#11374=CARTESIAN_POINT('Ctrl Pts',(2.39592527034608,-10.8300085969473,0.));
#11375=CARTESIAN_POINT('Ctrl Pts',(2.39115156562708,-10.8319696536926,0.));
#11376=CARTESIAN_POINT('Ctrl Pts',(2.38177564253277,-10.8374245076176,0.));
#11377=CARTESIAN_POINT('Ctrl Pts',(2.37735639844249,-10.8410233373571,0.));
#11378=CARTESIAN_POINT('Ctrl Pts',(2.37000660023932,-10.8499976318047,0.));
#11379=CARTESIAN_POINT('Ctrl Pts',(2.36734457968801,-10.8551278099202,-1.35525271560688E-19));
#11380=CARTESIAN_POINT('Ctrl Pts',(2.36429267766934,-10.8651241198953,-1.35525271560688E-19));
#11381=CARTESIAN_POINT('Ctrl Pts',(2.36357408113301,-10.8696688938449,0.));
#11382=CARTESIAN_POINT('Ctrl Pts',(2.36303751629819,-10.8795465225817,0.));
#11383=CARTESIAN_POINT('Ctrl Pts',(2.36337802018396,-10.8849127094164,0.));
#11384=CARTESIAN_POINT('Ctrl Pts',(2.3641285625,-10.8901665056286,0.));
#11385=CARTESIAN_POINT('',(2.3641285625,-10.8901665056286,0.001));
#11386=CARTESIAN_POINT('',(2.3641285625,-10.8901665056286,0.001));
#11387=CARTESIAN_POINT('Ctrl Pts',(2.41730696093751,-10.8251706853162,0.001));
#11388=CARTESIAN_POINT('Ctrl Pts',(2.38185469531252,-10.8293911931287,0.001));
#11389=CARTESIAN_POINT('Ctrl Pts',(2.35821985156251,-10.8488055290662,0.001));
#11390=CARTESIAN_POINT('Ctrl Pts',(2.3641285625,-10.8901665056286,0.001));
#11391=CARTESIAN_POINT('Ctrl Pts',(2.41139824999999,-10.8766608806287,0.001));
#11392=CARTESIAN_POINT('Ctrl Pts',(2.41139824999999,-10.8766608806287,-0.0002));
#11393=CARTESIAN_POINT('Ctrl Pts',(2.4122423515625,-10.8606229509412,0.001));
#11394=CARTESIAN_POINT('Ctrl Pts',(2.4122423515625,-10.8606229509412,-0.0002));
#11395=CARTESIAN_POINT('Ctrl Pts',(2.413086453125,-10.8462732243787,0.001));
#11396=CARTESIAN_POINT('Ctrl Pts',(2.413086453125,-10.8462732243787,-0.0002));
#11397=CARTESIAN_POINT('Ctrl Pts',(2.42996848437499,-10.8462732243787,0.001));
#11398=CARTESIAN_POINT('Ctrl Pts',(2.42996848437499,-10.8462732243787,-0.0002));
#11399=CARTESIAN_POINT('',(2.41139824999999,-10.8766608806287,0.));
#11400=CARTESIAN_POINT('',(2.42996848437499,-10.8462732243787,0.));
#11401=CARTESIAN_POINT('Ctrl Pts',(2.41139824999999,-10.8766608806287,0.));
#11402=CARTESIAN_POINT('Ctrl Pts',(2.4122423515625,-10.8606229509412,0.));
#11403=CARTESIAN_POINT('Ctrl Pts',(2.413086453125,-10.8462732243787,0.));
#11404=CARTESIAN_POINT('Ctrl Pts',(2.42996848437499,-10.8462732243787,0.));
#11405=CARTESIAN_POINT('',(2.42996848437499,-10.8462732243787,0.001));
#11406=CARTESIAN_POINT('',(2.42996848437499,-10.8462732243787,0.001));
#11407=CARTESIAN_POINT('',(2.41139824999999,-10.8766608806287,0.001));
#11408=CARTESIAN_POINT('Ctrl Pts',(2.41139824999999,-10.8766608806287,0.001));
#11409=CARTESIAN_POINT('Ctrl Pts',(2.4122423515625,-10.8606229509412,0.001));
#11410=CARTESIAN_POINT('Ctrl Pts',(2.413086453125,-10.8462732243787,0.001));
#11411=CARTESIAN_POINT('Ctrl Pts',(2.42996848437499,-10.8462732243787,0.001));
#11412=CARTESIAN_POINT('',(2.41139824999999,-10.8766608806287,0.001));
#11413=CARTESIAN_POINT('Ctrl Pts',(2.42996848437499,-10.8462732243787,0.001));
#11414=CARTESIAN_POINT('Ctrl Pts',(2.42996848437499,-10.8462732243787,-0.0002));
#11415=CARTESIAN_POINT('Ctrl Pts',(2.4460064140625,-10.8462732243787,0.001));
#11416=CARTESIAN_POINT('Ctrl Pts',(2.4460064140625,-10.8462732243787,-0.0002));
#11417=CARTESIAN_POINT('Ctrl Pts',(2.44685051562499,-10.8606229509412,0.001));
#11418=CARTESIAN_POINT('Ctrl Pts',(2.44685051562499,-10.8606229509412,-0.0002));
#11419=CARTESIAN_POINT('Ctrl Pts',(2.44685051562499,-10.8766608806287,0.001));
#11420=CARTESIAN_POINT('Ctrl Pts',(2.44685051562499,-10.8766608806287,-0.0002));
#11421=CARTESIAN_POINT('',(2.44685051562499,-10.8766608806287,0.));
#11422=CARTESIAN_POINT('Ctrl Pts',(2.42996848437499,-10.8462732243787,0.));
#11423=CARTESIAN_POINT('Ctrl Pts',(2.4460064140625,-10.8462732243787,0.));
#11424=CARTESIAN_POINT('Ctrl Pts',(2.44685051562499,-10.8606229509412,0.));
#11425=CARTESIAN_POINT('Ctrl Pts',(2.44685051562499,-10.8766608806287,0.));
#11426=CARTESIAN_POINT('',(2.44685051562499,-10.8766608806287,0.001));
#11427=CARTESIAN_POINT('',(2.44685051562499,-10.8766608806287,0.001));
#11428=CARTESIAN_POINT('Ctrl Pts',(2.42996848437499,-10.8462732243787,0.001));
#11429=CARTESIAN_POINT('Ctrl Pts',(2.4460064140625,-10.8462732243787,0.001));
#11430=CARTESIAN_POINT('Ctrl Pts',(2.44685051562499,-10.8606229509412,0.001));
#11431=CARTESIAN_POINT('Ctrl Pts',(2.44685051562499,-10.8766608806287,0.001));
#11432=CARTESIAN_POINT('Ctrl Pts',(2.44685051562499,-10.8766608806287,0.001));
#11433=CARTESIAN_POINT('Ctrl Pts',(2.44685051562499,-10.8766608806287,-0.0002));
#11434=CARTESIAN_POINT('Ctrl Pts',(2.44685051562499,-10.9180218571912,0.001));
#11435=CARTESIAN_POINT('Ctrl Pts',(2.44685051562499,-10.9180218571912,-0.0002));
#11436=CARTESIAN_POINT('Ctrl Pts',(2.4105541484375,-10.9146454509412,0.001));
#11437=CARTESIAN_POINT('Ctrl Pts',(2.4105541484375,-10.9146454509412,-0.0002));
#11438=CARTESIAN_POINT('Ctrl Pts',(2.41139824999999,-10.8766608806287,0.001));
#11439=CARTESIAN_POINT('Ctrl Pts',(2.41139824999999,-10.8766608806287,-0.0002));
#11440=CARTESIAN_POINT('Ctrl Pts',(2.44685051562499,-10.8766608806287,0.));
#11441=CARTESIAN_POINT('Ctrl Pts',(2.44685051562499,-10.9180218571912,0.));
#11442=CARTESIAN_POINT('Ctrl Pts',(2.4105541484375,-10.9146454509412,0.));
#11443=CARTESIAN_POINT('Ctrl Pts',(2.41139824999999,-10.8766608806287,0.));
#11444=CARTESIAN_POINT('Ctrl Pts',(2.44685051562499,-10.8766608806287,0.001));
#11445=CARTESIAN_POINT('Ctrl Pts',(2.44685051562499,-10.9180218571912,0.001));
#11446=CARTESIAN_POINT('Ctrl Pts',(2.4105541484375,-10.9146454509412,0.001));
#11447=CARTESIAN_POINT('Ctrl Pts',(2.41139824999999,-10.8766608806287,0.001));
#11448=CARTESIAN_POINT('Ctrl Pts',(2.3641285625,-10.8901665056286,0.001));
#11449=CARTESIAN_POINT('Ctrl Pts',(2.3641285625,-10.8901665056286,-0.0002));
#11450=CARTESIAN_POINT('Ctrl Pts',(2.3734136796875,-10.9509418181287,0.001));
#11451=CARTESIAN_POINT('Ctrl Pts',(2.3734136796875,-10.9509418181287,-0.0002));
#11452=CARTESIAN_POINT('Ctrl Pts',(2.5050935234375,-10.9492536150037,0.001));
#11453=CARTESIAN_POINT('Ctrl Pts',(2.5050935234375,-10.9492536150037,-0.0002));
#11454=CARTESIAN_POINT('Ctrl Pts',(2.4949643046875,-10.8682198650037,0.001));
#11455=CARTESIAN_POINT('Ctrl Pts',(2.4949643046875,-10.8682198650037,-0.0002));
#11456=CARTESIAN_POINT('Ctrl Pts',(2.3641285625,-10.8901665056286,0.));
#11457=CARTESIAN_POINT('Ctrl Pts',(2.3734136796875,-10.9509418181287,0.));
#11458=CARTESIAN_POINT('Ctrl Pts',(2.5050935234375,-10.9492536150037,0.));
#11459=CARTESIAN_POINT('Ctrl Pts',(2.4949643046875,-10.8682198650037,0.));
#11460=CARTESIAN_POINT('Ctrl Pts',(2.3641285625,-10.8901665056286,0.001));
#11461=CARTESIAN_POINT('Ctrl Pts',(2.3734136796875,-10.9509418181287,0.001));
#11462=CARTESIAN_POINT('Ctrl Pts',(2.5050935234375,-10.9492536150037,0.001));
#11463=CARTESIAN_POINT('Ctrl Pts',(2.4949643046875,-10.8682198650037,0.001));
#11464=CARTESIAN_POINT('Origin',(0.,0.,0.001));
#11465=CARTESIAN_POINT('Origin',(0.,0.,0.));
#11466=CARTESIAN_POINT('Ctrl Pts',(1.6896914140625,-10.8699080681287,0.001));
#11467=CARTESIAN_POINT('Ctrl Pts',(1.6896914140625,-10.8699080681287,-0.0002));
#11468=CARTESIAN_POINT('Ctrl Pts',(1.69137961718749,-10.8715962712537,0.001));
#11469=CARTESIAN_POINT('Ctrl Pts',(1.69137961718749,-10.8715962712537,-0.0002));
#11470=CARTESIAN_POINT('Ctrl Pts',(1.69137961718749,-10.8724403728162,0.001));
#11471=CARTESIAN_POINT('Ctrl Pts',(1.69137961718749,-10.8724403728162,-0.0002));
#11472=CARTESIAN_POINT('Ctrl Pts',(1.69222371874999,-10.8741285759412,0.001));
#11473=CARTESIAN_POINT('Ctrl Pts',(1.69222371874999,-10.8741285759412,-0.0002));
#11474=CARTESIAN_POINT('',(1.6896914140625,-10.8699080681287,0.));
#11475=CARTESIAN_POINT('',(1.69222371874999,-10.8741285759412,0.));
#11476=CARTESIAN_POINT('Ctrl Pts',(1.6896914140625,-10.8699080681287,0.));
#11477=CARTESIAN_POINT('Ctrl Pts',(1.69137961718749,-10.8715962712537,0.));
#11478=CARTESIAN_POINT('Ctrl Pts',(1.69137961718749,-10.8724403728162,0.));
#11479=CARTESIAN_POINT('Ctrl Pts',(1.69222371874999,-10.8741285759412,0.));
#11480=CARTESIAN_POINT('',(1.69222371874999,-10.8741285759412,0.001));
#11481=CARTESIAN_POINT('',(1.69222371874999,-10.8741285759412,0.001));
#11482=CARTESIAN_POINT('',(1.6896914140625,-10.8699080681287,0.001));
#11483=CARTESIAN_POINT('Ctrl Pts',(1.6896914140625,-10.8699080681287,0.001));
#11484=CARTESIAN_POINT('Ctrl Pts',(1.69137961718749,-10.8715962712537,0.001));
#11485=CARTESIAN_POINT('Ctrl Pts',(1.69137961718749,-10.8724403728162,0.001));
#11486=CARTESIAN_POINT('Ctrl Pts',(1.69222371874999,-10.8741285759412,0.001));
#11487=CARTESIAN_POINT('',(1.6896914140625,-10.8699080681287,0.001));
#11488=CARTESIAN_POINT('Ctrl Pts',(1.69222371874999,-10.8741285759412,0.001));
#11489=CARTESIAN_POINT('Ctrl Pts',(1.69222371874999,-10.8741285759412,-0.0002));
#11490=CARTESIAN_POINT('Ctrl Pts',(1.717546765625,-10.9365920915661,0.001));
#11491=CARTESIAN_POINT('Ctrl Pts',(1.717546765625,-10.9365920915661,-0.0002));
#11492=CARTESIAN_POINT('Ctrl Pts',(1.67956219531251,-10.9298392790662,0.001));
#11493=CARTESIAN_POINT('Ctrl Pts',(1.67956219531251,-10.9298392790662,-0.0002));
#11494=CARTESIAN_POINT('Ctrl Pts',(1.7741015703125,-10.9289951775036,0.001));
#11495=CARTESIAN_POINT('Ctrl Pts',(1.7741015703125,-10.9289951775036,-0.0002));
#11496=CARTESIAN_POINT('',(1.7741015703125,-10.9289951775036,0.));
#11497=CARTESIAN_POINT('Ctrl Pts',(1.69222371874999,-10.8741285759412,0.));
#11498=CARTESIAN_POINT('Ctrl Pts',(1.717546765625,-10.9365920915661,0.));
#11499=CARTESIAN_POINT('Ctrl Pts',(1.67956219531251,-10.9298392790662,0.));
#11500=CARTESIAN_POINT('Ctrl Pts',(1.7741015703125,-10.9289951775036,0.));
#11501=CARTESIAN_POINT('',(1.7741015703125,-10.9289951775036,0.001));
#11502=CARTESIAN_POINT('',(1.7741015703125,-10.9289951775036,0.001));
#11503=CARTESIAN_POINT('Ctrl Pts',(1.69222371874999,-10.8741285759412,0.001));
#11504=CARTESIAN_POINT('Ctrl Pts',(1.717546765625,-10.9365920915661,0.001));
#11505=CARTESIAN_POINT('Ctrl Pts',(1.67956219531251,-10.9298392790662,0.001));
#11506=CARTESIAN_POINT('Ctrl Pts',(1.7741015703125,-10.9289951775036,0.001));
#11507=CARTESIAN_POINT('Origin',(1.7741015703125,0.,0.001));
#11508=CARTESIAN_POINT('',(1.7741015703125,-10.8260147868787,0.));
#11509=CARTESIAN_POINT('',(1.7741015703125,0.,0.));
#11510=CARTESIAN_POINT('',(1.7741015703125,-10.8260147868787,0.001));
#11511=CARTESIAN_POINT('',(1.7741015703125,-10.8260147868787,0.001));
#11512=CARTESIAN_POINT('',(1.7741015703125,0.,0.001));
#11513=CARTESIAN_POINT('Origin',(0.,-10.8260147868787,0.001));
#11514=CARTESIAN_POINT('',(1.73696110156251,-10.8260147868787,0.));
#11515=CARTESIAN_POINT('',(0.,-10.8260147868787,0.));
#11516=CARTESIAN_POINT('',(1.73696110156251,-10.8260147868787,0.001));
#11517=CARTESIAN_POINT('',(1.73696110156251,-10.8260147868787,0.001));
#11518=CARTESIAN_POINT('',(0.,-10.8260147868787,0.001));
#11519=CARTESIAN_POINT('Origin',(1.73696110156251,0.,0.001));
#11520=CARTESIAN_POINT('',(1.73696110156251,-10.8952311150037,0.));
#11521=CARTESIAN_POINT('',(1.73696110156251,0.,0.));
#11522=CARTESIAN_POINT('',(1.73696110156251,-10.8952311150037,0.001));
#11523=CARTESIAN_POINT('',(1.73696110156251,-10.8952311150037,0.001));
#11524=CARTESIAN_POINT('',(1.73696110156251,0.,0.001));
#11525=CARTESIAN_POINT('Origin',(-1.74046553924591,-0.587145001192157,0.001));
#11526=CARTESIAN_POINT('',(1.7133262578125,-10.8251706853162,0.));
#11527=CARTESIAN_POINT('',(-1.74046553924591,-0.587145001192157,0.));
#11528=CARTESIAN_POINT('',(1.7133262578125,-10.8251706853162,0.001));
#11529=CARTESIAN_POINT('',(1.7133262578125,-10.8251706853162,0.001));
#11530=CARTESIAN_POINT('',(-1.74046553924591,-0.587145001192157,0.001));
#11531=CARTESIAN_POINT('Origin',(0.,-10.8251706853162,0.001));
#11532=CARTESIAN_POINT('',(1.64833043749999,-10.8251706853162,0.));
#11533=CARTESIAN_POINT('',(0.,-10.8251706853162,0.));
#11534=CARTESIAN_POINT('',(1.64833043749999,-10.8251706853162,0.001));
#11535=CARTESIAN_POINT('',(1.64833043749999,-10.8251706853162,0.001));
#11536=CARTESIAN_POINT('',(0.,-10.8251706853162,0.001));
#11537=CARTESIAN_POINT('Origin',(1.64833043749999,0.,0.001));
#11538=CARTESIAN_POINT('',(1.64833043749999,-10.9298392790662,0.));
#11539=CARTESIAN_POINT('',(1.64833043749999,0.,0.));
#11540=CARTESIAN_POINT('',(1.64833043749999,-10.9298392790662,0.001));
#11541=CARTESIAN_POINT('',(1.64833043749999,-10.9298392790662,0.001));
#11542=CARTESIAN_POINT('',(1.64833043749999,0.,0.001));
#11543=CARTESIAN_POINT('Origin',(0.49918514346869,-10.9820731560688,0.001));
#11544=CARTESIAN_POINT('',(1.68547090624999,-10.9281510759412,0.));
#11545=CARTESIAN_POINT('',(0.49918514346869,-10.9820731560688,0.));
#11546=CARTESIAN_POINT('',(1.68547090624999,-10.9281510759412,0.001));
#11547=CARTESIAN_POINT('',(1.68547090624999,-10.9281510759412,0.001));
#11548=CARTESIAN_POINT('',(0.49918514346869,-10.9820731560688,0.001));
#11549=CARTESIAN_POINT('Origin',(1.68547090624999,0.,0.001));
#11550=CARTESIAN_POINT('',(1.68547090624999,-10.8639993571912,0.));
#11551=CARTESIAN_POINT('',(1.68547090624999,0.,0.));
#11552=CARTESIAN_POINT('',(1.68547090624999,-10.8639993571912,0.001));
#11553=CARTESIAN_POINT('',(1.68547090624999,-10.8639993571912,0.001));
#11554=CARTESIAN_POINT('',(1.68547090624999,0.,0.001));
#11555=CARTESIAN_POINT('Ctrl Pts',(1.68547090624999,-10.8639993571912,0.001));
#11556=CARTESIAN_POINT('Ctrl Pts',(1.68547090624999,-10.8639993571912,-0.0002));
#11557=CARTESIAN_POINT('Ctrl Pts',(1.6880032109375,-10.8673757634412,0.001));
#11558=CARTESIAN_POINT('Ctrl Pts',(1.6880032109375,-10.8673757634412,-0.0002));
#11559=CARTESIAN_POINT('Ctrl Pts',(1.687159109375,-10.8656875603162,0.001));
#11560=CARTESIAN_POINT('Ctrl Pts',(1.687159109375,-10.8656875603162,-0.0002));
#11561=CARTESIAN_POINT('Ctrl Pts',(1.6896914140625,-10.8699080681287,0.001));
#11562=CARTESIAN_POINT('Ctrl Pts',(1.6896914140625,-10.8699080681287,-0.0002));
#11563=CARTESIAN_POINT('Ctrl Pts',(1.68547090624999,-10.8639993571912,0.));
#11564=CARTESIAN_POINT('Ctrl Pts',(1.6880032109375,-10.8673757634412,0.));
#11565=CARTESIAN_POINT('Ctrl Pts',(1.687159109375,-10.8656875603162,0.));
#11566=CARTESIAN_POINT('Ctrl Pts',(1.6896914140625,-10.8699080681287,0.));
#11567=CARTESIAN_POINT('Ctrl Pts',(1.68547090624999,-10.8639993571912,0.001));
#11568=CARTESIAN_POINT('Ctrl Pts',(1.6880032109375,-10.8673757634412,0.001));
#11569=CARTESIAN_POINT('Ctrl Pts',(1.687159109375,-10.8656875603162,0.001));
#11570=CARTESIAN_POINT('Ctrl Pts',(1.6896914140625,-10.8699080681287,0.001));
#11571=CARTESIAN_POINT('Origin',(0.,0.,0.001));
#11572=CARTESIAN_POINT('Origin',(0.,0.,0.));
#11573=CARTESIAN_POINT('Origin',(0.,-10.8251706853162,0.001));
#11574=CARTESIAN_POINT('',(1.3976322734375,-10.8251706853162,0.));
#11575=CARTESIAN_POINT('',(1.3512066875,-10.8251706853162,0.));
#11576=CARTESIAN_POINT('',(0.,-10.8251706853162,0.));
#11577=CARTESIAN_POINT('',(1.3512066875,-10.8251706853162,0.001));
#11578=CARTESIAN_POINT('',(1.3512066875,-10.8251706853162,0.001));
#11579=CARTESIAN_POINT('',(1.3976322734375,-10.8251706853162,0.001));
#11580=CARTESIAN_POINT('',(0.,-10.8251706853162,0.001));
#11581=CARTESIAN_POINT('',(1.3976322734375,-10.8251706853162,0.001));
#11582=CARTESIAN_POINT('Origin',(1.3512066875,0.,0.001));
#11583=CARTESIAN_POINT('',(1.3512066875,-10.9289951775036,0.));
#11584=CARTESIAN_POINT('',(1.3512066875,0.,0.));
#11585=CARTESIAN_POINT('',(1.3512066875,-10.9289951775036,0.001));
#11586=CARTESIAN_POINT('',(1.3512066875,-10.9289951775036,0.001));
#11587=CARTESIAN_POINT('',(1.3512066875,0.,0.001));
#11588=CARTESIAN_POINT('Origin',(0.,-10.9289951775036,0.001));
#11589=CARTESIAN_POINT('',(1.3976322734375,-10.9289951775036,0.));
#11590=CARTESIAN_POINT('',(0.,-10.9289951775036,0.));
#11591=CARTESIAN_POINT('',(1.3976322734375,-10.9289951775036,0.001));
#11592=CARTESIAN_POINT('',(1.3976322734375,-10.9289951775036,0.001));
#11593=CARTESIAN_POINT('',(0.,-10.9289951775036,0.001));
#11594=CARTESIAN_POINT('Origin',(1.3976322734375,0.,0.001));
#11595=CARTESIAN_POINT('',(1.3976322734375,0.,0.));
#11596=CARTESIAN_POINT('',(1.3976322734375,0.,0.001));
#11597=CARTESIAN_POINT('Origin',(0.,0.,0.001));
#11598=CARTESIAN_POINT('Origin',(0.,0.,0.));
#11599=CARTESIAN_POINT('Origin',(2.12355961718749,-10.9264628728162,0.001));
#11600=CARTESIAN_POINT('',(2.12355961718749,-10.9264628728162,0.));
#11601=CARTESIAN_POINT('',(2.1210273125,-10.8960752165662,0.));
#11602=CARTESIAN_POINT('',(2.12355961718749,-10.9264628728162,0.));
#11603=CARTESIAN_POINT('',(2.1210273125,-10.8960752165662,0.001));
#11604=CARTESIAN_POINT('',(2.1210273125,-10.8960752165662,0.001));
#11605=CARTESIAN_POINT('',(2.12355961718749,-10.9264628728162,0.001));
#11606=CARTESIAN_POINT('',(2.12355961718749,-10.9264628728162,0.001));
#11607=CARTESIAN_POINT('',(2.12355961718749,-10.9264628728162,0.001));
#11608=CARTESIAN_POINT('Ctrl Pts',(2.1210273125,-10.8960752165662,0.001));
#11609=CARTESIAN_POINT('Ctrl Pts',(2.1210273125,-10.8960752165662,-0.0002));
#11610=CARTESIAN_POINT('Ctrl Pts',(2.0965483671875,-10.8994516228162,0.001));
#11611=CARTESIAN_POINT('Ctrl Pts',(2.0965483671875,-10.8994516228162,-0.0002));
#11612=CARTESIAN_POINT('Ctrl Pts',(2.065316609375,-10.9019839275037,0.001));
#11613=CARTESIAN_POINT('Ctrl Pts',(2.065316609375,-10.9019839275037,-0.0002));
#11614=CARTESIAN_POINT('Ctrl Pts',(2.0661607109375,-10.8715962712537,0.001));
#11615=CARTESIAN_POINT('Ctrl Pts',(2.0661607109375,-10.8715962712537,-0.0002));
#11616=CARTESIAN_POINT('',(2.0661607109375,-10.8715962712537,0.));
#11617=CARTESIAN_POINT('Ctrl Pts',(2.1210273125,-10.8960752165662,0.));
#11618=CARTESIAN_POINT('Ctrl Pts',(2.0965483671875,-10.8994516228162,0.));
#11619=CARTESIAN_POINT('Ctrl Pts',(2.065316609375,-10.9019839275037,0.));
#11620=CARTESIAN_POINT('Ctrl Pts',(2.0661607109375,-10.8715962712537,0.));
#11621=CARTESIAN_POINT('',(2.0661607109375,-10.8715962712537,0.001));
#11622=CARTESIAN_POINT('',(2.0661607109375,-10.8715962712537,0.001));
#11623=CARTESIAN_POINT('Ctrl Pts',(2.1210273125,-10.8960752165662,0.001));
#11624=CARTESIAN_POINT('Ctrl Pts',(2.0965483671875,-10.8994516228162,0.001));
#11625=CARTESIAN_POINT('Ctrl Pts',(2.065316609375,-10.9019839275037,0.001));
#11626=CARTESIAN_POINT('Ctrl Pts',(2.0661607109375,-10.8715962712537,0.001));
#11627=CARTESIAN_POINT('Ctrl Pts',(2.0661607109375,-10.8715962712537,0.001));
#11628=CARTESIAN_POINT('Ctrl Pts',(2.0661607109375,-10.8715962712537,-0.0002));
#11629=CARTESIAN_POINT('Ctrl Pts',(2.06784891406249,-10.8437409196912,0.001));
#11630=CARTESIAN_POINT('Ctrl Pts',(2.06784891406249,-10.8437409196912,-0.0002));
#11631=CARTESIAN_POINT('Ctrl Pts',(2.099080671875,-10.8445850212537,0.001));
#11632=CARTESIAN_POINT('Ctrl Pts',(2.099080671875,-10.8445850212537,-0.0002));
#11633=CARTESIAN_POINT('Ctrl Pts',(2.12355961718749,-10.8479614275037,0.001));
#11634=CARTESIAN_POINT('Ctrl Pts',(2.12355961718749,-10.8479614275037,-0.0002));
#11635=CARTESIAN_POINT('',(2.12355961718749,-10.8479614275037,0.));
#11636=CARTESIAN_POINT('Ctrl Pts',(2.0661607109375,-10.8715962712537,0.));
#11637=CARTESIAN_POINT('Ctrl Pts',(2.06784891406249,-10.8437409196912,0.));
#11638=CARTESIAN_POINT('Ctrl Pts',(2.099080671875,-10.8445850212537,0.));
#11639=CARTESIAN_POINT('Ctrl Pts',(2.12355961718749,-10.8479614275037,0.));
#11640=CARTESIAN_POINT('',(2.12355961718749,-10.8479614275037,0.001));
#11641=CARTESIAN_POINT('',(2.12355961718749,-10.8479614275037,0.001));
#11642=CARTESIAN_POINT('Ctrl Pts',(2.0661607109375,-10.8715962712537,0.001));
#11643=CARTESIAN_POINT('Ctrl Pts',(2.06784891406249,-10.8437409196912,0.001));
#11644=CARTESIAN_POINT('Ctrl Pts',(2.099080671875,-10.8445850212537,0.001));
#11645=CARTESIAN_POINT('Ctrl Pts',(2.12355961718749,-10.8479614275037,0.001));
#11646=CARTESIAN_POINT('Ctrl Pts',(2.12355961718749,-10.8479614275037,0.001));
#11647=CARTESIAN_POINT('Ctrl Pts',(2.12355961718749,-10.8479614275037,-0.0002));
#11648=CARTESIAN_POINT('Ctrl Pts',(2.12355961718749,-10.8217942790662,0.001));
#11649=CARTESIAN_POINT('Ctrl Pts',(2.12355961718749,-10.8217942790662,-0.0002));
#11650=CARTESIAN_POINT('Ctrl Pts',(2.12693602343751,-10.8209501775037,0.001));
#11651=CARTESIAN_POINT('Ctrl Pts',(2.12693602343751,-10.8209501775037,-0.0002));
#11652=CARTESIAN_POINT('Ctrl Pts',(2.10920989062499,-10.8192619743787,0.001));
#11653=CARTESIAN_POINT('Ctrl Pts',(2.10920989062499,-10.8192619743787,-0.0002));
#11654=CARTESIAN_POINT('',(2.10920989062499,-10.8192619743787,0.));
#11655=CARTESIAN_POINT('Ctrl Pts',(2.12355961718749,-10.8479614275037,0.));
#11656=CARTESIAN_POINT('Ctrl Pts',(2.12355961718749,-10.8217942790662,0.));
#11657=CARTESIAN_POINT('Ctrl Pts',(2.12693602343751,-10.8209501775037,0.));
#11658=CARTESIAN_POINT('Ctrl Pts',(2.10920989062499,-10.8192619743787,0.));
#11659=CARTESIAN_POINT('',(2.10920989062499,-10.8192619743787,0.001));
#11660=CARTESIAN_POINT('',(2.10920989062499,-10.8192619743787,0.001));
#11661=CARTESIAN_POINT('Ctrl Pts',(2.12355961718749,-10.8479614275037,0.001));
#11662=CARTESIAN_POINT('Ctrl Pts',(2.12355961718749,-10.8217942790662,0.001));
#11663=CARTESIAN_POINT('Ctrl Pts',(2.12693602343751,-10.8209501775037,0.001));
#11664=CARTESIAN_POINT('Ctrl Pts',(2.10920989062499,-10.8192619743787,0.001));
#11665=CARTESIAN_POINT('Ctrl Pts',(2.10920989062499,-10.8192619743787,0.001));
#11666=CARTESIAN_POINT('Ctrl Pts',(2.10920989062499,-10.8192619743787,-0.0002));
#11667=CARTESIAN_POINT('Ctrl Pts',(2.1033011796875,-10.8184178728162,0.001));
#11668=CARTESIAN_POINT('Ctrl Pts',(2.1033011796875,-10.8184178728162,-0.0002));
#11669=CARTESIAN_POINT('Ctrl Pts',(2.095704265625,-10.8184178728162,0.001));
#11670=CARTESIAN_POINT('Ctrl Pts',(2.095704265625,-10.8184178728162,-0.0002));
#11671=CARTESIAN_POINT('Ctrl Pts',(2.08979555468749,-10.8192619743787,0.001));
#11672=CARTESIAN_POINT('Ctrl Pts',(2.08979555468749,-10.8192619743787,-0.0002));
#11673=CARTESIAN_POINT('',(2.08979555468749,-10.8192619743787,0.));
#11674=CARTESIAN_POINT('Ctrl Pts',(2.10920989062499,-10.8192619743787,0.));
#11675=CARTESIAN_POINT('Ctrl Pts',(2.1033011796875,-10.8184178728162,0.));
#11676=CARTESIAN_POINT('Ctrl Pts',(2.095704265625,-10.8184178728162,0.));
#11677=CARTESIAN_POINT('Ctrl Pts',(2.08979555468749,-10.8192619743787,0.));
#11678=CARTESIAN_POINT('',(2.08979555468749,-10.8192619743787,0.001));
#11679=CARTESIAN_POINT('',(2.08979555468749,-10.8192619743787,0.001));
#11680=CARTESIAN_POINT('Ctrl Pts',(2.10920989062499,-10.8192619743787,0.001));
#11681=CARTESIAN_POINT('Ctrl Pts',(2.1033011796875,-10.8184178728162,0.001));
#11682=CARTESIAN_POINT('Ctrl Pts',(2.095704265625,-10.8184178728162,0.001));
#11683=CARTESIAN_POINT('Ctrl Pts',(2.08979555468749,-10.8192619743787,0.001));
#11684=CARTESIAN_POINT('Ctrl Pts',(2.08979555468749,-10.8192619743787,0.001));
#11685=CARTESIAN_POINT('Ctrl Pts',(2.08979555468749,-10.8192619743787,-0.0002));
#11686=CARTESIAN_POINT('Ctrl Pts',(2.078822234375,-10.8192619743787,0.001));
#11687=CARTESIAN_POINT('Ctrl Pts',(2.078822234375,-10.8192619743787,-0.0002));
#11688=CARTESIAN_POINT('Ctrl Pts',(2.0670048125,-10.8217942790662,0.001));
#11689=CARTESIAN_POINT('Ctrl Pts',(2.0670048125,-10.8217942790662,-0.0002));
#11690=CARTESIAN_POINT('Ctrl Pts',(2.05771969531249,-10.8251706853162,0.001));
#11691=CARTESIAN_POINT('Ctrl Pts',(2.05771969531249,-10.8251706853162,-0.0002));
#11692=CARTESIAN_POINT('',(2.05771969531249,-10.8251706853162,0.));
#11693=CARTESIAN_POINT('Origin',(2.07239207815484,-10.8357355061483,0.));
#11694=CARTESIAN_POINT('',(2.05771969531249,-10.8251706853162,0.001));
#11695=CARTESIAN_POINT('',(2.05771969531249,-10.8251706853162,0.001));
#11696=CARTESIAN_POINT('Origin',(2.07239207815484,-10.8357355061483,0.001));
#11697=CARTESIAN_POINT('Ctrl Pts',(2.05771969531249,-10.8251706853162,0.001));
#11698=CARTESIAN_POINT('Ctrl Pts',(2.05771969531249,-10.8251706853162,-0.0002));
#11699=CARTESIAN_POINT('Ctrl Pts',(2.0020089921875,-10.8462732243787,0.001));
#11700=CARTESIAN_POINT('Ctrl Pts',(2.0020089921875,-10.8462732243787,-0.0002));
#11701=CARTESIAN_POINT('Ctrl Pts',(2.0020089921875,-10.9433449040662,0.001));
#11702=CARTESIAN_POINT('Ctrl Pts',(2.0020089921875,-10.9433449040662,-0.0002));
#11703=CARTESIAN_POINT('Ctrl Pts',(2.12355961718749,-10.9264628728162,0.001));
#11704=CARTESIAN_POINT('Ctrl Pts',(2.12355961718749,-10.9264628728162,-0.0002));
#11705=CARTESIAN_POINT('Ctrl Pts',(2.05771969531249,-10.8251706853162,0.));
#11706=CARTESIAN_POINT('Ctrl Pts',(2.0020089921875,-10.8462732243787,0.));
#11707=CARTESIAN_POINT('Ctrl Pts',(2.0020089921875,-10.9433449040662,0.));
#11708=CARTESIAN_POINT('Ctrl Pts',(2.12355961718749,-10.9264628728162,0.));
#11709=CARTESIAN_POINT('Ctrl Pts',(2.05771969531249,-10.8251706853162,0.001));
#11710=CARTESIAN_POINT('Ctrl Pts',(2.0020089921875,-10.8462732243787,0.001));
#11711=CARTESIAN_POINT('Ctrl Pts',(2.0020089921875,-10.9433449040662,0.001));
#11712=CARTESIAN_POINT('Ctrl Pts',(2.12355961718749,-10.9264628728162,0.001));
#11713=CARTESIAN_POINT('Origin',(2.08409786914062,-10.8964972673474,0.001));
#11714=CARTESIAN_POINT('Origin',(2.08409786914062,-10.8964972673474,0.));
#11715=CARTESIAN_POINT('',(0.,0.,0.));
#11716=CARTESIAN_POINT('',(-3.2803461530513,10.4428304966714,1.195));
#11717=UNCERTAINTY_MEASURE_WITH_UNIT(LENGTH_MEASURE(0.01),#11725,
'DISTANCE_ACCURACY_VALUE',
'Maximum model space distance between geometric entities at asserted c
onnectivities');
#11718=UNCERTAINTY_MEASURE_WITH_UNIT(LENGTH_MEASURE(0.01),#11725,
'DISTANCE_ACCURACY_VALUE',
'Maximum model space distance between geometric entities at asserted c
onnectivities');
#11719=UNCERTAINTY_MEASURE_WITH_UNIT(LENGTH_MEASURE(0.01),#11725,
'DISTANCE_ACCURACY_VALUE',
'Maximum model space distance between geometric entities at asserted c
onnectivities');
#11720=UNCERTAINTY_MEASURE_WITH_UNIT(LENGTH_MEASURE(0.01),#11725,
'DISTANCE_ACCURACY_VALUE',
'Maximum model space distance between geometric entities at asserted c
onnectivities');
#11721=(
GEOMETRIC_REPRESENTATION_CONTEXT(3)
GLOBAL_UNCERTAINTY_ASSIGNED_CONTEXT((#11717))
GLOBAL_UNIT_ASSIGNED_CONTEXT((#11725,#11727,#11728))
REPRESENTATION_CONTEXT('','3D')
);
#11722=(
GEOMETRIC_REPRESENTATION_CONTEXT(3)
GLOBAL_UNCERTAINTY_ASSIGNED_CONTEXT((#11718))
GLOBAL_UNIT_ASSIGNED_CONTEXT((#11725,#11727,#11728))
REPRESENTATION_CONTEXT('','3D')
);
#11723=(
GEOMETRIC_REPRESENTATION_CONTEXT(3)
GLOBAL_UNCERTAINTY_ASSIGNED_CONTEXT((#11719))
GLOBAL_UNIT_ASSIGNED_CONTEXT((#11725,#11727,#11728))
REPRESENTATION_CONTEXT('','3D')
);
#11724=(
GEOMETRIC_REPRESENTATION_CONTEXT(3)
GLOBAL_UNCERTAINTY_ASSIGNED_CONTEXT((#11720))
GLOBAL_UNIT_ASSIGNED_CONTEXT((#11725,#11727,#11728))
REPRESENTATION_CONTEXT('','3D')
);
#11725=(
LENGTH_UNIT()
NAMED_UNIT(*)
SI_UNIT(.MILLI.,.METRE.)
);
#11726=(
LENGTH_UNIT()
NAMED_UNIT(*)
SI_UNIT($,.METRE.)
);
#11727=(
NAMED_UNIT(*)
PLANE_ANGLE_UNIT()
SI_UNIT($,.RADIAN.)
);
#11728=(
NAMED_UNIT(*)
SI_UNIT($,.STERADIAN.)
SOLID_ANGLE_UNIT()
);
#11729=SHAPE_DEFINITION_REPRESENTATION(#11732,#11737);
#11730=SHAPE_DEFINITION_REPRESENTATION(#11733,#11738);
#11731=SHAPE_DEFINITION_REPRESENTATION(#11734,#11739);
#11732=PRODUCT_DEFINITION_SHAPE('',$,#11741);
#11733=PRODUCT_DEFINITION_SHAPE('',$,#11742);
#11734=PRODUCT_DEFINITION_SHAPE('',$,#11743);
#11735=PRODUCT_DEFINITION_SHAPE($,$,#17);
#11736=PRODUCT_DEFINITION_SHAPE($,$,#18);
#11737=SHAPE_REPRESENTATION('',(#6651,#6979,#6980),#11721);
#11738=SHAPE_REPRESENTATION('',(#6652),#11722);
#11739=SHAPE_REPRESENTATION('',(#6840),#11723);
#11740=PRODUCT_DEFINITION_CONTEXT('part definition',#11751,'design');
#11741=PRODUCT_DEFINITION('DMN10H100SK3-13','DMP6180SK3-13 v2',#11744,#11740);
#11742=PRODUCT_DEFINITION(
'DMN10H100SK3-13_Without Trimmed Pin + Full Shape Seated Pin',
'DMN10H100SK3-13_Without Trimmed Pin + Full Shape Seated Pin',#11745,#11740);
#11743=PRODUCT_DEFINITION('Diodes_Logo','Diodes_Logo',#11746,#11740);
#11744=PRODUCT_DEFINITION_FORMATION('',$,#11753);
#11745=PRODUCT_DEFINITION_FORMATION('',$,#11754);
#11746=PRODUCT_DEFINITION_FORMATION('',$,#11755);
#11747=PRODUCT_RELATED_PRODUCT_CATEGORY('DMP6180SK3-13 v2',
'DMP6180SK3-13 v2',(#11753));
#11748=PRODUCT_RELATED_PRODUCT_CATEGORY(
'DMN10H100SK3-13_Without Trimmed Pin + Full Shape Seated Pin',
'DMN10H100SK3-13_Without Trimmed Pin + Full Shape Seated Pin',(#11754));
#11749=PRODUCT_RELATED_PRODUCT_CATEGORY('Diodes_Logo','Diodes_Logo',(#11755));
#11750=APPLICATION_PROTOCOL_DEFINITION('international standard',
'automotive_design',2009,#11751);
#11751=APPLICATION_CONTEXT(
'Core Data for Automotive Mechanical Design Process');
#11752=PRODUCT_CONTEXT('part definition',#11751,'mechanical');
#11753=PRODUCT('DMN10H100SK3-13','DMP6180SK3-13 v2','STEP AP214',(#11752));
#11754=PRODUCT(
'DMN10H100SK3-13_Without Trimmed Pin + Full Shape Seated Pin',
'DMN10H100SK3-13_Without Trimmed Pin + Full Shape Seated Pin',$,(#11752));
#11755=PRODUCT('Diodes_Logo','Diodes_Logo',$,(#11752));
#11756=PRESENTATION_STYLE_ASSIGNMENT((#11760));
#11757=PRESENTATION_STYLE_ASSIGNMENT((#11761));
#11758=PRESENTATION_STYLE_ASSIGNMENT((#11762));
#11759=PRESENTATION_STYLE_ASSIGNMENT((#11763));
#11760=SURFACE_STYLE_USAGE(.BOTH.,#11764);
#11761=SURFACE_STYLE_USAGE(.BOTH.,#11765);
#11762=SURFACE_STYLE_USAGE(.BOTH.,#11766);
#11763=SURFACE_STYLE_USAGE(.BOTH.,#11767);
#11764=SURFACE_SIDE_STYLE('',(#11768));
#11765=SURFACE_SIDE_STYLE('',(#11769));
#11766=SURFACE_SIDE_STYLE('',(#11770));
#11767=SURFACE_SIDE_STYLE('',(#11771));
#11768=SURFACE_STYLE_FILL_AREA(#11772);
#11769=SURFACE_STYLE_FILL_AREA(#11773);
#11770=SURFACE_STYLE_FILL_AREA(#11774);
#11771=SURFACE_STYLE_FILL_AREA(#11775);
#11772=FILL_AREA_STYLE('Steel - Satin',(#11776));
#11773=FILL_AREA_STYLE('Opaque(73,73,73)',(#11777));
#11774=FILL_AREA_STYLE('Opaque(245,245,245)',(#11778));
#11775=FILL_AREA_STYLE('Opaque(205,205,205)',(#11779));
#11776=FILL_AREA_STYLE_COLOUR('Steel - Satin',#11780);
#11777=FILL_AREA_STYLE_COLOUR('Opaque(73,73,73)',#11781);
#11778=FILL_AREA_STYLE_COLOUR('Opaque(245,245,245)',#11782);
#11779=FILL_AREA_STYLE_COLOUR('Opaque(205,205,205)',#11783);
#11780=COLOUR_RGB('Steel - Satin',0.627450980392157,0.627450980392157,0.627450980392157);
#11781=COLOUR_RGB('Opaque(73,73,73)',0.286274509803922,0.286274509803922,
0.286274509803922);
#11782=COLOUR_RGB('Opaque(245,245,245)',0.96078431372549,0.96078431372549,
0.96078431372549);
#11783=COLOUR_RGB('Opaque(205,205,205)',0.803921568627451,0.803921568627451,
0.803921568627451);
ENDSEC;
END-ISO-10303-21;
