ISO-10303-21;
HEADER;
/* Generated by software containing ST-Developer
 * from STEP Tools, Inc. (www.steptools.com) 
 */

FILE_DESCRIPTION(
/* description */ ('FreeCAD Model'),
/* implementation_level */ '2;1');

FILE_NAME(
/* name */ '6dac16af-961e-489d-bbd6-39997f72cb05.stp',
/* time_stamp */ '2026-06-09T12:25:43Z',
/* author */ (''),
/* organization */ (''),
/* preprocessor_version */ 'ST-DEVELOPER v20.1',
/* originating_system */ 'Autodesk Translation Framework v15.8.0.0',
/* authorisation */ '');

FILE_SCHEMA (('AUTOMOTIVE_DESIGN { 1 0 10303 214 3 1 1 }'));
ENDSEC;

DATA;
#10=MECHANICAL_DESIGN_GEOMETRIC_PRESENTATION_REPRESENTATION('',(#613,#614,
#615,#616,#617,#618,#619,#620,#621,#622,#623,#624,#625,#626,#627,#628,#629,
#630,#631,#632,#633,#634,#635,#636,#637,#638,#639,#640,#641,#642,#643,#644,
#645,#646,#647,#648,#649,#650,#651,#652,#653,#654,#655,#656,#657,#658),
#16838);
#11=B_SPLINE_CURVE_WITH_KNOTS('',3,(#14142,#14143,#14144,#14145,#14146,
#14147,#14148,#14149,#14150,#14151,#14152,#14153,#14154,#14155,#14156,#14157,
#14158,#14159,#14160,#14161,#14162,#14163,#14164,#14165,#14166),
 .UNSPECIFIED.,.F.,.F.,(4,3,3,3,3,3,3,3,4),(323.981195742728,342.205241091998,
361.601347836129,382.866693492236,405.455384965817,429.464241479697,455.675174512099,
484.252757929801,506.699328126686),.UNSPECIFIED.);
#12=B_SPLINE_CURVE_WITH_KNOTS('',3,(#14170,#14171,#14172,#14173,#14174,
#14175,#14176,#14177,#14178,#14179,#14180,#14181,#14182,#14183,#14184,#14185,
#14186,#14187,#14188,#14189,#14190,#14191,#14192,#14193,#14194),
 .UNSPECIFIED.,.F.,.F.,(4,3,3,3,3,3,3,3,4),(2321.69244105775,2350.48114420243,
2377.41836127679,2402.64478356993,2426.28868994257,2447.74734131421,2468.10069503275,
2486.76003477158,2504.41057344274),.UNSPECIFIED.);
#13=B_SPLINE_CURVE_WITH_KNOTS('',3,(#14196,#14197,#14198,#14199,#14200,
#14201,#14202,#14203,#14204,#14205,#14206,#14207,#14208,#14209,#14210,#14211,
#14212,#14213,#14214),.UNSPECIFIED.,.F.,.F.,(4,3,3,3,3,3,4),(1231.1716361896,
1299.43305187869,1373.85507267831,1446.08755042999,1517.26535946142,1585.23779726153,
1597.1211350772),.UNSPECIFIED.);
#14=B_SPLINE_CURVE_WITH_KNOTS('',3,(#14216,#14217,#14218,#14219,#14220,
#14221,#14222,#14223,#14224,#14225,#14226,#14227,#14228,#14229,#14230,#14231,
#14232,#14233,#14234,#14235,#14236,#14237,#14238,#14239,#14240),
 .UNSPECIFIED.,.F.,.F.,(4,3,3,3,3,3,3,3,4),(323.981195742728,342.205241091998,
361.601347836129,382.866693492236,405.455384965817,429.464241479697,455.675174512099,
484.252757929801,506.699328126686),.UNSPECIFIED.);
#15=B_SPLINE_CURVE_WITH_KNOTS('',3,(#14244,#14245,#14246,#14247,#14248,
#14249,#14250,#14251,#14252,#14253,#14254,#14255,#14256,#14257,#14258,#14259,
#14260,#14261,#14262,#14263,#14264,#14265,#14266,#14267,#14268),
 .UNSPECIFIED.,.F.,.F.,(4,3,3,3,3,3,3,3,4),(2321.69244105775,2350.48114420243,
2377.41836127679,2402.64478356993,2426.28868994257,2447.74734131421,2468.10069503275,
2486.76003477158,2504.41057344274),.UNSPECIFIED.);
#16=B_SPLINE_CURVE_WITH_KNOTS('',3,(#14270,#14271,#14272,#14273,#14274,
#14275,#14276,#14277,#14278,#14279),.UNSPECIFIED.,.F.,.F.,(4,3,3,4),(1231.17163618935,
1299.43305187843,1370.9232687161,1414.14638563322),.UNSPECIFIED.);
#17=B_SPLINE_CURVE_WITH_KNOTS('',3,(#14282,#14283,#14284,#14285,#14286,
#14287,#14288,#14289,#14290,#14291),.UNSPECIFIED.,.F.,.F.,(4,3,3,4),(1414.1463856334,
1485.95465588307,1554.68503707489,1597.12113507711),.UNSPECIFIED.);
#18=B_SPLINE_CURVE_WITH_KNOTS('',3,(#14293,#14294,#14295,#14296,#14297,
#14298,#14299,#14300,#14301,#14302,#14303,#14304,#14305,#14306,#14307,#14308,
#14309,#14310,#14311,#14312,#14313,#14314,#14315,#14316,#14317),
 .UNSPECIFIED.,.F.,.F.,(4,3,3,3,3,3,3,3,4),(323.981195742728,342.205241091998,
361.601347836129,382.866693492236,405.455384965817,429.464241479697,455.675174512099,
484.252757929801,506.699328126686),.UNSPECIFIED.);
#19=B_SPLINE_CURVE_WITH_KNOTS('',3,(#14321,#14322,#14323,#14324,#14325,
#14326,#14327,#14328,#14329,#14330,#14331,#14332,#14333,#14334,#14335,#14336,
#14337,#14338,#14339,#14340,#14341,#14342,#14343,#14344,#14345),
 .UNSPECIFIED.,.F.,.F.,(4,3,3,3,3,3,3,3,4),(2321.69244105775,2350.48114420243,
2377.41836127679,2402.64478356993,2426.28868994257,2447.74734131421,2468.10069503275,
2486.76003477158,2504.41057344274),.UNSPECIFIED.);
#20=B_SPLINE_CURVE_WITH_KNOTS('',3,(#14347,#14348,#14349,#14350,#14351,
#14352,#14353,#14354,#14355,#14356,#14357,#14358,#14359,#14360,#14361,#14362,
#14363,#14364,#14365),.UNSPECIFIED.,.F.,.F.,(4,3,3,3,3,3,4),(1231.1716361896,
1299.43305187869,1373.85507267831,1446.08755042999,1517.26535946142,1585.23779726153,
1597.1211350772),.UNSPECIFIED.);
#21=B_SPLINE_CURVE_WITH_KNOTS('',3,(#14367,#14368,#14369,#14370,#14371,
#14372,#14373,#14374,#14375,#14376,#14377,#14378,#14379,#14380,#14381,#14382,
#14383,#14384,#14385,#14386,#14387,#14388,#14389,#14390,#14391),
 .UNSPECIFIED.,.F.,.F.,(4,3,3,3,3,3,3,3,4),(323.981195742728,342.205241091998,
361.601347836129,382.866693492236,405.455384965817,429.464241479697,455.675174512099,
484.252757929801,506.699328126686),.UNSPECIFIED.);
#22=B_SPLINE_CURVE_WITH_KNOTS('',3,(#14394,#14395,#14396,#14397,#14398,
#14399,#14400,#14401,#14402,#14403,#14404,#14405,#14406,#14407,#14408,#14409,
#14410,#14411,#14412,#14413,#14414,#14415,#14416,#14417,#14418),
 .UNSPECIFIED.,.F.,.F.,(4,3,3,3,3,3,3,3,4),(2321.69244105775,2350.48114420243,
2377.41836127679,2402.64478356993,2426.28868994257,2447.74734131421,2468.10069503275,
2486.76003477158,2504.41057344274),.UNSPECIFIED.);
#23=B_SPLINE_CURVE_WITH_KNOTS('',3,(#14482,#14483,#14484,#14485,#14486,
#14487,#14488,#14489,#14490,#14491,#14492,#14493,#14494,#14495,#14496,#14497,
#14498,#14499,#14500,#14501,#14502,#14503),.UNSPECIFIED.,.F.,.F.,(4,3,3,
3,3,3,3,4),(2363.4700433976,2389.5796739197,2414.04077598458,2436.63322534975,
2457.55819184479,2477.40847854532,2495.76788654417,2504.41057344526),
 .UNSPECIFIED.);
#24=B_SPLINE_CURVE_WITH_KNOTS('',3,(#14512,#14513,#14514,#14515,#14516,
#14517,#14518,#14519,#14520,#14521,#14522,#14523,#14524,#14525,#14526,#14527,
#14528,#14529,#14530,#14531,#14532,#14533),.UNSPECIFIED.,.F.,.F.,(4,3,3,
3,3,3,3,4),(323.9811957409,342.606095289388,362.360496141798,383.324825029874,
406.277354865769,430.483925963205,456.624060092442,464.921725788561),
 .UNSPECIFIED.);
#25=B_SPLINE_CURVE_WITH_KNOTS('',3,(#14540,#14541,#14542,#14543,#14544,
#14545,#14546,#14547,#14548,#14549,#14550,#14551,#14552,#14553,#14554,#14555,
#14556,#14557,#14558),.UNSPECIFIED.,.F.,.F.,(4,3,3,3,3,3,4),(1231.17163618812,
1299.43305187718,1373.85507267717,1446.08755042889,1517.26535946036,1585.23779726053,
1597.12113507716),.UNSPECIFIED.);
#26=B_SPLINE_CURVE_WITH_KNOTS('',3,(#14566,#14567,#14568,#14569,#14570,
#14571,#14572,#14573,#14574,#14575,#14576,#14577,#14578,#14579,#14580,#14581,
#14582,#14583,#14584,#14585,#14586,#14587),.UNSPECIFIED.,.F.,.F.,(4,3,3,
3,3,3,3,4),(2363.4700433976,2389.5796739197,2414.04077598458,2436.63322534975,
2457.55819184479,2477.40847854532,2495.76788654417,2504.41057344526),
 .UNSPECIFIED.);
#27=B_SPLINE_CURVE_WITH_KNOTS('',3,(#14596,#14597,#14598,#14599,#14600,
#14601,#14602,#14603,#14604,#14605,#14606,#14607,#14608,#14609,#14610,#14611,
#14612,#14613,#14614,#14615,#14616,#14617),.UNSPECIFIED.,.F.,.F.,(4,3,3,
3,3,3,3,4),(323.9811957409,342.606095289388,362.360496141798,383.324825029874,
406.277354865769,430.483925963205,456.624060092442,464.921725788561),
 .UNSPECIFIED.);
#28=B_SPLINE_CURVE_WITH_KNOTS('',3,(#14625,#14626,#14627,#14628,#14629,
#14630,#14631,#14632,#14633,#14634),.UNSPECIFIED.,.F.,.F.,(4,3,3,4),(1231.17163618767,
1299.4330518767,1370.92326871436,1414.14638563222),.UNSPECIFIED.);
#29=B_SPLINE_CURVE_WITH_KNOTS('',3,(#14635,#14636,#14637,#14638,#14639,
#14640,#14641,#14642,#14643,#14644),.UNSPECIFIED.,.F.,.F.,(4,3,3,4),(1414.14638563255,
1485.95465588228,1554.68503707416,1597.12113507699),.UNSPECIFIED.);
#30=B_SPLINE_CURVE_WITH_KNOTS('',3,(#14652,#14653,#14654,#14655,#14656,
#14657,#14658,#14659,#14660,#14661,#14662,#14663,#14664,#14665,#14666,#14667,
#14668,#14669,#14670,#14671,#14672,#14673),.UNSPECIFIED.,.F.,.F.,(4,3,3,
3,3,3,3,4),(2363.4700433976,2389.5796739197,2414.04077598458,2436.63322534975,
2457.55819184479,2477.40847854532,2495.76788654417,2504.41057344526),
 .UNSPECIFIED.);
#31=B_SPLINE_CURVE_WITH_KNOTS('',3,(#14682,#14683,#14684,#14685,#14686,
#14687,#14688,#14689,#14690,#14691,#14692,#14693,#14694,#14695,#14696,#14697,
#14698,#14699,#14700,#14701,#14702,#14703),.UNSPECIFIED.,.F.,.F.,(4,3,3,
3,3,3,3,4),(323.9811957409,342.606095289388,362.360496141798,383.324825029874,
406.277354865769,430.483925963205,456.624060092442,464.921725788561),
 .UNSPECIFIED.);
#32=B_SPLINE_CURVE_WITH_KNOTS('',3,(#14710,#14711,#14712,#14713,#14714,
#14715,#14716,#14717,#14718,#14719,#14720,#14721,#14722,#14723,#14724,#14725,
#14726,#14727,#14728),.UNSPECIFIED.,.F.,.F.,(4,3,3,3,3,3,4),(1231.17163618812,
1299.43305187718,1373.85507267717,1446.08755042889,1517.26535946036,1585.23779726053,
1597.12113507716),.UNSPECIFIED.);
#33=B_SPLINE_CURVE_WITH_KNOTS('',3,(#14736,#14737,#14738,#14739,#14740,
#14741,#14742,#14743,#14744,#14745,#14746,#14747,#14748,#14749,#14750,#14751,
#14752,#14753,#14754,#14755,#14756,#14757),.UNSPECIFIED.,.F.,.F.,(4,3,3,
3,3,3,3,4),(2363.4700433976,2389.5796739197,2414.04077598458,2436.63322534975,
2457.55819184479,2477.40847854532,2495.76788654417,2504.41057344526),
 .UNSPECIFIED.);
#34=B_SPLINE_CURVE_WITH_KNOTS('',3,(#14764,#14765,#14766,#14767,#14768,
#14769,#14770,#14771,#14772,#14773,#14774,#14775,#14776,#14777,#14778,#14779,
#14780,#14781,#14782,#14783,#14784,#14785),.UNSPECIFIED.,.F.,.F.,(4,3,3,
3,3,3,3,4),(323.9811957409,342.606095289388,362.360496141798,383.324825029874,
406.277354865769,430.483925963205,456.624060092442,464.921725788561),
 .UNSPECIFIED.);
#35=(
BOUNDED_CURVE()
B_SPLINE_CURVE(2,(#14138,#14139,#14140),.UNSPECIFIED.,.F.,.F.)
B_SPLINE_CURVE_WITH_KNOTS((3,3),(0.185069663543902,0.28102903844927),
 .UNSPECIFIED.)
CURVE()
GEOMETRIC_REPRESENTATION_ITEM()
RATIONAL_B_SPLINE_CURVE((1.62496935342321,1.68029380447002,1.62496935342321))
REPRESENTATION_ITEM('')
);
#36=(
BOUNDED_CURVE()
B_SPLINE_CURVE(2,(#14471,#14472,#14473),.UNSPECIFIED.,.F.,.F.)
B_SPLINE_CURVE_WITH_KNOTS((3,3),(0.193073272716417,0.291350275431132),
 .UNSPECIFIED.)
CURVE()
GEOMETRIC_REPRESENTATION_ITEM()
RATIONAL_B_SPLINE_CURVE((1.65723282765841,1.71365573572982,1.65723282765841))
REPRESENTATION_ITEM('')
);
#37=CONICAL_SURFACE('',#10245,0.6,0.785398163397);
#38=CONICAL_SURFACE('',#10286,1.25,0.785398163397);
#39=SPHERICAL_SURFACE('',#10130,0.807142857141);
#40=SPHERICAL_SURFACE('',#10196,0.807142857141);
#41=ITEM_DEFINED_TRANSFORMATION($,$,#10081,#10096);
#42=ITEM_DEFINED_TRANSFORMATION($,$,#10081,#10097);
#43=ITEM_DEFINED_TRANSFORMATION($,$,#10081,#10098);
#44=ITEM_DEFINED_TRANSFORMATION($,$,#10081,#10099);
#45=ITEM_DEFINED_TRANSFORMATION($,$,#10081,#10100);
#46=ITEM_DEFINED_TRANSFORMATION($,$,#10081,#10101);
#47=ITEM_DEFINED_TRANSFORMATION($,$,#10081,#10102);
#48=ITEM_DEFINED_TRANSFORMATION($,$,#10081,#10103);
#49=ITEM_DEFINED_TRANSFORMATION($,$,#10105,#10120);
#50=ITEM_DEFINED_TRANSFORMATION($,$,#10105,#10121);
#51=ITEM_DEFINED_TRANSFORMATION($,$,#10105,#10122);
#52=ITEM_DEFINED_TRANSFORMATION($,$,#10105,#10123);
#53=ITEM_DEFINED_TRANSFORMATION($,$,#10105,#10124);
#54=ITEM_DEFINED_TRANSFORMATION($,$,#10105,#10125);
#55=ITEM_DEFINED_TRANSFORMATION($,$,#10105,#10126);
#56=ITEM_DEFINED_TRANSFORMATION($,$,#10105,#10127);
#57=ITEM_DEFINED_TRANSFORMATION($,$,#10129,#10134);
#58=ITEM_DEFINED_TRANSFORMATION($,$,#10129,#10135);
#59=ITEM_DEFINED_TRANSFORMATION($,$,#10129,#10136);
#60=ITEM_DEFINED_TRANSFORMATION($,$,#10129,#10137);
#61=ITEM_DEFINED_TRANSFORMATION($,$,#10129,#10138);
#62=ITEM_DEFINED_TRANSFORMATION($,$,#10129,#10139);
#63=ITEM_DEFINED_TRANSFORMATION($,$,#10129,#10140);
#64=ITEM_DEFINED_TRANSFORMATION($,$,#10129,#10141);
#65=ITEM_DEFINED_TRANSFORMATION($,$,#10080,#10142);
#66=ITEM_DEFINED_TRANSFORMATION($,$,#10104,#10143);
#67=ITEM_DEFINED_TRANSFORMATION($,$,#10128,#10144);
#68=ITEM_DEFINED_TRANSFORMATION($,$,#10147,#10162);
#69=ITEM_DEFINED_TRANSFORMATION($,$,#10147,#10163);
#70=ITEM_DEFINED_TRANSFORMATION($,$,#10147,#10164);
#71=ITEM_DEFINED_TRANSFORMATION($,$,#10147,#10165);
#72=ITEM_DEFINED_TRANSFORMATION($,$,#10147,#10166);
#73=ITEM_DEFINED_TRANSFORMATION($,$,#10147,#10167);
#74=ITEM_DEFINED_TRANSFORMATION($,$,#10147,#10168);
#75=ITEM_DEFINED_TRANSFORMATION($,$,#10147,#10169);
#76=ITEM_DEFINED_TRANSFORMATION($,$,#10171,#10186);
#77=ITEM_DEFINED_TRANSFORMATION($,$,#10171,#10187);
#78=ITEM_DEFINED_TRANSFORMATION($,$,#10171,#10188);
#79=ITEM_DEFINED_TRANSFORMATION($,$,#10171,#10189);
#80=ITEM_DEFINED_TRANSFORMATION($,$,#10171,#10190);
#81=ITEM_DEFINED_TRANSFORMATION($,$,#10171,#10191);
#82=ITEM_DEFINED_TRANSFORMATION($,$,#10171,#10192);
#83=ITEM_DEFINED_TRANSFORMATION($,$,#10171,#10193);
#84=ITEM_DEFINED_TRANSFORMATION($,$,#10195,#10200);
#85=ITEM_DEFINED_TRANSFORMATION($,$,#10195,#10201);
#86=ITEM_DEFINED_TRANSFORMATION($,$,#10195,#10202);
#87=ITEM_DEFINED_TRANSFORMATION($,$,#10195,#10203);
#88=ITEM_DEFINED_TRANSFORMATION($,$,#10195,#10204);
#89=ITEM_DEFINED_TRANSFORMATION($,$,#10195,#10205);
#90=ITEM_DEFINED_TRANSFORMATION($,$,#10195,#10206);
#91=ITEM_DEFINED_TRANSFORMATION($,$,#10195,#10207);
#92=ITEM_DEFINED_TRANSFORMATION($,$,#10146,#10208);
#93=ITEM_DEFINED_TRANSFORMATION($,$,#10170,#10209);
#94=ITEM_DEFINED_TRANSFORMATION($,$,#10194,#10210);
#95=ITEM_DEFINED_TRANSFORMATION($,$,#10212,#10310);
#96=ITEM_DEFINED_TRANSFORMATION($,$,#10219,#10311);
#97=ITEM_DEFINED_TRANSFORMATION($,$,#10226,#10312);
#98=ITEM_DEFINED_TRANSFORMATION($,$,#10233,#10313);
#99=ITEM_DEFINED_TRANSFORMATION($,$,#10240,#10314);
#100=ITEM_DEFINED_TRANSFORMATION($,$,#10441,#10451);
#101=ITEM_DEFINED_TRANSFORMATION($,$,#10441,#10452);
#102=ITEM_DEFINED_TRANSFORMATION($,$,#10441,#10453);
#103=ITEM_DEFINED_TRANSFORMATION($,$,#10441,#10454);
#104=ITEM_DEFINED_TRANSFORMATION($,$,#10441,#10455);
#105=ITEM_DEFINED_TRANSFORMATION($,$,#10441,#10456);
#106=ITEM_DEFINED_TRANSFORMATION($,$,#10441,#10457);
#107=ITEM_DEFINED_TRANSFORMATION($,$,#10440,#10458);
#108=ITEM_DEFINED_TRANSFORMATION($,$,#10440,#10459);
#109=ITEM_DEFINED_TRANSFORMATION($,$,#10440,#10460);
#110=ITEM_DEFINED_TRANSFORMATION($,$,#10440,#10461);
#111=ITEM_DEFINED_TRANSFORMATION($,$,#10316,#10462);
#112=ITEM_DEFINED_TRANSFORMATION($,$,#10439,#10463);
#113=ITEM_DEFINED_TRANSFORMATION($,$,#10465,#10479);
#114=ITEM_DEFINED_TRANSFORMATION($,$,#10472,#10480);
#115=ITEM_DEFINED_TRANSFORMATION($,$,#10482,#10496);
#116=ITEM_DEFINED_TRANSFORMATION($,$,#10489,#10497);
#117=ITEM_DEFINED_TRANSFORMATION($,$,#10499,#10513);
#118=ITEM_DEFINED_TRANSFORMATION($,$,#10506,#10514);
#119=ITEM_DEFINED_TRANSFORMATION($,$,#10516,#10530);
#120=ITEM_DEFINED_TRANSFORMATION($,$,#10523,#10531);
#121=ITEM_DEFINED_TRANSFORMATION($,$,#10533,#10547);
#122=ITEM_DEFINED_TRANSFORMATION($,$,#10540,#10548);
#123=ITEM_DEFINED_TRANSFORMATION($,$,#10550,#10564);
#124=ITEM_DEFINED_TRANSFORMATION($,$,#10557,#10565);
#125=ITEM_DEFINED_TRANSFORMATION($,$,#10567,#10581);
#126=ITEM_DEFINED_TRANSFORMATION($,$,#10574,#10582);
#127=ITEM_DEFINED_TRANSFORMATION($,$,#10584,#10598);
#128=ITEM_DEFINED_TRANSFORMATION($,$,#10591,#10599);
#129=ITEM_DEFINED_TRANSFORMATION($,$,#10601,#10615);
#130=ITEM_DEFINED_TRANSFORMATION($,$,#10608,#10616);
#131=ITEM_DEFINED_TRANSFORMATION($,$,#10618,#10632);
#132=ITEM_DEFINED_TRANSFORMATION($,$,#10625,#10633);
#133=ITEM_DEFINED_TRANSFORMATION($,$,#10635,#10649);
#134=ITEM_DEFINED_TRANSFORMATION($,$,#10642,#10650);
#135=ITEM_DEFINED_TRANSFORMATION($,$,#10652,#10666);
#136=ITEM_DEFINED_TRANSFORMATION($,$,#10659,#10667);
#137=ITEM_DEFINED_TRANSFORMATION($,$,#10669,#10683);
#138=ITEM_DEFINED_TRANSFORMATION($,$,#10676,#10684);
#139=ITEM_DEFINED_TRANSFORMATION($,$,#10686,#10700);
#140=ITEM_DEFINED_TRANSFORMATION($,$,#10693,#10701);
#141=ITEM_DEFINED_TRANSFORMATION($,$,#10015,#10808);
#142=ITEM_DEFINED_TRANSFORMATION($,$,#10079,#10809);
#143=ITEM_DEFINED_TRANSFORMATION($,$,#10145,#10810);
#144=ITEM_DEFINED_TRANSFORMATION($,$,#10211,#10811);
#145=ITEM_DEFINED_TRANSFORMATION($,$,#10315,#10812);
#146=ITEM_DEFINED_TRANSFORMATION($,$,#10464,#10813);
#147=ITEM_DEFINED_TRANSFORMATION($,$,#10481,#10814);
#148=ITEM_DEFINED_TRANSFORMATION($,$,#10498,#10815);
#149=ITEM_DEFINED_TRANSFORMATION($,$,#10515,#10816);
#150=ITEM_DEFINED_TRANSFORMATION($,$,#10532,#10817);
#151=ITEM_DEFINED_TRANSFORMATION($,$,#10549,#10818);
#152=ITEM_DEFINED_TRANSFORMATION($,$,#10566,#10819);
#153=ITEM_DEFINED_TRANSFORMATION($,$,#10583,#10820);
#154=ITEM_DEFINED_TRANSFORMATION($,$,#10600,#10821);
#155=ITEM_DEFINED_TRANSFORMATION($,$,#10617,#10822);
#156=ITEM_DEFINED_TRANSFORMATION($,$,#10634,#10823);
#157=ITEM_DEFINED_TRANSFORMATION($,$,#10651,#10824);
#158=ITEM_DEFINED_TRANSFORMATION($,$,#10668,#10825);
#159=ITEM_DEFINED_TRANSFORMATION($,$,#10685,#10826);
#160=ITEM_DEFINED_TRANSFORMATION($,$,#10702,#10827);
#161=ITEM_DEFINED_TRANSFORMATION($,$,#10727,#10828);
#162=(
REPRESENTATION_RELATIONSHIP($,$,#17110,#17109)
REPRESENTATION_RELATIONSHIP_WITH_TRANSFORMATION(#41)
SHAPE_REPRESENTATION_RELATIONSHIP()
);
#163=(
REPRESENTATION_RELATIONSHIP($,$,#17110,#17109)
REPRESENTATION_RELATIONSHIP_WITH_TRANSFORMATION(#42)
SHAPE_REPRESENTATION_RELATIONSHIP()
);
#164=(
REPRESENTATION_RELATIONSHIP($,$,#17110,#17109)
REPRESENTATION_RELATIONSHIP_WITH_TRANSFORMATION(#43)
SHAPE_REPRESENTATION_RELATIONSHIP()
);
#165=(
REPRESENTATION_RELATIONSHIP($,$,#17110,#17109)
REPRESENTATION_RELATIONSHIP_WITH_TRANSFORMATION(#44)
SHAPE_REPRESENTATION_RELATIONSHIP()
);
#166=(
REPRESENTATION_RELATIONSHIP($,$,#17110,#17109)
REPRESENTATION_RELATIONSHIP_WITH_TRANSFORMATION(#45)
SHAPE_REPRESENTATION_RELATIONSHIP()
);
#167=(
REPRESENTATION_RELATIONSHIP($,$,#17110,#17109)
REPRESENTATION_RELATIONSHIP_WITH_TRANSFORMATION(#46)
SHAPE_REPRESENTATION_RELATIONSHIP()
);
#168=(
REPRESENTATION_RELATIONSHIP($,$,#17110,#17109)
REPRESENTATION_RELATIONSHIP_WITH_TRANSFORMATION(#47)
SHAPE_REPRESENTATION_RELATIONSHIP()
);
#169=(
REPRESENTATION_RELATIONSHIP($,$,#17110,#17109)
REPRESENTATION_RELATIONSHIP_WITH_TRANSFORMATION(#48)
SHAPE_REPRESENTATION_RELATIONSHIP()
);
#170=(
REPRESENTATION_RELATIONSHIP($,$,#17112,#17111)
REPRESENTATION_RELATIONSHIP_WITH_TRANSFORMATION(#49)
SHAPE_REPRESENTATION_RELATIONSHIP()
);
#171=(
REPRESENTATION_RELATIONSHIP($,$,#17112,#17111)
REPRESENTATION_RELATIONSHIP_WITH_TRANSFORMATION(#50)
SHAPE_REPRESENTATION_RELATIONSHIP()
);
#172=(
REPRESENTATION_RELATIONSHIP($,$,#17112,#17111)
REPRESENTATION_RELATIONSHIP_WITH_TRANSFORMATION(#51)
SHAPE_REPRESENTATION_RELATIONSHIP()
);
#173=(
REPRESENTATION_RELATIONSHIP($,$,#17112,#17111)
REPRESENTATION_RELATIONSHIP_WITH_TRANSFORMATION(#52)
SHAPE_REPRESENTATION_RELATIONSHIP()
);
#174=(
REPRESENTATION_RELATIONSHIP($,$,#17112,#17111)
REPRESENTATION_RELATIONSHIP_WITH_TRANSFORMATION(#53)
SHAPE_REPRESENTATION_RELATIONSHIP()
);
#175=(
REPRESENTATION_RELATIONSHIP($,$,#17112,#17111)
REPRESENTATION_RELATIONSHIP_WITH_TRANSFORMATION(#54)
SHAPE_REPRESENTATION_RELATIONSHIP()
);
#176=(
REPRESENTATION_RELATIONSHIP($,$,#17112,#17111)
REPRESENTATION_RELATIONSHIP_WITH_TRANSFORMATION(#55)
SHAPE_REPRESENTATION_RELATIONSHIP()
);
#177=(
REPRESENTATION_RELATIONSHIP($,$,#17112,#17111)
REPRESENTATION_RELATIONSHIP_WITH_TRANSFORMATION(#56)
SHAPE_REPRESENTATION_RELATIONSHIP()
);
#178=(
REPRESENTATION_RELATIONSHIP($,$,#17114,#17113)
REPRESENTATION_RELATIONSHIP_WITH_TRANSFORMATION(#57)
SHAPE_REPRESENTATION_RELATIONSHIP()
);
#179=(
REPRESENTATION_RELATIONSHIP($,$,#17114,#17113)
REPRESENTATION_RELATIONSHIP_WITH_TRANSFORMATION(#58)
SHAPE_REPRESENTATION_RELATIONSHIP()
);
#180=(
REPRESENTATION_RELATIONSHIP($,$,#17114,#17113)
REPRESENTATION_RELATIONSHIP_WITH_TRANSFORMATION(#59)
SHAPE_REPRESENTATION_RELATIONSHIP()
);
#181=(
REPRESENTATION_RELATIONSHIP($,$,#17114,#17113)
REPRESENTATION_RELATIONSHIP_WITH_TRANSFORMATION(#60)
SHAPE_REPRESENTATION_RELATIONSHIP()
);
#182=(
REPRESENTATION_RELATIONSHIP($,$,#17114,#17113)
REPRESENTATION_RELATIONSHIP_WITH_TRANSFORMATION(#61)
SHAPE_REPRESENTATION_RELATIONSHIP()
);
#183=(
REPRESENTATION_RELATIONSHIP($,$,#17114,#17113)
REPRESENTATION_RELATIONSHIP_WITH_TRANSFORMATION(#62)
SHAPE_REPRESENTATION_RELATIONSHIP()
);
#184=(
REPRESENTATION_RELATIONSHIP($,$,#17114,#17113)
REPRESENTATION_RELATIONSHIP_WITH_TRANSFORMATION(#63)
SHAPE_REPRESENTATION_RELATIONSHIP()
);
#185=(
REPRESENTATION_RELATIONSHIP($,$,#17114,#17113)
REPRESENTATION_RELATIONSHIP_WITH_TRANSFORMATION(#64)
SHAPE_REPRESENTATION_RELATIONSHIP()
);
#186=(
REPRESENTATION_RELATIONSHIP($,$,#17109,#17108)
REPRESENTATION_RELATIONSHIP_WITH_TRANSFORMATION(#65)
SHAPE_REPRESENTATION_RELATIONSHIP()
);
#187=(
REPRESENTATION_RELATIONSHIP($,$,#17111,#17108)
REPRESENTATION_RELATIONSHIP_WITH_TRANSFORMATION(#66)
SHAPE_REPRESENTATION_RELATIONSHIP()
);
#188=(
REPRESENTATION_RELATIONSHIP($,$,#17113,#17108)
REPRESENTATION_RELATIONSHIP_WITH_TRANSFORMATION(#67)
SHAPE_REPRESENTATION_RELATIONSHIP()
);
#189=(
REPRESENTATION_RELATIONSHIP($,$,#17117,#17116)
REPRESENTATION_RELATIONSHIP_WITH_TRANSFORMATION(#68)
SHAPE_REPRESENTATION_RELATIONSHIP()
);
#190=(
REPRESENTATION_RELATIONSHIP($,$,#17117,#17116)
REPRESENTATION_RELATIONSHIP_WITH_TRANSFORMATION(#69)
SHAPE_REPRESENTATION_RELATIONSHIP()
);
#191=(
REPRESENTATION_RELATIONSHIP($,$,#17117,#17116)
REPRESENTATION_RELATIONSHIP_WITH_TRANSFORMATION(#70)
SHAPE_REPRESENTATION_RELATIONSHIP()
);
#192=(
REPRESENTATION_RELATIONSHIP($,$,#17117,#17116)
REPRESENTATION_RELATIONSHIP_WITH_TRANSFORMATION(#71)
SHAPE_REPRESENTATION_RELATIONSHIP()
);
#193=(
REPRESENTATION_RELATIONSHIP($,$,#17117,#17116)
REPRESENTATION_RELATIONSHIP_WITH_TRANSFORMATION(#72)
SHAPE_REPRESENTATION_RELATIONSHIP()
);
#194=(
REPRESENTATION_RELATIONSHIP($,$,#17117,#17116)
REPRESENTATION_RELATIONSHIP_WITH_TRANSFORMATION(#73)
SHAPE_REPRESENTATION_RELATIONSHIP()
);
#195=(
REPRESENTATION_RELATIONSHIP($,$,#17117,#17116)
REPRESENTATION_RELATIONSHIP_WITH_TRANSFORMATION(#74)
SHAPE_REPRESENTATION_RELATIONSHIP()
);
#196=(
REPRESENTATION_RELATIONSHIP($,$,#17117,#17116)
REPRESENTATION_RELATIONSHIP_WITH_TRANSFORMATION(#75)
SHAPE_REPRESENTATION_RELATIONSHIP()
);
#197=(
REPRESENTATION_RELATIONSHIP($,$,#17119,#17118)
REPRESENTATION_RELATIONSHIP_WITH_TRANSFORMATION(#76)
SHAPE_REPRESENTATION_RELATIONSHIP()
);
#198=(
REPRESENTATION_RELATIONSHIP($,$,#17119,#17118)
REPRESENTATION_RELATIONSHIP_WITH_TRANSFORMATION(#77)
SHAPE_REPRESENTATION_RELATIONSHIP()
);
#199=(
REPRESENTATION_RELATIONSHIP($,$,#17119,#17118)
REPRESENTATION_RELATIONSHIP_WITH_TRANSFORMATION(#78)
SHAPE_REPRESENTATION_RELATIONSHIP()
);
#200=(
REPRESENTATION_RELATIONSHIP($,$,#17119,#17118)
REPRESENTATION_RELATIONSHIP_WITH_TRANSFORMATION(#79)
SHAPE_REPRESENTATION_RELATIONSHIP()
);
#201=(
REPRESENTATION_RELATIONSHIP($,$,#17119,#17118)
REPRESENTATION_RELATIONSHIP_WITH_TRANSFORMATION(#80)
SHAPE_REPRESENTATION_RELATIONSHIP()
);
#202=(
REPRESENTATION_RELATIONSHIP($,$,#17119,#17118)
REPRESENTATION_RELATIONSHIP_WITH_TRANSFORMATION(#81)
SHAPE_REPRESENTATION_RELATIONSHIP()
);
#203=(
REPRESENTATION_RELATIONSHIP($,$,#17119,#17118)
REPRESENTATION_RELATIONSHIP_WITH_TRANSFORMATION(#82)
SHAPE_REPRESENTATION_RELATIONSHIP()
);
#204=(
REPRESENTATION_RELATIONSHIP($,$,#17119,#17118)
REPRESENTATION_RELATIONSHIP_WITH_TRANSFORMATION(#83)
SHAPE_REPRESENTATION_RELATIONSHIP()
);
#205=(
REPRESENTATION_RELATIONSHIP($,$,#17121,#17120)
REPRESENTATION_RELATIONSHIP_WITH_TRANSFORMATION(#84)
SHAPE_REPRESENTATION_RELATIONSHIP()
);
#206=(
REPRESENTATION_RELATIONSHIP($,$,#17121,#17120)
REPRESENTATION_RELATIONSHIP_WITH_TRANSFORMATION(#85)
SHAPE_REPRESENTATION_RELATIONSHIP()
);
#207=(
REPRESENTATION_RELATIONSHIP($,$,#17121,#17120)
REPRESENTATION_RELATIONSHIP_WITH_TRANSFORMATION(#86)
SHAPE_REPRESENTATION_RELATIONSHIP()
);
#208=(
REPRESENTATION_RELATIONSHIP($,$,#17121,#17120)
REPRESENTATION_RELATIONSHIP_WITH_TRANSFORMATION(#87)
SHAPE_REPRESENTATION_RELATIONSHIP()
);
#209=(
REPRESENTATION_RELATIONSHIP($,$,#17121,#17120)
REPRESENTATION_RELATIONSHIP_WITH_TRANSFORMATION(#88)
SHAPE_REPRESENTATION_RELATIONSHIP()
);
#210=(
REPRESENTATION_RELATIONSHIP($,$,#17121,#17120)
REPRESENTATION_RELATIONSHIP_WITH_TRANSFORMATION(#89)
SHAPE_REPRESENTATION_RELATIONSHIP()
);
#211=(
REPRESENTATION_RELATIONSHIP($,$,#17121,#17120)
REPRESENTATION_RELATIONSHIP_WITH_TRANSFORMATION(#90)
SHAPE_REPRESENTATION_RELATIONSHIP()
);
#212=(
REPRESENTATION_RELATIONSHIP($,$,#17121,#17120)
REPRESENTATION_RELATIONSHIP_WITH_TRANSFORMATION(#91)
SHAPE_REPRESENTATION_RELATIONSHIP()
);
#213=(
REPRESENTATION_RELATIONSHIP($,$,#17116,#17115)
REPRESENTATION_RELATIONSHIP_WITH_TRANSFORMATION(#92)
SHAPE_REPRESENTATION_RELATIONSHIP()
);
#214=(
REPRESENTATION_RELATIONSHIP($,$,#17118,#17115)
REPRESENTATION_RELATIONSHIP_WITH_TRANSFORMATION(#93)
SHAPE_REPRESENTATION_RELATIONSHIP()
);
#215=(
REPRESENTATION_RELATIONSHIP($,$,#17120,#17115)
REPRESENTATION_RELATIONSHIP_WITH_TRANSFORMATION(#94)
SHAPE_REPRESENTATION_RELATIONSHIP()
);
#216=(
REPRESENTATION_RELATIONSHIP($,$,#17123,#17122)
REPRESENTATION_RELATIONSHIP_WITH_TRANSFORMATION(#95)
SHAPE_REPRESENTATION_RELATIONSHIP()
);
#217=(
REPRESENTATION_RELATIONSHIP($,$,#17124,#17122)
REPRESENTATION_RELATIONSHIP_WITH_TRANSFORMATION(#96)
SHAPE_REPRESENTATION_RELATIONSHIP()
);
#218=(
REPRESENTATION_RELATIONSHIP($,$,#17125,#17122)
REPRESENTATION_RELATIONSHIP_WITH_TRANSFORMATION(#97)
SHAPE_REPRESENTATION_RELATIONSHIP()
);
#219=(
REPRESENTATION_RELATIONSHIP($,$,#17126,#17122)
REPRESENTATION_RELATIONSHIP_WITH_TRANSFORMATION(#98)
SHAPE_REPRESENTATION_RELATIONSHIP()
);
#220=(
REPRESENTATION_RELATIONSHIP($,$,#17127,#17122)
REPRESENTATION_RELATIONSHIP_WITH_TRANSFORMATION(#99)
SHAPE_REPRESENTATION_RELATIONSHIP()
);
#221=(
REPRESENTATION_RELATIONSHIP($,$,#17132,#17131)
REPRESENTATION_RELATIONSHIP_WITH_TRANSFORMATION(#100)
SHAPE_REPRESENTATION_RELATIONSHIP()
);
#222=(
REPRESENTATION_RELATIONSHIP($,$,#17132,#17131)
REPRESENTATION_RELATIONSHIP_WITH_TRANSFORMATION(#101)
SHAPE_REPRESENTATION_RELATIONSHIP()
);
#223=(
REPRESENTATION_RELATIONSHIP($,$,#17132,#17131)
REPRESENTATION_RELATIONSHIP_WITH_TRANSFORMATION(#102)
SHAPE_REPRESENTATION_RELATIONSHIP()
);
#224=(
REPRESENTATION_RELATIONSHIP($,$,#17132,#17131)
REPRESENTATION_RELATIONSHIP_WITH_TRANSFORMATION(#103)
SHAPE_REPRESENTATION_RELATIONSHIP()
);
#225=(
REPRESENTATION_RELATIONSHIP($,$,#17132,#17131)
REPRESENTATION_RELATIONSHIP_WITH_TRANSFORMATION(#104)
SHAPE_REPRESENTATION_RELATIONSHIP()
);
#226=(
REPRESENTATION_RELATIONSHIP($,$,#17132,#17131)
REPRESENTATION_RELATIONSHIP_WITH_TRANSFORMATION(#105)
SHAPE_REPRESENTATION_RELATIONSHIP()
);
#227=(
REPRESENTATION_RELATIONSHIP($,$,#17132,#17131)
REPRESENTATION_RELATIONSHIP_WITH_TRANSFORMATION(#106)
SHAPE_REPRESENTATION_RELATIONSHIP()
);
#228=(
REPRESENTATION_RELATIONSHIP($,$,#17131,#17130)
REPRESENTATION_RELATIONSHIP_WITH_TRANSFORMATION(#107)
SHAPE_REPRESENTATION_RELATIONSHIP()
);
#229=(
REPRESENTATION_RELATIONSHIP($,$,#17131,#17130)
REPRESENTATION_RELATIONSHIP_WITH_TRANSFORMATION(#108)
SHAPE_REPRESENTATION_RELATIONSHIP()
);
#230=(
REPRESENTATION_RELATIONSHIP($,$,#17131,#17130)
REPRESENTATION_RELATIONSHIP_WITH_TRANSFORMATION(#109)
SHAPE_REPRESENTATION_RELATIONSHIP()
);
#231=(
REPRESENTATION_RELATIONSHIP($,$,#17131,#17130)
REPRESENTATION_RELATIONSHIP_WITH_TRANSFORMATION(#110)
SHAPE_REPRESENTATION_RELATIONSHIP()
);
#232=(
REPRESENTATION_RELATIONSHIP($,$,#17129,#17128)
REPRESENTATION_RELATIONSHIP_WITH_TRANSFORMATION(#111)
SHAPE_REPRESENTATION_RELATIONSHIP()
);
#233=(
REPRESENTATION_RELATIONSHIP($,$,#17130,#17128)
REPRESENTATION_RELATIONSHIP_WITH_TRANSFORMATION(#112)
SHAPE_REPRESENTATION_RELATIONSHIP()
);
#234=(
REPRESENTATION_RELATIONSHIP($,$,#17134,#17133)
REPRESENTATION_RELATIONSHIP_WITH_TRANSFORMATION(#113)
SHAPE_REPRESENTATION_RELATIONSHIP()
);
#235=(
REPRESENTATION_RELATIONSHIP($,$,#17135,#17133)
REPRESENTATION_RELATIONSHIP_WITH_TRANSFORMATION(#114)
SHAPE_REPRESENTATION_RELATIONSHIP()
);
#236=(
REPRESENTATION_RELATIONSHIP($,$,#17137,#17136)
REPRESENTATION_RELATIONSHIP_WITH_TRANSFORMATION(#115)
SHAPE_REPRESENTATION_RELATIONSHIP()
);
#237=(
REPRESENTATION_RELATIONSHIP($,$,#17138,#17136)
REPRESENTATION_RELATIONSHIP_WITH_TRANSFORMATION(#116)
SHAPE_REPRESENTATION_RELATIONSHIP()
);
#238=(
REPRESENTATION_RELATIONSHIP($,$,#17140,#17139)
REPRESENTATION_RELATIONSHIP_WITH_TRANSFORMATION(#117)
SHAPE_REPRESENTATION_RELATIONSHIP()
);
#239=(
REPRESENTATION_RELATIONSHIP($,$,#17141,#17139)
REPRESENTATION_RELATIONSHIP_WITH_TRANSFORMATION(#118)
SHAPE_REPRESENTATION_RELATIONSHIP()
);
#240=(
REPRESENTATION_RELATIONSHIP($,$,#17143,#17142)
REPRESENTATION_RELATIONSHIP_WITH_TRANSFORMATION(#119)
SHAPE_REPRESENTATION_RELATIONSHIP()
);
#241=(
REPRESENTATION_RELATIONSHIP($,$,#17144,#17142)
REPRESENTATION_RELATIONSHIP_WITH_TRANSFORMATION(#120)
SHAPE_REPRESENTATION_RELATIONSHIP()
);
#242=(
REPRESENTATION_RELATIONSHIP($,$,#17146,#17145)
REPRESENTATION_RELATIONSHIP_WITH_TRANSFORMATION(#121)
SHAPE_REPRESENTATION_RELATIONSHIP()
);
#243=(
REPRESENTATION_RELATIONSHIP($,$,#17147,#17145)
REPRESENTATION_RELATIONSHIP_WITH_TRANSFORMATION(#122)
SHAPE_REPRESENTATION_RELATIONSHIP()
);
#244=(
REPRESENTATION_RELATIONSHIP($,$,#17149,#17148)
REPRESENTATION_RELATIONSHIP_WITH_TRANSFORMATION(#123)
SHAPE_REPRESENTATION_RELATIONSHIP()
);
#245=(
REPRESENTATION_RELATIONSHIP($,$,#17150,#17148)
REPRESENTATION_RELATIONSHIP_WITH_TRANSFORMATION(#124)
SHAPE_REPRESENTATION_RELATIONSHIP()
);
#246=(
REPRESENTATION_RELATIONSHIP($,$,#17152,#17151)
REPRESENTATION_RELATIONSHIP_WITH_TRANSFORMATION(#125)
SHAPE_REPRESENTATION_RELATIONSHIP()
);
#247=(
REPRESENTATION_RELATIONSHIP($,$,#17153,#17151)
REPRESENTATION_RELATIONSHIP_WITH_TRANSFORMATION(#126)
SHAPE_REPRESENTATION_RELATIONSHIP()
);
#248=(
REPRESENTATION_RELATIONSHIP($,$,#17155,#17154)
REPRESENTATION_RELATIONSHIP_WITH_TRANSFORMATION(#127)
SHAPE_REPRESENTATION_RELATIONSHIP()
);
#249=(
REPRESENTATION_RELATIONSHIP($,$,#17156,#17154)
REPRESENTATION_RELATIONSHIP_WITH_TRANSFORMATION(#128)
SHAPE_REPRESENTATION_RELATIONSHIP()
);
#250=(
REPRESENTATION_RELATIONSHIP($,$,#17158,#17157)
REPRESENTATION_RELATIONSHIP_WITH_TRANSFORMATION(#129)
SHAPE_REPRESENTATION_RELATIONSHIP()
);
#251=(
REPRESENTATION_RELATIONSHIP($,$,#17159,#17157)
REPRESENTATION_RELATIONSHIP_WITH_TRANSFORMATION(#130)
SHAPE_REPRESENTATION_RELATIONSHIP()
);
#252=(
REPRESENTATION_RELATIONSHIP($,$,#17161,#17160)
REPRESENTATION_RELATIONSHIP_WITH_TRANSFORMATION(#131)
SHAPE_REPRESENTATION_RELATIONSHIP()
);
#253=(
REPRESENTATION_RELATIONSHIP($,$,#17162,#17160)
REPRESENTATION_RELATIONSHIP_WITH_TRANSFORMATION(#132)
SHAPE_REPRESENTATION_RELATIONSHIP()
);
#254=(
REPRESENTATION_RELATIONSHIP($,$,#17164,#17163)
REPRESENTATION_RELATIONSHIP_WITH_TRANSFORMATION(#133)
SHAPE_REPRESENTATION_RELATIONSHIP()
);
#255=(
REPRESENTATION_RELATIONSHIP($,$,#17165,#17163)
REPRESENTATION_RELATIONSHIP_WITH_TRANSFORMATION(#134)
SHAPE_REPRESENTATION_RELATIONSHIP()
);
#256=(
REPRESENTATION_RELATIONSHIP($,$,#17167,#17166)
REPRESENTATION_RELATIONSHIP_WITH_TRANSFORMATION(#135)
SHAPE_REPRESENTATION_RELATIONSHIP()
);
#257=(
REPRESENTATION_RELATIONSHIP($,$,#17168,#17166)
REPRESENTATION_RELATIONSHIP_WITH_TRANSFORMATION(#136)
SHAPE_REPRESENTATION_RELATIONSHIP()
);
#258=(
REPRESENTATION_RELATIONSHIP($,$,#17170,#17169)
REPRESENTATION_RELATIONSHIP_WITH_TRANSFORMATION(#137)
SHAPE_REPRESENTATION_RELATIONSHIP()
);
#259=(
REPRESENTATION_RELATIONSHIP($,$,#17171,#17169)
REPRESENTATION_RELATIONSHIP_WITH_TRANSFORMATION(#138)
SHAPE_REPRESENTATION_RELATIONSHIP()
);
#260=(
REPRESENTATION_RELATIONSHIP($,$,#17173,#17172)
REPRESENTATION_RELATIONSHIP_WITH_TRANSFORMATION(#139)
SHAPE_REPRESENTATION_RELATIONSHIP()
);
#261=(
REPRESENTATION_RELATIONSHIP($,$,#17174,#17172)
REPRESENTATION_RELATIONSHIP_WITH_TRANSFORMATION(#140)
SHAPE_REPRESENTATION_RELATIONSHIP()
);
#262=(
REPRESENTATION_RELATIONSHIP($,$,#17107,#17106)
REPRESENTATION_RELATIONSHIP_WITH_TRANSFORMATION(#141)
SHAPE_REPRESENTATION_RELATIONSHIP()
);
#263=(
REPRESENTATION_RELATIONSHIP($,$,#17108,#17106)
REPRESENTATION_RELATIONSHIP_WITH_TRANSFORMATION(#142)
SHAPE_REPRESENTATION_RELATIONSHIP()
);
#264=(
REPRESENTATION_RELATIONSHIP($,$,#17115,#17106)
REPRESENTATION_RELATIONSHIP_WITH_TRANSFORMATION(#143)
SHAPE_REPRESENTATION_RELATIONSHIP()
);
#265=(
REPRESENTATION_RELATIONSHIP($,$,#17122,#17106)
REPRESENTATION_RELATIONSHIP_WITH_TRANSFORMATION(#144)
SHAPE_REPRESENTATION_RELATIONSHIP()
);
#266=(
REPRESENTATION_RELATIONSHIP($,$,#17128,#17106)
REPRESENTATION_RELATIONSHIP_WITH_TRANSFORMATION(#145)
SHAPE_REPRESENTATION_RELATIONSHIP()
);
#267=(
REPRESENTATION_RELATIONSHIP($,$,#17133,#17106)
REPRESENTATION_RELATIONSHIP_WITH_TRANSFORMATION(#146)
SHAPE_REPRESENTATION_RELATIONSHIP()
);
#268=(
REPRESENTATION_RELATIONSHIP($,$,#17136,#17106)
REPRESENTATION_RELATIONSHIP_WITH_TRANSFORMATION(#147)
SHAPE_REPRESENTATION_RELATIONSHIP()
);
#269=(
REPRESENTATION_RELATIONSHIP($,$,#17139,#17106)
REPRESENTATION_RELATIONSHIP_WITH_TRANSFORMATION(#148)
SHAPE_REPRESENTATION_RELATIONSHIP()
);
#270=(
REPRESENTATION_RELATIONSHIP($,$,#17142,#17106)
REPRESENTATION_RELATIONSHIP_WITH_TRANSFORMATION(#149)
SHAPE_REPRESENTATION_RELATIONSHIP()
);
#271=(
REPRESENTATION_RELATIONSHIP($,$,#17145,#17106)
REPRESENTATION_RELATIONSHIP_WITH_TRANSFORMATION(#150)
SHAPE_REPRESENTATION_RELATIONSHIP()
);
#272=(
REPRESENTATION_RELATIONSHIP($,$,#17148,#17106)
REPRESENTATION_RELATIONSHIP_WITH_TRANSFORMATION(#151)
SHAPE_REPRESENTATION_RELATIONSHIP()
);
#273=(
REPRESENTATION_RELATIONSHIP($,$,#17151,#17106)
REPRESENTATION_RELATIONSHIP_WITH_TRANSFORMATION(#152)
SHAPE_REPRESENTATION_RELATIONSHIP()
);
#274=(
REPRESENTATION_RELATIONSHIP($,$,#17154,#17106)
REPRESENTATION_RELATIONSHIP_WITH_TRANSFORMATION(#153)
SHAPE_REPRESENTATION_RELATIONSHIP()
);
#275=(
REPRESENTATION_RELATIONSHIP($,$,#17157,#17106)
REPRESENTATION_RELATIONSHIP_WITH_TRANSFORMATION(#154)
SHAPE_REPRESENTATION_RELATIONSHIP()
);
#276=(
REPRESENTATION_RELATIONSHIP($,$,#17160,#17106)
REPRESENTATION_RELATIONSHIP_WITH_TRANSFORMATION(#155)
SHAPE_REPRESENTATION_RELATIONSHIP()
);
#277=(
REPRESENTATION_RELATIONSHIP($,$,#17163,#17106)
REPRESENTATION_RELATIONSHIP_WITH_TRANSFORMATION(#156)
SHAPE_REPRESENTATION_RELATIONSHIP()
);
#278=(
REPRESENTATION_RELATIONSHIP($,$,#17166,#17106)
REPRESENTATION_RELATIONSHIP_WITH_TRANSFORMATION(#157)
SHAPE_REPRESENTATION_RELATIONSHIP()
);
#279=(
REPRESENTATION_RELATIONSHIP($,$,#17169,#17106)
REPRESENTATION_RELATIONSHIP_WITH_TRANSFORMATION(#158)
SHAPE_REPRESENTATION_RELATIONSHIP()
);
#280=(
REPRESENTATION_RELATIONSHIP($,$,#17172,#17106)
REPRESENTATION_RELATIONSHIP_WITH_TRANSFORMATION(#159)
SHAPE_REPRESENTATION_RELATIONSHIP()
);
#281=(
REPRESENTATION_RELATIONSHIP($,$,#17175,#17106)
REPRESENTATION_RELATIONSHIP_WITH_TRANSFORMATION(#160)
SHAPE_REPRESENTATION_RELATIONSHIP()
);
#282=(
REPRESENTATION_RELATIONSHIP($,$,#17176,#17106)
REPRESENTATION_RELATIONSHIP_WITH_TRANSFORMATION(#161)
SHAPE_REPRESENTATION_RELATIONSHIP()
);
#283=CONTEXT_DEPENDENT_SHAPE_REPRESENTATION(#162,#16919);
#284=CONTEXT_DEPENDENT_SHAPE_REPRESENTATION(#163,#16920);
#285=CONTEXT_DEPENDENT_SHAPE_REPRESENTATION(#164,#16921);
#286=CONTEXT_DEPENDENT_SHAPE_REPRESENTATION(#165,#16922);
#287=CONTEXT_DEPENDENT_SHAPE_REPRESENTATION(#166,#16923);
#288=CONTEXT_DEPENDENT_SHAPE_REPRESENTATION(#167,#16924);
#289=CONTEXT_DEPENDENT_SHAPE_REPRESENTATION(#168,#16925);
#290=CONTEXT_DEPENDENT_SHAPE_REPRESENTATION(#169,#16926);
#291=CONTEXT_DEPENDENT_SHAPE_REPRESENTATION(#170,#16929);
#292=CONTEXT_DEPENDENT_SHAPE_REPRESENTATION(#171,#16930);
#293=CONTEXT_DEPENDENT_SHAPE_REPRESENTATION(#172,#16931);
#294=CONTEXT_DEPENDENT_SHAPE_REPRESENTATION(#173,#16932);
#295=CONTEXT_DEPENDENT_SHAPE_REPRESENTATION(#174,#16933);
#296=CONTEXT_DEPENDENT_SHAPE_REPRESENTATION(#175,#16934);
#297=CONTEXT_DEPENDENT_SHAPE_REPRESENTATION(#176,#16935);
#298=CONTEXT_DEPENDENT_SHAPE_REPRESENTATION(#177,#16936);
#299=CONTEXT_DEPENDENT_SHAPE_REPRESENTATION(#178,#16939);
#300=CONTEXT_DEPENDENT_SHAPE_REPRESENTATION(#179,#16940);
#301=CONTEXT_DEPENDENT_SHAPE_REPRESENTATION(#180,#16941);
#302=CONTEXT_DEPENDENT_SHAPE_REPRESENTATION(#181,#16942);
#303=CONTEXT_DEPENDENT_SHAPE_REPRESENTATION(#182,#16943);
#304=CONTEXT_DEPENDENT_SHAPE_REPRESENTATION(#183,#16944);
#305=CONTEXT_DEPENDENT_SHAPE_REPRESENTATION(#184,#16945);
#306=CONTEXT_DEPENDENT_SHAPE_REPRESENTATION(#185,#16946);
#307=CONTEXT_DEPENDENT_SHAPE_REPRESENTATION(#186,#16947);
#308=CONTEXT_DEPENDENT_SHAPE_REPRESENTATION(#187,#16948);
#309=CONTEXT_DEPENDENT_SHAPE_REPRESENTATION(#188,#16949);
#310=CONTEXT_DEPENDENT_SHAPE_REPRESENTATION(#189,#16953);
#311=CONTEXT_DEPENDENT_SHAPE_REPRESENTATION(#190,#16954);
#312=CONTEXT_DEPENDENT_SHAPE_REPRESENTATION(#191,#16955);
#313=CONTEXT_DEPENDENT_SHAPE_REPRESENTATION(#192,#16956);
#314=CONTEXT_DEPENDENT_SHAPE_REPRESENTATION(#193,#16957);
#315=CONTEXT_DEPENDENT_SHAPE_REPRESENTATION(#194,#16958);
#316=CONTEXT_DEPENDENT_SHAPE_REPRESENTATION(#195,#16959);
#317=CONTEXT_DEPENDENT_SHAPE_REPRESENTATION(#196,#16960);
#318=CONTEXT_DEPENDENT_SHAPE_REPRESENTATION(#197,#16963);
#319=CONTEXT_DEPENDENT_SHAPE_REPRESENTATION(#198,#16964);
#320=CONTEXT_DEPENDENT_SHAPE_REPRESENTATION(#199,#16965);
#321=CONTEXT_DEPENDENT_SHAPE_REPRESENTATION(#200,#16966);
#322=CONTEXT_DEPENDENT_SHAPE_REPRESENTATION(#201,#16967);
#323=CONTEXT_DEPENDENT_SHAPE_REPRESENTATION(#202,#16968);
#324=CONTEXT_DEPENDENT_SHAPE_REPRESENTATION(#203,#16969);
#325=CONTEXT_DEPENDENT_SHAPE_REPRESENTATION(#204,#16970);
#326=CONTEXT_DEPENDENT_SHAPE_REPRESENTATION(#205,#16973);
#327=CONTEXT_DEPENDENT_SHAPE_REPRESENTATION(#206,#16974);
#328=CONTEXT_DEPENDENT_SHAPE_REPRESENTATION(#207,#16975);
#329=CONTEXT_DEPENDENT_SHAPE_REPRESENTATION(#208,#16976);
#330=CONTEXT_DEPENDENT_SHAPE_REPRESENTATION(#209,#16977);
#331=CONTEXT_DEPENDENT_SHAPE_REPRESENTATION(#210,#16978);
#332=CONTEXT_DEPENDENT_SHAPE_REPRESENTATION(#211,#16979);
#333=CONTEXT_DEPENDENT_SHAPE_REPRESENTATION(#212,#16980);
#334=CONTEXT_DEPENDENT_SHAPE_REPRESENTATION(#213,#16981);
#335=CONTEXT_DEPENDENT_SHAPE_REPRESENTATION(#214,#16982);
#336=CONTEXT_DEPENDENT_SHAPE_REPRESENTATION(#215,#16983);
#337=CONTEXT_DEPENDENT_SHAPE_REPRESENTATION(#216,#16990);
#338=CONTEXT_DEPENDENT_SHAPE_REPRESENTATION(#217,#16991);
#339=CONTEXT_DEPENDENT_SHAPE_REPRESENTATION(#218,#16992);
#340=CONTEXT_DEPENDENT_SHAPE_REPRESENTATION(#219,#16993);
#341=CONTEXT_DEPENDENT_SHAPE_REPRESENTATION(#220,#16994);
#342=CONTEXT_DEPENDENT_SHAPE_REPRESENTATION(#221,#17000);
#343=CONTEXT_DEPENDENT_SHAPE_REPRESENTATION(#222,#17001);
#344=CONTEXT_DEPENDENT_SHAPE_REPRESENTATION(#223,#17002);
#345=CONTEXT_DEPENDENT_SHAPE_REPRESENTATION(#224,#17003);
#346=CONTEXT_DEPENDENT_SHAPE_REPRESENTATION(#225,#17004);
#347=CONTEXT_DEPENDENT_SHAPE_REPRESENTATION(#226,#17005);
#348=CONTEXT_DEPENDENT_SHAPE_REPRESENTATION(#227,#17006);
#349=CONTEXT_DEPENDENT_SHAPE_REPRESENTATION(#228,#17007);
#350=CONTEXT_DEPENDENT_SHAPE_REPRESENTATION(#229,#17008);
#351=CONTEXT_DEPENDENT_SHAPE_REPRESENTATION(#230,#17009);
#352=CONTEXT_DEPENDENT_SHAPE_REPRESENTATION(#231,#17010);
#353=CONTEXT_DEPENDENT_SHAPE_REPRESENTATION(#232,#17011);
#354=CONTEXT_DEPENDENT_SHAPE_REPRESENTATION(#233,#17012);
#355=CONTEXT_DEPENDENT_SHAPE_REPRESENTATION(#234,#17016);
#356=CONTEXT_DEPENDENT_SHAPE_REPRESENTATION(#235,#17017);
#357=CONTEXT_DEPENDENT_SHAPE_REPRESENTATION(#236,#17021);
#358=CONTEXT_DEPENDENT_SHAPE_REPRESENTATION(#237,#17022);
#359=CONTEXT_DEPENDENT_SHAPE_REPRESENTATION(#238,#17026);
#360=CONTEXT_DEPENDENT_SHAPE_REPRESENTATION(#239,#17027);
#361=CONTEXT_DEPENDENT_SHAPE_REPRESENTATION(#240,#17031);
#362=CONTEXT_DEPENDENT_SHAPE_REPRESENTATION(#241,#17032);
#363=CONTEXT_DEPENDENT_SHAPE_REPRESENTATION(#242,#17036);
#364=CONTEXT_DEPENDENT_SHAPE_REPRESENTATION(#243,#17037);
#365=CONTEXT_DEPENDENT_SHAPE_REPRESENTATION(#244,#17041);
#366=CONTEXT_DEPENDENT_SHAPE_REPRESENTATION(#245,#17042);
#367=CONTEXT_DEPENDENT_SHAPE_REPRESENTATION(#246,#17046);
#368=CONTEXT_DEPENDENT_SHAPE_REPRESENTATION(#247,#17047);
#369=CONTEXT_DEPENDENT_SHAPE_REPRESENTATION(#248,#17051);
#370=CONTEXT_DEPENDENT_SHAPE_REPRESENTATION(#249,#17052);
#371=CONTEXT_DEPENDENT_SHAPE_REPRESENTATION(#250,#17056);
#372=CONTEXT_DEPENDENT_SHAPE_REPRESENTATION(#251,#17057);
#373=CONTEXT_DEPENDENT_SHAPE_REPRESENTATION(#252,#17061);
#374=CONTEXT_DEPENDENT_SHAPE_REPRESENTATION(#253,#17062);
#375=CONTEXT_DEPENDENT_SHAPE_REPRESENTATION(#254,#17066);
#376=CONTEXT_DEPENDENT_SHAPE_REPRESENTATION(#255,#17067);
#377=CONTEXT_DEPENDENT_SHAPE_REPRESENTATION(#256,#17071);
#378=CONTEXT_DEPENDENT_SHAPE_REPRESENTATION(#257,#17072);
#379=CONTEXT_DEPENDENT_SHAPE_REPRESENTATION(#258,#17076);
#380=CONTEXT_DEPENDENT_SHAPE_REPRESENTATION(#259,#17077);
#381=CONTEXT_DEPENDENT_SHAPE_REPRESENTATION(#260,#17081);
#382=CONTEXT_DEPENDENT_SHAPE_REPRESENTATION(#261,#17082);
#383=CONTEXT_DEPENDENT_SHAPE_REPRESENTATION(#262,#17085);
#384=CONTEXT_DEPENDENT_SHAPE_REPRESENTATION(#263,#17086);
#385=CONTEXT_DEPENDENT_SHAPE_REPRESENTATION(#264,#17087);
#386=CONTEXT_DEPENDENT_SHAPE_REPRESENTATION(#265,#17088);
#387=CONTEXT_DEPENDENT_SHAPE_REPRESENTATION(#266,#17089);
#388=CONTEXT_DEPENDENT_SHAPE_REPRESENTATION(#267,#17090);
#389=CONTEXT_DEPENDENT_SHAPE_REPRESENTATION(#268,#17091);
#390=CONTEXT_DEPENDENT_SHAPE_REPRESENTATION(#269,#17092);
#391=CONTEXT_DEPENDENT_SHAPE_REPRESENTATION(#270,#17093);
#392=CONTEXT_DEPENDENT_SHAPE_REPRESENTATION(#271,#17094);
#393=CONTEXT_DEPENDENT_SHAPE_REPRESENTATION(#272,#17095);
#394=CONTEXT_DEPENDENT_SHAPE_REPRESENTATION(#273,#17096);
#395=CONTEXT_DEPENDENT_SHAPE_REPRESENTATION(#274,#17097);
#396=CONTEXT_DEPENDENT_SHAPE_REPRESENTATION(#275,#17098);
#397=CONTEXT_DEPENDENT_SHAPE_REPRESENTATION(#276,#17099);
#398=CONTEXT_DEPENDENT_SHAPE_REPRESENTATION(#277,#17100);
#399=CONTEXT_DEPENDENT_SHAPE_REPRESENTATION(#278,#17101);
#400=CONTEXT_DEPENDENT_SHAPE_REPRESENTATION(#279,#17102);
#401=CONTEXT_DEPENDENT_SHAPE_REPRESENTATION(#280,#17103);
#402=CONTEXT_DEPENDENT_SHAPE_REPRESENTATION(#281,#17104);
#403=CONTEXT_DEPENDENT_SHAPE_REPRESENTATION(#282,#17105);
#404=NEXT_ASSEMBLY_USAGE_OCCURRENCE('Body004:1','Body004:1','Body004:1',
#17181,#17182,'Body004:1');
#405=NEXT_ASSEMBLY_USAGE_OCCURRENCE('Body004:2','Body004:2','Body004:2',
#17181,#17182,'Body004:2');
#406=NEXT_ASSEMBLY_USAGE_OCCURRENCE('Body004:3','Body004:3','Body004:3',
#17181,#17182,'Body004:3');
#407=NEXT_ASSEMBLY_USAGE_OCCURRENCE('Body004:4','Body004:4','Body004:4',
#17181,#17182,'Body004:4');
#408=NEXT_ASSEMBLY_USAGE_OCCURRENCE('Body004:5','Body004:5','Body004:5',
#17181,#17182,'Body004:5');
#409=NEXT_ASSEMBLY_USAGE_OCCURRENCE('Body004:6','Body004:6','Body004:6',
#17181,#17182,'Body004:6');
#410=NEXT_ASSEMBLY_USAGE_OCCURRENCE('Body004:7','Body004:7','Body004:7',
#17181,#17182,'Body004:7');
#411=NEXT_ASSEMBLY_USAGE_OCCURRENCE('Body004:8','Body004:8','Body004:8',
#17181,#17182,'Body004:8');
#412=NEXT_ASSEMBLY_USAGE_OCCURRENCE('Body003:1','Body003:1','Body003:1',
#17183,#17184,'Body003:1');
#413=NEXT_ASSEMBLY_USAGE_OCCURRENCE('Body003:2','Body003:2','Body003:2',
#17183,#17184,'Body003:2');
#414=NEXT_ASSEMBLY_USAGE_OCCURRENCE('Body003:3','Body003:3','Body003:3',
#17183,#17184,'Body003:3');
#415=NEXT_ASSEMBLY_USAGE_OCCURRENCE('Body003:4','Body003:4','Body003:4',
#17183,#17184,'Body003:4');
#416=NEXT_ASSEMBLY_USAGE_OCCURRENCE('Body003:5','Body003:5','Body003:5',
#17183,#17184,'Body003:5');
#417=NEXT_ASSEMBLY_USAGE_OCCURRENCE('Body003:6','Body003:6','Body003:6',
#17183,#17184,'Body003:6');
#418=NEXT_ASSEMBLY_USAGE_OCCURRENCE('Body003:7','Body003:7','Body003:7',
#17183,#17184,'Body003:7');
#419=NEXT_ASSEMBLY_USAGE_OCCURRENCE('Body003:8','Body003:8','Body003:8',
#17183,#17184,'Body003:8');
#420=NEXT_ASSEMBLY_USAGE_OCCURRENCE('Body001:1','Body001:1','Body001:1',
#17185,#17186,'Body001:1');
#421=NEXT_ASSEMBLY_USAGE_OCCURRENCE('Body001:2','Body001:2','Body001:2',
#17185,#17186,'Body001:2');
#422=NEXT_ASSEMBLY_USAGE_OCCURRENCE('Body001:3','Body001:3','Body001:3',
#17185,#17186,'Body001:3');
#423=NEXT_ASSEMBLY_USAGE_OCCURRENCE('Body001:4','Body001:4','Body001:4',
#17185,#17186,'Body001:4');
#424=NEXT_ASSEMBLY_USAGE_OCCURRENCE('Body001:5','Body001:5','Body001:5',
#17185,#17186,'Body001:5');
#425=NEXT_ASSEMBLY_USAGE_OCCURRENCE('Body001:6','Body001:6','Body001:6',
#17185,#17186,'Body001:6');
#426=NEXT_ASSEMBLY_USAGE_OCCURRENCE('Body001:7','Body001:7','Body001:7',
#17185,#17186,'Body001:7');
#427=NEXT_ASSEMBLY_USAGE_OCCURRENCE('Body001:8','Body001:8','Body001:8',
#17185,#17186,'Body001:8');
#428=NEXT_ASSEMBLY_USAGE_OCCURRENCE('Array001:1','Array001:1',
'Array001:1',#17180,#17181,'Array001:1');
#429=NEXT_ASSEMBLY_USAGE_OCCURRENCE('Array:1','Array:1','Array:1',#17180,
#17183,'Array:1');
#430=NEXT_ASSEMBLY_USAGE_OCCURRENCE('Array002:1','Array002:1',
'Array002:1',#17180,#17185,'Array002:1');
#431=NEXT_ASSEMBLY_USAGE_OCCURRENCE('Body007:1','Body007:1','Body007:1',
#17188,#17189,'Body007:1');
#432=NEXT_ASSEMBLY_USAGE_OCCURRENCE('Body007:2','Body007:2','Body007:2',
#17188,#17189,'Body007:2');
#433=NEXT_ASSEMBLY_USAGE_OCCURRENCE('Body007:3','Body007:3','Body007:3',
#17188,#17189,'Body007:3');
#434=NEXT_ASSEMBLY_USAGE_OCCURRENCE('Body007:4','Body007:4','Body007:4',
#17188,#17189,'Body007:4');
#435=NEXT_ASSEMBLY_USAGE_OCCURRENCE('Body007:5','Body007:5','Body007:5',
#17188,#17189,'Body007:5');
#436=NEXT_ASSEMBLY_USAGE_OCCURRENCE('Body007:6','Body007:6','Body007:6',
#17188,#17189,'Body007:6');
#437=NEXT_ASSEMBLY_USAGE_OCCURRENCE('Body007:7','Body007:7','Body007:7',
#17188,#17189,'Body007:7');
#438=NEXT_ASSEMBLY_USAGE_OCCURRENCE('Body007:8','Body007:8','Body007:8',
#17188,#17189,'Body007:8');
#439=NEXT_ASSEMBLY_USAGE_OCCURRENCE('Body006:1','Body006:1','Body006:1',
#17190,#17191,'Body006:1');
#440=NEXT_ASSEMBLY_USAGE_OCCURRENCE('Body006:2','Body006:2','Body006:2',
#17190,#17191,'Body006:2');
#441=NEXT_ASSEMBLY_USAGE_OCCURRENCE('Body006:3','Body006:3','Body006:3',
#17190,#17191,'Body006:3');
#442=NEXT_ASSEMBLY_USAGE_OCCURRENCE('Body006:4','Body006:4','Body006:4',
#17190,#17191,'Body006:4');
#443=NEXT_ASSEMBLY_USAGE_OCCURRENCE('Body006:5','Body006:5','Body006:5',
#17190,#17191,'Body006:5');
#444=NEXT_ASSEMBLY_USAGE_OCCURRENCE('Body006:6','Body006:6','Body006:6',
#17190,#17191,'Body006:6');
#445=NEXT_ASSEMBLY_USAGE_OCCURRENCE('Body006:7','Body006:7','Body006:7',
#17190,#17191,'Body006:7');
#446=NEXT_ASSEMBLY_USAGE_OCCURRENCE('Body006:8','Body006:8','Body006:8',
#17190,#17191,'Body006:8');
#447=NEXT_ASSEMBLY_USAGE_OCCURRENCE('Body005:1','Body005:1','Body005:1',
#17192,#17193,'Body005:1');
#448=NEXT_ASSEMBLY_USAGE_OCCURRENCE('Body005:2','Body005:2','Body005:2',
#17192,#17193,'Body005:2');
#449=NEXT_ASSEMBLY_USAGE_OCCURRENCE('Body005:3','Body005:3','Body005:3',
#17192,#17193,'Body005:3');
#450=NEXT_ASSEMBLY_USAGE_OCCURRENCE('Body005:4','Body005:4','Body005:4',
#17192,#17193,'Body005:4');
#451=NEXT_ASSEMBLY_USAGE_OCCURRENCE('Body005:5','Body005:5','Body005:5',
#17192,#17193,'Body005:5');
#452=NEXT_ASSEMBLY_USAGE_OCCURRENCE('Body005:6','Body005:6','Body005:6',
#17192,#17193,'Body005:6');
#453=NEXT_ASSEMBLY_USAGE_OCCURRENCE('Body005:7','Body005:7','Body005:7',
#17192,#17193,'Body005:7');
#454=NEXT_ASSEMBLY_USAGE_OCCURRENCE('Body005:8','Body005:8','Body005:8',
#17192,#17193,'Body005:8');
#455=NEXT_ASSEMBLY_USAGE_OCCURRENCE('Array004:1','Array004:1',
'Array004:1',#17187,#17188,'Array004:1');
#456=NEXT_ASSEMBLY_USAGE_OCCURRENCE('Array003:1','Array003:1',
'Array003:1',#17187,#17190,'Array003:1');
#457=NEXT_ASSEMBLY_USAGE_OCCURRENCE('Array005:1','Array005:1',
'Array005:1',#17187,#17192,'Array005:1');
#458=NEXT_ASSEMBLY_USAGE_OCCURRENCE('Body008:1','Body008:1','Body008:1',
#17194,#17195,'Body008:1');
#459=NEXT_ASSEMBLY_USAGE_OCCURRENCE('Body009:1','Body009:1','Body009:1',
#17194,#17196,'Body009:1');
#460=NEXT_ASSEMBLY_USAGE_OCCURRENCE('Body002:1','Body002:1','Body002:1',
#17194,#17197,'Body002:1');
#461=NEXT_ASSEMBLY_USAGE_OCCURRENCE('Body010:1','Body010:1','Body010:1',
#17194,#17198,'Body010:1');
#462=NEXT_ASSEMBLY_USAGE_OCCURRENCE('Body011:1','Body011:1','Body011:1',
#17194,#17199,'Body011:1');
#463=NEXT_ASSEMBLY_USAGE_OCCURRENCE('Body013:1','Body013:1','Body013:1',
#17203,#17204,'Body013:1');
#464=NEXT_ASSEMBLY_USAGE_OCCURRENCE('Body013:2','Body013:2','Body013:2',
#17203,#17204,'Body013:2');
#465=NEXT_ASSEMBLY_USAGE_OCCURRENCE('Body013:3','Body013:3','Body013:3',
#17203,#17204,'Body013:3');
#466=NEXT_ASSEMBLY_USAGE_OCCURRENCE('Body013:4','Body013:4','Body013:4',
#17203,#17204,'Body013:4');
#467=NEXT_ASSEMBLY_USAGE_OCCURRENCE('Body013:5','Body013:5','Body013:5',
#17203,#17204,'Body013:5');
#468=NEXT_ASSEMBLY_USAGE_OCCURRENCE('Body013:6','Body013:6','Body013:6',
#17203,#17204,'Body013:6');
#469=NEXT_ASSEMBLY_USAGE_OCCURRENCE('Body013:7','Body013:7','Body013:7',
#17203,#17204,'Body013:7');
#470=NEXT_ASSEMBLY_USAGE_OCCURRENCE('Array007:1','Array007:1',
'Array007:1',#17202,#17203,'Array007:1');
#471=NEXT_ASSEMBLY_USAGE_OCCURRENCE('Array007:2','Array007:2',
'Array007:2',#17202,#17203,'Array007:2');
#472=NEXT_ASSEMBLY_USAGE_OCCURRENCE('Array007:3','Array007:3',
'Array007:3',#17202,#17203,'Array007:3');
#473=NEXT_ASSEMBLY_USAGE_OCCURRENCE('Array007:4','Array007:4',
'Array007:4',#17202,#17203,'Array007:4');
#474=NEXT_ASSEMBLY_USAGE_OCCURRENCE('Body012:1','Body012:1','Body012:1',
#17200,#17201,'Body012:1');
#475=NEXT_ASSEMBLY_USAGE_OCCURRENCE('Array006:1','Array006:1',
'Array006:1',#17200,#17202,'Array006:1');
#476=NEXT_ASSEMBLY_USAGE_OCCURRENCE('Body014:1','Body014:1','Body014:1',
#17205,#17206,'Body014:1');
#477=NEXT_ASSEMBLY_USAGE_OCCURRENCE('Body001 (Mirror #1):1',
'Body001 (Mirror #1):1','Body001 (Mirror #1):1',#17205,#17207,
'Body001 (Mirror #1):1');
#478=NEXT_ASSEMBLY_USAGE_OCCURRENCE('Body016:1','Body016:1','Body016:1',
#17208,#17209,'Body016:1');
#479=NEXT_ASSEMBLY_USAGE_OCCURRENCE('Body001 (Mirror #1)001:1',
'Body001 (Mirror #1)001:1','Body001 (Mirror #1)001:1',#17208,#17210,
'Body001 (Mirror #1)001:1');
#480=NEXT_ASSEMBLY_USAGE_OCCURRENCE('Body018:1','Body018:1','Body018:1',
#17211,#17212,'Body018:1');
#481=NEXT_ASSEMBLY_USAGE_OCCURRENCE('Body001 (Mirror #1)002:1',
'Body001 (Mirror #1)002:1','Body001 (Mirror #1)002:1',#17211,#17213,
'Body001 (Mirror #1)002:1');
#482=NEXT_ASSEMBLY_USAGE_OCCURRENCE('Body020:1','Body020:1','Body020:1',
#17214,#17215,'Body020:1');
#483=NEXT_ASSEMBLY_USAGE_OCCURRENCE('Body001 (Mirror #1)003:1',
'Body001 (Mirror #1)003:1','Body001 (Mirror #1)003:1',#17214,#17216,
'Body001 (Mirror #1)003:1');
#484=NEXT_ASSEMBLY_USAGE_OCCURRENCE('Body022:1','Body022:1','Body022:1',
#17217,#17218,'Body022:1');
#485=NEXT_ASSEMBLY_USAGE_OCCURRENCE('Body001 (Mirror #1)004:1',
'Body001 (Mirror #1)004:1','Body001 (Mirror #1)004:1',#17217,#17219,
'Body001 (Mirror #1)004:1');
#486=NEXT_ASSEMBLY_USAGE_OCCURRENCE('Body024:1','Body024:1','Body024:1',
#17220,#17221,'Body024:1');
#487=NEXT_ASSEMBLY_USAGE_OCCURRENCE('Body001 (Mirror #1)005:1',
'Body001 (Mirror #1)005:1','Body001 (Mirror #1)005:1',#17220,#17222,
'Body001 (Mirror #1)005:1');
#488=NEXT_ASSEMBLY_USAGE_OCCURRENCE('Body026:1','Body026:1','Body026:1',
#17223,#17224,'Body026:1');
#489=NEXT_ASSEMBLY_USAGE_OCCURRENCE('Body001 (Mirror #1)006:1',
'Body001 (Mirror #1)006:1','Body001 (Mirror #1)006:1',#17223,#17225,
'Body001 (Mirror #1)006:1');
#490=NEXT_ASSEMBLY_USAGE_OCCURRENCE('Body028:1','Body028:1','Body028:1',
#17226,#17227,'Body028:1');
#491=NEXT_ASSEMBLY_USAGE_OCCURRENCE('Body001 (Mirror #1)007:1',
'Body001 (Mirror #1)007:1','Body001 (Mirror #1)007:1',#17226,#17228,
'Body001 (Mirror #1)007:1');
#492=NEXT_ASSEMBLY_USAGE_OCCURRENCE('Body030:1','Body030:1','Body030:1',
#17229,#17230,'Body030:1');
#493=NEXT_ASSEMBLY_USAGE_OCCURRENCE('Body001 (Mirror #1)008:1',
'Body001 (Mirror #1)008:1','Body001 (Mirror #1)008:1',#17229,#17231,
'Body001 (Mirror #1)008:1');
#494=NEXT_ASSEMBLY_USAGE_OCCURRENCE('Body032:1','Body032:1','Body032:1',
#17232,#17233,'Body032:1');
#495=NEXT_ASSEMBLY_USAGE_OCCURRENCE('Body001 (Mirror #1)009:1',
'Body001 (Mirror #1)009:1','Body001 (Mirror #1)009:1',#17232,#17234,
'Body001 (Mirror #1)009:1');
#496=NEXT_ASSEMBLY_USAGE_OCCURRENCE('Body034:1','Body034:1','Body034:1',
#17235,#17236,'Body034:1');
#497=NEXT_ASSEMBLY_USAGE_OCCURRENCE('Body001 (Mirror #1)010:1',
'Body001 (Mirror #1)010:1','Body001 (Mirror #1)010:1',#17235,#17237,
'Body001 (Mirror #1)010:1');
#498=NEXT_ASSEMBLY_USAGE_OCCURRENCE('Body036:1','Body036:1','Body036:1',
#17238,#17239,'Body036:1');
#499=NEXT_ASSEMBLY_USAGE_OCCURRENCE('Body001 (Mirror #1)011:1',
'Body001 (Mirror #1)011:1','Body001 (Mirror #1)011:1',#17238,#17240,
'Body001 (Mirror #1)011:1');
#500=NEXT_ASSEMBLY_USAGE_OCCURRENCE('Body038:1','Body038:1','Body038:1',
#17241,#17242,'Body038:1');
#501=NEXT_ASSEMBLY_USAGE_OCCURRENCE('Body001 (Mirror #1)012:1',
'Body001 (Mirror #1)012:1','Body001 (Mirror #1)012:1',#17241,#17243,
'Body001 (Mirror #1)012:1');
#502=NEXT_ASSEMBLY_USAGE_OCCURRENCE('Body040:1','Body040:1','Body040:1',
#17244,#17245,'Body040:1');
#503=NEXT_ASSEMBLY_USAGE_OCCURRENCE('Body001 (Mirror #1)013:1',
'Body001 (Mirror #1)013:1','Body001 (Mirror #1)013:1',#17244,#17246,
'Body001 (Mirror #1)013:1');
#504=NEXT_ASSEMBLY_USAGE_OCCURRENCE('Body:2','Body:2','Body:2',#17178,#17179,
'Body:2');
#505=NEXT_ASSEMBLY_USAGE_OCCURRENCE('1x8 Male Header:2',
'1x8 Male Header:2','1x8 Male Header:2',#17178,#17180,
'1x8 Male Header:2');
#506=NEXT_ASSEMBLY_USAGE_OCCURRENCE('1x8 Male Header001:2',
'1x8 Male Header001:2','1x8 Male Header001:2',#17178,#17187,
'1x8 Male Header001:2');
#507=NEXT_ASSEMBLY_USAGE_OCCURRENCE('Trim Pot:2','Trim Pot:2',
'Trim Pot:2',#17178,#17194,'Trim Pot:2');
#508=NEXT_ASSEMBLY_USAGE_OCCURRENCE('QFN28:2','QFN28:2','QFN28:2',#17178,
#17200,'QFN28:2');
#509=NEXT_ASSEMBLY_USAGE_OCCURRENCE('0603 Resistor:2','0603 Resistor:2',
'0603 Resistor:2',#17178,#17205,'0603 Resistor:2');
#510=NEXT_ASSEMBLY_USAGE_OCCURRENCE('0603 Resistor001:2',
'0603 Resistor001:2','0603 Resistor001:2',#17178,#17208,
'0603 Resistor001:2');
#511=NEXT_ASSEMBLY_USAGE_OCCURRENCE('0603 Resistor002:2',
'0603 Resistor002:2','0603 Resistor002:2',#17178,#17211,
'0603 Resistor002:2');
#512=NEXT_ASSEMBLY_USAGE_OCCURRENCE('0603 Resistor003:2',
'0603 Resistor003:2','0603 Resistor003:2',#17178,#17214,
'0603 Resistor003:2');
#513=NEXT_ASSEMBLY_USAGE_OCCURRENCE('0603 Resistor004:2',
'0603 Resistor004:2','0603 Resistor004:2',#17178,#17217,
'0603 Resistor004:2');
#514=NEXT_ASSEMBLY_USAGE_OCCURRENCE('0805 Resistor:2','0805 Resistor:2',
'0805 Resistor:2',#17178,#17220,'0805 Resistor:2');
#515=NEXT_ASSEMBLY_USAGE_OCCURRENCE('0805 Resistor001:2',
'0805 Resistor001:2','0805 Resistor001:2',#17178,#17223,
'0805 Resistor001:2');
#516=NEXT_ASSEMBLY_USAGE_OCCURRENCE('0603 Capacitor:2',
'0603 Capacitor:2','0603 Capacitor:2',#17178,#17226,'0603 Capacitor:2');
#517=NEXT_ASSEMBLY_USAGE_OCCURRENCE('0603 Capacitor001:2',
'0603 Capacitor001:2','0603 Capacitor001:2',#17178,#17229,
'0603 Capacitor001:2');
#518=NEXT_ASSEMBLY_USAGE_OCCURRENCE('0603 Capacitor002:2',
'0603 Capacitor002:2','0603 Capacitor002:2',#17178,#17232,
'0603 Capacitor002:2');
#519=NEXT_ASSEMBLY_USAGE_OCCURRENCE('0603 Capacitor003:2',
'0603 Capacitor003:2','0603 Capacitor003:2',#17178,#17235,
'0603 Capacitor003:2');
#520=NEXT_ASSEMBLY_USAGE_OCCURRENCE('0603 Capacitor004:2',
'0603 Capacitor004:2','0603 Capacitor004:2',#17178,#17238,
'0603 Capacitor004:2');
#521=NEXT_ASSEMBLY_USAGE_OCCURRENCE('0603 Capacitor005:2',
'0603 Capacitor005:2','0603 Capacitor005:2',#17178,#17241,
'0603 Capacitor005:2');
#522=NEXT_ASSEMBLY_USAGE_OCCURRENCE('0805 Capacitor:2',
'0805 Capacitor:2','0805 Capacitor:2',#17178,#17244,'0805 Capacitor:2');
#523=NEXT_ASSEMBLY_USAGE_OCCURRENCE('Fusion:2','Fusion:2','Fusion:2',#17178,
#17247,'Fusion:2');
#524=NEXT_ASSEMBLY_USAGE_OCCURRENCE('Body045:2','Body045:2','Body045:2',
#17178,#17248,'Body045:2');
#525=SHAPE_REPRESENTATION_RELATIONSHIP('SRR','None',#17107,#569);
#526=SHAPE_REPRESENTATION_RELATIONSHIP('SRR','None',#17110,#570);
#527=SHAPE_REPRESENTATION_RELATIONSHIP('SRR','None',#17112,#571);
#528=SHAPE_REPRESENTATION_RELATIONSHIP('SRR','None',#17114,#572);
#529=SHAPE_REPRESENTATION_RELATIONSHIP('SRR','None',#17117,#573);
#530=SHAPE_REPRESENTATION_RELATIONSHIP('SRR','None',#17119,#574);
#531=SHAPE_REPRESENTATION_RELATIONSHIP('SRR','None',#17121,#575);
#532=SHAPE_REPRESENTATION_RELATIONSHIP('SRR','None',#17123,#576);
#533=SHAPE_REPRESENTATION_RELATIONSHIP('SRR','None',#17124,#577);
#534=SHAPE_REPRESENTATION_RELATIONSHIP('SRR','None',#17125,#578);
#535=SHAPE_REPRESENTATION_RELATIONSHIP('SRR','None',#17126,#579);
#536=SHAPE_REPRESENTATION_RELATIONSHIP('SRR','None',#17127,#580);
#537=SHAPE_REPRESENTATION_RELATIONSHIP('SRR','None',#17129,#581);
#538=SHAPE_REPRESENTATION_RELATIONSHIP('SRR','None',#17132,#582);
#539=SHAPE_REPRESENTATION_RELATIONSHIP('SRR','None',#17134,#583);
#540=SHAPE_REPRESENTATION_RELATIONSHIP('SRR','None',#17135,#584);
#541=SHAPE_REPRESENTATION_RELATIONSHIP('SRR','None',#17137,#585);
#542=SHAPE_REPRESENTATION_RELATIONSHIP('SRR','None',#17138,#586);
#543=SHAPE_REPRESENTATION_RELATIONSHIP('SRR','None',#17140,#587);
#544=SHAPE_REPRESENTATION_RELATIONSHIP('SRR','None',#17141,#588);
#545=SHAPE_REPRESENTATION_RELATIONSHIP('SRR','None',#17143,#589);
#546=SHAPE_REPRESENTATION_RELATIONSHIP('SRR','None',#17144,#590);
#547=SHAPE_REPRESENTATION_RELATIONSHIP('SRR','None',#17146,#591);
#548=SHAPE_REPRESENTATION_RELATIONSHIP('SRR','None',#17147,#592);
#549=SHAPE_REPRESENTATION_RELATIONSHIP('SRR','None',#17149,#593);
#550=SHAPE_REPRESENTATION_RELATIONSHIP('SRR','None',#17150,#594);
#551=SHAPE_REPRESENTATION_RELATIONSHIP('SRR','None',#17152,#595);
#552=SHAPE_REPRESENTATION_RELATIONSHIP('SRR','None',#17153,#596);
#553=SHAPE_REPRESENTATION_RELATIONSHIP('SRR','None',#17155,#597);
#554=SHAPE_REPRESENTATION_RELATIONSHIP('SRR','None',#17156,#598);
#555=SHAPE_REPRESENTATION_RELATIONSHIP('SRR','None',#17158,#599);
#556=SHAPE_REPRESENTATION_RELATIONSHIP('SRR','None',#17159,#600);
#557=SHAPE_REPRESENTATION_RELATIONSHIP('SRR','None',#17161,#601);
#558=SHAPE_REPRESENTATION_RELATIONSHIP('SRR','None',#17162,#602);
#559=SHAPE_REPRESENTATION_RELATIONSHIP('SRR','None',#17164,#603);
#560=SHAPE_REPRESENTATION_RELATIONSHIP('SRR','None',#17165,#604);
#561=SHAPE_REPRESENTATION_RELATIONSHIP('SRR','None',#17167,#605);
#562=SHAPE_REPRESENTATION_RELATIONSHIP('SRR','None',#17168,#606);
#563=SHAPE_REPRESENTATION_RELATIONSHIP('SRR','None',#17170,#607);
#564=SHAPE_REPRESENTATION_RELATIONSHIP('SRR','None',#17171,#608);
#565=SHAPE_REPRESENTATION_RELATIONSHIP('SRR','None',#17173,#609);
#566=SHAPE_REPRESENTATION_RELATIONSHIP('SRR','None',#17174,#610);
#567=SHAPE_REPRESENTATION_RELATIONSHIP('SRR','None',#17175,#611);
#568=SHAPE_REPRESENTATION_RELATIONSHIP('SRR','None',#17176,#612);
#569=ADVANCED_BREP_SHAPE_REPRESENTATION('',(#659),#16768);
#570=ADVANCED_BREP_SHAPE_REPRESENTATION('',(#660),#16771);
#571=ADVANCED_BREP_SHAPE_REPRESENTATION('',(#661),#16773);
#572=ADVANCED_BREP_SHAPE_REPRESENTATION('',(#662),#16775);
#573=ADVANCED_BREP_SHAPE_REPRESENTATION('',(#663),#16778);
#574=ADVANCED_BREP_SHAPE_REPRESENTATION('',(#664),#16780);
#575=ADVANCED_BREP_SHAPE_REPRESENTATION('',(#665),#16782);
#576=ADVANCED_BREP_SHAPE_REPRESENTATION('',(#666),#16784);
#577=ADVANCED_BREP_SHAPE_REPRESENTATION('',(#667),#16785);
#578=ADVANCED_BREP_SHAPE_REPRESENTATION('',(#668),#16786);
#579=ADVANCED_BREP_SHAPE_REPRESENTATION('',(#669),#16787);
#580=ADVANCED_BREP_SHAPE_REPRESENTATION('',(#670),#16788);
#581=ADVANCED_BREP_SHAPE_REPRESENTATION('',(#671),#16790);
#582=ADVANCED_BREP_SHAPE_REPRESENTATION('',(#672),#16793);
#583=ADVANCED_BREP_SHAPE_REPRESENTATION('',(#673),#16795);
#584=ADVANCED_BREP_SHAPE_REPRESENTATION('',(#674),#16796);
#585=ADVANCED_BREP_SHAPE_REPRESENTATION('',(#675),#16798);
#586=ADVANCED_BREP_SHAPE_REPRESENTATION('',(#676),#16799);
#587=ADVANCED_BREP_SHAPE_REPRESENTATION('',(#677),#16801);
#588=ADVANCED_BREP_SHAPE_REPRESENTATION('',(#678),#16802);
#589=ADVANCED_BREP_SHAPE_REPRESENTATION('',(#679),#16804);
#590=ADVANCED_BREP_SHAPE_REPRESENTATION('',(#680),#16805);
#591=ADVANCED_BREP_SHAPE_REPRESENTATION('',(#681),#16807);
#592=ADVANCED_BREP_SHAPE_REPRESENTATION('',(#682),#16808);
#593=ADVANCED_BREP_SHAPE_REPRESENTATION('',(#683),#16810);
#594=ADVANCED_BREP_SHAPE_REPRESENTATION('',(#684),#16811);
#595=ADVANCED_BREP_SHAPE_REPRESENTATION('',(#685),#16813);
#596=ADVANCED_BREP_SHAPE_REPRESENTATION('',(#686),#16814);
#597=ADVANCED_BREP_SHAPE_REPRESENTATION('',(#687),#16816);
#598=ADVANCED_BREP_SHAPE_REPRESENTATION('',(#688),#16817);
#599=ADVANCED_BREP_SHAPE_REPRESENTATION('',(#689),#16819);
#600=ADVANCED_BREP_SHAPE_REPRESENTATION('',(#690),#16820);
#601=ADVANCED_BREP_SHAPE_REPRESENTATION('',(#691),#16822);
#602=ADVANCED_BREP_SHAPE_REPRESENTATION('',(#692),#16823);
#603=ADVANCED_BREP_SHAPE_REPRESENTATION('',(#693),#16825);
#604=ADVANCED_BREP_SHAPE_REPRESENTATION('',(#694),#16826);
#605=ADVANCED_BREP_SHAPE_REPRESENTATION('',(#695),#16828);
#606=ADVANCED_BREP_SHAPE_REPRESENTATION('',(#696),#16829);
#607=ADVANCED_BREP_SHAPE_REPRESENTATION('',(#697),#16831);
#608=ADVANCED_BREP_SHAPE_REPRESENTATION('',(#698),#16832);
#609=ADVANCED_BREP_SHAPE_REPRESENTATION('',(#699),#16834);
#610=ADVANCED_BREP_SHAPE_REPRESENTATION('',(#700),#16835);
#611=ADVANCED_BREP_SHAPE_REPRESENTATION('',(#701,#702,#703),#16836);
#612=ADVANCED_BREP_SHAPE_REPRESENTATION('',(#704),#16837);
#613=STYLED_ITEM('',(#17466),#659);
#614=STYLED_ITEM('',(#17466),#660);
#615=STYLED_ITEM('',(#17467),#661);
#616=STYLED_ITEM('',(#17468),#662);
#617=STYLED_ITEM('',(#17469),#663);
#618=STYLED_ITEM('',(#17467),#664);
#619=STYLED_ITEM('',(#17468),#665);
#620=STYLED_ITEM('',(#17470),#666);
#621=STYLED_ITEM('',(#17471),#667);
#622=STYLED_ITEM('',(#17471),#668);
#623=STYLED_ITEM('',(#17471),#669);
#624=STYLED_ITEM('',(#17471),#670);
#625=STYLED_ITEM('',(#17466),#671);
#626=STYLED_ITEM('',(#17468),#672);
#627=STYLED_ITEM('',(#17466),#673);
#628=STYLED_ITEM('',(#17468),#674);
#629=STYLED_ITEM('',(#17466),#675);
#630=STYLED_ITEM('',(#17468),#676);
#631=STYLED_ITEM('',(#17466),#677);
#632=STYLED_ITEM('',(#17468),#678);
#633=STYLED_ITEM('',(#17466),#679);
#634=STYLED_ITEM('',(#17468),#680);
#635=STYLED_ITEM('',(#17466),#681);
#636=STYLED_ITEM('',(#17468),#682);
#637=STYLED_ITEM('',(#17466),#683);
#638=STYLED_ITEM('',(#17468),#684);
#639=STYLED_ITEM('',(#17466),#685);
#640=STYLED_ITEM('',(#17468),#686);
#641=STYLED_ITEM('',(#17472),#687);
#642=STYLED_ITEM('',(#17468),#688);
#643=STYLED_ITEM('',(#17472),#689);
#644=STYLED_ITEM('',(#17468),#690);
#645=STYLED_ITEM('',(#17472),#691);
#646=STYLED_ITEM('',(#17468),#692);
#647=STYLED_ITEM('',(#17472),#693);
#648=STYLED_ITEM('',(#17468),#694);
#649=STYLED_ITEM('',(#17472),#695);
#650=STYLED_ITEM('',(#17468),#696);
#651=STYLED_ITEM('',(#17472),#697);
#652=STYLED_ITEM('',(#17468),#698);
#653=STYLED_ITEM('',(#17472),#699);
#654=STYLED_ITEM('',(#17468),#700);
#655=STYLED_ITEM('',(#17467),#701);
#656=STYLED_ITEM('',(#17467),#702);
#657=STYLED_ITEM('',(#17467),#703);
#658=STYLED_ITEM('',(#17473),#704);
#659=MANIFOLD_SOLID_BREP('Body1',#9483);
#660=MANIFOLD_SOLID_BREP('Body1',#9484);
#661=MANIFOLD_SOLID_BREP('Body1',#9485);
#662=MANIFOLD_SOLID_BREP('Body1',#9486);
#663=MANIFOLD_SOLID_BREP('Body1',#9487);
#664=MANIFOLD_SOLID_BREP('Body1',#9488);
#665=MANIFOLD_SOLID_BREP('Body1',#9489);
#666=MANIFOLD_SOLID_BREP('Body1',#9490);
#667=MANIFOLD_SOLID_BREP('Body1',#9491);
#668=MANIFOLD_SOLID_BREP('Body1',#9492);
#669=MANIFOLD_SOLID_BREP('Body1',#9493);
#670=MANIFOLD_SOLID_BREP('Body1',#9494);
#671=MANIFOLD_SOLID_BREP('Body1',#9495);
#672=MANIFOLD_SOLID_BREP('Body1',#9496);
#673=MANIFOLD_SOLID_BREP('Body1',#9497);
#674=MANIFOLD_SOLID_BREP('Body1',#9498);
#675=MANIFOLD_SOLID_BREP('Body1',#9499);
#676=MANIFOLD_SOLID_BREP('Body1',#9500);
#677=MANIFOLD_SOLID_BREP('Body1',#9501);
#678=MANIFOLD_SOLID_BREP('Body1',#9502);
#679=MANIFOLD_SOLID_BREP('Body1',#9503);
#680=MANIFOLD_SOLID_BREP('Body1',#9504);
#681=MANIFOLD_SOLID_BREP('Body1',#9505);
#682=MANIFOLD_SOLID_BREP('Body1',#9506);
#683=MANIFOLD_SOLID_BREP('Body1',#9507);
#684=MANIFOLD_SOLID_BREP('Body1',#9508);
#685=MANIFOLD_SOLID_BREP('Body1',#9509);
#686=MANIFOLD_SOLID_BREP('Body1',#9510);
#687=MANIFOLD_SOLID_BREP('Body1',#9511);
#688=MANIFOLD_SOLID_BREP('Body1',#9512);
#689=MANIFOLD_SOLID_BREP('Body1',#9513);
#690=MANIFOLD_SOLID_BREP('Body1',#9514);
#691=MANIFOLD_SOLID_BREP('Body1',#9515);
#692=MANIFOLD_SOLID_BREP('Body1',#9516);
#693=MANIFOLD_SOLID_BREP('Body1',#9517);
#694=MANIFOLD_SOLID_BREP('Body1',#9518);
#695=MANIFOLD_SOLID_BREP('Body1',#9519);
#696=MANIFOLD_SOLID_BREP('Body1',#9520);
#697=MANIFOLD_SOLID_BREP('Body1',#9521);
#698=MANIFOLD_SOLID_BREP('Body1',#9522);
#699=MANIFOLD_SOLID_BREP('Body1',#9523);
#700=MANIFOLD_SOLID_BREP('Body1',#9524);
#701=MANIFOLD_SOLID_BREP('Body1',#9525);
#702=MANIFOLD_SOLID_BREP('Body2',#9526);
#703=MANIFOLD_SOLID_BREP('Body3',#9527);
#704=MANIFOLD_SOLID_BREP('Body1',#9528);
#705=CYLINDRICAL_SURFACE('',#10060,0.45);
#706=CYLINDRICAL_SURFACE('',#10061,0.45);
#707=CYLINDRICAL_SURFACE('',#10062,0.45);
#708=CYLINDRICAL_SURFACE('',#10063,0.45);
#709=CYLINDRICAL_SURFACE('',#10064,0.45);
#710=CYLINDRICAL_SURFACE('',#10065,0.45);
#711=CYLINDRICAL_SURFACE('',#10066,0.45);
#712=CYLINDRICAL_SURFACE('',#10067,0.45);
#713=CYLINDRICAL_SURFACE('',#10068,0.45);
#714=CYLINDRICAL_SURFACE('',#10069,0.45);
#715=CYLINDRICAL_SURFACE('',#10070,0.45);
#716=CYLINDRICAL_SURFACE('',#10071,0.45);
#717=CYLINDRICAL_SURFACE('',#10072,0.8);
#718=CYLINDRICAL_SURFACE('',#10073,0.8);
#719=CYLINDRICAL_SURFACE('',#10074,0.45);
#720=CYLINDRICAL_SURFACE('',#10075,0.45);
#721=CYLINDRICAL_SURFACE('',#10076,0.8);
#722=CYLINDRICAL_SURFACE('',#10077,0.45);
#723=CYLINDRICAL_SURFACE('',#10078,0.45);
#724=CYLINDRICAL_SURFACE('',#10250,1.5);
#725=CYLINDRICAL_SURFACE('',#10258,1.5);
#726=CYLINDRICAL_SURFACE('',#10262,0.6);
#727=CYLINDRICAL_SURFACE('',#10267,0.6);
#728=CYLINDRICAL_SURFACE('',#10272,0.6);
#729=CYLINDRICAL_SURFACE('',#10277,0.6);
#730=CYLINDRICAL_SURFACE('',#10298,0.6);
#731=CYLINDRICAL_SURFACE('',#10305,0.6);
#732=CYLINDRICAL_SURFACE('',#10306,0.6);
#733=CYLINDRICAL_SURFACE('',#10307,0.6);
#734=CYLINDRICAL_SURFACE('',#10308,1.25);
#735=CYLINDRICAL_SURFACE('',#10309,0.25);
#736=CYLINDRICAL_SURFACE('',#10422,0.15);
#737=CYLINDRICAL_SURFACE('',#10449,0.383777627359);
#738=CYLINDRICAL_SURFACE('',#10706,0.8);
#739=CYLINDRICAL_SURFACE('',#10710,0.45);
#740=CYLINDRICAL_SURFACE('',#10714,0.8);
#741=CYLINDRICAL_SURFACE('',#10718,0.45);
#742=CYLINDRICAL_SURFACE('',#10722,0.8);
#743=CYLINDRICAL_SURFACE('',#10726,0.45);
#744=CYLINDRICAL_SURFACE('',#10749,0.25);
#745=CYLINDRICAL_SURFACE('',#10751,1.);
#746=CYLINDRICAL_SURFACE('',#10773,0.25);
#747=CYLINDRICAL_SURFACE('',#10777,0.25);
#748=CYLINDRICAL_SURFACE('',#10778,1.);
#749=CYLINDRICAL_SURFACE('',#10781,0.791666666667);
#750=CYLINDRICAL_SURFACE('',#10782,0.25);
#751=CYLINDRICAL_SURFACE('',#10785,0.3);
#752=CYLINDRICAL_SURFACE('',#10786,0.25);
#753=CYLINDRICAL_SURFACE('',#10789,0.791666666667);
#754=CYLINDRICAL_SURFACE('',#10790,0.25);
#755=CYLINDRICAL_SURFACE('',#10793,0.3);
#756=CYLINDRICAL_SURFACE('',#10794,0.791666666667);
#757=CYLINDRICAL_SURFACE('',#10797,0.791666666667);
#758=CYLINDRICAL_SURFACE('',#10798,0.3);
#759=CYLINDRICAL_SURFACE('',#10801,0.3);
#760=CYLINDRICAL_SURFACE('',#10802,0.791666666667);
#761=CYLINDRICAL_SURFACE('',#10805,0.791666666667);
#762=CYLINDRICAL_SURFACE('',#10806,0.3);
#763=FACE_BOUND('',#1443,.T.);
#764=FACE_BOUND('',#1444,.T.);
#765=FACE_BOUND('',#1445,.T.);
#766=FACE_BOUND('',#1446,.T.);
#767=FACE_BOUND('',#1447,.T.);
#768=FACE_BOUND('',#1448,.T.);
#769=FACE_BOUND('',#1449,.T.);
#770=FACE_BOUND('',#1450,.T.);
#771=FACE_BOUND('',#1451,.T.);
#772=FACE_BOUND('',#1452,.T.);
#773=FACE_BOUND('',#1453,.T.);
#774=FACE_BOUND('',#1454,.T.);
#775=FACE_BOUND('',#1455,.T.);
#776=FACE_BOUND('',#1456,.T.);
#777=FACE_BOUND('',#1457,.T.);
#778=FACE_BOUND('',#1458,.T.);
#779=FACE_BOUND('',#1459,.T.);
#780=FACE_BOUND('',#1460,.T.);
#781=FACE_BOUND('',#1461,.T.);
#782=FACE_BOUND('',#1463,.T.);
#783=FACE_BOUND('',#1464,.T.);
#784=FACE_BOUND('',#1465,.T.);
#785=FACE_BOUND('',#1466,.T.);
#786=FACE_BOUND('',#1467,.T.);
#787=FACE_BOUND('',#1468,.T.);
#788=FACE_BOUND('',#1469,.T.);
#789=FACE_BOUND('',#1470,.T.);
#790=FACE_BOUND('',#1471,.T.);
#791=FACE_BOUND('',#1472,.T.);
#792=FACE_BOUND('',#1473,.T.);
#793=FACE_BOUND('',#1474,.T.);
#794=FACE_BOUND('',#1475,.T.);
#795=FACE_BOUND('',#1476,.T.);
#796=FACE_BOUND('',#1477,.T.);
#797=FACE_BOUND('',#1478,.T.);
#798=FACE_BOUND('',#1479,.T.);
#799=FACE_BOUND('',#1480,.T.);
#800=FACE_BOUND('',#1481,.T.);
#801=FACE_BOUND('',#1504,.T.);
#802=FACE_BOUND('',#1508,.T.);
#803=FACE_BOUND('',#1536,.T.);
#804=FACE_BOUND('',#1540,.T.);
#805=FACE_BOUND('',#1591,.T.);
#806=FACE_BOUND('',#1618,.T.);
#807=FACE_BOUND('',#1625,.T.);
#808=FACE_BOUND('',#1628,.T.);
#809=FACE_BOUND('',#1659,.T.);
#810=FACE_BOUND('',#1931,.T.);
#811=FACE_BOUND('',#1934,.T.);
#812=FACE_BOUND('',#1937,.T.);
#813=FACE_BOUND('',#1940,.T.);
#814=FACE_BOUND('',#1943,.T.);
#815=FACE_BOUND('',#1946,.T.);
#816=CIRCLE('',#10020,0.45);
#817=CIRCLE('',#10021,0.45);
#818=CIRCLE('',#10022,0.45);
#819=CIRCLE('',#10023,0.45);
#820=CIRCLE('',#10024,0.45);
#821=CIRCLE('',#10025,0.45);
#822=CIRCLE('',#10026,0.45);
#823=CIRCLE('',#10027,0.45);
#824=CIRCLE('',#10028,0.45);
#825=CIRCLE('',#10029,0.45);
#826=CIRCLE('',#10030,0.45);
#827=CIRCLE('',#10031,0.45);
#828=CIRCLE('',#10032,0.8);
#829=CIRCLE('',#10033,0.8);
#830=CIRCLE('',#10034,0.45);
#831=CIRCLE('',#10035,0.45);
#832=CIRCLE('',#10036,0.8);
#833=CIRCLE('',#10037,0.45);
#834=CIRCLE('',#10038,0.45);
#835=CIRCLE('',#10040,0.45);
#836=CIRCLE('',#10041,0.45);
#837=CIRCLE('',#10042,0.45);
#838=CIRCLE('',#10043,0.45);
#839=CIRCLE('',#10044,0.45);
#840=CIRCLE('',#10045,0.45);
#841=CIRCLE('',#10046,0.45);
#842=CIRCLE('',#10047,0.45);
#843=CIRCLE('',#10048,0.45);
#844=CIRCLE('',#10049,0.45);
#845=CIRCLE('',#10050,0.45);
#846=CIRCLE('',#10051,0.45);
#847=CIRCLE('',#10052,0.8);
#848=CIRCLE('',#10053,0.8);
#849=CIRCLE('',#10054,0.45);
#850=CIRCLE('',#10055,0.45);
#851=CIRCLE('',#10056,0.8);
#852=CIRCLE('',#10057,0.45);
#853=CIRCLE('',#10058,0.45);
#854=CIRCLE('',#10131,0.799999999999);
#855=CIRCLE('',#10132,0.807142857141);
#856=CIRCLE('',#10197,0.799999999999);
#857=CIRCLE('',#10198,0.807142857141);
#858=CIRCLE('',#10242,1.5);
#859=CIRCLE('',#10243,1.5);
#860=CIRCLE('',#10244,1.19);
#861=CIRCLE('',#10246,0.6);
#862=CIRCLE('',#10247,0.6);
#863=CIRCLE('',#10248,0.6);
#864=CIRCLE('',#10249,0.6);
#865=CIRCLE('',#10251,1.5);
#866=CIRCLE('',#10259,1.5);
#867=CIRCLE('',#10263,0.6);
#868=CIRCLE('',#10268,0.6);
#869=CIRCLE('',#10273,0.6);
#870=CIRCLE('',#10278,0.6);
#871=CIRCLE('',#10281,1.25);
#872=CIRCLE('',#10287,1.25);
#873=CIRCLE('',#10288,0.66);
#874=CIRCLE('',#10289,0.66);
#875=CIRCLE('',#10290,0.66);
#876=CIRCLE('',#10291,0.66);
#877=CIRCLE('',#10293,0.6);
#878=CIRCLE('',#10294,0.6);
#879=CIRCLE('',#10295,0.6);
#880=CIRCLE('',#10296,0.6);
#881=CIRCLE('',#10297,0.25);
#882=CIRCLE('',#10299,0.6);
#883=CIRCLE('',#10301,0.6);
#884=CIRCLE('',#10302,0.6);
#885=CIRCLE('',#10303,0.6);
#886=CIRCLE('',#10304,0.25);
#887=CIRCLE('',#10342,0.15);
#888=CIRCLE('',#10423,0.15);
#889=CIRCLE('',#10444,0.383777627359);
#890=CIRCLE('',#10446,0.383777627359);
#891=CIRCLE('',#10704,0.8);
#892=CIRCLE('',#10705,0.45);
#893=CIRCLE('',#10707,0.8);
#894=CIRCLE('',#10709,0.45);
#895=CIRCLE('',#10712,0.8);
#896=CIRCLE('',#10713,0.45);
#897=CIRCLE('',#10715,0.8);
#898=CIRCLE('',#10717,0.45);
#899=CIRCLE('',#10720,0.8);
#900=CIRCLE('',#10721,0.45);
#901=CIRCLE('',#10723,0.8);
#902=CIRCLE('',#10725,0.45);
#903=CIRCLE('',#10730,0.25);
#904=CIRCLE('',#10731,0.25);
#905=CIRCLE('',#10732,0.25);
#906=CIRCLE('',#10733,0.791666666667);
#907=CIRCLE('',#10734,0.3);
#908=CIRCLE('',#10735,0.791666666667);
#909=CIRCLE('',#10736,0.3);
#910=CIRCLE('',#10737,0.791666666667);
#911=CIRCLE('',#10738,0.3);
#912=CIRCLE('',#10739,0.791666666667);
#913=CIRCLE('',#10740,0.3);
#914=CIRCLE('',#10741,0.791666666667);
#915=CIRCLE('',#10742,0.3);
#916=CIRCLE('',#10743,0.791666666667);
#917=CIRCLE('',#10744,0.25);
#918=CIRCLE('',#10745,0.25);
#919=CIRCLE('',#10746,0.25);
#920=CIRCLE('',#10747,1.);
#921=CIRCLE('',#10748,1.);
#922=CIRCLE('',#10750,0.25);
#923=CIRCLE('',#10752,1.);
#924=CIRCLE('',#10754,1.);
#925=CIRCLE('',#10755,0.25);
#926=CIRCLE('',#10756,0.25);
#927=CIRCLE('',#10757,0.25);
#928=CIRCLE('',#10758,0.791666666667);
#929=CIRCLE('',#10759,0.3);
#930=CIRCLE('',#10760,0.791666666667);
#931=CIRCLE('',#10761,0.3);
#932=CIRCLE('',#10762,0.791666666667);
#933=CIRCLE('',#10763,0.3);
#934=CIRCLE('',#10764,0.791666666667);
#935=CIRCLE('',#10765,0.3);
#936=CIRCLE('',#10766,0.791666666667);
#937=CIRCLE('',#10767,0.3);
#938=CIRCLE('',#10768,0.791666666667);
#939=CIRCLE('',#10769,0.25);
#940=CIRCLE('',#10770,0.25);
#941=FACE_OUTER_BOUND('',#1439,.T.);
#942=FACE_OUTER_BOUND('',#1440,.T.);
#943=FACE_OUTER_BOUND('',#1441,.T.);
#944=FACE_OUTER_BOUND('',#1442,.T.);
#945=FACE_OUTER_BOUND('',#1462,.T.);
#946=FACE_OUTER_BOUND('',#1482,.T.);
#947=FACE_OUTER_BOUND('',#1483,.T.);
#948=FACE_OUTER_BOUND('',#1484,.T.);
#949=FACE_OUTER_BOUND('',#1485,.T.);
#950=FACE_OUTER_BOUND('',#1486,.T.);
#951=FACE_OUTER_BOUND('',#1487,.T.);
#952=FACE_OUTER_BOUND('',#1488,.T.);
#953=FACE_OUTER_BOUND('',#1489,.T.);
#954=FACE_OUTER_BOUND('',#1490,.T.);
#955=FACE_OUTER_BOUND('',#1491,.T.);
#956=FACE_OUTER_BOUND('',#1492,.T.);
#957=FACE_OUTER_BOUND('',#1493,.T.);
#958=FACE_OUTER_BOUND('',#1494,.T.);
#959=FACE_OUTER_BOUND('',#1495,.T.);
#960=FACE_OUTER_BOUND('',#1496,.T.);
#961=FACE_OUTER_BOUND('',#1497,.T.);
#962=FACE_OUTER_BOUND('',#1498,.T.);
#963=FACE_OUTER_BOUND('',#1499,.T.);
#964=FACE_OUTER_BOUND('',#1500,.T.);
#965=FACE_OUTER_BOUND('',#1501,.T.);
#966=FACE_OUTER_BOUND('',#1502,.T.);
#967=FACE_OUTER_BOUND('',#1503,.T.);
#968=FACE_OUTER_BOUND('',#1505,.T.);
#969=FACE_OUTER_BOUND('',#1506,.T.);
#970=FACE_OUTER_BOUND('',#1507,.T.);
#971=FACE_OUTER_BOUND('',#1509,.T.);
#972=FACE_OUTER_BOUND('',#1510,.T.);
#973=FACE_OUTER_BOUND('',#1511,.T.);
#974=FACE_OUTER_BOUND('',#1512,.T.);
#975=FACE_OUTER_BOUND('',#1513,.T.);
#976=FACE_OUTER_BOUND('',#1514,.T.);
#977=FACE_OUTER_BOUND('',#1515,.T.);
#978=FACE_OUTER_BOUND('',#1516,.T.);
#979=FACE_OUTER_BOUND('',#1517,.T.);
#980=FACE_OUTER_BOUND('',#1518,.T.);
#981=FACE_OUTER_BOUND('',#1519,.T.);
#982=FACE_OUTER_BOUND('',#1520,.T.);
#983=FACE_OUTER_BOUND('',#1521,.T.);
#984=FACE_OUTER_BOUND('',#1522,.T.);
#985=FACE_OUTER_BOUND('',#1523,.T.);
#986=FACE_OUTER_BOUND('',#1524,.T.);
#987=FACE_OUTER_BOUND('',#1525,.T.);
#988=FACE_OUTER_BOUND('',#1526,.T.);
#989=FACE_OUTER_BOUND('',#1527,.T.);
#990=FACE_OUTER_BOUND('',#1528,.T.);
#991=FACE_OUTER_BOUND('',#1529,.T.);
#992=FACE_OUTER_BOUND('',#1530,.T.);
#993=FACE_OUTER_BOUND('',#1531,.T.);
#994=FACE_OUTER_BOUND('',#1532,.T.);
#995=FACE_OUTER_BOUND('',#1533,.T.);
#996=FACE_OUTER_BOUND('',#1534,.T.);
#997=FACE_OUTER_BOUND('',#1535,.T.);
#998=FACE_OUTER_BOUND('',#1537,.T.);
#999=FACE_OUTER_BOUND('',#1538,.T.);
#1000=FACE_OUTER_BOUND('',#1539,.T.);
#1001=FACE_OUTER_BOUND('',#1541,.T.);
#1002=FACE_OUTER_BOUND('',#1542,.T.);
#1003=FACE_OUTER_BOUND('',#1543,.T.);
#1004=FACE_OUTER_BOUND('',#1544,.T.);
#1005=FACE_OUTER_BOUND('',#1545,.T.);
#1006=FACE_OUTER_BOUND('',#1546,.T.);
#1007=FACE_OUTER_BOUND('',#1547,.T.);
#1008=FACE_OUTER_BOUND('',#1548,.T.);
#1009=FACE_OUTER_BOUND('',#1549,.T.);
#1010=FACE_OUTER_BOUND('',#1550,.T.);
#1011=FACE_OUTER_BOUND('',#1551,.T.);
#1012=FACE_OUTER_BOUND('',#1552,.T.);
#1013=FACE_OUTER_BOUND('',#1553,.T.);
#1014=FACE_OUTER_BOUND('',#1554,.T.);
#1015=FACE_OUTER_BOUND('',#1555,.T.);
#1016=FACE_OUTER_BOUND('',#1556,.T.);
#1017=FACE_OUTER_BOUND('',#1557,.T.);
#1018=FACE_OUTER_BOUND('',#1558,.T.);
#1019=FACE_OUTER_BOUND('',#1559,.T.);
#1020=FACE_OUTER_BOUND('',#1560,.T.);
#1021=FACE_OUTER_BOUND('',#1561,.T.);
#1022=FACE_OUTER_BOUND('',#1562,.T.);
#1023=FACE_OUTER_BOUND('',#1563,.T.);
#1024=FACE_OUTER_BOUND('',#1564,.T.);
#1025=FACE_OUTER_BOUND('',#1565,.T.);
#1026=FACE_OUTER_BOUND('',#1566,.T.);
#1027=FACE_OUTER_BOUND('',#1567,.T.);
#1028=FACE_OUTER_BOUND('',#1568,.T.);
#1029=FACE_OUTER_BOUND('',#1569,.T.);
#1030=FACE_OUTER_BOUND('',#1570,.T.);
#1031=FACE_OUTER_BOUND('',#1571,.T.);
#1032=FACE_OUTER_BOUND('',#1572,.T.);
#1033=FACE_OUTER_BOUND('',#1573,.T.);
#1034=FACE_OUTER_BOUND('',#1574,.T.);
#1035=FACE_OUTER_BOUND('',#1575,.T.);
#1036=FACE_OUTER_BOUND('',#1576,.T.);
#1037=FACE_OUTER_BOUND('',#1577,.T.);
#1038=FACE_OUTER_BOUND('',#1578,.T.);
#1039=FACE_OUTER_BOUND('',#1579,.T.);
#1040=FACE_OUTER_BOUND('',#1580,.T.);
#1041=FACE_OUTER_BOUND('',#1581,.T.);
#1042=FACE_OUTER_BOUND('',#1582,.T.);
#1043=FACE_OUTER_BOUND('',#1583,.T.);
#1044=FACE_OUTER_BOUND('',#1584,.T.);
#1045=FACE_OUTER_BOUND('',#1585,.T.);
#1046=FACE_OUTER_BOUND('',#1586,.T.);
#1047=FACE_OUTER_BOUND('',#1587,.T.);
#1048=FACE_OUTER_BOUND('',#1588,.T.);
#1049=FACE_OUTER_BOUND('',#1589,.T.);
#1050=FACE_OUTER_BOUND('',#1590,.T.);
#1051=FACE_OUTER_BOUND('',#1592,.T.);
#1052=FACE_OUTER_BOUND('',#1593,.T.);
#1053=FACE_OUTER_BOUND('',#1594,.T.);
#1054=FACE_OUTER_BOUND('',#1595,.T.);
#1055=FACE_OUTER_BOUND('',#1596,.T.);
#1056=FACE_OUTER_BOUND('',#1597,.T.);
#1057=FACE_OUTER_BOUND('',#1598,.T.);
#1058=FACE_OUTER_BOUND('',#1599,.T.);
#1059=FACE_OUTER_BOUND('',#1600,.T.);
#1060=FACE_OUTER_BOUND('',#1601,.T.);
#1061=FACE_OUTER_BOUND('',#1602,.T.);
#1062=FACE_OUTER_BOUND('',#1603,.T.);
#1063=FACE_OUTER_BOUND('',#1604,.T.);
#1064=FACE_OUTER_BOUND('',#1605,.T.);
#1065=FACE_OUTER_BOUND('',#1606,.T.);
#1066=FACE_OUTER_BOUND('',#1607,.T.);
#1067=FACE_OUTER_BOUND('',#1608,.T.);
#1068=FACE_OUTER_BOUND('',#1609,.T.);
#1069=FACE_OUTER_BOUND('',#1610,.T.);
#1070=FACE_OUTER_BOUND('',#1611,.T.);
#1071=FACE_OUTER_BOUND('',#1612,.T.);
#1072=FACE_OUTER_BOUND('',#1613,.T.);
#1073=FACE_OUTER_BOUND('',#1614,.T.);
#1074=FACE_OUTER_BOUND('',#1615,.T.);
#1075=FACE_OUTER_BOUND('',#1616,.T.);
#1076=FACE_OUTER_BOUND('',#1617,.T.);
#1077=FACE_OUTER_BOUND('',#1619,.T.);
#1078=FACE_OUTER_BOUND('',#1620,.T.);
#1079=FACE_OUTER_BOUND('',#1621,.T.);
#1080=FACE_OUTER_BOUND('',#1622,.T.);
#1081=FACE_OUTER_BOUND('',#1623,.T.);
#1082=FACE_OUTER_BOUND('',#1624,.T.);
#1083=FACE_OUTER_BOUND('',#1626,.T.);
#1084=FACE_OUTER_BOUND('',#1627,.T.);
#1085=FACE_OUTER_BOUND('',#1629,.T.);
#1086=FACE_OUTER_BOUND('',#1630,.T.);
#1087=FACE_OUTER_BOUND('',#1631,.T.);
#1088=FACE_OUTER_BOUND('',#1632,.T.);
#1089=FACE_OUTER_BOUND('',#1633,.T.);
#1090=FACE_OUTER_BOUND('',#1634,.T.);
#1091=FACE_OUTER_BOUND('',#1635,.T.);
#1092=FACE_OUTER_BOUND('',#1636,.T.);
#1093=FACE_OUTER_BOUND('',#1637,.T.);
#1094=FACE_OUTER_BOUND('',#1638,.T.);
#1095=FACE_OUTER_BOUND('',#1639,.T.);
#1096=FACE_OUTER_BOUND('',#1640,.T.);
#1097=FACE_OUTER_BOUND('',#1641,.T.);
#1098=FACE_OUTER_BOUND('',#1642,.T.);
#1099=FACE_OUTER_BOUND('',#1643,.T.);
#1100=FACE_OUTER_BOUND('',#1644,.T.);
#1101=FACE_OUTER_BOUND('',#1645,.T.);
#1102=FACE_OUTER_BOUND('',#1646,.T.);
#1103=FACE_OUTER_BOUND('',#1647,.T.);
#1104=FACE_OUTER_BOUND('',#1648,.T.);
#1105=FACE_OUTER_BOUND('',#1649,.T.);
#1106=FACE_OUTER_BOUND('',#1650,.T.);
#1107=FACE_OUTER_BOUND('',#1651,.T.);
#1108=FACE_OUTER_BOUND('',#1652,.T.);
#1109=FACE_OUTER_BOUND('',#1653,.T.);
#1110=FACE_OUTER_BOUND('',#1654,.T.);
#1111=FACE_OUTER_BOUND('',#1655,.T.);
#1112=FACE_OUTER_BOUND('',#1656,.T.);
#1113=FACE_OUTER_BOUND('',#1657,.T.);
#1114=FACE_OUTER_BOUND('',#1658,.T.);
#1115=FACE_OUTER_BOUND('',#1660,.T.);
#1116=FACE_OUTER_BOUND('',#1661,.T.);
#1117=FACE_OUTER_BOUND('',#1662,.T.);
#1118=FACE_OUTER_BOUND('',#1663,.T.);
#1119=FACE_OUTER_BOUND('',#1664,.T.);
#1120=FACE_OUTER_BOUND('',#1665,.T.);
#1121=FACE_OUTER_BOUND('',#1666,.T.);
#1122=FACE_OUTER_BOUND('',#1667,.T.);
#1123=FACE_OUTER_BOUND('',#1668,.T.);
#1124=FACE_OUTER_BOUND('',#1669,.T.);
#1125=FACE_OUTER_BOUND('',#1670,.T.);
#1126=FACE_OUTER_BOUND('',#1671,.T.);
#1127=FACE_OUTER_BOUND('',#1672,.T.);
#1128=FACE_OUTER_BOUND('',#1673,.T.);
#1129=FACE_OUTER_BOUND('',#1674,.T.);
#1130=FACE_OUTER_BOUND('',#1675,.T.);
#1131=FACE_OUTER_BOUND('',#1676,.T.);
#1132=FACE_OUTER_BOUND('',#1677,.T.);
#1133=FACE_OUTER_BOUND('',#1678,.T.);
#1134=FACE_OUTER_BOUND('',#1679,.T.);
#1135=FACE_OUTER_BOUND('',#1680,.T.);
#1136=FACE_OUTER_BOUND('',#1681,.T.);
#1137=FACE_OUTER_BOUND('',#1682,.T.);
#1138=FACE_OUTER_BOUND('',#1683,.T.);
#1139=FACE_OUTER_BOUND('',#1684,.T.);
#1140=FACE_OUTER_BOUND('',#1685,.T.);
#1141=FACE_OUTER_BOUND('',#1686,.T.);
#1142=FACE_OUTER_BOUND('',#1687,.T.);
#1143=FACE_OUTER_BOUND('',#1688,.T.);
#1144=FACE_OUTER_BOUND('',#1689,.T.);
#1145=FACE_OUTER_BOUND('',#1690,.T.);
#1146=FACE_OUTER_BOUND('',#1691,.T.);
#1147=FACE_OUTER_BOUND('',#1692,.T.);
#1148=FACE_OUTER_BOUND('',#1693,.T.);
#1149=FACE_OUTER_BOUND('',#1694,.T.);
#1150=FACE_OUTER_BOUND('',#1695,.T.);
#1151=FACE_OUTER_BOUND('',#1696,.T.);
#1152=FACE_OUTER_BOUND('',#1697,.T.);
#1153=FACE_OUTER_BOUND('',#1698,.T.);
#1154=FACE_OUTER_BOUND('',#1699,.T.);
#1155=FACE_OUTER_BOUND('',#1700,.T.);
#1156=FACE_OUTER_BOUND('',#1701,.T.);
#1157=FACE_OUTER_BOUND('',#1702,.T.);
#1158=FACE_OUTER_BOUND('',#1703,.T.);
#1159=FACE_OUTER_BOUND('',#1704,.T.);
#1160=FACE_OUTER_BOUND('',#1705,.T.);
#1161=FACE_OUTER_BOUND('',#1706,.T.);
#1162=FACE_OUTER_BOUND('',#1707,.T.);
#1163=FACE_OUTER_BOUND('',#1708,.T.);
#1164=FACE_OUTER_BOUND('',#1709,.T.);
#1165=FACE_OUTER_BOUND('',#1710,.T.);
#1166=FACE_OUTER_BOUND('',#1711,.T.);
#1167=FACE_OUTER_BOUND('',#1712,.T.);
#1168=FACE_OUTER_BOUND('',#1713,.T.);
#1169=FACE_OUTER_BOUND('',#1714,.T.);
#1170=FACE_OUTER_BOUND('',#1715,.T.);
#1171=FACE_OUTER_BOUND('',#1716,.T.);
#1172=FACE_OUTER_BOUND('',#1717,.T.);
#1173=FACE_OUTER_BOUND('',#1718,.T.);
#1174=FACE_OUTER_BOUND('',#1719,.T.);
#1175=FACE_OUTER_BOUND('',#1720,.T.);
#1176=FACE_OUTER_BOUND('',#1721,.T.);
#1177=FACE_OUTER_BOUND('',#1722,.T.);
#1178=FACE_OUTER_BOUND('',#1723,.T.);
#1179=FACE_OUTER_BOUND('',#1724,.T.);
#1180=FACE_OUTER_BOUND('',#1725,.T.);
#1181=FACE_OUTER_BOUND('',#1726,.T.);
#1182=FACE_OUTER_BOUND('',#1727,.T.);
#1183=FACE_OUTER_BOUND('',#1728,.T.);
#1184=FACE_OUTER_BOUND('',#1729,.T.);
#1185=FACE_OUTER_BOUND('',#1730,.T.);
#1186=FACE_OUTER_BOUND('',#1731,.T.);
#1187=FACE_OUTER_BOUND('',#1732,.T.);
#1188=FACE_OUTER_BOUND('',#1733,.T.);
#1189=FACE_OUTER_BOUND('',#1734,.T.);
#1190=FACE_OUTER_BOUND('',#1735,.T.);
#1191=FACE_OUTER_BOUND('',#1736,.T.);
#1192=FACE_OUTER_BOUND('',#1737,.T.);
#1193=FACE_OUTER_BOUND('',#1738,.T.);
#1194=FACE_OUTER_BOUND('',#1739,.T.);
#1195=FACE_OUTER_BOUND('',#1740,.T.);
#1196=FACE_OUTER_BOUND('',#1741,.T.);
#1197=FACE_OUTER_BOUND('',#1742,.T.);
#1198=FACE_OUTER_BOUND('',#1743,.T.);
#1199=FACE_OUTER_BOUND('',#1744,.T.);
#1200=FACE_OUTER_BOUND('',#1745,.T.);
#1201=FACE_OUTER_BOUND('',#1746,.T.);
#1202=FACE_OUTER_BOUND('',#1747,.T.);
#1203=FACE_OUTER_BOUND('',#1748,.T.);
#1204=FACE_OUTER_BOUND('',#1749,.T.);
#1205=FACE_OUTER_BOUND('',#1750,.T.);
#1206=FACE_OUTER_BOUND('',#1751,.T.);
#1207=FACE_OUTER_BOUND('',#1752,.T.);
#1208=FACE_OUTER_BOUND('',#1753,.T.);
#1209=FACE_OUTER_BOUND('',#1754,.T.);
#1210=FACE_OUTER_BOUND('',#1755,.T.);
#1211=FACE_OUTER_BOUND('',#1756,.T.);
#1212=FACE_OUTER_BOUND('',#1757,.T.);
#1213=FACE_OUTER_BOUND('',#1758,.T.);
#1214=FACE_OUTER_BOUND('',#1759,.T.);
#1215=FACE_OUTER_BOUND('',#1760,.T.);
#1216=FACE_OUTER_BOUND('',#1761,.T.);
#1217=FACE_OUTER_BOUND('',#1762,.T.);
#1218=FACE_OUTER_BOUND('',#1763,.T.);
#1219=FACE_OUTER_BOUND('',#1764,.T.);
#1220=FACE_OUTER_BOUND('',#1765,.T.);
#1221=FACE_OUTER_BOUND('',#1766,.T.);
#1222=FACE_OUTER_BOUND('',#1767,.T.);
#1223=FACE_OUTER_BOUND('',#1768,.T.);
#1224=FACE_OUTER_BOUND('',#1769,.T.);
#1225=FACE_OUTER_BOUND('',#1770,.T.);
#1226=FACE_OUTER_BOUND('',#1771,.T.);
#1227=FACE_OUTER_BOUND('',#1772,.T.);
#1228=FACE_OUTER_BOUND('',#1773,.T.);
#1229=FACE_OUTER_BOUND('',#1774,.T.);
#1230=FACE_OUTER_BOUND('',#1775,.T.);
#1231=FACE_OUTER_BOUND('',#1776,.T.);
#1232=FACE_OUTER_BOUND('',#1777,.T.);
#1233=FACE_OUTER_BOUND('',#1778,.T.);
#1234=FACE_OUTER_BOUND('',#1779,.T.);
#1235=FACE_OUTER_BOUND('',#1780,.T.);
#1236=FACE_OUTER_BOUND('',#1781,.T.);
#1237=FACE_OUTER_BOUND('',#1782,.T.);
#1238=FACE_OUTER_BOUND('',#1783,.T.);
#1239=FACE_OUTER_BOUND('',#1784,.T.);
#1240=FACE_OUTER_BOUND('',#1785,.T.);
#1241=FACE_OUTER_BOUND('',#1786,.T.);
#1242=FACE_OUTER_BOUND('',#1787,.T.);
#1243=FACE_OUTER_BOUND('',#1788,.T.);
#1244=FACE_OUTER_BOUND('',#1789,.T.);
#1245=FACE_OUTER_BOUND('',#1790,.T.);
#1246=FACE_OUTER_BOUND('',#1791,.T.);
#1247=FACE_OUTER_BOUND('',#1792,.T.);
#1248=FACE_OUTER_BOUND('',#1793,.T.);
#1249=FACE_OUTER_BOUND('',#1794,.T.);
#1250=FACE_OUTER_BOUND('',#1795,.T.);
#1251=FACE_OUTER_BOUND('',#1796,.T.);
#1252=FACE_OUTER_BOUND('',#1797,.T.);
#1253=FACE_OUTER_BOUND('',#1798,.T.);
#1254=FACE_OUTER_BOUND('',#1799,.T.);
#1255=FACE_OUTER_BOUND('',#1800,.T.);
#1256=FACE_OUTER_BOUND('',#1801,.T.);
#1257=FACE_OUTER_BOUND('',#1802,.T.);
#1258=FACE_OUTER_BOUND('',#1803,.T.);
#1259=FACE_OUTER_BOUND('',#1804,.T.);
#1260=FACE_OUTER_BOUND('',#1805,.T.);
#1261=FACE_OUTER_BOUND('',#1806,.T.);
#1262=FACE_OUTER_BOUND('',#1807,.T.);
#1263=FACE_OUTER_BOUND('',#1808,.T.);
#1264=FACE_OUTER_BOUND('',#1809,.T.);
#1265=FACE_OUTER_BOUND('',#1810,.T.);
#1266=FACE_OUTER_BOUND('',#1811,.T.);
#1267=FACE_OUTER_BOUND('',#1812,.T.);
#1268=FACE_OUTER_BOUND('',#1813,.T.);
#1269=FACE_OUTER_BOUND('',#1814,.T.);
#1270=FACE_OUTER_BOUND('',#1815,.T.);
#1271=FACE_OUTER_BOUND('',#1816,.T.);
#1272=FACE_OUTER_BOUND('',#1817,.T.);
#1273=FACE_OUTER_BOUND('',#1818,.T.);
#1274=FACE_OUTER_BOUND('',#1819,.T.);
#1275=FACE_OUTER_BOUND('',#1820,.T.);
#1276=FACE_OUTER_BOUND('',#1821,.T.);
#1277=FACE_OUTER_BOUND('',#1822,.T.);
#1278=FACE_OUTER_BOUND('',#1823,.T.);
#1279=FACE_OUTER_BOUND('',#1824,.T.);
#1280=FACE_OUTER_BOUND('',#1825,.T.);
#1281=FACE_OUTER_BOUND('',#1826,.T.);
#1282=FACE_OUTER_BOUND('',#1827,.T.);
#1283=FACE_OUTER_BOUND('',#1828,.T.);
#1284=FACE_OUTER_BOUND('',#1829,.T.);
#1285=FACE_OUTER_BOUND('',#1830,.T.);
#1286=FACE_OUTER_BOUND('',#1831,.T.);
#1287=FACE_OUTER_BOUND('',#1832,.T.);
#1288=FACE_OUTER_BOUND('',#1833,.T.);
#1289=FACE_OUTER_BOUND('',#1834,.T.);
#1290=FACE_OUTER_BOUND('',#1835,.T.);
#1291=FACE_OUTER_BOUND('',#1836,.T.);
#1292=FACE_OUTER_BOUND('',#1837,.T.);
#1293=FACE_OUTER_BOUND('',#1838,.T.);
#1294=FACE_OUTER_BOUND('',#1839,.T.);
#1295=FACE_OUTER_BOUND('',#1840,.T.);
#1296=FACE_OUTER_BOUND('',#1841,.T.);
#1297=FACE_OUTER_BOUND('',#1842,.T.);
#1298=FACE_OUTER_BOUND('',#1843,.T.);
#1299=FACE_OUTER_BOUND('',#1844,.T.);
#1300=FACE_OUTER_BOUND('',#1845,.T.);
#1301=FACE_OUTER_BOUND('',#1846,.T.);
#1302=FACE_OUTER_BOUND('',#1847,.T.);
#1303=FACE_OUTER_BOUND('',#1848,.T.);
#1304=FACE_OUTER_BOUND('',#1849,.T.);
#1305=FACE_OUTER_BOUND('',#1850,.T.);
#1306=FACE_OUTER_BOUND('',#1851,.T.);
#1307=FACE_OUTER_BOUND('',#1852,.T.);
#1308=FACE_OUTER_BOUND('',#1853,.T.);
#1309=FACE_OUTER_BOUND('',#1854,.T.);
#1310=FACE_OUTER_BOUND('',#1855,.T.);
#1311=FACE_OUTER_BOUND('',#1856,.T.);
#1312=FACE_OUTER_BOUND('',#1857,.T.);
#1313=FACE_OUTER_BOUND('',#1858,.T.);
#1314=FACE_OUTER_BOUND('',#1859,.T.);
#1315=FACE_OUTER_BOUND('',#1860,.T.);
#1316=FACE_OUTER_BOUND('',#1861,.T.);
#1317=FACE_OUTER_BOUND('',#1862,.T.);
#1318=FACE_OUTER_BOUND('',#1863,.T.);
#1319=FACE_OUTER_BOUND('',#1864,.T.);
#1320=FACE_OUTER_BOUND('',#1865,.T.);
#1321=FACE_OUTER_BOUND('',#1866,.T.);
#1322=FACE_OUTER_BOUND('',#1867,.T.);
#1323=FACE_OUTER_BOUND('',#1868,.T.);
#1324=FACE_OUTER_BOUND('',#1869,.T.);
#1325=FACE_OUTER_BOUND('',#1870,.T.);
#1326=FACE_OUTER_BOUND('',#1871,.T.);
#1327=FACE_OUTER_BOUND('',#1872,.T.);
#1328=FACE_OUTER_BOUND('',#1873,.T.);
#1329=FACE_OUTER_BOUND('',#1874,.T.);
#1330=FACE_OUTER_BOUND('',#1875,.T.);
#1331=FACE_OUTER_BOUND('',#1876,.T.);
#1332=FACE_OUTER_BOUND('',#1877,.T.);
#1333=FACE_OUTER_BOUND('',#1878,.T.);
#1334=FACE_OUTER_BOUND('',#1879,.T.);
#1335=FACE_OUTER_BOUND('',#1880,.T.);
#1336=FACE_OUTER_BOUND('',#1881,.T.);
#1337=FACE_OUTER_BOUND('',#1882,.T.);
#1338=FACE_OUTER_BOUND('',#1883,.T.);
#1339=FACE_OUTER_BOUND('',#1884,.T.);
#1340=FACE_OUTER_BOUND('',#1885,.T.);
#1341=FACE_OUTER_BOUND('',#1886,.T.);
#1342=FACE_OUTER_BOUND('',#1887,.T.);
#1343=FACE_OUTER_BOUND('',#1888,.T.);
#1344=FACE_OUTER_BOUND('',#1889,.T.);
#1345=FACE_OUTER_BOUND('',#1890,.T.);
#1346=FACE_OUTER_BOUND('',#1891,.T.);
#1347=FACE_OUTER_BOUND('',#1892,.T.);
#1348=FACE_OUTER_BOUND('',#1893,.T.);
#1349=FACE_OUTER_BOUND('',#1894,.T.);
#1350=FACE_OUTER_BOUND('',#1895,.T.);
#1351=FACE_OUTER_BOUND('',#1896,.T.);
#1352=FACE_OUTER_BOUND('',#1897,.T.);
#1353=FACE_OUTER_BOUND('',#1898,.T.);
#1354=FACE_OUTER_BOUND('',#1899,.T.);
#1355=FACE_OUTER_BOUND('',#1900,.T.);
#1356=FACE_OUTER_BOUND('',#1901,.T.);
#1357=FACE_OUTER_BOUND('',#1902,.T.);
#1358=FACE_OUTER_BOUND('',#1903,.T.);
#1359=FACE_OUTER_BOUND('',#1904,.T.);
#1360=FACE_OUTER_BOUND('',#1905,.T.);
#1361=FACE_OUTER_BOUND('',#1906,.T.);
#1362=FACE_OUTER_BOUND('',#1907,.T.);
#1363=FACE_OUTER_BOUND('',#1908,.T.);
#1364=FACE_OUTER_BOUND('',#1909,.T.);
#1365=FACE_OUTER_BOUND('',#1910,.T.);
#1366=FACE_OUTER_BOUND('',#1911,.T.);
#1367=FACE_OUTER_BOUND('',#1912,.T.);
#1368=FACE_OUTER_BOUND('',#1913,.T.);
#1369=FACE_OUTER_BOUND('',#1914,.T.);
#1370=FACE_OUTER_BOUND('',#1915,.T.);
#1371=FACE_OUTER_BOUND('',#1916,.T.);
#1372=FACE_OUTER_BOUND('',#1917,.T.);
#1373=FACE_OUTER_BOUND('',#1918,.T.);
#1374=FACE_OUTER_BOUND('',#1919,.T.);
#1375=FACE_OUTER_BOUND('',#1920,.T.);
#1376=FACE_OUTER_BOUND('',#1921,.T.);
#1377=FACE_OUTER_BOUND('',#1922,.T.);
#1378=FACE_OUTER_BOUND('',#1923,.T.);
#1379=FACE_OUTER_BOUND('',#1924,.T.);
#1380=FACE_OUTER_BOUND('',#1925,.T.);
#1381=FACE_OUTER_BOUND('',#1926,.T.);
#1382=FACE_OUTER_BOUND('',#1927,.T.);
#1383=FACE_OUTER_BOUND('',#1928,.T.);
#1384=FACE_OUTER_BOUND('',#1929,.T.);
#1385=FACE_OUTER_BOUND('',#1930,.T.);
#1386=FACE_OUTER_BOUND('',#1932,.T.);
#1387=FACE_OUTER_BOUND('',#1933,.T.);
#1388=FACE_OUTER_BOUND('',#1935,.T.);
#1389=FACE_OUTER_BOUND('',#1936,.T.);
#1390=FACE_OUTER_BOUND('',#1938,.T.);
#1391=FACE_OUTER_BOUND('',#1939,.T.);
#1392=FACE_OUTER_BOUND('',#1941,.T.);
#1393=FACE_OUTER_BOUND('',#1942,.T.);
#1394=FACE_OUTER_BOUND('',#1944,.T.);
#1395=FACE_OUTER_BOUND('',#1945,.T.);
#1396=FACE_OUTER_BOUND('',#1947,.T.);
#1397=FACE_OUTER_BOUND('',#1948,.T.);
#1398=FACE_OUTER_BOUND('',#1949,.T.);
#1399=FACE_OUTER_BOUND('',#1950,.T.);
#1400=FACE_OUTER_BOUND('',#1951,.T.);
#1401=FACE_OUTER_BOUND('',#1952,.T.);
#1402=FACE_OUTER_BOUND('',#1953,.T.);
#1403=FACE_OUTER_BOUND('',#1954,.T.);
#1404=FACE_OUTER_BOUND('',#1955,.T.);
#1405=FACE_OUTER_BOUND('',#1956,.T.);
#1406=FACE_OUTER_BOUND('',#1957,.T.);
#1407=FACE_OUTER_BOUND('',#1958,.T.);
#1408=FACE_OUTER_BOUND('',#1959,.T.);
#1409=FACE_OUTER_BOUND('',#1960,.T.);
#1410=FACE_OUTER_BOUND('',#1961,.T.);
#1411=FACE_OUTER_BOUND('',#1962,.T.);
#1412=FACE_OUTER_BOUND('',#1963,.T.);
#1413=FACE_OUTER_BOUND('',#1964,.T.);
#1414=FACE_OUTER_BOUND('',#1965,.T.);
#1415=FACE_OUTER_BOUND('',#1966,.T.);
#1416=FACE_OUTER_BOUND('',#1967,.T.);
#1417=FACE_OUTER_BOUND('',#1968,.T.);
#1418=FACE_OUTER_BOUND('',#1969,.T.);
#1419=FACE_OUTER_BOUND('',#1970,.T.);
#1420=FACE_OUTER_BOUND('',#1971,.T.);
#1421=FACE_OUTER_BOUND('',#1972,.T.);
#1422=FACE_OUTER_BOUND('',#1973,.T.);
#1423=FACE_OUTER_BOUND('',#1974,.T.);
#1424=FACE_OUTER_BOUND('',#1975,.T.);
#1425=FACE_OUTER_BOUND('',#1976,.T.);
#1426=FACE_OUTER_BOUND('',#1977,.T.);
#1427=FACE_OUTER_BOUND('',#1978,.T.);
#1428=FACE_OUTER_BOUND('',#1979,.T.);
#1429=FACE_OUTER_BOUND('',#1980,.T.);
#1430=FACE_OUTER_BOUND('',#1981,.T.);
#1431=FACE_OUTER_BOUND('',#1982,.T.);
#1432=FACE_OUTER_BOUND('',#1983,.T.);
#1433=FACE_OUTER_BOUND('',#1984,.T.);
#1434=FACE_OUTER_BOUND('',#1985,.T.);
#1435=FACE_OUTER_BOUND('',#1986,.T.);
#1436=FACE_OUTER_BOUND('',#1987,.T.);
#1437=FACE_OUTER_BOUND('',#1988,.T.);
#1438=FACE_OUTER_BOUND('',#1989,.T.);
#1439=EDGE_LOOP('',(#6125,#6126,#6127,#6128));
#1440=EDGE_LOOP('',(#6129,#6130,#6131,#6132));
#1441=EDGE_LOOP('',(#6133,#6134,#6135,#6136));
#1442=EDGE_LOOP('',(#6137,#6138,#6139,#6140));
#1443=EDGE_LOOP('',(#6141));
#1444=EDGE_LOOP('',(#6142));
#1445=EDGE_LOOP('',(#6143));
#1446=EDGE_LOOP('',(#6144));
#1447=EDGE_LOOP('',(#6145));
#1448=EDGE_LOOP('',(#6146));
#1449=EDGE_LOOP('',(#6147));
#1450=EDGE_LOOP('',(#6148));
#1451=EDGE_LOOP('',(#6149));
#1452=EDGE_LOOP('',(#6150));
#1453=EDGE_LOOP('',(#6151));
#1454=EDGE_LOOP('',(#6152));
#1455=EDGE_LOOP('',(#6153));
#1456=EDGE_LOOP('',(#6154));
#1457=EDGE_LOOP('',(#6155));
#1458=EDGE_LOOP('',(#6156));
#1459=EDGE_LOOP('',(#6157));
#1460=EDGE_LOOP('',(#6158));
#1461=EDGE_LOOP('',(#6159));
#1462=EDGE_LOOP('',(#6160,#6161,#6162,#6163));
#1463=EDGE_LOOP('',(#6164));
#1464=EDGE_LOOP('',(#6165));
#1465=EDGE_LOOP('',(#6166));
#1466=EDGE_LOOP('',(#6167));
#1467=EDGE_LOOP('',(#6168));
#1468=EDGE_LOOP('',(#6169));
#1469=EDGE_LOOP('',(#6170));
#1470=EDGE_LOOP('',(#6171));
#1471=EDGE_LOOP('',(#6172));
#1472=EDGE_LOOP('',(#6173));
#1473=EDGE_LOOP('',(#6174));
#1474=EDGE_LOOP('',(#6175));
#1475=EDGE_LOOP('',(#6176));
#1476=EDGE_LOOP('',(#6177));
#1477=EDGE_LOOP('',(#6178));
#1478=EDGE_LOOP('',(#6179));
#1479=EDGE_LOOP('',(#6180));
#1480=EDGE_LOOP('',(#6181));
#1481=EDGE_LOOP('',(#6182));
#1482=EDGE_LOOP('',(#6183,#6184,#6185,#6186));
#1483=EDGE_LOOP('',(#6187,#6188,#6189,#6190));
#1484=EDGE_LOOP('',(#6191,#6192,#6193,#6194));
#1485=EDGE_LOOP('',(#6195,#6196,#6197,#6198));
#1486=EDGE_LOOP('',(#6199,#6200,#6201,#6202));
#1487=EDGE_LOOP('',(#6203,#6204,#6205,#6206));
#1488=EDGE_LOOP('',(#6207,#6208,#6209,#6210));
#1489=EDGE_LOOP('',(#6211,#6212,#6213,#6214));
#1490=EDGE_LOOP('',(#6215,#6216,#6217,#6218));
#1491=EDGE_LOOP('',(#6219,#6220,#6221,#6222));
#1492=EDGE_LOOP('',(#6223,#6224,#6225,#6226));
#1493=EDGE_LOOP('',(#6227,#6228,#6229,#6230));
#1494=EDGE_LOOP('',(#6231,#6232,#6233,#6234));
#1495=EDGE_LOOP('',(#6235,#6236,#6237,#6238));
#1496=EDGE_LOOP('',(#6239,#6240,#6241,#6242));
#1497=EDGE_LOOP('',(#6243,#6244,#6245,#6246));
#1498=EDGE_LOOP('',(#6247,#6248,#6249,#6250));
#1499=EDGE_LOOP('',(#6251,#6252,#6253,#6254));
#1500=EDGE_LOOP('',(#6255,#6256,#6257,#6258));
#1501=EDGE_LOOP('',(#6259,#6260,#6261,#6262));
#1502=EDGE_LOOP('',(#6263,#6264,#6265,#6266));
#1503=EDGE_LOOP('',(#6267,#6268,#6269,#6270,#6271,#6272,#6273,#6274));
#1504=EDGE_LOOP('',(#6275,#6276,#6277,#6278));
#1505=EDGE_LOOP('',(#6279,#6280,#6281,#6282));
#1506=EDGE_LOOP('',(#6283,#6284,#6285,#6286));
#1507=EDGE_LOOP('',(#6287,#6288,#6289,#6290,#6291,#6292,#6293,#6294));
#1508=EDGE_LOOP('',(#6295,#6296,#6297,#6298));
#1509=EDGE_LOOP('',(#6299,#6300,#6301,#6302));
#1510=EDGE_LOOP('',(#6303,#6304,#6305,#6306));
#1511=EDGE_LOOP('',(#6307,#6308,#6309,#6310));
#1512=EDGE_LOOP('',(#6311,#6312,#6313,#6314));
#1513=EDGE_LOOP('',(#6315,#6316,#6317,#6318));
#1514=EDGE_LOOP('',(#6319,#6320,#6321,#6322));
#1515=EDGE_LOOP('',(#6323,#6324,#6325,#6326));
#1516=EDGE_LOOP('',(#6327,#6328,#6329,#6330));
#1517=EDGE_LOOP('',(#6331,#6332,#6333,#6334));
#1518=EDGE_LOOP('',(#6335,#6336,#6337,#6338));
#1519=EDGE_LOOP('',(#6339,#6340,#6341,#6342));
#1520=EDGE_LOOP('',(#6343,#6344,#6345,#6346));
#1521=EDGE_LOOP('',(#6347,#6348,#6349,#6350));
#1522=EDGE_LOOP('',(#6351,#6352,#6353,#6354));
#1523=EDGE_LOOP('',(#6355,#6356,#6357,#6358));
#1524=EDGE_LOOP('',(#6359,#6360,#6361,#6362));
#1525=EDGE_LOOP('',(#6363,#6364,#6365,#6366));
#1526=EDGE_LOOP('',(#6367,#6368,#6369,#6370));
#1527=EDGE_LOOP('',(#6371,#6372,#6373,#6374));
#1528=EDGE_LOOP('',(#6375,#6376,#6377,#6378));
#1529=EDGE_LOOP('',(#6379,#6380,#6381,#6382));
#1530=EDGE_LOOP('',(#6383,#6384,#6385,#6386));
#1531=EDGE_LOOP('',(#6387,#6388,#6389,#6390));
#1532=EDGE_LOOP('',(#6391,#6392,#6393));
#1533=EDGE_LOOP('',(#6394));
#1534=EDGE_LOOP('',(#6395,#6396,#6397,#6398));
#1535=EDGE_LOOP('',(#6399,#6400,#6401,#6402,#6403,#6404,#6405,#6406));
#1536=EDGE_LOOP('',(#6407,#6408,#6409,#6410));
#1537=EDGE_LOOP('',(#6411,#6412,#6413,#6414));
#1538=EDGE_LOOP('',(#6415,#6416,#6417,#6418));
#1539=EDGE_LOOP('',(#6419,#6420,#6421,#6422,#6423,#6424,#6425,#6426));
#1540=EDGE_LOOP('',(#6427,#6428,#6429,#6430));
#1541=EDGE_LOOP('',(#6431,#6432,#6433,#6434));
#1542=EDGE_LOOP('',(#6435,#6436,#6437,#6438));
#1543=EDGE_LOOP('',(#6439,#6440,#6441,#6442));
#1544=EDGE_LOOP('',(#6443,#6444,#6445,#6446));
#1545=EDGE_LOOP('',(#6447,#6448,#6449,#6450));
#1546=EDGE_LOOP('',(#6451,#6452,#6453,#6454));
#1547=EDGE_LOOP('',(#6455,#6456,#6457,#6458));
#1548=EDGE_LOOP('',(#6459,#6460,#6461,#6462));
#1549=EDGE_LOOP('',(#6463,#6464,#6465,#6466));
#1550=EDGE_LOOP('',(#6467,#6468,#6469,#6470));
#1551=EDGE_LOOP('',(#6471,#6472,#6473,#6474));
#1552=EDGE_LOOP('',(#6475,#6476,#6477,#6478));
#1553=EDGE_LOOP('',(#6479,#6480,#6481,#6482));
#1554=EDGE_LOOP('',(#6483,#6484,#6485,#6486));
#1555=EDGE_LOOP('',(#6487,#6488,#6489,#6490));
#1556=EDGE_LOOP('',(#6491,#6492,#6493,#6494));
#1557=EDGE_LOOP('',(#6495,#6496,#6497,#6498));
#1558=EDGE_LOOP('',(#6499,#6500,#6501,#6502));
#1559=EDGE_LOOP('',(#6503,#6504,#6505,#6506));
#1560=EDGE_LOOP('',(#6507,#6508,#6509,#6510));
#1561=EDGE_LOOP('',(#6511,#6512,#6513,#6514));
#1562=EDGE_LOOP('',(#6515,#6516,#6517,#6518));
#1563=EDGE_LOOP('',(#6519,#6520,#6521,#6522));
#1564=EDGE_LOOP('',(#6523,#6524,#6525));
#1565=EDGE_LOOP('',(#6526));
#1566=EDGE_LOOP('',(#6527,#6528,#6529,#6530));
#1567=EDGE_LOOP('',(#6531,#6532,#6533,#6534));
#1568=EDGE_LOOP('',(#6535,#6536,#6537,#6538));
#1569=EDGE_LOOP('',(#6539,#6540,#6541,#6542));
#1570=EDGE_LOOP('',(#6543,#6544,#6545,#6546));
#1571=EDGE_LOOP('',(#6547,#6548,#6549,#6550));
#1572=EDGE_LOOP('',(#6551,#6552,#6553,#6554));
#1573=EDGE_LOOP('',(#6555,#6556,#6557,#6558));
#1574=EDGE_LOOP('',(#6559,#6560,#6561,#6562));
#1575=EDGE_LOOP('',(#6563,#6564,#6565,#6566));
#1576=EDGE_LOOP('',(#6567,#6568,#6569,#6570));
#1577=EDGE_LOOP('',(#6571,#6572,#6573,#6574));
#1578=EDGE_LOOP('',(#6575,#6576,#6577,#6578));
#1579=EDGE_LOOP('',(#6579,#6580,#6581,#6582));
#1580=EDGE_LOOP('',(#6583,#6584,#6585,#6586));
#1581=EDGE_LOOP('',(#6587,#6588,#6589,#6590));
#1582=EDGE_LOOP('',(#6591,#6592,#6593,#6594));
#1583=EDGE_LOOP('',(#6595,#6596,#6597,#6598));
#1584=EDGE_LOOP('',(#6599,#6600,#6601,#6602));
#1585=EDGE_LOOP('',(#6603,#6604,#6605,#6606));
#1586=EDGE_LOOP('',(#6607,#6608,#6609,#6610));
#1587=EDGE_LOOP('',(#6611,#6612,#6613,#6614));
#1588=EDGE_LOOP('',(#6615,#6616,#6617,#6618));
#1589=EDGE_LOOP('',(#6619,#6620,#6621,#6622));
#1590=EDGE_LOOP('',(#6623,#6624,#6625,#6626,#6627,#6628,#6629,#6630));
#1591=EDGE_LOOP('',(#6631));
#1592=EDGE_LOOP('',(#6632,#6633,#6634,#6635,#6636,#6637,#6638,#6639,#6640,
#6641,#6642,#6643,#6644,#6645,#6646,#6647,#6648,#6649,#6650,#6651));
#1593=EDGE_LOOP('',(#6652,#6653,#6654,#6655));
#1594=EDGE_LOOP('',(#6656,#6657,#6658,#6659,#6660,#6661));
#1595=EDGE_LOOP('',(#6662,#6663,#6664,#6665,#6666,#6667));
#1596=EDGE_LOOP('',(#6668,#6669,#6670,#6671));
#1597=EDGE_LOOP('',(#6672,#6673,#6674,#6675));
#1598=EDGE_LOOP('',(#6676,#6677,#6678,#6679,#6680,#6681));
#1599=EDGE_LOOP('',(#6682,#6683,#6684,#6685,#6686,#6687));
#1600=EDGE_LOOP('',(#6688,#6689,#6690,#6691));
#1601=EDGE_LOOP('',(#6692,#6693,#6694,#6695));
#1602=EDGE_LOOP('',(#6696,#6697,#6698,#6699,#6700,#6701));
#1603=EDGE_LOOP('',(#6702,#6703,#6704,#6705));
#1604=EDGE_LOOP('',(#6706,#6707,#6708,#6709,#6710,#6711));
#1605=EDGE_LOOP('',(#6712,#6713,#6714,#6715));
#1606=EDGE_LOOP('',(#6716,#6717,#6718,#6719,#6720,#6721));
#1607=EDGE_LOOP('',(#6722,#6723,#6724,#6725));
#1608=EDGE_LOOP('',(#6726,#6727,#6728,#6729,#6730,#6731));
#1609=EDGE_LOOP('',(#6732,#6733,#6734,#6735,#6736,#6737));
#1610=EDGE_LOOP('',(#6738,#6739,#6740,#6741,#6742,#6743));
#1611=EDGE_LOOP('',(#6744,#6745,#6746,#6747));
#1612=EDGE_LOOP('',(#6748,#6749,#6750,#6751,#6752,#6753));
#1613=EDGE_LOOP('',(#6754,#6755,#6756,#6757));
#1614=EDGE_LOOP('',(#6758,#6759,#6760,#6761,#6762,#6763));
#1615=EDGE_LOOP('',(#6764,#6765,#6766,#6767));
#1616=EDGE_LOOP('',(#6768,#6769,#6770,#6771,#6772,#6773));
#1617=EDGE_LOOP('',(#6774,#6775,#6776,#6777,#6778,#6779,#6780,#6781));
#1618=EDGE_LOOP('',(#6782));
#1619=EDGE_LOOP('',(#6783,#6784,#6785,#6786));
#1620=EDGE_LOOP('',(#6787,#6788,#6789,#6790));
#1621=EDGE_LOOP('',(#6791,#6792,#6793,#6794));
#1622=EDGE_LOOP('',(#6795,#6796,#6797,#6798));
#1623=EDGE_LOOP('',(#6799,#6800,#6801,#6802,#6803,#6804,#6805,#6806,#6807,
#6808,#6809,#6810,#6811,#6812,#6813,#6814,#6815,#6816,#6817,#6818));
#1624=EDGE_LOOP('',(#6819,#6820,#6821,#6822,#6823,#6824,#6825,#6826,#6827,
#6828,#6829,#6830,#6831,#6832,#6833,#6834));
#1625=EDGE_LOOP('',(#6835));
#1626=EDGE_LOOP('',(#6836,#6837,#6838,#6839));
#1627=EDGE_LOOP('',(#6840,#6841,#6842,#6843,#6844,#6845,#6846,#6847));
#1628=EDGE_LOOP('',(#6848));
#1629=EDGE_LOOP('',(#6849,#6850,#6851,#6852));
#1630=EDGE_LOOP('',(#6853,#6854,#6855,#6856));
#1631=EDGE_LOOP('',(#6857,#6858,#6859,#6860));
#1632=EDGE_LOOP('',(#6861,#6862,#6863,#6864));
#1633=EDGE_LOOP('',(#6865,#6866,#6867,#6868));
#1634=EDGE_LOOP('',(#6869,#6870,#6871,#6872,#6873,#6874,#6875,#6876,#6877,
#6878,#6879,#6880,#6881,#6882,#6883,#6884,#6885,#6886,#6887,#6888,#6889,
#6890,#6891,#6892,#6893,#6894,#6895,#6896,#6897,#6898,#6899,#6900));
#1635=EDGE_LOOP('',(#6901,#6902,#6903,#6904,#6905,#6906,#6907,#6908,#6909,
#6910,#6911,#6912,#6913,#6914,#6915,#6916,#6917,#6918,#6919,#6920,#6921,
#6922,#6923,#6924,#6925,#6926,#6927,#6928,#6929,#6930,#6931,#6932,#6933,
#6934,#6935,#6936,#6937,#6938,#6939,#6940,#6941,#6942,#6943,#6944,#6945,
#6946,#6947,#6948,#6949,#6950,#6951,#6952,#6953,#6954,#6955,#6956,#6957,
#6958,#6959,#6960,#6961,#6962,#6963,#6964,#6965,#6966,#6967,#6968,#6969,
#6970,#6971,#6972,#6973,#6974,#6975,#6976,#6977,#6978,#6979,#6980,#6981,
#6982,#6983,#6984,#6985,#6986,#6987,#6988,#6989,#6990,#6991,#6992,#6993,
#6994,#6995,#6996,#6997,#6998,#6999,#7000,#7001,#7002,#7003,#7004,#7005,
#7006,#7007,#7008,#7009,#7010,#7011,#7012,#7013,#7014,#7015,#7016));
#1636=EDGE_LOOP('',(#7017,#7018,#7019,#7020));
#1637=EDGE_LOOP('',(#7021,#7022,#7023,#7024));
#1638=EDGE_LOOP('',(#7025,#7026,#7027,#7028));
#1639=EDGE_LOOP('',(#7029,#7030,#7031,#7032));
#1640=EDGE_LOOP('',(#7033,#7034,#7035,#7036));
#1641=EDGE_LOOP('',(#7037,#7038,#7039,#7040));
#1642=EDGE_LOOP('',(#7041,#7042,#7043,#7044));
#1643=EDGE_LOOP('',(#7045,#7046,#7047,#7048));
#1644=EDGE_LOOP('',(#7049,#7050,#7051,#7052));
#1645=EDGE_LOOP('',(#7053,#7054,#7055,#7056));
#1646=EDGE_LOOP('',(#7057,#7058,#7059,#7060));
#1647=EDGE_LOOP('',(#7061,#7062,#7063,#7064));
#1648=EDGE_LOOP('',(#7065,#7066,#7067,#7068));
#1649=EDGE_LOOP('',(#7069,#7070,#7071,#7072));
#1650=EDGE_LOOP('',(#7073,#7074,#7075,#7076));
#1651=EDGE_LOOP('',(#7077,#7078,#7079,#7080));
#1652=EDGE_LOOP('',(#7081,#7082,#7083,#7084));
#1653=EDGE_LOOP('',(#7085,#7086,#7087,#7088));
#1654=EDGE_LOOP('',(#7089,#7090,#7091,#7092));
#1655=EDGE_LOOP('',(#7093,#7094,#7095,#7096));
#1656=EDGE_LOOP('',(#7097,#7098,#7099,#7100));
#1657=EDGE_LOOP('',(#7101,#7102,#7103,#7104,#7105,#7106,#7107,#7108,#7109,
#7110,#7111,#7112,#7113,#7114,#7115,#7116,#7117,#7118,#7119,#7120,#7121,
#7122,#7123,#7124,#7125,#7126,#7127,#7128,#7129,#7130,#7131,#7132));
#1658=EDGE_LOOP('',(#7133,#7134,#7135,#7136));
#1659=EDGE_LOOP('',(#7137));
#1660=EDGE_LOOP('',(#7138,#7139,#7140,#7141,#7142,#7143,#7144,#7145,#7146,
#7147,#7148,#7149,#7150,#7151,#7152,#7153,#7154,#7155,#7156,#7157,#7158,
#7159,#7160,#7161,#7162,#7163,#7164,#7165,#7166,#7167,#7168,#7169));
#1661=EDGE_LOOP('',(#7170,#7171,#7172,#7173,#7174,#7175,#7176,#7177,#7178,
#7179,#7180,#7181,#7182,#7183,#7184,#7185,#7186,#7187,#7188,#7189,#7190,
#7191,#7192,#7193,#7194,#7195,#7196,#7197,#7198,#7199,#7200,#7201));
#1662=EDGE_LOOP('',(#7202,#7203,#7204,#7205));
#1663=EDGE_LOOP('',(#7206,#7207,#7208,#7209));
#1664=EDGE_LOOP('',(#7210,#7211,#7212,#7213));
#1665=EDGE_LOOP('',(#7214,#7215,#7216,#7217));
#1666=EDGE_LOOP('',(#7218,#7219,#7220,#7221));
#1667=EDGE_LOOP('',(#7222,#7223,#7224,#7225));
#1668=EDGE_LOOP('',(#7226,#7227,#7228,#7229));
#1669=EDGE_LOOP('',(#7230,#7231,#7232,#7233));
#1670=EDGE_LOOP('',(#7234,#7235,#7236,#7237));
#1671=EDGE_LOOP('',(#7238,#7239,#7240,#7241));
#1672=EDGE_LOOP('',(#7242,#7243,#7244,#7245));
#1673=EDGE_LOOP('',(#7246,#7247,#7248,#7249));
#1674=EDGE_LOOP('',(#7250,#7251,#7252,#7253));
#1675=EDGE_LOOP('',(#7254,#7255,#7256,#7257));
#1676=EDGE_LOOP('',(#7258,#7259,#7260,#7261));
#1677=EDGE_LOOP('',(#7262,#7263,#7264,#7265));
#1678=EDGE_LOOP('',(#7266,#7267,#7268,#7269));
#1679=EDGE_LOOP('',(#7270,#7271,#7272,#7273));
#1680=EDGE_LOOP('',(#7274,#7275,#7276,#7277));
#1681=EDGE_LOOP('',(#7278,#7279,#7280,#7281));
#1682=EDGE_LOOP('',(#7282,#7283,#7284,#7285));
#1683=EDGE_LOOP('',(#7286,#7287,#7288,#7289));
#1684=EDGE_LOOP('',(#7290,#7291,#7292,#7293));
#1685=EDGE_LOOP('',(#7294,#7295,#7296,#7297));
#1686=EDGE_LOOP('',(#7298,#7299,#7300,#7301));
#1687=EDGE_LOOP('',(#7302,#7303,#7304,#7305));
#1688=EDGE_LOOP('',(#7306,#7307,#7308,#7309));
#1689=EDGE_LOOP('',(#7310,#7311,#7312,#7313));
#1690=EDGE_LOOP('',(#7314,#7315,#7316,#7317));
#1691=EDGE_LOOP('',(#7318,#7319,#7320,#7321));
#1692=EDGE_LOOP('',(#7322,#7323,#7324,#7325));
#1693=EDGE_LOOP('',(#7326,#7327,#7328,#7329));
#1694=EDGE_LOOP('',(#7330,#7331,#7332,#7333));
#1695=EDGE_LOOP('',(#7334,#7335,#7336,#7337));
#1696=EDGE_LOOP('',(#7338,#7339,#7340,#7341));
#1697=EDGE_LOOP('',(#7342,#7343,#7344,#7345));
#1698=EDGE_LOOP('',(#7346,#7347,#7348,#7349));
#1699=EDGE_LOOP('',(#7350,#7351,#7352,#7353));
#1700=EDGE_LOOP('',(#7354,#7355,#7356,#7357));
#1701=EDGE_LOOP('',(#7358,#7359,#7360,#7361));
#1702=EDGE_LOOP('',(#7362,#7363,#7364,#7365));
#1703=EDGE_LOOP('',(#7366,#7367,#7368,#7369));
#1704=EDGE_LOOP('',(#7370,#7371,#7372,#7373));
#1705=EDGE_LOOP('',(#7374,#7375,#7376,#7377));
#1706=EDGE_LOOP('',(#7378,#7379,#7380,#7381));
#1707=EDGE_LOOP('',(#7382,#7383,#7384,#7385));
#1708=EDGE_LOOP('',(#7386,#7387,#7388,#7389));
#1709=EDGE_LOOP('',(#7390,#7391,#7392,#7393));
#1710=EDGE_LOOP('',(#7394,#7395,#7396,#7397));
#1711=EDGE_LOOP('',(#7398,#7399,#7400,#7401));
#1712=EDGE_LOOP('',(#7402,#7403,#7404,#7405));
#1713=EDGE_LOOP('',(#7406,#7407,#7408,#7409));
#1714=EDGE_LOOP('',(#7410,#7411,#7412,#7413));
#1715=EDGE_LOOP('',(#7414,#7415,#7416,#7417));
#1716=EDGE_LOOP('',(#7418,#7419,#7420,#7421));
#1717=EDGE_LOOP('',(#7422,#7423,#7424,#7425));
#1718=EDGE_LOOP('',(#7426,#7427,#7428,#7429));
#1719=EDGE_LOOP('',(#7430,#7431,#7432,#7433));
#1720=EDGE_LOOP('',(#7434,#7435,#7436,#7437));
#1721=EDGE_LOOP('',(#7438,#7439,#7440,#7441));
#1722=EDGE_LOOP('',(#7442,#7443,#7444,#7445));
#1723=EDGE_LOOP('',(#7446,#7447,#7448,#7449));
#1724=EDGE_LOOP('',(#7450,#7451,#7452,#7453));
#1725=EDGE_LOOP('',(#7454,#7455,#7456,#7457));
#1726=EDGE_LOOP('',(#7458,#7459,#7460,#7461));
#1727=EDGE_LOOP('',(#7462,#7463,#7464,#7465));
#1728=EDGE_LOOP('',(#7466,#7467,#7468,#7469));
#1729=EDGE_LOOP('',(#7470,#7471,#7472,#7473));
#1730=EDGE_LOOP('',(#7474,#7475,#7476,#7477));
#1731=EDGE_LOOP('',(#7478,#7479,#7480,#7481));
#1732=EDGE_LOOP('',(#7482,#7483,#7484,#7485));
#1733=EDGE_LOOP('',(#7486,#7487,#7488,#7489));
#1734=EDGE_LOOP('',(#7490,#7491,#7492,#7493));
#1735=EDGE_LOOP('',(#7494,#7495,#7496,#7497));
#1736=EDGE_LOOP('',(#7498,#7499,#7500,#7501));
#1737=EDGE_LOOP('',(#7502,#7503,#7504,#7505));
#1738=EDGE_LOOP('',(#7506,#7507,#7508,#7509));
#1739=EDGE_LOOP('',(#7510,#7511,#7512,#7513));
#1740=EDGE_LOOP('',(#7514,#7515,#7516,#7517));
#1741=EDGE_LOOP('',(#7518,#7519,#7520,#7521));
#1742=EDGE_LOOP('',(#7522,#7523,#7524,#7525));
#1743=EDGE_LOOP('',(#7526,#7527,#7528,#7529));
#1744=EDGE_LOOP('',(#7530,#7531,#7532,#7533));
#1745=EDGE_LOOP('',(#7534,#7535,#7536,#7537));
#1746=EDGE_LOOP('',(#7538,#7539,#7540,#7541));
#1747=EDGE_LOOP('',(#7542,#7543,#7544,#7545));
#1748=EDGE_LOOP('',(#7546,#7547,#7548,#7549));
#1749=EDGE_LOOP('',(#7550,#7551,#7552,#7553));
#1750=EDGE_LOOP('',(#7554,#7555,#7556,#7557));
#1751=EDGE_LOOP('',(#7558,#7559,#7560,#7561));
#1752=EDGE_LOOP('',(#7562,#7563,#7564,#7565));
#1753=EDGE_LOOP('',(#7566,#7567,#7568,#7569));
#1754=EDGE_LOOP('',(#7570));
#1755=EDGE_LOOP('',(#7571,#7572,#7573,#7574));
#1756=EDGE_LOOP('',(#7575,#7576,#7577,#7578,#7579));
#1757=EDGE_LOOP('',(#7580,#7581,#7582,#7583,#7584));
#1758=EDGE_LOOP('',(#7585,#7586,#7587,#7588));
#1759=EDGE_LOOP('',(#7589,#7590,#7591,#7592));
#1760=EDGE_LOOP('',(#7593,#7594,#7595,#7596));
#1761=EDGE_LOOP('',(#7597,#7598,#7599,#7600));
#1762=EDGE_LOOP('',(#7601,#7602,#7603,#7604));
#1763=EDGE_LOOP('',(#7605,#7606,#7607,#7608));
#1764=EDGE_LOOP('',(#7609,#7610,#7611,#7612));
#1765=EDGE_LOOP('',(#7613,#7614,#7615,#7616));
#1766=EDGE_LOOP('',(#7617,#7618,#7619,#7620));
#1767=EDGE_LOOP('',(#7621,#7622,#7623,#7624));
#1768=EDGE_LOOP('',(#7625,#7626,#7627,#7628));
#1769=EDGE_LOOP('',(#7629,#7630,#7631,#7632));
#1770=EDGE_LOOP('',(#7633,#7634,#7635,#7636));
#1771=EDGE_LOOP('',(#7637,#7638,#7639,#7640));
#1772=EDGE_LOOP('',(#7641,#7642,#7643,#7644));
#1773=EDGE_LOOP('',(#7645,#7646,#7647,#7648));
#1774=EDGE_LOOP('',(#7649,#7650,#7651,#7652));
#1775=EDGE_LOOP('',(#7653,#7654,#7655,#7656));
#1776=EDGE_LOOP('',(#7657,#7658,#7659,#7660));
#1777=EDGE_LOOP('',(#7661,#7662,#7663,#7664));
#1778=EDGE_LOOP('',(#7665,#7666,#7667,#7668));
#1779=EDGE_LOOP('',(#7669,#7670,#7671,#7672));
#1780=EDGE_LOOP('',(#7673,#7674,#7675,#7676));
#1781=EDGE_LOOP('',(#7677,#7678,#7679,#7680));
#1782=EDGE_LOOP('',(#7681,#7682,#7683,#7684));
#1783=EDGE_LOOP('',(#7685,#7686,#7687,#7688));
#1784=EDGE_LOOP('',(#7689,#7690,#7691,#7692));
#1785=EDGE_LOOP('',(#7693,#7694,#7695,#7696));
#1786=EDGE_LOOP('',(#7697,#7698,#7699,#7700));
#1787=EDGE_LOOP('',(#7701,#7702,#7703,#7704));
#1788=EDGE_LOOP('',(#7705,#7706,#7707,#7708));
#1789=EDGE_LOOP('',(#7709,#7710,#7711,#7712));
#1790=EDGE_LOOP('',(#7713,#7714,#7715,#7716));
#1791=EDGE_LOOP('',(#7717,#7718,#7719,#7720));
#1792=EDGE_LOOP('',(#7721,#7722,#7723,#7724));
#1793=EDGE_LOOP('',(#7725,#7726,#7727,#7728));
#1794=EDGE_LOOP('',(#7729,#7730,#7731,#7732));
#1795=EDGE_LOOP('',(#7733,#7734,#7735,#7736));
#1796=EDGE_LOOP('',(#7737,#7738,#7739,#7740));
#1797=EDGE_LOOP('',(#7741,#7742,#7743,#7744));
#1798=EDGE_LOOP('',(#7745,#7746,#7747,#7748));
#1799=EDGE_LOOP('',(#7749,#7750,#7751,#7752));
#1800=EDGE_LOOP('',(#7753,#7754,#7755,#7756));
#1801=EDGE_LOOP('',(#7757,#7758,#7759,#7760));
#1802=EDGE_LOOP('',(#7761,#7762,#7763,#7764));
#1803=EDGE_LOOP('',(#7765,#7766,#7767,#7768));
#1804=EDGE_LOOP('',(#7769,#7770,#7771,#7772));
#1805=EDGE_LOOP('',(#7773,#7774,#7775,#7776));
#1806=EDGE_LOOP('',(#7777,#7778,#7779,#7780));
#1807=EDGE_LOOP('',(#7781,#7782,#7783,#7784));
#1808=EDGE_LOOP('',(#7785,#7786,#7787,#7788));
#1809=EDGE_LOOP('',(#7789,#7790,#7791,#7792));
#1810=EDGE_LOOP('',(#7793,#7794,#7795,#7796));
#1811=EDGE_LOOP('',(#7797,#7798,#7799,#7800));
#1812=EDGE_LOOP('',(#7801,#7802,#7803,#7804));
#1813=EDGE_LOOP('',(#7805,#7806,#7807,#7808));
#1814=EDGE_LOOP('',(#7809,#7810,#7811,#7812));
#1815=EDGE_LOOP('',(#7813,#7814,#7815,#7816));
#1816=EDGE_LOOP('',(#7817,#7818,#7819,#7820));
#1817=EDGE_LOOP('',(#7821,#7822,#7823,#7824));
#1818=EDGE_LOOP('',(#7825,#7826,#7827,#7828));
#1819=EDGE_LOOP('',(#7829,#7830,#7831,#7832));
#1820=EDGE_LOOP('',(#7833,#7834,#7835,#7836));
#1821=EDGE_LOOP('',(#7837,#7838,#7839,#7840));
#1822=EDGE_LOOP('',(#7841,#7842,#7843,#7844));
#1823=EDGE_LOOP('',(#7845,#7846,#7847,#7848));
#1824=EDGE_LOOP('',(#7849,#7850,#7851,#7852));
#1825=EDGE_LOOP('',(#7853,#7854,#7855,#7856));
#1826=EDGE_LOOP('',(#7857,#7858,#7859,#7860));
#1827=EDGE_LOOP('',(#7861,#7862,#7863,#7864));
#1828=EDGE_LOOP('',(#7865,#7866,#7867,#7868));
#1829=EDGE_LOOP('',(#7869,#7870,#7871,#7872));
#1830=EDGE_LOOP('',(#7873,#7874,#7875,#7876));
#1831=EDGE_LOOP('',(#7877,#7878,#7879,#7880));
#1832=EDGE_LOOP('',(#7881,#7882,#7883,#7884));
#1833=EDGE_LOOP('',(#7885,#7886,#7887,#7888));
#1834=EDGE_LOOP('',(#7889,#7890,#7891,#7892));
#1835=EDGE_LOOP('',(#7893,#7894,#7895,#7896));
#1836=EDGE_LOOP('',(#7897,#7898,#7899,#7900));
#1837=EDGE_LOOP('',(#7901,#7902,#7903,#7904));
#1838=EDGE_LOOP('',(#7905,#7906,#7907,#7908));
#1839=EDGE_LOOP('',(#7909,#7910,#7911,#7912));
#1840=EDGE_LOOP('',(#7913,#7914,#7915,#7916));
#1841=EDGE_LOOP('',(#7917,#7918,#7919,#7920));
#1842=EDGE_LOOP('',(#7921,#7922,#7923,#7924));
#1843=EDGE_LOOP('',(#7925,#7926,#7927,#7928));
#1844=EDGE_LOOP('',(#7929,#7930,#7931,#7932));
#1845=EDGE_LOOP('',(#7933,#7934,#7935,#7936));
#1846=EDGE_LOOP('',(#7937,#7938,#7939,#7940));
#1847=EDGE_LOOP('',(#7941,#7942,#7943,#7944));
#1848=EDGE_LOOP('',(#7945,#7946,#7947,#7948));
#1849=EDGE_LOOP('',(#7949,#7950,#7951,#7952));
#1850=EDGE_LOOP('',(#7953,#7954,#7955,#7956));
#1851=EDGE_LOOP('',(#7957,#7958,#7959,#7960));
#1852=EDGE_LOOP('',(#7961,#7962,#7963,#7964));
#1853=EDGE_LOOP('',(#7965,#7966,#7967,#7968));
#1854=EDGE_LOOP('',(#7969,#7970,#7971,#7972));
#1855=EDGE_LOOP('',(#7973,#7974,#7975,#7976));
#1856=EDGE_LOOP('',(#7977,#7978,#7979,#7980));
#1857=EDGE_LOOP('',(#7981,#7982,#7983,#7984));
#1858=EDGE_LOOP('',(#7985,#7986,#7987,#7988));
#1859=EDGE_LOOP('',(#7989,#7990,#7991,#7992));
#1860=EDGE_LOOP('',(#7993,#7994,#7995,#7996));
#1861=EDGE_LOOP('',(#7997,#7998,#7999,#8000));
#1862=EDGE_LOOP('',(#8001,#8002,#8003,#8004));
#1863=EDGE_LOOP('',(#8005,#8006,#8007,#8008));
#1864=EDGE_LOOP('',(#8009,#8010,#8011,#8012));
#1865=EDGE_LOOP('',(#8013,#8014,#8015,#8016));
#1866=EDGE_LOOP('',(#8017,#8018,#8019,#8020));
#1867=EDGE_LOOP('',(#8021,#8022,#8023,#8024));
#1868=EDGE_LOOP('',(#8025,#8026,#8027,#8028));
#1869=EDGE_LOOP('',(#8029,#8030,#8031,#8032));
#1870=EDGE_LOOP('',(#8033,#8034,#8035,#8036));
#1871=EDGE_LOOP('',(#8037,#8038,#8039,#8040));
#1872=EDGE_LOOP('',(#8041,#8042,#8043,#8044));
#1873=EDGE_LOOP('',(#8045,#8046,#8047,#8048));
#1874=EDGE_LOOP('',(#8049,#8050,#8051,#8052));
#1875=EDGE_LOOP('',(#8053,#8054,#8055,#8056));
#1876=EDGE_LOOP('',(#8057,#8058,#8059,#8060));
#1877=EDGE_LOOP('',(#8061,#8062,#8063,#8064));
#1878=EDGE_LOOP('',(#8065,#8066,#8067,#8068));
#1879=EDGE_LOOP('',(#8069,#8070,#8071,#8072));
#1880=EDGE_LOOP('',(#8073,#8074,#8075,#8076));
#1881=EDGE_LOOP('',(#8077,#8078,#8079,#8080));
#1882=EDGE_LOOP('',(#8081,#8082,#8083,#8084));
#1883=EDGE_LOOP('',(#8085,#8086,#8087,#8088));
#1884=EDGE_LOOP('',(#8089,#8090,#8091,#8092));
#1885=EDGE_LOOP('',(#8093,#8094,#8095,#8096));
#1886=EDGE_LOOP('',(#8097,#8098,#8099,#8100));
#1887=EDGE_LOOP('',(#8101,#8102,#8103,#8104));
#1888=EDGE_LOOP('',(#8105,#8106,#8107,#8108));
#1889=EDGE_LOOP('',(#8109,#8110,#8111,#8112));
#1890=EDGE_LOOP('',(#8113,#8114,#8115,#8116));
#1891=EDGE_LOOP('',(#8117,#8118,#8119,#8120));
#1892=EDGE_LOOP('',(#8121,#8122,#8123,#8124));
#1893=EDGE_LOOP('',(#8125,#8126,#8127,#8128));
#1894=EDGE_LOOP('',(#8129,#8130,#8131,#8132));
#1895=EDGE_LOOP('',(#8133,#8134,#8135,#8136));
#1896=EDGE_LOOP('',(#8137,#8138,#8139,#8140));
#1897=EDGE_LOOP('',(#8141,#8142,#8143,#8144));
#1898=EDGE_LOOP('',(#8145,#8146,#8147,#8148));
#1899=EDGE_LOOP('',(#8149,#8150,#8151,#8152));
#1900=EDGE_LOOP('',(#8153,#8154,#8155,#8156));
#1901=EDGE_LOOP('',(#8157,#8158,#8159,#8160));
#1902=EDGE_LOOP('',(#8161,#8162,#8163,#8164));
#1903=EDGE_LOOP('',(#8165,#8166,#8167,#8168));
#1904=EDGE_LOOP('',(#8169,#8170,#8171,#8172));
#1905=EDGE_LOOP('',(#8173,#8174,#8175,#8176));
#1906=EDGE_LOOP('',(#8177,#8178,#8179,#8180));
#1907=EDGE_LOOP('',(#8181,#8182,#8183,#8184));
#1908=EDGE_LOOP('',(#8185,#8186,#8187,#8188));
#1909=EDGE_LOOP('',(#8189,#8190,#8191,#8192));
#1910=EDGE_LOOP('',(#8193,#8194,#8195,#8196));
#1911=EDGE_LOOP('',(#8197,#8198,#8199,#8200));
#1912=EDGE_LOOP('',(#8201,#8202,#8203,#8204));
#1913=EDGE_LOOP('',(#8205,#8206,#8207,#8208));
#1914=EDGE_LOOP('',(#8209,#8210,#8211,#8212));
#1915=EDGE_LOOP('',(#8213,#8214,#8215,#8216));
#1916=EDGE_LOOP('',(#8217,#8218,#8219,#8220));
#1917=EDGE_LOOP('',(#8221,#8222,#8223,#8224));
#1918=EDGE_LOOP('',(#8225,#8226,#8227,#8228));
#1919=EDGE_LOOP('',(#8229,#8230,#8231,#8232));
#1920=EDGE_LOOP('',(#8233,#8234,#8235,#8236));
#1921=EDGE_LOOP('',(#8237,#8238,#8239,#8240));
#1922=EDGE_LOOP('',(#8241,#8242,#8243,#8244));
#1923=EDGE_LOOP('',(#8245,#8246,#8247,#8248));
#1924=EDGE_LOOP('',(#8249,#8250,#8251,#8252));
#1925=EDGE_LOOP('',(#8253,#8254,#8255,#8256));
#1926=EDGE_LOOP('',(#8257,#8258,#8259,#8260));
#1927=EDGE_LOOP('',(#8261,#8262,#8263,#8264));
#1928=EDGE_LOOP('',(#8265,#8266,#8267,#8268));
#1929=EDGE_LOOP('',(#8269,#8270,#8271,#8272));
#1930=EDGE_LOOP('',(#8273));
#1931=EDGE_LOOP('',(#8274));
#1932=EDGE_LOOP('',(#8275,#8276,#8277,#8278));
#1933=EDGE_LOOP('',(#8279));
#1934=EDGE_LOOP('',(#8280));
#1935=EDGE_LOOP('',(#8281,#8282,#8283,#8284));
#1936=EDGE_LOOP('',(#8285));
#1937=EDGE_LOOP('',(#8286));
#1938=EDGE_LOOP('',(#8287,#8288,#8289,#8290));
#1939=EDGE_LOOP('',(#8291));
#1940=EDGE_LOOP('',(#8292));
#1941=EDGE_LOOP('',(#8293,#8294,#8295,#8296));
#1942=EDGE_LOOP('',(#8297));
#1943=EDGE_LOOP('',(#8298));
#1944=EDGE_LOOP('',(#8299,#8300,#8301,#8302));
#1945=EDGE_LOOP('',(#8303));
#1946=EDGE_LOOP('',(#8304));
#1947=EDGE_LOOP('',(#8305,#8306,#8307,#8308));
#1948=EDGE_LOOP('',(#8309,#8310,#8311,#8312));
#1949=EDGE_LOOP('',(#8313,#8314,#8315,#8316,#8317,#8318,#8319,#8320,#8321,
#8322,#8323,#8324,#8325,#8326,#8327,#8328,#8329,#8330,#8331,#8332,#8333,
#8334,#8335,#8336,#8337,#8338,#8339,#8340,#8341,#8342,#8343,#8344,#8345,
#8346,#8347,#8348,#8349,#8350,#8351,#8352));
#1950=EDGE_LOOP('',(#8353,#8354,#8355,#8356));
#1951=EDGE_LOOP('',(#8357,#8358,#8359,#8360));
#1952=EDGE_LOOP('',(#8361,#8362,#8363,#8364,#8365,#8366,#8367,#8368,#8369,
#8370,#8371,#8372,#8373,#8374,#8375,#8376,#8377,#8378,#8379,#8380,#8381,
#8382,#8383,#8384,#8385,#8386,#8387,#8388,#8389,#8390,#8391,#8392,#8393,
#8394,#8395,#8396,#8397,#8398,#8399,#8400));
#1953=EDGE_LOOP('',(#8401,#8402,#8403,#8404));
#1954=EDGE_LOOP('',(#8405,#8406,#8407,#8408));
#1955=EDGE_LOOP('',(#8409,#8410,#8411,#8412));
#1956=EDGE_LOOP('',(#8413,#8414,#8415,#8416));
#1957=EDGE_LOOP('',(#8417,#8418,#8419,#8420));
#1958=EDGE_LOOP('',(#8421,#8422,#8423,#8424));
#1959=EDGE_LOOP('',(#8425,#8426,#8427,#8428));
#1960=EDGE_LOOP('',(#8429,#8430,#8431,#8432));
#1961=EDGE_LOOP('',(#8433,#8434,#8435,#8436));
#1962=EDGE_LOOP('',(#8437,#8438,#8439,#8440));
#1963=EDGE_LOOP('',(#8441,#8442,#8443,#8444));
#1964=EDGE_LOOP('',(#8445,#8446,#8447,#8448));
#1965=EDGE_LOOP('',(#8449,#8450,#8451,#8452));
#1966=EDGE_LOOP('',(#8453,#8454,#8455,#8456));
#1967=EDGE_LOOP('',(#8457,#8458,#8459,#8460));
#1968=EDGE_LOOP('',(#8461,#8462,#8463,#8464));
#1969=EDGE_LOOP('',(#8465,#8466,#8467,#8468));
#1970=EDGE_LOOP('',(#8469,#8470,#8471,#8472));
#1971=EDGE_LOOP('',(#8473,#8474,#8475,#8476));
#1972=EDGE_LOOP('',(#8477,#8478,#8479,#8480));
#1973=EDGE_LOOP('',(#8481,#8482,#8483,#8484));
#1974=EDGE_LOOP('',(#8485,#8486,#8487,#8488));
#1975=EDGE_LOOP('',(#8489,#8490,#8491,#8492));
#1976=EDGE_LOOP('',(#8493,#8494,#8495,#8496));
#1977=EDGE_LOOP('',(#8497,#8498,#8499,#8500));
#1978=EDGE_LOOP('',(#8501,#8502,#8503,#8504));
#1979=EDGE_LOOP('',(#8505,#8506,#8507,#8508));
#1980=EDGE_LOOP('',(#8509,#8510,#8511,#8512));
#1981=EDGE_LOOP('',(#8513,#8514,#8515,#8516));
#1982=EDGE_LOOP('',(#8517,#8518,#8519,#8520));
#1983=EDGE_LOOP('',(#8521,#8522,#8523,#8524));
#1984=EDGE_LOOP('',(#8525,#8526,#8527,#8528));
#1985=EDGE_LOOP('',(#8529,#8530,#8531,#8532));
#1986=EDGE_LOOP('',(#8533,#8534,#8535,#8536));
#1987=EDGE_LOOP('',(#8537,#8538,#8539,#8540));
#1988=EDGE_LOOP('',(#8541,#8542,#8543,#8544));
#1989=EDGE_LOOP('',(#8545,#8546,#8547,#8548));
#1990=LINE('',#13525,#3051);
#1991=LINE('',#13527,#3052);
#1992=LINE('',#13529,#3053);
#1993=LINE('',#13530,#3054);
#1994=LINE('',#13534,#3055);
#1995=LINE('',#13535,#3056);
#1996=LINE('',#13536,#3057);
#1997=LINE('',#13539,#3058);
#1998=LINE('',#13541,#3059);
#1999=LINE('',#13542,#3060);
#2000=LINE('',#13544,#3061);
#2001=LINE('',#13584,#3062);
#2002=LINE('',#13625,#3063);
#2003=LINE('',#13627,#3064);
#2004=LINE('',#13629,#3065);
#2005=LINE('',#13631,#3066);
#2006=LINE('',#13633,#3067);
#2007=LINE('',#13635,#3068);
#2008=LINE('',#13637,#3069);
#2009=LINE('',#13639,#3070);
#2010=LINE('',#13641,#3071);
#2011=LINE('',#13643,#3072);
#2012=LINE('',#13645,#3073);
#2013=LINE('',#13647,#3074);
#2014=LINE('',#13649,#3075);
#2015=LINE('',#13651,#3076);
#2016=LINE('',#13653,#3077);
#2017=LINE('',#13655,#3078);
#2018=LINE('',#13657,#3079);
#2019=LINE('',#13659,#3080);
#2020=LINE('',#13661,#3081);
#2021=LINE('',#13668,#3082);
#2022=LINE('',#13670,#3083);
#2023=LINE('',#13672,#3084);
#2024=LINE('',#13673,#3085);
#2025=LINE('',#13676,#3086);
#2026=LINE('',#13678,#3087);
#2027=LINE('',#13680,#3088);
#2028=LINE('',#13682,#3089);
#2029=LINE('',#13684,#3090);
#2030=LINE('',#13686,#3091);
#2031=LINE('',#13687,#3092);
#2032=LINE('',#13690,#3093);
#2033=LINE('',#13692,#3094);
#2034=LINE('',#13694,#3095);
#2035=LINE('',#13695,#3096);
#2036=LINE('',#13698,#3097);
#2037=LINE('',#13699,#3098);
#2038=LINE('',#13702,#3099);
#2039=LINE('',#13703,#3100);
#2040=LINE('',#13706,#3101);
#2041=LINE('',#13708,#3102);
#2042=LINE('',#13710,#3103);
#2043=LINE('',#13712,#3104);
#2044=LINE('',#13713,#3105);
#2045=LINE('',#13716,#3106);
#2046=LINE('',#13718,#3107);
#2047=LINE('',#13720,#3108);
#2048=LINE('',#13721,#3109);
#2049=LINE('',#13723,#3110);
#2050=LINE('',#13725,#3111);
#2051=LINE('',#13727,#3112);
#2052=LINE('',#13729,#3113);
#2053=LINE('',#13732,#3114);
#2054=LINE('',#13733,#3115);
#2055=LINE('',#13735,#3116);
#2056=LINE('',#13737,#3117);
#2057=LINE('',#13752,#3118);
#2058=LINE('',#13754,#3119);
#2059=LINE('',#13756,#3120);
#2060=LINE('',#13757,#3121);
#2061=LINE('',#13761,#3122);
#2062=LINE('',#13762,#3123);
#2063=LINE('',#13763,#3124);
#2064=LINE('',#13766,#3125);
#2065=LINE('',#13768,#3126);
#2066=LINE('',#13769,#3127);
#2067=LINE('',#13772,#3128);
#2068=LINE('',#13774,#3129);
#2069=LINE('',#13775,#3130);
#2070=LINE('',#13778,#3131);
#2071=LINE('',#13780,#3132);
#2072=LINE('',#13781,#3133);
#2073=LINE('',#13783,#3134);
#2074=LINE('',#13784,#3135);
#2075=LINE('',#13787,#3136);
#2076=LINE('',#13788,#3137);
#2077=LINE('',#13791,#3138);
#2078=LINE('',#13792,#3139);
#2079=LINE('',#13795,#3140);
#2080=LINE('',#13796,#3141);
#2081=LINE('',#13798,#3142);
#2082=LINE('',#13801,#3143);
#2083=LINE('',#13802,#3144);
#2084=LINE('',#13804,#3145);
#2085=LINE('',#13840,#3146);
#2086=LINE('',#13842,#3147);
#2087=LINE('',#13844,#3148);
#2088=LINE('',#13845,#3149);
#2089=LINE('',#13848,#3150);
#2090=LINE('',#13850,#3151);
#2091=LINE('',#13852,#3152);
#2092=LINE('',#13854,#3153);
#2093=LINE('',#13856,#3154);
#2094=LINE('',#13858,#3155);
#2095=LINE('',#13859,#3156);
#2096=LINE('',#13862,#3157);
#2097=LINE('',#13864,#3158);
#2098=LINE('',#13866,#3159);
#2099=LINE('',#13867,#3160);
#2100=LINE('',#13870,#3161);
#2101=LINE('',#13871,#3162);
#2102=LINE('',#13874,#3163);
#2103=LINE('',#13875,#3164);
#2104=LINE('',#13878,#3165);
#2105=LINE('',#13880,#3166);
#2106=LINE('',#13882,#3167);
#2107=LINE('',#13884,#3168);
#2108=LINE('',#13885,#3169);
#2109=LINE('',#13888,#3170);
#2110=LINE('',#13890,#3171);
#2111=LINE('',#13892,#3172);
#2112=LINE('',#13893,#3173);
#2113=LINE('',#13895,#3174);
#2114=LINE('',#13897,#3175);
#2115=LINE('',#13899,#3176);
#2116=LINE('',#13901,#3177);
#2117=LINE('',#13904,#3178);
#2118=LINE('',#13905,#3179);
#2119=LINE('',#13907,#3180);
#2120=LINE('',#13909,#3181);
#2121=LINE('',#13924,#3182);
#2122=LINE('',#13926,#3183);
#2123=LINE('',#13928,#3184);
#2124=LINE('',#13929,#3185);
#2125=LINE('',#13933,#3186);
#2126=LINE('',#13934,#3187);
#2127=LINE('',#13935,#3188);
#2128=LINE('',#13938,#3189);
#2129=LINE('',#13940,#3190);
#2130=LINE('',#13941,#3191);
#2131=LINE('',#13944,#3192);
#2132=LINE('',#13946,#3193);
#2133=LINE('',#13947,#3194);
#2134=LINE('',#13950,#3195);
#2135=LINE('',#13952,#3196);
#2136=LINE('',#13953,#3197);
#2137=LINE('',#13955,#3198);
#2138=LINE('',#13956,#3199);
#2139=LINE('',#13959,#3200);
#2140=LINE('',#13960,#3201);
#2141=LINE('',#13963,#3202);
#2142=LINE('',#13964,#3203);
#2143=LINE('',#13967,#3204);
#2144=LINE('',#13968,#3205);
#2145=LINE('',#13970,#3206);
#2146=LINE('',#13973,#3207);
#2147=LINE('',#13974,#3208);
#2148=LINE('',#13976,#3209);
#2149=LINE('',#14011,#3210);
#2150=LINE('',#14013,#3211);
#2151=LINE('',#14015,#3212);
#2152=LINE('',#14016,#3213);
#2153=LINE('',#14019,#3214);
#2154=LINE('',#14021,#3215);
#2155=LINE('',#14022,#3216);
#2156=LINE('',#14025,#3217);
#2157=LINE('',#14027,#3218);
#2158=LINE('',#14028,#3219);
#2159=LINE('',#14030,#3220);
#2160=LINE('',#14031,#3221);
#2161=LINE('',#14038,#3222);
#2162=LINE('',#14040,#3223);
#2163=LINE('',#14042,#3224);
#2164=LINE('',#14043,#3225);
#2165=LINE('',#14046,#3226);
#2166=LINE('',#14048,#3227);
#2167=LINE('',#14049,#3228);
#2168=LINE('',#14052,#3229);
#2169=LINE('',#14054,#3230);
#2170=LINE('',#14055,#3231);
#2171=LINE('',#14057,#3232);
#2172=LINE('',#14058,#3233);
#2173=LINE('',#14065,#3234);
#2174=LINE('',#14067,#3235);
#2175=LINE('',#14069,#3236);
#2176=LINE('',#14070,#3237);
#2177=LINE('',#14073,#3238);
#2178=LINE('',#14075,#3239);
#2179=LINE('',#14076,#3240);
#2180=LINE('',#14079,#3241);
#2181=LINE('',#14081,#3242);
#2182=LINE('',#14082,#3243);
#2183=LINE('',#14084,#3244);
#2184=LINE('',#14085,#3245);
#2185=LINE('',#14092,#3246);
#2186=LINE('',#14094,#3247);
#2187=LINE('',#14096,#3248);
#2188=LINE('',#14097,#3249);
#2189=LINE('',#14100,#3250);
#2190=LINE('',#14102,#3251);
#2191=LINE('',#14103,#3252);
#2192=LINE('',#14106,#3253);
#2193=LINE('',#14108,#3254);
#2194=LINE('',#14109,#3255);
#2195=LINE('',#14111,#3256);
#2196=LINE('',#14112,#3257);
#2197=LINE('',#14121,#3258);
#2198=LINE('',#14123,#3259);
#2199=LINE('',#14125,#3260);
#2200=LINE('',#14129,#3261);
#2201=LINE('',#14131,#3262);
#2202=LINE('',#14132,#3263);
#2203=LINE('',#14280,#3264);
#2204=LINE('',#14423,#3265);
#2205=LINE('',#14424,#3266);
#2206=LINE('',#14427,#3267);
#2207=LINE('',#14429,#3268);
#2208=LINE('',#14431,#3269);
#2209=LINE('',#14432,#3270);
#2210=LINE('',#14436,#3271);
#2211=LINE('',#14437,#3272);
#2212=LINE('',#14439,#3273);
#2213=LINE('',#14440,#3274);
#2214=LINE('',#14443,#3275);
#2215=LINE('',#14444,#3276);
#2216=LINE('',#14447,#3277);
#2217=LINE('',#14448,#3278);
#2218=LINE('',#14451,#3279);
#2219=LINE('',#14453,#3280);
#2220=LINE('',#14455,#3281);
#2221=LINE('',#14456,#3282);
#2222=LINE('',#14460,#3283);
#2223=LINE('',#14461,#3284);
#2224=LINE('',#14463,#3285);
#2225=LINE('',#14464,#3286);
#2226=LINE('',#14469,#3287);
#2227=LINE('',#14474,#3288);
#2228=LINE('',#14477,#3289);
#2229=LINE('',#14479,#3290);
#2230=LINE('',#14481,#3291);
#2231=LINE('',#14506,#3292);
#2232=LINE('',#14510,#3293);
#2233=LINE('',#14535,#3294);
#2234=LINE('',#14536,#3295);
#2235=LINE('',#14539,#3296);
#2236=LINE('',#14561,#3297);
#2237=LINE('',#14563,#3298);
#2238=LINE('',#14565,#3299);
#2239=LINE('',#14590,#3300);
#2240=LINE('',#14594,#3301);
#2241=LINE('',#14619,#3302);
#2242=LINE('',#14620,#3303);
#2243=LINE('',#14623,#3304);
#2244=LINE('',#14647,#3305);
#2245=LINE('',#14649,#3306);
#2246=LINE('',#14651,#3307);
#2247=LINE('',#14676,#3308);
#2248=LINE('',#14680,#3309);
#2249=LINE('',#14705,#3310);
#2250=LINE('',#14706,#3311);
#2251=LINE('',#14709,#3312);
#2252=LINE('',#14731,#3313);
#2253=LINE('',#14733,#3314);
#2254=LINE('',#14735,#3315);
#2255=LINE('',#14760,#3316);
#2256=LINE('',#14787,#3317);
#2257=LINE('',#14788,#3318);
#2258=LINE('',#14790,#3319);
#2259=LINE('',#14791,#3320);
#2260=LINE('',#14795,#3321);
#2261=LINE('',#14798,#3322);
#2262=LINE('',#14803,#3323);
#2263=LINE('',#14827,#3324);
#2264=LINE('',#14829,#3325);
#2265=LINE('',#14840,#3326);
#2266=LINE('',#14842,#3327);
#2267=LINE('',#14844,#3328);
#2268=LINE('',#14846,#3329);
#2269=LINE('',#14848,#3330);
#2270=LINE('',#14850,#3331);
#2271=LINE('',#14852,#3332);
#2272=LINE('',#14854,#3333);
#2273=LINE('',#14856,#3334);
#2274=LINE('',#14858,#3335);
#2275=LINE('',#14860,#3336);
#2276=LINE('',#14862,#3337);
#2277=LINE('',#14864,#3338);
#2278=LINE('',#14866,#3339);
#2279=LINE('',#14868,#3340);
#2280=LINE('',#14870,#3341);
#2281=LINE('',#14872,#3342);
#2282=LINE('',#14874,#3343);
#2283=LINE('',#14876,#3344);
#2284=LINE('',#14878,#3345);
#2285=LINE('',#14880,#3346);
#2286=LINE('',#14882,#3347);
#2287=LINE('',#14884,#3348);
#2288=LINE('',#14886,#3349);
#2289=LINE('',#14888,#3350);
#2290=LINE('',#14890,#3351);
#2291=LINE('',#14892,#3352);
#2292=LINE('',#14894,#3353);
#2293=LINE('',#14896,#3354);
#2294=LINE('',#14898,#3355);
#2295=LINE('',#14900,#3356);
#2296=LINE('',#14901,#3357);
#2297=LINE('',#14905,#3358);
#2298=LINE('',#14907,#3359);
#2299=LINE('',#14909,#3360);
#2300=LINE('',#14911,#3361);
#2301=LINE('',#14913,#3362);
#2302=LINE('',#14915,#3363);
#2303=LINE('',#14917,#3364);
#2304=LINE('',#14919,#3365);
#2305=LINE('',#14921,#3366);
#2306=LINE('',#14923,#3367);
#2307=LINE('',#14925,#3368);
#2308=LINE('',#14927,#3369);
#2309=LINE('',#14929,#3370);
#2310=LINE('',#14931,#3371);
#2311=LINE('',#14933,#3372);
#2312=LINE('',#14935,#3373);
#2313=LINE('',#14937,#3374);
#2314=LINE('',#14939,#3375);
#2315=LINE('',#14941,#3376);
#2316=LINE('',#14943,#3377);
#2317=LINE('',#14945,#3378);
#2318=LINE('',#14947,#3379);
#2319=LINE('',#14949,#3380);
#2320=LINE('',#14951,#3381);
#2321=LINE('',#14953,#3382);
#2322=LINE('',#14955,#3383);
#2323=LINE('',#14957,#3384);
#2324=LINE('',#14959,#3385);
#2325=LINE('',#14961,#3386);
#2326=LINE('',#14963,#3387);
#2327=LINE('',#14965,#3388);
#2328=LINE('',#14967,#3389);
#2329=LINE('',#14969,#3390);
#2330=LINE('',#14971,#3391);
#2331=LINE('',#14973,#3392);
#2332=LINE('',#14975,#3393);
#2333=LINE('',#14977,#3394);
#2334=LINE('',#14979,#3395);
#2335=LINE('',#14981,#3396);
#2336=LINE('',#14983,#3397);
#2337=LINE('',#14985,#3398);
#2338=LINE('',#14987,#3399);
#2339=LINE('',#14989,#3400);
#2340=LINE('',#14991,#3401);
#2341=LINE('',#14993,#3402);
#2342=LINE('',#14995,#3403);
#2343=LINE('',#14997,#3404);
#2344=LINE('',#14999,#3405);
#2345=LINE('',#15001,#3406);
#2346=LINE('',#15003,#3407);
#2347=LINE('',#15005,#3408);
#2348=LINE('',#15007,#3409);
#2349=LINE('',#15009,#3410);
#2350=LINE('',#15011,#3411);
#2351=LINE('',#15013,#3412);
#2352=LINE('',#15015,#3413);
#2353=LINE('',#15017,#3414);
#2354=LINE('',#15018,#3415);
#2355=LINE('',#15020,#3416);
#2356=LINE('',#15022,#3417);
#2357=LINE('',#15023,#3418);
#2358=LINE('',#15025,#3419);
#2359=LINE('',#15027,#3420);
#2360=LINE('',#15028,#3421);
#2361=LINE('',#15030,#3422);
#2362=LINE('',#15032,#3423);
#2363=LINE('',#15033,#3424);
#2364=LINE('',#15035,#3425);
#2365=LINE('',#15037,#3426);
#2366=LINE('',#15038,#3427);
#2367=LINE('',#15040,#3428);
#2368=LINE('',#15042,#3429);
#2369=LINE('',#15043,#3430);
#2370=LINE('',#15045,#3431);
#2371=LINE('',#15047,#3432);
#2372=LINE('',#15048,#3433);
#2373=LINE('',#15050,#3434);
#2374=LINE('',#15052,#3435);
#2375=LINE('',#15053,#3436);
#2376=LINE('',#15055,#3437);
#2377=LINE('',#15057,#3438);
#2378=LINE('',#15059,#3439);
#2379=LINE('',#15061,#3440);
#2380=LINE('',#15063,#3441);
#2381=LINE('',#15065,#3442);
#2382=LINE('',#15067,#3443);
#2383=LINE('',#15069,#3444);
#2384=LINE('',#15071,#3445);
#2385=LINE('',#15073,#3446);
#2386=LINE('',#15075,#3447);
#2387=LINE('',#15077,#3448);
#2388=LINE('',#15079,#3449);
#2389=LINE('',#15081,#3450);
#2390=LINE('',#15083,#3451);
#2391=LINE('',#15085,#3452);
#2392=LINE('',#15087,#3453);
#2393=LINE('',#15089,#3454);
#2394=LINE('',#15091,#3455);
#2395=LINE('',#15093,#3456);
#2396=LINE('',#15095,#3457);
#2397=LINE('',#15097,#3458);
#2398=LINE('',#15099,#3459);
#2399=LINE('',#15101,#3460);
#2400=LINE('',#15103,#3461);
#2401=LINE('',#15105,#3462);
#2402=LINE('',#15107,#3463);
#2403=LINE('',#15109,#3464);
#2404=LINE('',#15110,#3465);
#2405=LINE('',#15113,#3466);
#2406=LINE('',#15114,#3467);
#2407=LINE('',#15117,#3468);
#2408=LINE('',#15118,#3469);
#2409=LINE('',#15120,#3470);
#2410=LINE('',#15123,#3471);
#2411=LINE('',#15124,#3472);
#2412=LINE('',#15127,#3473);
#2413=LINE('',#15128,#3474);
#2414=LINE('',#15130,#3475);
#2415=LINE('',#15133,#3476);
#2416=LINE('',#15134,#3477);
#2417=LINE('',#15137,#3478);
#2418=LINE('',#15138,#3479);
#2419=LINE('',#15140,#3480);
#2420=LINE('',#15143,#3481);
#2421=LINE('',#15144,#3482);
#2422=LINE('',#15147,#3483);
#2423=LINE('',#15148,#3484);
#2424=LINE('',#15150,#3485);
#2425=LINE('',#15153,#3486);
#2426=LINE('',#15154,#3487);
#2427=LINE('',#15157,#3488);
#2428=LINE('',#15158,#3489);
#2429=LINE('',#15160,#3490);
#2430=LINE('',#15163,#3491);
#2431=LINE('',#15164,#3492);
#2432=LINE('',#15167,#3493);
#2433=LINE('',#15168,#3494);
#2434=LINE('',#15170,#3495);
#2435=LINE('',#15173,#3496);
#2436=LINE('',#15174,#3497);
#2437=LINE('',#15177,#3498);
#2438=LINE('',#15178,#3499);
#2439=LINE('',#15180,#3500);
#2440=LINE('',#15183,#3501);
#2441=LINE('',#15185,#3502);
#2442=LINE('',#15186,#3503);
#2443=LINE('',#15188,#3504);
#2444=LINE('',#15190,#3505);
#2445=LINE('',#15191,#3506);
#2446=LINE('',#15193,#3507);
#2447=LINE('',#15195,#3508);
#2448=LINE('',#15196,#3509);
#2449=LINE('',#15198,#3510);
#2450=LINE('',#15200,#3511);
#2451=LINE('',#15201,#3512);
#2452=LINE('',#15203,#3513);
#2453=LINE('',#15205,#3514);
#2454=LINE('',#15206,#3515);
#2455=LINE('',#15208,#3516);
#2456=LINE('',#15210,#3517);
#2457=LINE('',#15211,#3518);
#2458=LINE('',#15213,#3519);
#2459=LINE('',#15215,#3520);
#2460=LINE('',#15216,#3521);
#2461=LINE('',#15218,#3522);
#2462=LINE('',#15219,#3523);
#2463=LINE('',#15222,#3524);
#2464=LINE('',#15223,#3525);
#2465=LINE('',#15228,#3526);
#2466=LINE('',#15230,#3527);
#2467=LINE('',#15231,#3528);
#2468=LINE('',#15233,#3529);
#2469=LINE('',#15235,#3530);
#2470=LINE('',#15236,#3531);
#2471=LINE('',#15238,#3532);
#2472=LINE('',#15240,#3533);
#2473=LINE('',#15241,#3534);
#2474=LINE('',#15243,#3535);
#2475=LINE('',#15245,#3536);
#2476=LINE('',#15246,#3537);
#2477=LINE('',#15248,#3538);
#2478=LINE('',#15250,#3539);
#2479=LINE('',#15251,#3540);
#2480=LINE('',#15253,#3541);
#2481=LINE('',#15255,#3542);
#2482=LINE('',#15256,#3543);
#2483=LINE('',#15258,#3544);
#2484=LINE('',#15260,#3545);
#2485=LINE('',#15261,#3546);
#2486=LINE('',#15262,#3547);
#2487=LINE('',#15265,#3548);
#2488=LINE('',#15267,#3549);
#2489=LINE('',#15268,#3550);
#2490=LINE('',#15270,#3551);
#2491=LINE('',#15272,#3552);
#2492=LINE('',#15273,#3553);
#2493=LINE('',#15275,#3554);
#2494=LINE('',#15277,#3555);
#2495=LINE('',#15278,#3556);
#2496=LINE('',#15280,#3557);
#2497=LINE('',#15282,#3558);
#2498=LINE('',#15283,#3559);
#2499=LINE('',#15285,#3560);
#2500=LINE('',#15287,#3561);
#2501=LINE('',#15288,#3562);
#2502=LINE('',#15290,#3563);
#2503=LINE('',#15292,#3564);
#2504=LINE('',#15293,#3565);
#2505=LINE('',#15295,#3566);
#2506=LINE('',#15297,#3567);
#2507=LINE('',#15298,#3568);
#2508=LINE('',#15301,#3569);
#2509=LINE('',#15302,#3570);
#2510=LINE('',#15305,#3571);
#2511=LINE('',#15306,#3572);
#2512=LINE('',#15308,#3573);
#2513=LINE('',#15311,#3574);
#2514=LINE('',#15312,#3575);
#2515=LINE('',#15315,#3576);
#2516=LINE('',#15316,#3577);
#2517=LINE('',#15318,#3578);
#2518=LINE('',#15321,#3579);
#2519=LINE('',#15322,#3580);
#2520=LINE('',#15325,#3581);
#2521=LINE('',#15326,#3582);
#2522=LINE('',#15328,#3583);
#2523=LINE('',#15331,#3584);
#2524=LINE('',#15332,#3585);
#2525=LINE('',#15335,#3586);
#2526=LINE('',#15336,#3587);
#2527=LINE('',#15338,#3588);
#2528=LINE('',#15341,#3589);
#2529=LINE('',#15342,#3590);
#2530=LINE('',#15345,#3591);
#2531=LINE('',#15346,#3592);
#2532=LINE('',#15348,#3593);
#2533=LINE('',#15351,#3594);
#2534=LINE('',#15352,#3595);
#2535=LINE('',#15355,#3596);
#2536=LINE('',#15356,#3597);
#2537=LINE('',#15358,#3598);
#2538=LINE('',#15361,#3599);
#2539=LINE('',#15362,#3600);
#2540=LINE('',#15365,#3601);
#2541=LINE('',#15366,#3602);
#2542=LINE('',#15368,#3603);
#2543=LINE('',#15371,#3604);
#2544=LINE('',#15372,#3605);
#2545=LINE('',#15375,#3606);
#2546=LINE('',#15376,#3607);
#2547=LINE('',#15378,#3608);
#2548=LINE('',#15381,#3609);
#2549=LINE('',#15382,#3610);
#2550=LINE('',#15385,#3611);
#2551=LINE('',#15386,#3612);
#2552=LINE('',#15388,#3613);
#2553=LINE('',#15391,#3614);
#2554=LINE('',#15392,#3615);
#2555=LINE('',#15395,#3616);
#2556=LINE('',#15396,#3617);
#2557=LINE('',#15398,#3618);
#2558=LINE('',#15401,#3619);
#2559=LINE('',#15402,#3620);
#2560=LINE('',#15405,#3621);
#2561=LINE('',#15406,#3622);
#2562=LINE('',#15408,#3623);
#2563=LINE('',#15411,#3624);
#2564=LINE('',#15412,#3625);
#2565=LINE('',#15415,#3626);
#2566=LINE('',#15416,#3627);
#2567=LINE('',#15418,#3628);
#2568=LINE('',#15421,#3629);
#2569=LINE('',#15422,#3630);
#2570=LINE('',#15425,#3631);
#2571=LINE('',#15426,#3632);
#2572=LINE('',#15428,#3633);
#2573=LINE('',#15431,#3634);
#2574=LINE('',#15432,#3635);
#2575=LINE('',#15435,#3636);
#2576=LINE('',#15436,#3637);
#2577=LINE('',#15438,#3638);
#2578=LINE('',#15448,#3639);
#2579=LINE('',#15449,#3640);
#2580=LINE('',#15452,#3641);
#2581=LINE('',#15453,#3642);
#2582=LINE('',#15455,#3643);
#2583=LINE('',#15458,#3644);
#2584=LINE('',#15459,#3645);
#2585=LINE('',#15462,#3646);
#2586=LINE('',#15463,#3647);
#2587=LINE('',#15465,#3648);
#2588=LINE('',#15468,#3649);
#2589=LINE('',#15469,#3650);
#2590=LINE('',#15472,#3651);
#2591=LINE('',#15473,#3652);
#2592=LINE('',#15475,#3653);
#2593=LINE('',#15478,#3654);
#2594=LINE('',#15479,#3655);
#2595=LINE('',#15482,#3656);
#2596=LINE('',#15483,#3657);
#2597=LINE('',#15485,#3658);
#2598=LINE('',#15488,#3659);
#2599=LINE('',#15489,#3660);
#2600=LINE('',#15492,#3661);
#2601=LINE('',#15493,#3662);
#2602=LINE('',#15495,#3663);
#2603=LINE('',#15498,#3664);
#2604=LINE('',#15499,#3665);
#2605=LINE('',#15502,#3666);
#2606=LINE('',#15503,#3667);
#2607=LINE('',#15505,#3668);
#2608=LINE('',#15508,#3669);
#2609=LINE('',#15509,#3670);
#2610=LINE('',#15512,#3671);
#2611=LINE('',#15513,#3672);
#2612=LINE('',#15515,#3673);
#2613=LINE('',#15526,#3674);
#2614=LINE('',#15548,#3675);
#2615=LINE('',#15550,#3676);
#2616=LINE('',#15552,#3677);
#2617=LINE('',#15553,#3678);
#2618=LINE('',#15556,#3679);
#2619=LINE('',#15558,#3680);
#2620=LINE('',#15561,#3681);
#2621=LINE('',#15564,#3682);
#2622=LINE('',#15566,#3683);
#2623=LINE('',#15569,#3684);
#2624=LINE('',#15571,#3685);
#2625=LINE('',#15573,#3686);
#2626=LINE('',#15575,#3687);
#2627=LINE('',#15595,#3688);
#2628=LINE('',#15597,#3689);
#2629=LINE('',#15599,#3690);
#2630=LINE('',#15600,#3691);
#2631=LINE('',#15603,#3692);
#2632=LINE('',#15605,#3693);
#2633=LINE('',#15606,#3694);
#2634=LINE('',#15609,#3695);
#2635=LINE('',#15611,#3696);
#2636=LINE('',#15612,#3697);
#2637=LINE('',#15614,#3698);
#2638=LINE('',#15615,#3699);
#2639=LINE('',#15622,#3700);
#2640=LINE('',#15624,#3701);
#2641=LINE('',#15626,#3702);
#2642=LINE('',#15627,#3703);
#2643=LINE('',#15630,#3704);
#2644=LINE('',#15632,#3705);
#2645=LINE('',#15633,#3706);
#2646=LINE('',#15636,#3707);
#2647=LINE('',#15638,#3708);
#2648=LINE('',#15639,#3709);
#2649=LINE('',#15641,#3710);
#2650=LINE('',#15642,#3711);
#2651=LINE('',#15652,#3712);
#2652=LINE('',#15654,#3713);
#2653=LINE('',#15656,#3714);
#2654=LINE('',#15657,#3715);
#2655=LINE('',#15660,#3716);
#2656=LINE('',#15662,#3717);
#2657=LINE('',#15663,#3718);
#2658=LINE('',#15666,#3719);
#2659=LINE('',#15668,#3720);
#2660=LINE('',#15669,#3721);
#2661=LINE('',#15671,#3722);
#2662=LINE('',#15672,#3723);
#2663=LINE('',#15679,#3724);
#2664=LINE('',#15681,#3725);
#2665=LINE('',#15683,#3726);
#2666=LINE('',#15684,#3727);
#2667=LINE('',#15687,#3728);
#2668=LINE('',#15689,#3729);
#2669=LINE('',#15690,#3730);
#2670=LINE('',#15693,#3731);
#2671=LINE('',#15695,#3732);
#2672=LINE('',#15696,#3733);
#2673=LINE('',#15698,#3734);
#2674=LINE('',#15699,#3735);
#2675=LINE('',#15709,#3736);
#2676=LINE('',#15711,#3737);
#2677=LINE('',#15713,#3738);
#2678=LINE('',#15714,#3739);
#2679=LINE('',#15717,#3740);
#2680=LINE('',#15719,#3741);
#2681=LINE('',#15720,#3742);
#2682=LINE('',#15723,#3743);
#2683=LINE('',#15725,#3744);
#2684=LINE('',#15726,#3745);
#2685=LINE('',#15728,#3746);
#2686=LINE('',#15729,#3747);
#2687=LINE('',#15736,#3748);
#2688=LINE('',#15738,#3749);
#2689=LINE('',#15740,#3750);
#2690=LINE('',#15741,#3751);
#2691=LINE('',#15744,#3752);
#2692=LINE('',#15746,#3753);
#2693=LINE('',#15747,#3754);
#2694=LINE('',#15750,#3755);
#2695=LINE('',#15752,#3756);
#2696=LINE('',#15753,#3757);
#2697=LINE('',#15755,#3758);
#2698=LINE('',#15756,#3759);
#2699=LINE('',#15766,#3760);
#2700=LINE('',#15768,#3761);
#2701=LINE('',#15770,#3762);
#2702=LINE('',#15771,#3763);
#2703=LINE('',#15774,#3764);
#2704=LINE('',#15776,#3765);
#2705=LINE('',#15777,#3766);
#2706=LINE('',#15780,#3767);
#2707=LINE('',#15782,#3768);
#2708=LINE('',#15783,#3769);
#2709=LINE('',#15785,#3770);
#2710=LINE('',#15786,#3771);
#2711=LINE('',#15793,#3772);
#2712=LINE('',#15795,#3773);
#2713=LINE('',#15797,#3774);
#2714=LINE('',#15798,#3775);
#2715=LINE('',#15801,#3776);
#2716=LINE('',#15803,#3777);
#2717=LINE('',#15804,#3778);
#2718=LINE('',#15807,#3779);
#2719=LINE('',#15809,#3780);
#2720=LINE('',#15810,#3781);
#2721=LINE('',#15812,#3782);
#2722=LINE('',#15813,#3783);
#2723=LINE('',#15823,#3784);
#2724=LINE('',#15825,#3785);
#2725=LINE('',#15827,#3786);
#2726=LINE('',#15828,#3787);
#2727=LINE('',#15831,#3788);
#2728=LINE('',#15833,#3789);
#2729=LINE('',#15834,#3790);
#2730=LINE('',#15837,#3791);
#2731=LINE('',#15839,#3792);
#2732=LINE('',#15840,#3793);
#2733=LINE('',#15842,#3794);
#2734=LINE('',#15843,#3795);
#2735=LINE('',#15850,#3796);
#2736=LINE('',#15852,#3797);
#2737=LINE('',#15854,#3798);
#2738=LINE('',#15855,#3799);
#2739=LINE('',#15858,#3800);
#2740=LINE('',#15860,#3801);
#2741=LINE('',#15861,#3802);
#2742=LINE('',#15864,#3803);
#2743=LINE('',#15866,#3804);
#2744=LINE('',#15867,#3805);
#2745=LINE('',#15869,#3806);
#2746=LINE('',#15870,#3807);
#2747=LINE('',#15880,#3808);
#2748=LINE('',#15882,#3809);
#2749=LINE('',#15884,#3810);
#2750=LINE('',#15885,#3811);
#2751=LINE('',#15888,#3812);
#2752=LINE('',#15890,#3813);
#2753=LINE('',#15891,#3814);
#2754=LINE('',#15894,#3815);
#2755=LINE('',#15896,#3816);
#2756=LINE('',#15897,#3817);
#2757=LINE('',#15899,#3818);
#2758=LINE('',#15900,#3819);
#2759=LINE('',#15907,#3820);
#2760=LINE('',#15909,#3821);
#2761=LINE('',#15911,#3822);
#2762=LINE('',#15912,#3823);
#2763=LINE('',#15915,#3824);
#2764=LINE('',#15917,#3825);
#2765=LINE('',#15918,#3826);
#2766=LINE('',#15921,#3827);
#2767=LINE('',#15923,#3828);
#2768=LINE('',#15924,#3829);
#2769=LINE('',#15926,#3830);
#2770=LINE('',#15927,#3831);
#2771=LINE('',#15937,#3832);
#2772=LINE('',#15939,#3833);
#2773=LINE('',#15941,#3834);
#2774=LINE('',#15942,#3835);
#2775=LINE('',#15945,#3836);
#2776=LINE('',#15947,#3837);
#2777=LINE('',#15948,#3838);
#2778=LINE('',#15951,#3839);
#2779=LINE('',#15953,#3840);
#2780=LINE('',#15954,#3841);
#2781=LINE('',#15956,#3842);
#2782=LINE('',#15957,#3843);
#2783=LINE('',#15964,#3844);
#2784=LINE('',#15966,#3845);
#2785=LINE('',#15968,#3846);
#2786=LINE('',#15969,#3847);
#2787=LINE('',#15972,#3848);
#2788=LINE('',#15974,#3849);
#2789=LINE('',#15975,#3850);
#2790=LINE('',#15978,#3851);
#2791=LINE('',#15980,#3852);
#2792=LINE('',#15981,#3853);
#2793=LINE('',#15983,#3854);
#2794=LINE('',#15984,#3855);
#2795=LINE('',#15994,#3856);
#2796=LINE('',#15996,#3857);
#2797=LINE('',#15998,#3858);
#2798=LINE('',#15999,#3859);
#2799=LINE('',#16002,#3860);
#2800=LINE('',#16004,#3861);
#2801=LINE('',#16005,#3862);
#2802=LINE('',#16008,#3863);
#2803=LINE('',#16010,#3864);
#2804=LINE('',#16011,#3865);
#2805=LINE('',#16013,#3866);
#2806=LINE('',#16014,#3867);
#2807=LINE('',#16021,#3868);
#2808=LINE('',#16023,#3869);
#2809=LINE('',#16025,#3870);
#2810=LINE('',#16026,#3871);
#2811=LINE('',#16029,#3872);
#2812=LINE('',#16031,#3873);
#2813=LINE('',#16032,#3874);
#2814=LINE('',#16035,#3875);
#2815=LINE('',#16037,#3876);
#2816=LINE('',#16038,#3877);
#2817=LINE('',#16040,#3878);
#2818=LINE('',#16041,#3879);
#2819=LINE('',#16051,#3880);
#2820=LINE('',#16053,#3881);
#2821=LINE('',#16055,#3882);
#2822=LINE('',#16056,#3883);
#2823=LINE('',#16059,#3884);
#2824=LINE('',#16061,#3885);
#2825=LINE('',#16062,#3886);
#2826=LINE('',#16065,#3887);
#2827=LINE('',#16067,#3888);
#2828=LINE('',#16068,#3889);
#2829=LINE('',#16070,#3890);
#2830=LINE('',#16071,#3891);
#2831=LINE('',#16078,#3892);
#2832=LINE('',#16080,#3893);
#2833=LINE('',#16082,#3894);
#2834=LINE('',#16083,#3895);
#2835=LINE('',#16086,#3896);
#2836=LINE('',#16088,#3897);
#2837=LINE('',#16089,#3898);
#2838=LINE('',#16092,#3899);
#2839=LINE('',#16094,#3900);
#2840=LINE('',#16095,#3901);
#2841=LINE('',#16097,#3902);
#2842=LINE('',#16098,#3903);
#2843=LINE('',#16108,#3904);
#2844=LINE('',#16110,#3905);
#2845=LINE('',#16112,#3906);
#2846=LINE('',#16113,#3907);
#2847=LINE('',#16116,#3908);
#2848=LINE('',#16118,#3909);
#2849=LINE('',#16119,#3910);
#2850=LINE('',#16122,#3911);
#2851=LINE('',#16124,#3912);
#2852=LINE('',#16125,#3913);
#2853=LINE('',#16127,#3914);
#2854=LINE('',#16128,#3915);
#2855=LINE('',#16135,#3916);
#2856=LINE('',#16137,#3917);
#2857=LINE('',#16139,#3918);
#2858=LINE('',#16140,#3919);
#2859=LINE('',#16143,#3920);
#2860=LINE('',#16145,#3921);
#2861=LINE('',#16146,#3922);
#2862=LINE('',#16149,#3923);
#2863=LINE('',#16151,#3924);
#2864=LINE('',#16152,#3925);
#2865=LINE('',#16154,#3926);
#2866=LINE('',#16155,#3927);
#2867=LINE('',#16165,#3928);
#2868=LINE('',#16167,#3929);
#2869=LINE('',#16169,#3930);
#2870=LINE('',#16170,#3931);
#2871=LINE('',#16173,#3932);
#2872=LINE('',#16175,#3933);
#2873=LINE('',#16176,#3934);
#2874=LINE('',#16179,#3935);
#2875=LINE('',#16181,#3936);
#2876=LINE('',#16182,#3937);
#2877=LINE('',#16184,#3938);
#2878=LINE('',#16185,#3939);
#2879=LINE('',#16192,#3940);
#2880=LINE('',#16194,#3941);
#2881=LINE('',#16196,#3942);
#2882=LINE('',#16197,#3943);
#2883=LINE('',#16200,#3944);
#2884=LINE('',#16202,#3945);
#2885=LINE('',#16203,#3946);
#2886=LINE('',#16206,#3947);
#2887=LINE('',#16208,#3948);
#2888=LINE('',#16209,#3949);
#2889=LINE('',#16211,#3950);
#2890=LINE('',#16212,#3951);
#2891=LINE('',#16222,#3952);
#2892=LINE('',#16224,#3953);
#2893=LINE('',#16226,#3954);
#2894=LINE('',#16227,#3955);
#2895=LINE('',#16230,#3956);
#2896=LINE('',#16232,#3957);
#2897=LINE('',#16233,#3958);
#2898=LINE('',#16236,#3959);
#2899=LINE('',#16238,#3960);
#2900=LINE('',#16239,#3961);
#2901=LINE('',#16241,#3962);
#2902=LINE('',#16242,#3963);
#2903=LINE('',#16249,#3964);
#2904=LINE('',#16251,#3965);
#2905=LINE('',#16253,#3966);
#2906=LINE('',#16254,#3967);
#2907=LINE('',#16257,#3968);
#2908=LINE('',#16259,#3969);
#2909=LINE('',#16260,#3970);
#2910=LINE('',#16263,#3971);
#2911=LINE('',#16265,#3972);
#2912=LINE('',#16266,#3973);
#2913=LINE('',#16268,#3974);
#2914=LINE('',#16269,#3975);
#2915=LINE('',#16279,#3976);
#2916=LINE('',#16281,#3977);
#2917=LINE('',#16283,#3978);
#2918=LINE('',#16284,#3979);
#2919=LINE('',#16287,#3980);
#2920=LINE('',#16289,#3981);
#2921=LINE('',#16290,#3982);
#2922=LINE('',#16293,#3983);
#2923=LINE('',#16295,#3984);
#2924=LINE('',#16296,#3985);
#2925=LINE('',#16298,#3986);
#2926=LINE('',#16299,#3987);
#2927=LINE('',#16306,#3988);
#2928=LINE('',#16308,#3989);
#2929=LINE('',#16310,#3990);
#2930=LINE('',#16311,#3991);
#2931=LINE('',#16314,#3992);
#2932=LINE('',#16316,#3993);
#2933=LINE('',#16317,#3994);
#2934=LINE('',#16320,#3995);
#2935=LINE('',#16322,#3996);
#2936=LINE('',#16323,#3997);
#2937=LINE('',#16325,#3998);
#2938=LINE('',#16326,#3999);
#2939=LINE('',#16336,#4000);
#2940=LINE('',#16338,#4001);
#2941=LINE('',#16340,#4002);
#2942=LINE('',#16341,#4003);
#2943=LINE('',#16344,#4004);
#2944=LINE('',#16346,#4005);
#2945=LINE('',#16347,#4006);
#2946=LINE('',#16350,#4007);
#2947=LINE('',#16352,#4008);
#2948=LINE('',#16353,#4009);
#2949=LINE('',#16355,#4010);
#2950=LINE('',#16356,#4011);
#2951=LINE('',#16363,#4012);
#2952=LINE('',#16365,#4013);
#2953=LINE('',#16367,#4014);
#2954=LINE('',#16368,#4015);
#2955=LINE('',#16371,#4016);
#2956=LINE('',#16373,#4017);
#2957=LINE('',#16374,#4018);
#2958=LINE('',#16377,#4019);
#2959=LINE('',#16379,#4020);
#2960=LINE('',#16380,#4021);
#2961=LINE('',#16382,#4022);
#2962=LINE('',#16383,#4023);
#2963=LINE('',#16397,#4024);
#2964=LINE('',#16402,#4025);
#2965=LINE('',#16411,#4026);
#2966=LINE('',#16416,#4027);
#2967=LINE('',#16425,#4028);
#2968=LINE('',#16430,#4029);
#2969=LINE('',#16435,#4030);
#2970=LINE('',#16437,#4031);
#2971=LINE('',#16439,#4032);
#2972=LINE('',#16440,#4033);
#2973=LINE('',#16445,#4034);
#2974=LINE('',#16449,#4035);
#2975=LINE('',#16453,#4036);
#2976=LINE('',#16457,#4037);
#2977=LINE('',#16461,#4038);
#2978=LINE('',#16465,#4039);
#2979=LINE('',#16469,#4040);
#2980=LINE('',#16473,#4041);
#2981=LINE('',#16477,#4042);
#2982=LINE('',#16481,#4043);
#2983=LINE('',#16485,#4044);
#2984=LINE('',#16489,#4045);
#2985=LINE('',#16493,#4046);
#2986=LINE('',#16497,#4047);
#2987=LINE('',#16501,#4048);
#2988=LINE('',#16505,#4049);
#2989=LINE('',#16509,#4050);
#2990=LINE('',#16513,#4051);
#2991=LINE('',#16515,#4052);
#2992=LINE('',#16517,#4053);
#2993=LINE('',#16522,#4054);
#2994=LINE('',#16525,#4055);
#2995=LINE('',#16529,#4056);
#2996=LINE('',#16531,#4057);
#2997=LINE('',#16533,#4058);
#2998=LINE('',#16537,#4059);
#2999=LINE('',#16541,#4060);
#3000=LINE('',#16545,#4061);
#3001=LINE('',#16549,#4062);
#3002=LINE('',#16553,#4063);
#3003=LINE('',#16557,#4064);
#3004=LINE('',#16561,#4065);
#3005=LINE('',#16565,#4066);
#3006=LINE('',#16569,#4067);
#3007=LINE('',#16573,#4068);
#3008=LINE('',#16577,#4069);
#3009=LINE('',#16581,#4070);
#3010=LINE('',#16585,#4071);
#3011=LINE('',#16589,#4072);
#3012=LINE('',#16593,#4073);
#3013=LINE('',#16597,#4074);
#3014=LINE('',#16600,#4075);
#3015=LINE('',#16602,#4076);
#3016=LINE('',#16604,#4077);
#3017=LINE('',#16606,#4078);
#3018=LINE('',#16608,#4079);
#3019=LINE('',#16610,#4080);
#3020=LINE('',#16612,#4081);
#3021=LINE('',#16614,#4082);
#3022=LINE('',#16616,#4083);
#3023=LINE('',#16618,#4084);
#3024=LINE('',#16620,#4085);
#3025=LINE('',#16622,#4086);
#3026=LINE('',#16624,#4087);
#3027=LINE('',#16626,#4088);
#3028=LINE('',#16628,#4089);
#3029=LINE('',#16630,#4090);
#3030=LINE('',#16632,#4091);
#3031=LINE('',#16634,#4092);
#3032=LINE('',#16636,#4093);
#3033=LINE('',#16638,#4094);
#3034=LINE('',#16640,#4095);
#3035=LINE('',#16642,#4096);
#3036=LINE('',#16644,#4097);
#3037=LINE('',#16646,#4098);
#3038=LINE('',#16648,#4099);
#3039=LINE('',#16650,#4100);
#3040=LINE('',#16652,#4101);
#3041=LINE('',#16654,#4102);
#3042=LINE('',#16656,#4103);
#3043=LINE('',#16658,#4104);
#3044=LINE('',#16660,#4105);
#3045=LINE('',#16662,#4106);
#3046=LINE('',#16664,#4107);
#3047=LINE('',#16666,#4108);
#3048=LINE('',#16668,#4109);
#3049=LINE('',#16670,#4110);
#3050=LINE('',#16672,#4111);
#3051=VECTOR('',#10835,1.);
#3052=VECTOR('',#10836,1.);
#3053=VECTOR('',#10837,1.);
#3054=VECTOR('',#10838,1.);
#3055=VECTOR('',#10841,1.);
#3056=VECTOR('',#10842,1.);
#3057=VECTOR('',#10843,1.);
#3058=VECTOR('',#10846,1.);
#3059=VECTOR('',#10847,1.);
#3060=VECTOR('',#10848,1.);
#3061=VECTOR('',#10851,1.);
#3062=VECTOR('',#10892,1.);
#3063=VECTOR('',#10935,0.45);
#3064=VECTOR('',#10938,0.45);
#3065=VECTOR('',#10941,0.45);
#3066=VECTOR('',#10944,0.45);
#3067=VECTOR('',#10947,0.45);
#3068=VECTOR('',#10950,0.45);
#3069=VECTOR('',#10953,0.45);
#3070=VECTOR('',#10956,0.45);
#3071=VECTOR('',#10959,0.45);
#3072=VECTOR('',#10962,0.45);
#3073=VECTOR('',#10965,0.45);
#3074=VECTOR('',#10968,0.45);
#3075=VECTOR('',#10971,0.8);
#3076=VECTOR('',#10974,0.8);
#3077=VECTOR('',#10977,0.45);
#3078=VECTOR('',#10980,0.45);
#3079=VECTOR('',#10983,0.8);
#3080=VECTOR('',#10986,0.45);
#3081=VECTOR('',#10989,0.45);
#3082=VECTOR('',#10998,1.);
#3083=VECTOR('',#10999,1.);
#3084=VECTOR('',#11000,1.);
#3085=VECTOR('',#11001,1.);
#3086=VECTOR('',#11004,1.00000000000064);
#3087=VECTOR('',#11005,1.);
#3088=VECTOR('',#11006,1.00000000000064);
#3089=VECTOR('',#11007,1.);
#3090=VECTOR('',#11008,1.00000000000064);
#3091=VECTOR('',#11009,1.);
#3092=VECTOR('',#11010,1.00000000000064);
#3093=VECTOR('',#11011,1.);
#3094=VECTOR('',#11012,1.);
#3095=VECTOR('',#11013,1.);
#3096=VECTOR('',#11014,1.);
#3097=VECTOR('',#11017,1.);
#3098=VECTOR('',#11018,1.00000000000064);
#3099=VECTOR('',#11021,1.00000000000064);
#3100=VECTOR('',#11022,1.);
#3101=VECTOR('',#11025,1.);
#3102=VECTOR('',#11026,1.00000000000064);
#3103=VECTOR('',#11027,1.);
#3104=VECTOR('',#11028,1.00000000000064);
#3105=VECTOR('',#11029,1.);
#3106=VECTOR('',#11030,1.);
#3107=VECTOR('',#11031,1.);
#3108=VECTOR('',#11032,1.);
#3109=VECTOR('',#11033,1.);
#3110=VECTOR('',#11036,1.);
#3111=VECTOR('',#11039,1.);
#3112=VECTOR('',#11042,1.);
#3113=VECTOR('',#11045,1.);
#3114=VECTOR('',#11050,1.);
#3115=VECTOR('',#11051,1.);
#3116=VECTOR('',#11054,1.);
#3117=VECTOR('',#11057,1.);
#3118=VECTOR('',#11082,1.);
#3119=VECTOR('',#11083,1.);
#3120=VECTOR('',#11084,1.);
#3121=VECTOR('',#11085,1.);
#3122=VECTOR('',#11088,1.);
#3123=VECTOR('',#11089,1.);
#3124=VECTOR('',#11090,1.);
#3125=VECTOR('',#11093,0.999999999999299);
#3126=VECTOR('',#11094,0.999999999999299);
#3127=VECTOR('',#11095,1.);
#3128=VECTOR('',#11098,0.999999999999299);
#3129=VECTOR('',#11099,1.);
#3130=VECTOR('',#11100,0.999999999999299);
#3131=VECTOR('',#11103,1.);
#3132=VECTOR('',#11104,1.);
#3133=VECTOR('',#11105,1.);
#3134=VECTOR('',#11108,1.);
#3135=VECTOR('',#11109,1.);
#3136=VECTOR('',#11112,0.999999999999299);
#3137=VECTOR('',#11113,1.);
#3138=VECTOR('',#11116,0.999999999999299);
#3139=VECTOR('',#11117,1.);
#3140=VECTOR('',#11120,1.);
#3141=VECTOR('',#11121,1.);
#3142=VECTOR('',#11124,0.999999999999299);
#3143=VECTOR('',#11127,1.);
#3144=VECTOR('',#11128,1.);
#3145=VECTOR('',#11131,0.999999999999299);
#3146=VECTOR('',#11194,1.);
#3147=VECTOR('',#11195,1.);
#3148=VECTOR('',#11196,1.);
#3149=VECTOR('',#11197,1.);
#3150=VECTOR('',#11200,1.00000000000064);
#3151=VECTOR('',#11201,1.);
#3152=VECTOR('',#11202,1.00000000000064);
#3153=VECTOR('',#11203,1.);
#3154=VECTOR('',#11204,1.00000000000064);
#3155=VECTOR('',#11205,1.);
#3156=VECTOR('',#11206,1.00000000000064);
#3157=VECTOR('',#11207,1.);
#3158=VECTOR('',#11208,1.);
#3159=VECTOR('',#11209,1.);
#3160=VECTOR('',#11210,1.);
#3161=VECTOR('',#11213,1.);
#3162=VECTOR('',#11214,1.00000000000064);
#3163=VECTOR('',#11217,1.00000000000064);
#3164=VECTOR('',#11218,1.);
#3165=VECTOR('',#11221,1.);
#3166=VECTOR('',#11222,1.00000000000064);
#3167=VECTOR('',#11223,1.);
#3168=VECTOR('',#11224,1.00000000000064);
#3169=VECTOR('',#11225,1.);
#3170=VECTOR('',#11226,1.);
#3171=VECTOR('',#11227,1.);
#3172=VECTOR('',#11228,1.);
#3173=VECTOR('',#11229,1.);
#3174=VECTOR('',#11232,1.);
#3175=VECTOR('',#11235,1.);
#3176=VECTOR('',#11238,1.);
#3177=VECTOR('',#11241,1.);
#3178=VECTOR('',#11246,1.);
#3179=VECTOR('',#11247,1.);
#3180=VECTOR('',#11250,1.);
#3181=VECTOR('',#11253,1.);
#3182=VECTOR('',#11278,1.);
#3183=VECTOR('',#11279,1.);
#3184=VECTOR('',#11280,1.);
#3185=VECTOR('',#11281,1.);
#3186=VECTOR('',#11284,1.);
#3187=VECTOR('',#11285,1.);
#3188=VECTOR('',#11286,1.);
#3189=VECTOR('',#11289,0.999999999999299);
#3190=VECTOR('',#11290,0.999999999999299);
#3191=VECTOR('',#11291,1.);
#3192=VECTOR('',#11294,0.999999999999299);
#3193=VECTOR('',#11295,1.);
#3194=VECTOR('',#11296,0.999999999999299);
#3195=VECTOR('',#11299,1.);
#3196=VECTOR('',#11300,1.);
#3197=VECTOR('',#11301,1.);
#3198=VECTOR('',#11304,1.);
#3199=VECTOR('',#11305,1.);
#3200=VECTOR('',#11308,0.999999999999299);
#3201=VECTOR('',#11309,1.);
#3202=VECTOR('',#11312,0.999999999999299);
#3203=VECTOR('',#11313,1.);
#3204=VECTOR('',#11316,1.);
#3205=VECTOR('',#11317,1.);
#3206=VECTOR('',#11320,0.999999999999299);
#3207=VECTOR('',#11323,1.);
#3208=VECTOR('',#11324,1.);
#3209=VECTOR('',#11327,0.999999999999299);
#3210=VECTOR('',#11388,1.);
#3211=VECTOR('',#11389,1.);
#3212=VECTOR('',#11390,1.);
#3213=VECTOR('',#11391,1.);
#3214=VECTOR('',#11394,1.);
#3215=VECTOR('',#11395,1.);
#3216=VECTOR('',#11396,1.);
#3217=VECTOR('',#11399,1.);
#3218=VECTOR('',#11400,1.);
#3219=VECTOR('',#11401,1.);
#3220=VECTOR('',#11404,1.);
#3221=VECTOR('',#11405,1.);
#3222=VECTOR('',#11414,1.);
#3223=VECTOR('',#11415,1.);
#3224=VECTOR('',#11416,1.);
#3225=VECTOR('',#11417,1.);
#3226=VECTOR('',#11420,1.);
#3227=VECTOR('',#11421,1.);
#3228=VECTOR('',#11422,1.);
#3229=VECTOR('',#11425,1.);
#3230=VECTOR('',#11426,1.);
#3231=VECTOR('',#11427,1.);
#3232=VECTOR('',#11430,1.);
#3233=VECTOR('',#11431,1.);
#3234=VECTOR('',#11440,1.);
#3235=VECTOR('',#11441,1.);
#3236=VECTOR('',#11442,1.);
#3237=VECTOR('',#11443,1.);
#3238=VECTOR('',#11446,1.);
#3239=VECTOR('',#11447,1.);
#3240=VECTOR('',#11448,1.);
#3241=VECTOR('',#11451,1.);
#3242=VECTOR('',#11452,1.);
#3243=VECTOR('',#11453,1.);
#3244=VECTOR('',#11456,1.);
#3245=VECTOR('',#11457,1.);
#3246=VECTOR('',#11466,1.);
#3247=VECTOR('',#11467,1.);
#3248=VECTOR('',#11468,1.);
#3249=VECTOR('',#11469,1.);
#3250=VECTOR('',#11472,1.);
#3251=VECTOR('',#11473,1.);
#3252=VECTOR('',#11474,1.);
#3253=VECTOR('',#11477,1.);
#3254=VECTOR('',#11478,1.);
#3255=VECTOR('',#11479,1.);
#3256=VECTOR('',#11482,1.);
#3257=VECTOR('',#11483,1.);
#3258=VECTOR('',#11494,1.);
#3259=VECTOR('',#11495,1.);
#3260=VECTOR('',#11496,1.);
#3261=VECTOR('',#11499,1.);
#3262=VECTOR('',#11500,1.);
#3263=VECTOR('',#11501,1.);
#3264=VECTOR('',#11510,0.6);
#3265=VECTOR('',#11519,1.);
#3266=VECTOR('',#11520,1.);
#3267=VECTOR('',#11523,1.);
#3268=VECTOR('',#11524,1.);
#3269=VECTOR('',#11525,1.);
#3270=VECTOR('',#11526,1.);
#3271=VECTOR('',#11529,1.);
#3272=VECTOR('',#11530,1.);
#3273=VECTOR('',#11531,1.);
#3274=VECTOR('',#11532,1.);
#3275=VECTOR('',#11535,1.);
#3276=VECTOR('',#11536,1.);
#3277=VECTOR('',#11539,1.);
#3278=VECTOR('',#11540,1.);
#3279=VECTOR('',#11543,1.);
#3280=VECTOR('',#11544,1.);
#3281=VECTOR('',#11545,1.);
#3282=VECTOR('',#11546,1.);
#3283=VECTOR('',#11549,1.);
#3284=VECTOR('',#11550,1.);
#3285=VECTOR('',#11551,1.);
#3286=VECTOR('',#11552,1.);
#3287=VECTOR('',#11559,1.);
#3288=VECTOR('',#11560,1.);
#3289=VECTOR('',#11563,1.);
#3290=VECTOR('',#11564,1.);
#3291=VECTOR('',#11565,1.);
#3292=VECTOR('',#11568,1.);
#3293=VECTOR('',#11573,1.);
#3294=VECTOR('',#11574,1.);
#3295=VECTOR('',#11575,1.);
#3296=VECTOR('',#11578,1.);
#3297=VECTOR('',#11581,1.);
#3298=VECTOR('',#11582,1.);
#3299=VECTOR('',#11583,1.);
#3300=VECTOR('',#11586,1.);
#3301=VECTOR('',#11591,1.);
#3302=VECTOR('',#11592,1.);
#3303=VECTOR('',#11593,1.);
#3304=VECTOR('',#11596,1.);
#3305=VECTOR('',#11599,1.);
#3306=VECTOR('',#11600,1.);
#3307=VECTOR('',#11601,1.);
#3308=VECTOR('',#11604,1.);
#3309=VECTOR('',#11609,1.);
#3310=VECTOR('',#11610,1.);
#3311=VECTOR('',#11611,1.);
#3312=VECTOR('',#11614,1.);
#3313=VECTOR('',#11617,1.);
#3314=VECTOR('',#11618,1.);
#3315=VECTOR('',#11619,1.);
#3316=VECTOR('',#11622,1.);
#3317=VECTOR('',#11627,1.);
#3318=VECTOR('',#11628,1.);
#3319=VECTOR('',#11631,1.);
#3320=VECTOR('',#11632,1.);
#3321=VECTOR('',#11637,1.);
#3322=VECTOR('',#11642,1.);
#3323=VECTOR('',#11649,1.25);
#3324=VECTOR('',#11692,1.25);
#3325=VECTOR('',#11695,0.25);
#3326=VECTOR('',#11712,1.);
#3327=VECTOR('',#11713,1.);
#3328=VECTOR('',#11714,1.);
#3329=VECTOR('',#11715,1.);
#3330=VECTOR('',#11716,1.);
#3331=VECTOR('',#11717,1.);
#3332=VECTOR('',#11718,1.);
#3333=VECTOR('',#11719,1.);
#3334=VECTOR('',#11720,1.);
#3335=VECTOR('',#11721,1.);
#3336=VECTOR('',#11722,1.);
#3337=VECTOR('',#11723,1.);
#3338=VECTOR('',#11724,1.);
#3339=VECTOR('',#11725,1.);
#3340=VECTOR('',#11726,1.);
#3341=VECTOR('',#11727,1.);
#3342=VECTOR('',#11728,1.);
#3343=VECTOR('',#11729,1.);
#3344=VECTOR('',#11730,1.);
#3345=VECTOR('',#11731,1.);
#3346=VECTOR('',#11732,1.);
#3347=VECTOR('',#11733,1.);
#3348=VECTOR('',#11734,1.);
#3349=VECTOR('',#11735,1.);
#3350=VECTOR('',#11736,1.);
#3351=VECTOR('',#11737,1.);
#3352=VECTOR('',#11738,1.);
#3353=VECTOR('',#11739,1.);
#3354=VECTOR('',#11740,1.);
#3355=VECTOR('',#11741,1.);
#3356=VECTOR('',#11742,1.);
#3357=VECTOR('',#11743,1.);
#3358=VECTOR('',#11746,1.);
#3359=VECTOR('',#11747,1.);
#3360=VECTOR('',#11748,1.);
#3361=VECTOR('',#11749,1.);
#3362=VECTOR('',#11750,1.);
#3363=VECTOR('',#11751,1.);
#3364=VECTOR('',#11752,1.);
#3365=VECTOR('',#11753,1.);
#3366=VECTOR('',#11754,1.);
#3367=VECTOR('',#11755,1.);
#3368=VECTOR('',#11756,1.);
#3369=VECTOR('',#11757,1.);
#3370=VECTOR('',#11758,1.);
#3371=VECTOR('',#11759,1.);
#3372=VECTOR('',#11760,1.);
#3373=VECTOR('',#11761,1.);
#3374=VECTOR('',#11762,1.);
#3375=VECTOR('',#11763,1.);
#3376=VECTOR('',#11764,1.);
#3377=VECTOR('',#11765,1.);
#3378=VECTOR('',#11766,1.);
#3379=VECTOR('',#11767,1.);
#3380=VECTOR('',#11768,1.);
#3381=VECTOR('',#11769,1.);
#3382=VECTOR('',#11770,1.);
#3383=VECTOR('',#11771,1.);
#3384=VECTOR('',#11772,1.);
#3385=VECTOR('',#11773,1.);
#3386=VECTOR('',#11774,1.);
#3387=VECTOR('',#11775,1.);
#3388=VECTOR('',#11776,1.);
#3389=VECTOR('',#11777,1.);
#3390=VECTOR('',#11778,1.);
#3391=VECTOR('',#11779,1.);
#3392=VECTOR('',#11780,1.);
#3393=VECTOR('',#11781,1.);
#3394=VECTOR('',#11782,1.);
#3395=VECTOR('',#11783,1.);
#3396=VECTOR('',#11784,1.);
#3397=VECTOR('',#11785,1.);
#3398=VECTOR('',#11786,1.);
#3399=VECTOR('',#11787,1.);
#3400=VECTOR('',#11788,1.);
#3401=VECTOR('',#11789,1.);
#3402=VECTOR('',#11790,1.);
#3403=VECTOR('',#11791,1.);
#3404=VECTOR('',#11792,1.);
#3405=VECTOR('',#11793,1.);
#3406=VECTOR('',#11794,1.);
#3407=VECTOR('',#11795,1.);
#3408=VECTOR('',#11796,1.);
#3409=VECTOR('',#11797,1.);
#3410=VECTOR('',#11798,1.);
#3411=VECTOR('',#11799,1.);
#3412=VECTOR('',#11800,1.);
#3413=VECTOR('',#11801,1.);
#3414=VECTOR('',#11802,1.);
#3415=VECTOR('',#11803,1.);
#3416=VECTOR('',#11804,1.);
#3417=VECTOR('',#11805,1.);
#3418=VECTOR('',#11806,1.);
#3419=VECTOR('',#11807,1.);
#3420=VECTOR('',#11808,1.);
#3421=VECTOR('',#11809,1.);
#3422=VECTOR('',#11810,1.);
#3423=VECTOR('',#11811,1.);
#3424=VECTOR('',#11812,1.);
#3425=VECTOR('',#11813,1.);
#3426=VECTOR('',#11814,1.);
#3427=VECTOR('',#11815,1.);
#3428=VECTOR('',#11816,1.);
#3429=VECTOR('',#11817,1.);
#3430=VECTOR('',#11818,1.);
#3431=VECTOR('',#11819,1.);
#3432=VECTOR('',#11820,1.);
#3433=VECTOR('',#11821,1.);
#3434=VECTOR('',#11822,1.);
#3435=VECTOR('',#11823,1.);
#3436=VECTOR('',#11824,1.);
#3437=VECTOR('',#11825,1.);
#3438=VECTOR('',#11826,1.);
#3439=VECTOR('',#11827,1.);
#3440=VECTOR('',#11828,1.);
#3441=VECTOR('',#11829,1.);
#3442=VECTOR('',#11830,1.);
#3443=VECTOR('',#11831,1.);
#3444=VECTOR('',#11832,1.);
#3445=VECTOR('',#11833,1.);
#3446=VECTOR('',#11834,1.);
#3447=VECTOR('',#11835,1.);
#3448=VECTOR('',#11836,1.);
#3449=VECTOR('',#11837,1.);
#3450=VECTOR('',#11838,1.);
#3451=VECTOR('',#11839,1.);
#3452=VECTOR('',#11840,1.);
#3453=VECTOR('',#11841,1.);
#3454=VECTOR('',#11842,1.);
#3455=VECTOR('',#11843,1.);
#3456=VECTOR('',#11844,1.);
#3457=VECTOR('',#11845,1.);
#3458=VECTOR('',#11846,1.);
#3459=VECTOR('',#11847,1.);
#3460=VECTOR('',#11848,1.);
#3461=VECTOR('',#11849,1.);
#3462=VECTOR('',#11850,1.);
#3463=VECTOR('',#11851,1.);
#3464=VECTOR('',#11852,1.);
#3465=VECTOR('',#11853,1.);
#3466=VECTOR('',#11856,1.);
#3467=VECTOR('',#11857,1.);
#3468=VECTOR('',#11860,1.);
#3469=VECTOR('',#11861,1.);
#3470=VECTOR('',#11864,1.);
#3471=VECTOR('',#11867,1.);
#3472=VECTOR('',#11868,1.);
#3473=VECTOR('',#11871,1.);
#3474=VECTOR('',#11872,1.);
#3475=VECTOR('',#11875,1.);
#3476=VECTOR('',#11878,1.);
#3477=VECTOR('',#11879,1.);
#3478=VECTOR('',#11882,1.);
#3479=VECTOR('',#11883,1.);
#3480=VECTOR('',#11886,1.);
#3481=VECTOR('',#11889,1.);
#3482=VECTOR('',#11890,1.);
#3483=VECTOR('',#11893,1.);
#3484=VECTOR('',#11894,1.);
#3485=VECTOR('',#11897,1.);
#3486=VECTOR('',#11900,1.);
#3487=VECTOR('',#11901,1.);
#3488=VECTOR('',#11904,1.);
#3489=VECTOR('',#11905,1.);
#3490=VECTOR('',#11908,1.);
#3491=VECTOR('',#11911,1.);
#3492=VECTOR('',#11912,1.);
#3493=VECTOR('',#11915,1.);
#3494=VECTOR('',#11916,1.);
#3495=VECTOR('',#11919,1.);
#3496=VECTOR('',#11922,1.);
#3497=VECTOR('',#11923,1.);
#3498=VECTOR('',#11926,1.);
#3499=VECTOR('',#11927,1.);
#3500=VECTOR('',#11930,1.);
#3501=VECTOR('',#11933,1.);
#3502=VECTOR('',#11934,1.);
#3503=VECTOR('',#11935,1.);
#3504=VECTOR('',#11936,1.);
#3505=VECTOR('',#11937,1.);
#3506=VECTOR('',#11938,1.);
#3507=VECTOR('',#11939,1.);
#3508=VECTOR('',#11940,1.);
#3509=VECTOR('',#11941,1.);
#3510=VECTOR('',#11942,1.);
#3511=VECTOR('',#11943,1.);
#3512=VECTOR('',#11944,1.);
#3513=VECTOR('',#11945,1.);
#3514=VECTOR('',#11946,1.);
#3515=VECTOR('',#11947,1.);
#3516=VECTOR('',#11948,1.);
#3517=VECTOR('',#11949,1.);
#3518=VECTOR('',#11950,1.);
#3519=VECTOR('',#11951,1.);
#3520=VECTOR('',#11952,1.);
#3521=VECTOR('',#11953,1.);
#3522=VECTOR('',#11954,1.);
#3523=VECTOR('',#11955,1.);
#3524=VECTOR('',#11958,1.);
#3525=VECTOR('',#11959,1.);
#3526=VECTOR('',#11964,1.);
#3527=VECTOR('',#11965,1.);
#3528=VECTOR('',#11966,1.);
#3529=VECTOR('',#11967,1.);
#3530=VECTOR('',#11968,1.);
#3531=VECTOR('',#11969,1.);
#3532=VECTOR('',#11970,1.);
#3533=VECTOR('',#11971,1.);
#3534=VECTOR('',#11972,1.);
#3535=VECTOR('',#11973,1.);
#3536=VECTOR('',#11974,1.);
#3537=VECTOR('',#11975,1.);
#3538=VECTOR('',#11976,1.);
#3539=VECTOR('',#11977,1.);
#3540=VECTOR('',#11978,1.);
#3541=VECTOR('',#11979,1.);
#3542=VECTOR('',#11980,1.);
#3543=VECTOR('',#11981,1.);
#3544=VECTOR('',#11982,1.);
#3545=VECTOR('',#11983,1.);
#3546=VECTOR('',#11984,1.);
#3547=VECTOR('',#11985,1.);
#3548=VECTOR('',#11988,1.);
#3549=VECTOR('',#11989,1.);
#3550=VECTOR('',#11990,1.);
#3551=VECTOR('',#11991,1.);
#3552=VECTOR('',#11992,1.);
#3553=VECTOR('',#11993,1.);
#3554=VECTOR('',#11994,1.);
#3555=VECTOR('',#11995,1.);
#3556=VECTOR('',#11996,1.);
#3557=VECTOR('',#11997,1.);
#3558=VECTOR('',#11998,1.);
#3559=VECTOR('',#11999,1.);
#3560=VECTOR('',#12000,1.);
#3561=VECTOR('',#12001,1.);
#3562=VECTOR('',#12002,1.);
#3563=VECTOR('',#12003,1.);
#3564=VECTOR('',#12004,1.);
#3565=VECTOR('',#12005,1.);
#3566=VECTOR('',#12006,1.);
#3567=VECTOR('',#12007,1.);
#3568=VECTOR('',#12008,1.);
#3569=VECTOR('',#12011,1.);
#3570=VECTOR('',#12012,1.);
#3571=VECTOR('',#12015,1.);
#3572=VECTOR('',#12016,1.);
#3573=VECTOR('',#12019,1.);
#3574=VECTOR('',#12022,1.);
#3575=VECTOR('',#12023,1.);
#3576=VECTOR('',#12026,1.);
#3577=VECTOR('',#12027,1.);
#3578=VECTOR('',#12030,1.);
#3579=VECTOR('',#12033,1.);
#3580=VECTOR('',#12034,1.);
#3581=VECTOR('',#12037,1.);
#3582=VECTOR('',#12038,1.);
#3583=VECTOR('',#12041,1.);
#3584=VECTOR('',#12044,1.);
#3585=VECTOR('',#12045,1.);
#3586=VECTOR('',#12048,1.);
#3587=VECTOR('',#12049,1.);
#3588=VECTOR('',#12052,1.);
#3589=VECTOR('',#12055,1.);
#3590=VECTOR('',#12056,1.);
#3591=VECTOR('',#12059,1.);
#3592=VECTOR('',#12060,1.);
#3593=VECTOR('',#12063,1.);
#3594=VECTOR('',#12066,1.);
#3595=VECTOR('',#12067,1.);
#3596=VECTOR('',#12070,1.);
#3597=VECTOR('',#12071,1.);
#3598=VECTOR('',#12074,1.);
#3599=VECTOR('',#12077,1.);
#3600=VECTOR('',#12078,1.);
#3601=VECTOR('',#12081,1.);
#3602=VECTOR('',#12082,1.);
#3603=VECTOR('',#12085,1.);
#3604=VECTOR('',#12088,1.);
#3605=VECTOR('',#12089,1.);
#3606=VECTOR('',#12092,1.);
#3607=VECTOR('',#12093,1.);
#3608=VECTOR('',#12096,1.);
#3609=VECTOR('',#12099,1.);
#3610=VECTOR('',#12100,1.);
#3611=VECTOR('',#12103,1.);
#3612=VECTOR('',#12104,1.);
#3613=VECTOR('',#12107,1.);
#3614=VECTOR('',#12110,1.);
#3615=VECTOR('',#12111,1.);
#3616=VECTOR('',#12114,1.);
#3617=VECTOR('',#12115,1.);
#3618=VECTOR('',#12118,1.);
#3619=VECTOR('',#12121,1.);
#3620=VECTOR('',#12122,1.);
#3621=VECTOR('',#12125,1.);
#3622=VECTOR('',#12126,1.);
#3623=VECTOR('',#12129,1.);
#3624=VECTOR('',#12132,1.);
#3625=VECTOR('',#12133,1.);
#3626=VECTOR('',#12136,1.);
#3627=VECTOR('',#12137,1.);
#3628=VECTOR('',#12140,1.);
#3629=VECTOR('',#12143,1.);
#3630=VECTOR('',#12144,1.);
#3631=VECTOR('',#12147,1.);
#3632=VECTOR('',#12148,1.);
#3633=VECTOR('',#12151,1.);
#3634=VECTOR('',#12154,1.);
#3635=VECTOR('',#12155,1.);
#3636=VECTOR('',#12158,1.);
#3637=VECTOR('',#12159,1.);
#3638=VECTOR('',#12162,1.);
#3639=VECTOR('',#12179,1.);
#3640=VECTOR('',#12180,1.);
#3641=VECTOR('',#12183,1.);
#3642=VECTOR('',#12184,1.);
#3643=VECTOR('',#12187,1.);
#3644=VECTOR('',#12190,1.);
#3645=VECTOR('',#12191,1.);
#3646=VECTOR('',#12194,1.);
#3647=VECTOR('',#12195,1.);
#3648=VECTOR('',#12198,1.);
#3649=VECTOR('',#12201,1.);
#3650=VECTOR('',#12202,1.);
#3651=VECTOR('',#12205,1.);
#3652=VECTOR('',#12206,1.);
#3653=VECTOR('',#12209,1.);
#3654=VECTOR('',#12212,1.);
#3655=VECTOR('',#12213,1.);
#3656=VECTOR('',#12216,1.);
#3657=VECTOR('',#12217,1.);
#3658=VECTOR('',#12220,1.);
#3659=VECTOR('',#12223,1.);
#3660=VECTOR('',#12224,1.);
#3661=VECTOR('',#12227,1.);
#3662=VECTOR('',#12228,1.);
#3663=VECTOR('',#12231,1.);
#3664=VECTOR('',#12234,1.);
#3665=VECTOR('',#12235,1.);
#3666=VECTOR('',#12238,1.);
#3667=VECTOR('',#12239,1.);
#3668=VECTOR('',#12242,1.);
#3669=VECTOR('',#12245,1.);
#3670=VECTOR('',#12246,1.);
#3671=VECTOR('',#12249,1.);
#3672=VECTOR('',#12250,1.);
#3673=VECTOR('',#12253,1.);
#3674=VECTOR('',#12272,0.15);
#3675=VECTOR('',#12311,1.);
#3676=VECTOR('',#12312,1.);
#3677=VECTOR('',#12313,1.);
#3678=VECTOR('',#12314,1.);
#3679=VECTOR('',#12317,1.);
#3680=VECTOR('',#12318,1.);
#3681=VECTOR('',#12321,1.);
#3682=VECTOR('',#12324,1.);
#3683=VECTOR('',#12325,1.);
#3684=VECTOR('',#12328,1.);
#3685=VECTOR('',#12331,1.);
#3686=VECTOR('',#12334,1.);
#3687=VECTOR('',#12337,1.);
#3688=VECTOR('',#12372,1.);
#3689=VECTOR('',#12373,1.);
#3690=VECTOR('',#12374,1.);
#3691=VECTOR('',#12375,1.);
#3692=VECTOR('',#12378,1.);
#3693=VECTOR('',#12379,1.);
#3694=VECTOR('',#12380,1.);
#3695=VECTOR('',#12383,1.);
#3696=VECTOR('',#12384,1.);
#3697=VECTOR('',#12385,1.);
#3698=VECTOR('',#12388,1.);
#3699=VECTOR('',#12389,1.);
#3700=VECTOR('',#12398,1.);
#3701=VECTOR('',#12399,1.);
#3702=VECTOR('',#12400,1.);
#3703=VECTOR('',#12401,1.);
#3704=VECTOR('',#12404,1.);
#3705=VECTOR('',#12405,1.);
#3706=VECTOR('',#12406,1.);
#3707=VECTOR('',#12409,1.);
#3708=VECTOR('',#12410,1.);
#3709=VECTOR('',#12411,1.);
#3710=VECTOR('',#12414,1.);
#3711=VECTOR('',#12415,1.);
#3712=VECTOR('',#12430,1.);
#3713=VECTOR('',#12431,1.);
#3714=VECTOR('',#12432,1.);
#3715=VECTOR('',#12433,1.);
#3716=VECTOR('',#12436,1.);
#3717=VECTOR('',#12437,1.);
#3718=VECTOR('',#12438,1.);
#3719=VECTOR('',#12441,1.);
#3720=VECTOR('',#12442,1.);
#3721=VECTOR('',#12443,1.);
#3722=VECTOR('',#12446,1.);
#3723=VECTOR('',#12447,1.);
#3724=VECTOR('',#12456,1.);
#3725=VECTOR('',#12457,1.);
#3726=VECTOR('',#12458,1.);
#3727=VECTOR('',#12459,1.);
#3728=VECTOR('',#12462,1.);
#3729=VECTOR('',#12463,1.);
#3730=VECTOR('',#12464,1.);
#3731=VECTOR('',#12467,1.);
#3732=VECTOR('',#12468,1.);
#3733=VECTOR('',#12469,1.);
#3734=VECTOR('',#12472,1.);
#3735=VECTOR('',#12473,1.);
#3736=VECTOR('',#12488,1.);
#3737=VECTOR('',#12489,1.);
#3738=VECTOR('',#12490,1.);
#3739=VECTOR('',#12491,1.);
#3740=VECTOR('',#12494,1.);
#3741=VECTOR('',#12495,1.);
#3742=VECTOR('',#12496,1.);
#3743=VECTOR('',#12499,1.);
#3744=VECTOR('',#12500,1.);
#3745=VECTOR('',#12501,1.);
#3746=VECTOR('',#12504,1.);
#3747=VECTOR('',#12505,1.);
#3748=VECTOR('',#12514,1.);
#3749=VECTOR('',#12515,1.);
#3750=VECTOR('',#12516,1.);
#3751=VECTOR('',#12517,1.);
#3752=VECTOR('',#12520,1.);
#3753=VECTOR('',#12521,1.);
#3754=VECTOR('',#12522,1.);
#3755=VECTOR('',#12525,1.);
#3756=VECTOR('',#12526,1.);
#3757=VECTOR('',#12527,1.);
#3758=VECTOR('',#12530,1.);
#3759=VECTOR('',#12531,1.);
#3760=VECTOR('',#12546,1.);
#3761=VECTOR('',#12547,1.);
#3762=VECTOR('',#12548,1.);
#3763=VECTOR('',#12549,1.);
#3764=VECTOR('',#12552,1.);
#3765=VECTOR('',#12553,1.);
#3766=VECTOR('',#12554,1.);
#3767=VECTOR('',#12557,1.);
#3768=VECTOR('',#12558,1.);
#3769=VECTOR('',#12559,1.);
#3770=VECTOR('',#12562,1.);
#3771=VECTOR('',#12563,1.);
#3772=VECTOR('',#12572,1.);
#3773=VECTOR('',#12573,1.);
#3774=VECTOR('',#12574,1.);
#3775=VECTOR('',#12575,1.);
#3776=VECTOR('',#12578,1.);
#3777=VECTOR('',#12579,1.);
#3778=VECTOR('',#12580,1.);
#3779=VECTOR('',#12583,1.);
#3780=VECTOR('',#12584,1.);
#3781=VECTOR('',#12585,1.);
#3782=VECTOR('',#12588,1.);
#3783=VECTOR('',#12589,1.);
#3784=VECTOR('',#12604,1.);
#3785=VECTOR('',#12605,1.);
#3786=VECTOR('',#12606,1.);
#3787=VECTOR('',#12607,1.);
#3788=VECTOR('',#12610,1.);
#3789=VECTOR('',#12611,1.);
#3790=VECTOR('',#12612,1.);
#3791=VECTOR('',#12615,1.);
#3792=VECTOR('',#12616,1.);
#3793=VECTOR('',#12617,1.);
#3794=VECTOR('',#12620,1.);
#3795=VECTOR('',#12621,1.);
#3796=VECTOR('',#12630,1.);
#3797=VECTOR('',#12631,1.);
#3798=VECTOR('',#12632,1.);
#3799=VECTOR('',#12633,1.);
#3800=VECTOR('',#12636,1.);
#3801=VECTOR('',#12637,1.);
#3802=VECTOR('',#12638,1.);
#3803=VECTOR('',#12641,1.);
#3804=VECTOR('',#12642,1.);
#3805=VECTOR('',#12643,1.);
#3806=VECTOR('',#12646,1.);
#3807=VECTOR('',#12647,1.);
#3808=VECTOR('',#12662,1.);
#3809=VECTOR('',#12663,1.);
#3810=VECTOR('',#12664,1.);
#3811=VECTOR('',#12665,1.);
#3812=VECTOR('',#12668,1.);
#3813=VECTOR('',#12669,1.);
#3814=VECTOR('',#12670,1.);
#3815=VECTOR('',#12673,1.);
#3816=VECTOR('',#12674,1.);
#3817=VECTOR('',#12675,1.);
#3818=VECTOR('',#12678,1.);
#3819=VECTOR('',#12679,1.);
#3820=VECTOR('',#12688,1.);
#3821=VECTOR('',#12689,1.);
#3822=VECTOR('',#12690,1.);
#3823=VECTOR('',#12691,1.);
#3824=VECTOR('',#12694,1.);
#3825=VECTOR('',#12695,1.);
#3826=VECTOR('',#12696,1.);
#3827=VECTOR('',#12699,1.);
#3828=VECTOR('',#12700,1.);
#3829=VECTOR('',#12701,1.);
#3830=VECTOR('',#12704,1.);
#3831=VECTOR('',#12705,1.);
#3832=VECTOR('',#12720,1.);
#3833=VECTOR('',#12721,1.);
#3834=VECTOR('',#12722,1.);
#3835=VECTOR('',#12723,1.);
#3836=VECTOR('',#12726,1.);
#3837=VECTOR('',#12727,1.);
#3838=VECTOR('',#12728,1.);
#3839=VECTOR('',#12731,1.);
#3840=VECTOR('',#12732,1.);
#3841=VECTOR('',#12733,1.);
#3842=VECTOR('',#12736,1.);
#3843=VECTOR('',#12737,1.);
#3844=VECTOR('',#12746,1.);
#3845=VECTOR('',#12747,1.);
#3846=VECTOR('',#12748,1.);
#3847=VECTOR('',#12749,1.);
#3848=VECTOR('',#12752,1.);
#3849=VECTOR('',#12753,1.);
#3850=VECTOR('',#12754,1.);
#3851=VECTOR('',#12757,1.);
#3852=VECTOR('',#12758,1.);
#3853=VECTOR('',#12759,1.);
#3854=VECTOR('',#12762,1.);
#3855=VECTOR('',#12763,1.);
#3856=VECTOR('',#12778,1.);
#3857=VECTOR('',#12779,1.);
#3858=VECTOR('',#12780,1.);
#3859=VECTOR('',#12781,1.);
#3860=VECTOR('',#12784,1.);
#3861=VECTOR('',#12785,1.);
#3862=VECTOR('',#12786,1.);
#3863=VECTOR('',#12789,1.);
#3864=VECTOR('',#12790,1.);
#3865=VECTOR('',#12791,1.);
#3866=VECTOR('',#12794,1.);
#3867=VECTOR('',#12795,1.);
#3868=VECTOR('',#12804,1.);
#3869=VECTOR('',#12805,1.);
#3870=VECTOR('',#12806,1.);
#3871=VECTOR('',#12807,1.);
#3872=VECTOR('',#12810,1.);
#3873=VECTOR('',#12811,1.);
#3874=VECTOR('',#12812,1.);
#3875=VECTOR('',#12815,1.);
#3876=VECTOR('',#12816,1.);
#3877=VECTOR('',#12817,1.);
#3878=VECTOR('',#12820,1.);
#3879=VECTOR('',#12821,1.);
#3880=VECTOR('',#12836,1.);
#3881=VECTOR('',#12837,1.);
#3882=VECTOR('',#12838,1.);
#3883=VECTOR('',#12839,1.);
#3884=VECTOR('',#12842,1.);
#3885=VECTOR('',#12843,1.);
#3886=VECTOR('',#12844,1.);
#3887=VECTOR('',#12847,1.);
#3888=VECTOR('',#12848,1.);
#3889=VECTOR('',#12849,1.);
#3890=VECTOR('',#12852,1.);
#3891=VECTOR('',#12853,1.);
#3892=VECTOR('',#12862,1.);
#3893=VECTOR('',#12863,1.);
#3894=VECTOR('',#12864,1.);
#3895=VECTOR('',#12865,1.);
#3896=VECTOR('',#12868,1.);
#3897=VECTOR('',#12869,1.);
#3898=VECTOR('',#12870,1.);
#3899=VECTOR('',#12873,1.);
#3900=VECTOR('',#12874,1.);
#3901=VECTOR('',#12875,1.);
#3902=VECTOR('',#12878,1.);
#3903=VECTOR('',#12879,1.);
#3904=VECTOR('',#12894,1.);
#3905=VECTOR('',#12895,1.);
#3906=VECTOR('',#12896,1.);
#3907=VECTOR('',#12897,1.);
#3908=VECTOR('',#12900,1.);
#3909=VECTOR('',#12901,1.);
#3910=VECTOR('',#12902,1.);
#3911=VECTOR('',#12905,1.);
#3912=VECTOR('',#12906,1.);
#3913=VECTOR('',#12907,1.);
#3914=VECTOR('',#12910,1.);
#3915=VECTOR('',#12911,1.);
#3916=VECTOR('',#12920,1.);
#3917=VECTOR('',#12921,1.);
#3918=VECTOR('',#12922,1.);
#3919=VECTOR('',#12923,1.);
#3920=VECTOR('',#12926,1.);
#3921=VECTOR('',#12927,1.);
#3922=VECTOR('',#12928,1.);
#3923=VECTOR('',#12931,1.);
#3924=VECTOR('',#12932,1.);
#3925=VECTOR('',#12933,1.);
#3926=VECTOR('',#12936,1.);
#3927=VECTOR('',#12937,1.);
#3928=VECTOR('',#12952,1.);
#3929=VECTOR('',#12953,1.);
#3930=VECTOR('',#12954,1.);
#3931=VECTOR('',#12955,1.);
#3932=VECTOR('',#12958,1.);
#3933=VECTOR('',#12959,1.);
#3934=VECTOR('',#12960,1.);
#3935=VECTOR('',#12963,1.);
#3936=VECTOR('',#12964,1.);
#3937=VECTOR('',#12965,1.);
#3938=VECTOR('',#12968,1.);
#3939=VECTOR('',#12969,1.);
#3940=VECTOR('',#12978,1.);
#3941=VECTOR('',#12979,1.);
#3942=VECTOR('',#12980,1.);
#3943=VECTOR('',#12981,1.);
#3944=VECTOR('',#12984,1.);
#3945=VECTOR('',#12985,1.);
#3946=VECTOR('',#12986,1.);
#3947=VECTOR('',#12989,1.);
#3948=VECTOR('',#12990,1.);
#3949=VECTOR('',#12991,1.);
#3950=VECTOR('',#12994,1.);
#3951=VECTOR('',#12995,1.);
#3952=VECTOR('',#13010,1.);
#3953=VECTOR('',#13011,1.);
#3954=VECTOR('',#13012,1.);
#3955=VECTOR('',#13013,1.);
#3956=VECTOR('',#13016,1.);
#3957=VECTOR('',#13017,1.);
#3958=VECTOR('',#13018,1.);
#3959=VECTOR('',#13021,1.);
#3960=VECTOR('',#13022,1.);
#3961=VECTOR('',#13023,1.);
#3962=VECTOR('',#13026,1.);
#3963=VECTOR('',#13027,1.);
#3964=VECTOR('',#13036,1.);
#3965=VECTOR('',#13037,1.);
#3966=VECTOR('',#13038,1.);
#3967=VECTOR('',#13039,1.);
#3968=VECTOR('',#13042,1.);
#3969=VECTOR('',#13043,1.);
#3970=VECTOR('',#13044,1.);
#3971=VECTOR('',#13047,1.);
#3972=VECTOR('',#13048,1.);
#3973=VECTOR('',#13049,1.);
#3974=VECTOR('',#13052,1.);
#3975=VECTOR('',#13053,1.);
#3976=VECTOR('',#13068,1.);
#3977=VECTOR('',#13069,1.);
#3978=VECTOR('',#13070,1.);
#3979=VECTOR('',#13071,1.);
#3980=VECTOR('',#13074,1.);
#3981=VECTOR('',#13075,1.);
#3982=VECTOR('',#13076,1.);
#3983=VECTOR('',#13079,1.);
#3984=VECTOR('',#13080,1.);
#3985=VECTOR('',#13081,1.);
#3986=VECTOR('',#13084,1.);
#3987=VECTOR('',#13085,1.);
#3988=VECTOR('',#13094,1.);
#3989=VECTOR('',#13095,1.);
#3990=VECTOR('',#13096,1.);
#3991=VECTOR('',#13097,1.);
#3992=VECTOR('',#13100,1.);
#3993=VECTOR('',#13101,1.);
#3994=VECTOR('',#13102,1.);
#3995=VECTOR('',#13105,1.);
#3996=VECTOR('',#13106,1.);
#3997=VECTOR('',#13107,1.);
#3998=VECTOR('',#13110,1.);
#3999=VECTOR('',#13111,1.);
#4000=VECTOR('',#13126,1.);
#4001=VECTOR('',#13127,1.);
#4002=VECTOR('',#13128,1.);
#4003=VECTOR('',#13129,1.);
#4004=VECTOR('',#13132,1.);
#4005=VECTOR('',#13133,1.);
#4006=VECTOR('',#13134,1.);
#4007=VECTOR('',#13137,1.);
#4008=VECTOR('',#13138,1.);
#4009=VECTOR('',#13139,1.);
#4010=VECTOR('',#13142,1.);
#4011=VECTOR('',#13143,1.);
#4012=VECTOR('',#13152,1.);
#4013=VECTOR('',#13153,1.);
#4014=VECTOR('',#13154,1.);
#4015=VECTOR('',#13155,1.);
#4016=VECTOR('',#13158,1.);
#4017=VECTOR('',#13159,1.);
#4018=VECTOR('',#13160,1.);
#4019=VECTOR('',#13163,1.);
#4020=VECTOR('',#13164,1.);
#4021=VECTOR('',#13165,1.);
#4022=VECTOR('',#13168,1.);
#4023=VECTOR('',#13169,1.);
#4024=VECTOR('',#13190,0.8);
#4025=VECTOR('',#13197,0.45);
#4026=VECTOR('',#13208,0.8);
#4027=VECTOR('',#13215,0.45);
#4028=VECTOR('',#13226,0.8);
#4029=VECTOR('',#13233,0.45);
#4030=VECTOR('',#13238,1.);
#4031=VECTOR('',#13239,1.);
#4032=VECTOR('',#13240,1.);
#4033=VECTOR('',#13241,1.);
#4034=VECTOR('',#13246,1.);
#4035=VECTOR('',#13249,1.);
#4036=VECTOR('',#13252,1.);
#4037=VECTOR('',#13255,1.);
#4038=VECTOR('',#13258,1.);
#4039=VECTOR('',#13261,1.);
#4040=VECTOR('',#13264,1.);
#4041=VECTOR('',#13267,1.);
#4042=VECTOR('',#13270,1.);
#4043=VECTOR('',#13273,1.);
#4044=VECTOR('',#13276,1.);
#4045=VECTOR('',#13279,1.);
#4046=VECTOR('',#13282,1.);
#4047=VECTOR('',#13285,1.);
#4048=VECTOR('',#13288,1.);
#4049=VECTOR('',#13291,1.);
#4050=VECTOR('',#13294,1.);
#4051=VECTOR('',#13297,1.);
#4052=VECTOR('',#13298,1.);
#4053=VECTOR('',#13299,1.);
#4054=VECTOR('',#13306,1.);
#4055=VECTOR('',#13309,1.);
#4056=VECTOR('',#13314,1.);
#4057=VECTOR('',#13315,1.);
#4058=VECTOR('',#13316,1.);
#4059=VECTOR('',#13319,1.);
#4060=VECTOR('',#13322,1.);
#4061=VECTOR('',#13325,1.);
#4062=VECTOR('',#13328,1.);
#4063=VECTOR('',#13331,1.);
#4064=VECTOR('',#13334,1.);
#4065=VECTOR('',#13337,1.);
#4066=VECTOR('',#13340,1.);
#4067=VECTOR('',#13343,1.);
#4068=VECTOR('',#13346,1.);
#4069=VECTOR('',#13349,1.);
#4070=VECTOR('',#13352,1.);
#4071=VECTOR('',#13355,1.);
#4072=VECTOR('',#13358,1.);
#4073=VECTOR('',#13361,1.);
#4074=VECTOR('',#13364,1.);
#4075=VECTOR('',#13367,1.);
#4076=VECTOR('',#13370,1.);
#4077=VECTOR('',#13373,1.);
#4078=VECTOR('',#13376,1.);
#4079=VECTOR('',#13379,1.);
#4080=VECTOR('',#13382,1.);
#4081=VECTOR('',#13385,1.);
#4082=VECTOR('',#13388,1.);
#4083=VECTOR('',#13391,1.);
#4084=VECTOR('',#13394,1.);
#4085=VECTOR('',#13397,1.);
#4086=VECTOR('',#13400,1.);
#4087=VECTOR('',#13403,1.);
#4088=VECTOR('',#13406,1.);
#4089=VECTOR('',#13409,1.);
#4090=VECTOR('',#13412,1.);
#4091=VECTOR('',#13415,1.);
#4092=VECTOR('',#13418,1.);
#4093=VECTOR('',#13421,1.);
#4094=VECTOR('',#13424,1.);
#4095=VECTOR('',#13427,1.);
#4096=VECTOR('',#13430,1.);
#4097=VECTOR('',#13433,1.);
#4098=VECTOR('',#13436,1.);
#4099=VECTOR('',#13439,1.);
#4100=VECTOR('',#13442,1.);
#4101=VECTOR('',#13445,1.);
#4102=VECTOR('',#13448,1.);
#4103=VECTOR('',#13451,1.);
#4104=VECTOR('',#13454,1.);
#4105=VECTOR('',#13457,1.);
#4106=VECTOR('',#13460,1.);
#4107=VECTOR('',#13463,1.);
#4108=VECTOR('',#13466,1.);
#4109=VECTOR('',#13469,1.);
#4110=VECTOR('',#13472,1.);
#4111=VECTOR('',#13475,1.);
#4112=VERTEX_POINT('',#13523);
#4113=VERTEX_POINT('',#13524);
#4114=VERTEX_POINT('',#13526);
#4115=VERTEX_POINT('',#13528);
#4116=VERTEX_POINT('',#13532);
#4117=VERTEX_POINT('',#13533);
#4118=VERTEX_POINT('',#13538);
#4119=VERTEX_POINT('',#13540);
#4120=VERTEX_POINT('',#13545);
#4121=VERTEX_POINT('',#13547);
#4122=VERTEX_POINT('',#13549);
#4123=VERTEX_POINT('',#13551);
#4124=VERTEX_POINT('',#13553);
#4125=VERTEX_POINT('',#13555);
#4126=VERTEX_POINT('',#13557);
#4127=VERTEX_POINT('',#13559);
#4128=VERTEX_POINT('',#13561);
#4129=VERTEX_POINT('',#13563);
#4130=VERTEX_POINT('',#13565);
#4131=VERTEX_POINT('',#13567);
#4132=VERTEX_POINT('',#13569);
#4133=VERTEX_POINT('',#13571);
#4134=VERTEX_POINT('',#13573);
#4135=VERTEX_POINT('',#13575);
#4136=VERTEX_POINT('',#13577);
#4137=VERTEX_POINT('',#13579);
#4138=VERTEX_POINT('',#13581);
#4139=VERTEX_POINT('',#13585);
#4140=VERTEX_POINT('',#13587);
#4141=VERTEX_POINT('',#13589);
#4142=VERTEX_POINT('',#13591);
#4143=VERTEX_POINT('',#13593);
#4144=VERTEX_POINT('',#13595);
#4145=VERTEX_POINT('',#13597);
#4146=VERTEX_POINT('',#13599);
#4147=VERTEX_POINT('',#13601);
#4148=VERTEX_POINT('',#13603);
#4149=VERTEX_POINT('',#13605);
#4150=VERTEX_POINT('',#13607);
#4151=VERTEX_POINT('',#13609);
#4152=VERTEX_POINT('',#13611);
#4153=VERTEX_POINT('',#13613);
#4154=VERTEX_POINT('',#13615);
#4155=VERTEX_POINT('',#13617);
#4156=VERTEX_POINT('',#13619);
#4157=VERTEX_POINT('',#13621);
#4158=VERTEX_POINT('',#13666);
#4159=VERTEX_POINT('',#13667);
#4160=VERTEX_POINT('',#13669);
#4161=VERTEX_POINT('',#13671);
#4162=VERTEX_POINT('',#13675);
#4163=VERTEX_POINT('',#13677);
#4164=VERTEX_POINT('',#13679);
#4165=VERTEX_POINT('',#13681);
#4166=VERTEX_POINT('',#13683);
#4167=VERTEX_POINT('',#13685);
#4168=VERTEX_POINT('',#13688);
#4169=VERTEX_POINT('',#13689);
#4170=VERTEX_POINT('',#13691);
#4171=VERTEX_POINT('',#13693);
#4172=VERTEX_POINT('',#13697);
#4173=VERTEX_POINT('',#13701);
#4174=VERTEX_POINT('',#13705);
#4175=VERTEX_POINT('',#13707);
#4176=VERTEX_POINT('',#13709);
#4177=VERTEX_POINT('',#13711);
#4178=VERTEX_POINT('',#13714);
#4179=VERTEX_POINT('',#13715);
#4180=VERTEX_POINT('',#13717);
#4181=VERTEX_POINT('',#13719);
#4182=VERTEX_POINT('',#13750);
#4183=VERTEX_POINT('',#13751);
#4184=VERTEX_POINT('',#13753);
#4185=VERTEX_POINT('',#13755);
#4186=VERTEX_POINT('',#13759);
#4187=VERTEX_POINT('',#13760);
#4188=VERTEX_POINT('',#13765);
#4189=VERTEX_POINT('',#13767);
#4190=VERTEX_POINT('',#13771);
#4191=VERTEX_POINT('',#13773);
#4192=VERTEX_POINT('',#13777);
#4193=VERTEX_POINT('',#13779);
#4194=VERTEX_POINT('',#13786);
#4195=VERTEX_POINT('',#13790);
#4196=VERTEX_POINT('',#13794);
#4197=VERTEX_POINT('',#13800);
#4198=VERTEX_POINT('',#13818);
#4199=VERTEX_POINT('',#13820);
#4200=VERTEX_POINT('',#13838);
#4201=VERTEX_POINT('',#13839);
#4202=VERTEX_POINT('',#13841);
#4203=VERTEX_POINT('',#13843);
#4204=VERTEX_POINT('',#13847);
#4205=VERTEX_POINT('',#13849);
#4206=VERTEX_POINT('',#13851);
#4207=VERTEX_POINT('',#13853);
#4208=VERTEX_POINT('',#13855);
#4209=VERTEX_POINT('',#13857);
#4210=VERTEX_POINT('',#13860);
#4211=VERTEX_POINT('',#13861);
#4212=VERTEX_POINT('',#13863);
#4213=VERTEX_POINT('',#13865);
#4214=VERTEX_POINT('',#13869);
#4215=VERTEX_POINT('',#13873);
#4216=VERTEX_POINT('',#13877);
#4217=VERTEX_POINT('',#13879);
#4218=VERTEX_POINT('',#13881);
#4219=VERTEX_POINT('',#13883);
#4220=VERTEX_POINT('',#13886);
#4221=VERTEX_POINT('',#13887);
#4222=VERTEX_POINT('',#13889);
#4223=VERTEX_POINT('',#13891);
#4224=VERTEX_POINT('',#13922);
#4225=VERTEX_POINT('',#13923);
#4226=VERTEX_POINT('',#13925);
#4227=VERTEX_POINT('',#13927);
#4228=VERTEX_POINT('',#13931);
#4229=VERTEX_POINT('',#13932);
#4230=VERTEX_POINT('',#13937);
#4231=VERTEX_POINT('',#13939);
#4232=VERTEX_POINT('',#13943);
#4233=VERTEX_POINT('',#13945);
#4234=VERTEX_POINT('',#13949);
#4235=VERTEX_POINT('',#13951);
#4236=VERTEX_POINT('',#13958);
#4237=VERTEX_POINT('',#13962);
#4238=VERTEX_POINT('',#13966);
#4239=VERTEX_POINT('',#13972);
#4240=VERTEX_POINT('',#13990);
#4241=VERTEX_POINT('',#13992);
#4242=VERTEX_POINT('',#14009);
#4243=VERTEX_POINT('',#14010);
#4244=VERTEX_POINT('',#14012);
#4245=VERTEX_POINT('',#14014);
#4246=VERTEX_POINT('',#14018);
#4247=VERTEX_POINT('',#14020);
#4248=VERTEX_POINT('',#14024);
#4249=VERTEX_POINT('',#14026);
#4250=VERTEX_POINT('',#14036);
#4251=VERTEX_POINT('',#14037);
#4252=VERTEX_POINT('',#14039);
#4253=VERTEX_POINT('',#14041);
#4254=VERTEX_POINT('',#14045);
#4255=VERTEX_POINT('',#14047);
#4256=VERTEX_POINT('',#14051);
#4257=VERTEX_POINT('',#14053);
#4258=VERTEX_POINT('',#14063);
#4259=VERTEX_POINT('',#14064);
#4260=VERTEX_POINT('',#14066);
#4261=VERTEX_POINT('',#14068);
#4262=VERTEX_POINT('',#14072);
#4263=VERTEX_POINT('',#14074);
#4264=VERTEX_POINT('',#14078);
#4265=VERTEX_POINT('',#14080);
#4266=VERTEX_POINT('',#14090);
#4267=VERTEX_POINT('',#14091);
#4268=VERTEX_POINT('',#14093);
#4269=VERTEX_POINT('',#14095);
#4270=VERTEX_POINT('',#14099);
#4271=VERTEX_POINT('',#14101);
#4272=VERTEX_POINT('',#14105);
#4273=VERTEX_POINT('',#14107);
#4274=VERTEX_POINT('',#14117);
#4275=VERTEX_POINT('',#14118);
#4276=VERTEX_POINT('',#14120);
#4277=VERTEX_POINT('',#14122);
#4278=VERTEX_POINT('',#14124);
#4279=VERTEX_POINT('',#14126);
#4280=VERTEX_POINT('',#14128);
#4281=VERTEX_POINT('',#14130);
#4282=VERTEX_POINT('',#14133);
#4283=VERTEX_POINT('',#14136);
#4284=VERTEX_POINT('',#14137);
#4285=VERTEX_POINT('',#14141);
#4286=VERTEX_POINT('',#14167);
#4287=VERTEX_POINT('',#14169);
#4288=VERTEX_POINT('',#14195);
#4289=VERTEX_POINT('',#14215);
#4290=VERTEX_POINT('',#14241);
#4291=VERTEX_POINT('',#14243);
#4292=VERTEX_POINT('',#14269);
#4293=VERTEX_POINT('',#14281);
#4294=VERTEX_POINT('',#14292);
#4295=VERTEX_POINT('',#14318);
#4296=VERTEX_POINT('',#14320);
#4297=VERTEX_POINT('',#14346);
#4298=VERTEX_POINT('',#14366);
#4299=VERTEX_POINT('',#14392);
#4300=VERTEX_POINT('',#14420);
#4301=VERTEX_POINT('',#14421);
#4302=VERTEX_POINT('',#14426);
#4303=VERTEX_POINT('',#14428);
#4304=VERTEX_POINT('',#14430);
#4305=VERTEX_POINT('',#14434);
#4306=VERTEX_POINT('',#14435);
#4307=VERTEX_POINT('',#14438);
#4308=VERTEX_POINT('',#14442);
#4309=VERTEX_POINT('',#14446);
#4310=VERTEX_POINT('',#14450);
#4311=VERTEX_POINT('',#14452);
#4312=VERTEX_POINT('',#14454);
#4313=VERTEX_POINT('',#14458);
#4314=VERTEX_POINT('',#14459);
#4315=VERTEX_POINT('',#14462);
#4316=VERTEX_POINT('',#14468);
#4317=VERTEX_POINT('',#14470);
#4318=VERTEX_POINT('',#14476);
#4319=VERTEX_POINT('',#14478);
#4320=VERTEX_POINT('',#14480);
#4321=VERTEX_POINT('',#14505);
#4322=VERTEX_POINT('',#14509);
#4323=VERTEX_POINT('',#14511);
#4324=VERTEX_POINT('',#14534);
#4325=VERTEX_POINT('',#14538);
#4326=VERTEX_POINT('',#14560);
#4327=VERTEX_POINT('',#14562);
#4328=VERTEX_POINT('',#14564);
#4329=VERTEX_POINT('',#14589);
#4330=VERTEX_POINT('',#14593);
#4331=VERTEX_POINT('',#14595);
#4332=VERTEX_POINT('',#14618);
#4333=VERTEX_POINT('',#14622);
#4334=VERTEX_POINT('',#14624);
#4335=VERTEX_POINT('',#14646);
#4336=VERTEX_POINT('',#14648);
#4337=VERTEX_POINT('',#14650);
#4338=VERTEX_POINT('',#14675);
#4339=VERTEX_POINT('',#14679);
#4340=VERTEX_POINT('',#14681);
#4341=VERTEX_POINT('',#14704);
#4342=VERTEX_POINT('',#14708);
#4343=VERTEX_POINT('',#14730);
#4344=VERTEX_POINT('',#14732);
#4345=VERTEX_POINT('',#14734);
#4346=VERTEX_POINT('',#14759);
#4347=VERTEX_POINT('',#14763);
#4348=VERTEX_POINT('',#14786);
#4349=VERTEX_POINT('',#14792);
#4350=VERTEX_POINT('',#14801);
#4351=VERTEX_POINT('',#14813);
#4352=VERTEX_POINT('',#14821);
#4353=VERTEX_POINT('',#14838);
#4354=VERTEX_POINT('',#14839);
#4355=VERTEX_POINT('',#14841);
#4356=VERTEX_POINT('',#14843);
#4357=VERTEX_POINT('',#14845);
#4358=VERTEX_POINT('',#14847);
#4359=VERTEX_POINT('',#14849);
#4360=VERTEX_POINT('',#14851);
#4361=VERTEX_POINT('',#14853);
#4362=VERTEX_POINT('',#14855);
#4363=VERTEX_POINT('',#14857);
#4364=VERTEX_POINT('',#14859);
#4365=VERTEX_POINT('',#14861);
#4366=VERTEX_POINT('',#14863);
#4367=VERTEX_POINT('',#14865);
#4368=VERTEX_POINT('',#14867);
#4369=VERTEX_POINT('',#14869);
#4370=VERTEX_POINT('',#14871);
#4371=VERTEX_POINT('',#14873);
#4372=VERTEX_POINT('',#14875);
#4373=VERTEX_POINT('',#14877);
#4374=VERTEX_POINT('',#14879);
#4375=VERTEX_POINT('',#14881);
#4376=VERTEX_POINT('',#14883);
#4377=VERTEX_POINT('',#14885);
#4378=VERTEX_POINT('',#14887);
#4379=VERTEX_POINT('',#14889);
#4380=VERTEX_POINT('',#14891);
#4381=VERTEX_POINT('',#14893);
#4382=VERTEX_POINT('',#14895);
#4383=VERTEX_POINT('',#14897);
#4384=VERTEX_POINT('',#14899);
#4385=VERTEX_POINT('',#14903);
#4386=VERTEX_POINT('',#14904);
#4387=VERTEX_POINT('',#14906);
#4388=VERTEX_POINT('',#14908);
#4389=VERTEX_POINT('',#14910);
#4390=VERTEX_POINT('',#14912);
#4391=VERTEX_POINT('',#14914);
#4392=VERTEX_POINT('',#14916);
#4393=VERTEX_POINT('',#14918);
#4394=VERTEX_POINT('',#14920);
#4395=VERTEX_POINT('',#14922);
#4396=VERTEX_POINT('',#14924);
#4397=VERTEX_POINT('',#14926);
#4398=VERTEX_POINT('',#14928);
#4399=VERTEX_POINT('',#14930);
#4400=VERTEX_POINT('',#14932);
#4401=VERTEX_POINT('',#14934);
#4402=VERTEX_POINT('',#14936);
#4403=VERTEX_POINT('',#14938);
#4404=VERTEX_POINT('',#14940);
#4405=VERTEX_POINT('',#14942);
#4406=VERTEX_POINT('',#14944);
#4407=VERTEX_POINT('',#14946);
#4408=VERTEX_POINT('',#14948);
#4409=VERTEX_POINT('',#14950);
#4410=VERTEX_POINT('',#14952);
#4411=VERTEX_POINT('',#14954);
#4412=VERTEX_POINT('',#14956);
#4413=VERTEX_POINT('',#14958);
#4414=VERTEX_POINT('',#14960);
#4415=VERTEX_POINT('',#14962);
#4416=VERTEX_POINT('',#14964);
#4417=VERTEX_POINT('',#14966);
#4418=VERTEX_POINT('',#14968);
#4419=VERTEX_POINT('',#14970);
#4420=VERTEX_POINT('',#14972);
#4421=VERTEX_POINT('',#14974);
#4422=VERTEX_POINT('',#14976);
#4423=VERTEX_POINT('',#14978);
#4424=VERTEX_POINT('',#14980);
#4425=VERTEX_POINT('',#14982);
#4426=VERTEX_POINT('',#14984);
#4427=VERTEX_POINT('',#14986);
#4428=VERTEX_POINT('',#14988);
#4429=VERTEX_POINT('',#14990);
#4430=VERTEX_POINT('',#14992);
#4431=VERTEX_POINT('',#14994);
#4432=VERTEX_POINT('',#14996);
#4433=VERTEX_POINT('',#14998);
#4434=VERTEX_POINT('',#15000);
#4435=VERTEX_POINT('',#15002);
#4436=VERTEX_POINT('',#15004);
#4437=VERTEX_POINT('',#15006);
#4438=VERTEX_POINT('',#15008);
#4439=VERTEX_POINT('',#15010);
#4440=VERTEX_POINT('',#15012);
#4441=VERTEX_POINT('',#15014);
#4442=VERTEX_POINT('',#15016);
#4443=VERTEX_POINT('',#15019);
#4444=VERTEX_POINT('',#15021);
#4445=VERTEX_POINT('',#15024);
#4446=VERTEX_POINT('',#15026);
#4447=VERTEX_POINT('',#15029);
#4448=VERTEX_POINT('',#15031);
#4449=VERTEX_POINT('',#15034);
#4450=VERTEX_POINT('',#15036);
#4451=VERTEX_POINT('',#15039);
#4452=VERTEX_POINT('',#15041);
#4453=VERTEX_POINT('',#15044);
#4454=VERTEX_POINT('',#15046);
#4455=VERTEX_POINT('',#15049);
#4456=VERTEX_POINT('',#15051);
#4457=VERTEX_POINT('',#15054);
#4458=VERTEX_POINT('',#15056);
#4459=VERTEX_POINT('',#15058);
#4460=VERTEX_POINT('',#15060);
#4461=VERTEX_POINT('',#15062);
#4462=VERTEX_POINT('',#15064);
#4463=VERTEX_POINT('',#15066);
#4464=VERTEX_POINT('',#15068);
#4465=VERTEX_POINT('',#15070);
#4466=VERTEX_POINT('',#15072);
#4467=VERTEX_POINT('',#15074);
#4468=VERTEX_POINT('',#15076);
#4469=VERTEX_POINT('',#15078);
#4470=VERTEX_POINT('',#15080);
#4471=VERTEX_POINT('',#15082);
#4472=VERTEX_POINT('',#15084);
#4473=VERTEX_POINT('',#15086);
#4474=VERTEX_POINT('',#15088);
#4475=VERTEX_POINT('',#15090);
#4476=VERTEX_POINT('',#15092);
#4477=VERTEX_POINT('',#15094);
#4478=VERTEX_POINT('',#15096);
#4479=VERTEX_POINT('',#15098);
#4480=VERTEX_POINT('',#15100);
#4481=VERTEX_POINT('',#15102);
#4482=VERTEX_POINT('',#15104);
#4483=VERTEX_POINT('',#15106);
#4484=VERTEX_POINT('',#15108);
#4485=VERTEX_POINT('',#15112);
#4486=VERTEX_POINT('',#15116);
#4487=VERTEX_POINT('',#15122);
#4488=VERTEX_POINT('',#15126);
#4489=VERTEX_POINT('',#15132);
#4490=VERTEX_POINT('',#15136);
#4491=VERTEX_POINT('',#15142);
#4492=VERTEX_POINT('',#15146);
#4493=VERTEX_POINT('',#15152);
#4494=VERTEX_POINT('',#15156);
#4495=VERTEX_POINT('',#15162);
#4496=VERTEX_POINT('',#15166);
#4497=VERTEX_POINT('',#15172);
#4498=VERTEX_POINT('',#15176);
#4499=VERTEX_POINT('',#15182);
#4500=VERTEX_POINT('',#15184);
#4501=VERTEX_POINT('',#15187);
#4502=VERTEX_POINT('',#15189);
#4503=VERTEX_POINT('',#15192);
#4504=VERTEX_POINT('',#15194);
#4505=VERTEX_POINT('',#15197);
#4506=VERTEX_POINT('',#15199);
#4507=VERTEX_POINT('',#15202);
#4508=VERTEX_POINT('',#15204);
#4509=VERTEX_POINT('',#15207);
#4510=VERTEX_POINT('',#15209);
#4511=VERTEX_POINT('',#15212);
#4512=VERTEX_POINT('',#15214);
#4513=VERTEX_POINT('',#15217);
#4514=VERTEX_POINT('',#15221);
#4515=VERTEX_POINT('',#15224);
#4516=VERTEX_POINT('',#15227);
#4517=VERTEX_POINT('',#15229);
#4518=VERTEX_POINT('',#15232);
#4519=VERTEX_POINT('',#15234);
#4520=VERTEX_POINT('',#15237);
#4521=VERTEX_POINT('',#15239);
#4522=VERTEX_POINT('',#15242);
#4523=VERTEX_POINT('',#15244);
#4524=VERTEX_POINT('',#15247);
#4525=VERTEX_POINT('',#15249);
#4526=VERTEX_POINT('',#15252);
#4527=VERTEX_POINT('',#15254);
#4528=VERTEX_POINT('',#15257);
#4529=VERTEX_POINT('',#15259);
#4530=VERTEX_POINT('',#15264);
#4531=VERTEX_POINT('',#15266);
#4532=VERTEX_POINT('',#15269);
#4533=VERTEX_POINT('',#15271);
#4534=VERTEX_POINT('',#15274);
#4535=VERTEX_POINT('',#15276);
#4536=VERTEX_POINT('',#15279);
#4537=VERTEX_POINT('',#15281);
#4538=VERTEX_POINT('',#15284);
#4539=VERTEX_POINT('',#15286);
#4540=VERTEX_POINT('',#15289);
#4541=VERTEX_POINT('',#15291);
#4542=VERTEX_POINT('',#15294);
#4543=VERTEX_POINT('',#15296);
#4544=VERTEX_POINT('',#15300);
#4545=VERTEX_POINT('',#15304);
#4546=VERTEX_POINT('',#15310);
#4547=VERTEX_POINT('',#15314);
#4548=VERTEX_POINT('',#15320);
#4549=VERTEX_POINT('',#15324);
#4550=VERTEX_POINT('',#15330);
#4551=VERTEX_POINT('',#15334);
#4552=VERTEX_POINT('',#15340);
#4553=VERTEX_POINT('',#15344);
#4554=VERTEX_POINT('',#15350);
#4555=VERTEX_POINT('',#15354);
#4556=VERTEX_POINT('',#15360);
#4557=VERTEX_POINT('',#15364);
#4558=VERTEX_POINT('',#15370);
#4559=VERTEX_POINT('',#15374);
#4560=VERTEX_POINT('',#15380);
#4561=VERTEX_POINT('',#15384);
#4562=VERTEX_POINT('',#15390);
#4563=VERTEX_POINT('',#15394);
#4564=VERTEX_POINT('',#15400);
#4565=VERTEX_POINT('',#15404);
#4566=VERTEX_POINT('',#15410);
#4567=VERTEX_POINT('',#15414);
#4568=VERTEX_POINT('',#15420);
#4569=VERTEX_POINT('',#15424);
#4570=VERTEX_POINT('',#15430);
#4571=VERTEX_POINT('',#15434);
#4572=VERTEX_POINT('',#15447);
#4573=VERTEX_POINT('',#15451);
#4574=VERTEX_POINT('',#15457);
#4575=VERTEX_POINT('',#15461);
#4576=VERTEX_POINT('',#15467);
#4577=VERTEX_POINT('',#15471);
#4578=VERTEX_POINT('',#15477);
#4579=VERTEX_POINT('',#15481);
#4580=VERTEX_POINT('',#15487);
#4581=VERTEX_POINT('',#15491);
#4582=VERTEX_POINT('',#15497);
#4583=VERTEX_POINT('',#15501);
#4584=VERTEX_POINT('',#15507);
#4585=VERTEX_POINT('',#15511);
#4586=VERTEX_POINT('',#15524);
#4587=VERTEX_POINT('',#15546);
#4588=VERTEX_POINT('',#15547);
#4589=VERTEX_POINT('',#15549);
#4590=VERTEX_POINT('',#15551);
#4591=VERTEX_POINT('',#15555);
#4592=VERTEX_POINT('',#15557);
#4593=VERTEX_POINT('',#15559);
#4594=VERTEX_POINT('',#15563);
#4595=VERTEX_POINT('',#15565);
#4596=VERTEX_POINT('',#15567);
#4597=VERTEX_POINT('',#15593);
#4598=VERTEX_POINT('',#15594);
#4599=VERTEX_POINT('',#15596);
#4600=VERTEX_POINT('',#15598);
#4601=VERTEX_POINT('',#15602);
#4602=VERTEX_POINT('',#15604);
#4603=VERTEX_POINT('',#15608);
#4604=VERTEX_POINT('',#15610);
#4605=VERTEX_POINT('',#15620);
#4606=VERTEX_POINT('',#15621);
#4607=VERTEX_POINT('',#15623);
#4608=VERTEX_POINT('',#15625);
#4609=VERTEX_POINT('',#15629);
#4610=VERTEX_POINT('',#15631);
#4611=VERTEX_POINT('',#15635);
#4612=VERTEX_POINT('',#15637);
#4613=VERTEX_POINT('',#15650);
#4614=VERTEX_POINT('',#15651);
#4615=VERTEX_POINT('',#15653);
#4616=VERTEX_POINT('',#15655);
#4617=VERTEX_POINT('',#15659);
#4618=VERTEX_POINT('',#15661);
#4619=VERTEX_POINT('',#15665);
#4620=VERTEX_POINT('',#15667);
#4621=VERTEX_POINT('',#15677);
#4622=VERTEX_POINT('',#15678);
#4623=VERTEX_POINT('',#15680);
#4624=VERTEX_POINT('',#15682);
#4625=VERTEX_POINT('',#15686);
#4626=VERTEX_POINT('',#15688);
#4627=VERTEX_POINT('',#15692);
#4628=VERTEX_POINT('',#15694);
#4629=VERTEX_POINT('',#15707);
#4630=VERTEX_POINT('',#15708);
#4631=VERTEX_POINT('',#15710);
#4632=VERTEX_POINT('',#15712);
#4633=VERTEX_POINT('',#15716);
#4634=VERTEX_POINT('',#15718);
#4635=VERTEX_POINT('',#15722);
#4636=VERTEX_POINT('',#15724);
#4637=VERTEX_POINT('',#15734);
#4638=VERTEX_POINT('',#15735);
#4639=VERTEX_POINT('',#15737);
#4640=VERTEX_POINT('',#15739);
#4641=VERTEX_POINT('',#15743);
#4642=VERTEX_POINT('',#15745);
#4643=VERTEX_POINT('',#15749);
#4644=VERTEX_POINT('',#15751);
#4645=VERTEX_POINT('',#15764);
#4646=VERTEX_POINT('',#15765);
#4647=VERTEX_POINT('',#15767);
#4648=VERTEX_POINT('',#15769);
#4649=VERTEX_POINT('',#15773);
#4650=VERTEX_POINT('',#15775);
#4651=VERTEX_POINT('',#15779);
#4652=VERTEX_POINT('',#15781);
#4653=VERTEX_POINT('',#15791);
#4654=VERTEX_POINT('',#15792);
#4655=VERTEX_POINT('',#15794);
#4656=VERTEX_POINT('',#15796);
#4657=VERTEX_POINT('',#15800);
#4658=VERTEX_POINT('',#15802);
#4659=VERTEX_POINT('',#15806);
#4660=VERTEX_POINT('',#15808);
#4661=VERTEX_POINT('',#15821);
#4662=VERTEX_POINT('',#15822);
#4663=VERTEX_POINT('',#15824);
#4664=VERTEX_POINT('',#15826);
#4665=VERTEX_POINT('',#15830);
#4666=VERTEX_POINT('',#15832);
#4667=VERTEX_POINT('',#15836);
#4668=VERTEX_POINT('',#15838);
#4669=VERTEX_POINT('',#15848);
#4670=VERTEX_POINT('',#15849);
#4671=VERTEX_POINT('',#15851);
#4672=VERTEX_POINT('',#15853);
#4673=VERTEX_POINT('',#15857);
#4674=VERTEX_POINT('',#15859);
#4675=VERTEX_POINT('',#15863);
#4676=VERTEX_POINT('',#15865);
#4677=VERTEX_POINT('',#15878);
#4678=VERTEX_POINT('',#15879);
#4679=VERTEX_POINT('',#15881);
#4680=VERTEX_POINT('',#15883);
#4681=VERTEX_POINT('',#15887);
#4682=VERTEX_POINT('',#15889);
#4683=VERTEX_POINT('',#15893);
#4684=VERTEX_POINT('',#15895);
#4685=VERTEX_POINT('',#15905);
#4686=VERTEX_POINT('',#15906);
#4687=VERTEX_POINT('',#15908);
#4688=VERTEX_POINT('',#15910);
#4689=VERTEX_POINT('',#15914);
#4690=VERTEX_POINT('',#15916);
#4691=VERTEX_POINT('',#15920);
#4692=VERTEX_POINT('',#15922);
#4693=VERTEX_POINT('',#15935);
#4694=VERTEX_POINT('',#15936);
#4695=VERTEX_POINT('',#15938);
#4696=VERTEX_POINT('',#15940);
#4697=VERTEX_POINT('',#15944);
#4698=VERTEX_POINT('',#15946);
#4699=VERTEX_POINT('',#15950);
#4700=VERTEX_POINT('',#15952);
#4701=VERTEX_POINT('',#15962);
#4702=VERTEX_POINT('',#15963);
#4703=VERTEX_POINT('',#15965);
#4704=VERTEX_POINT('',#15967);
#4705=VERTEX_POINT('',#15971);
#4706=VERTEX_POINT('',#15973);
#4707=VERTEX_POINT('',#15977);
#4708=VERTEX_POINT('',#15979);
#4709=VERTEX_POINT('',#15992);
#4710=VERTEX_POINT('',#15993);
#4711=VERTEX_POINT('',#15995);
#4712=VERTEX_POINT('',#15997);
#4713=VERTEX_POINT('',#16001);
#4714=VERTEX_POINT('',#16003);
#4715=VERTEX_POINT('',#16007);
#4716=VERTEX_POINT('',#16009);
#4717=VERTEX_POINT('',#16019);
#4718=VERTEX_POINT('',#16020);
#4719=VERTEX_POINT('',#16022);
#4720=VERTEX_POINT('',#16024);
#4721=VERTEX_POINT('',#16028);
#4722=VERTEX_POINT('',#16030);
#4723=VERTEX_POINT('',#16034);
#4724=VERTEX_POINT('',#16036);
#4725=VERTEX_POINT('',#16049);
#4726=VERTEX_POINT('',#16050);
#4727=VERTEX_POINT('',#16052);
#4728=VERTEX_POINT('',#16054);
#4729=VERTEX_POINT('',#16058);
#4730=VERTEX_POINT('',#16060);
#4731=VERTEX_POINT('',#16064);
#4732=VERTEX_POINT('',#16066);
#4733=VERTEX_POINT('',#16076);
#4734=VERTEX_POINT('',#16077);
#4735=VERTEX_POINT('',#16079);
#4736=VERTEX_POINT('',#16081);
#4737=VERTEX_POINT('',#16085);
#4738=VERTEX_POINT('',#16087);
#4739=VERTEX_POINT('',#16091);
#4740=VERTEX_POINT('',#16093);
#4741=VERTEX_POINT('',#16106);
#4742=VERTEX_POINT('',#16107);
#4743=VERTEX_POINT('',#16109);
#4744=VERTEX_POINT('',#16111);
#4745=VERTEX_POINT('',#16115);
#4746=VERTEX_POINT('',#16117);
#4747=VERTEX_POINT('',#16121);
#4748=VERTEX_POINT('',#16123);
#4749=VERTEX_POINT('',#16133);
#4750=VERTEX_POINT('',#16134);
#4751=VERTEX_POINT('',#16136);
#4752=VERTEX_POINT('',#16138);
#4753=VERTEX_POINT('',#16142);
#4754=VERTEX_POINT('',#16144);
#4755=VERTEX_POINT('',#16148);
#4756=VERTEX_POINT('',#16150);
#4757=VERTEX_POINT('',#16163);
#4758=VERTEX_POINT('',#16164);
#4759=VERTEX_POINT('',#16166);
#4760=VERTEX_POINT('',#16168);
#4761=VERTEX_POINT('',#16172);
#4762=VERTEX_POINT('',#16174);
#4763=VERTEX_POINT('',#16178);
#4764=VERTEX_POINT('',#16180);
#4765=VERTEX_POINT('',#16190);
#4766=VERTEX_POINT('',#16191);
#4767=VERTEX_POINT('',#16193);
#4768=VERTEX_POINT('',#16195);
#4769=VERTEX_POINT('',#16199);
#4770=VERTEX_POINT('',#16201);
#4771=VERTEX_POINT('',#16205);
#4772=VERTEX_POINT('',#16207);
#4773=VERTEX_POINT('',#16220);
#4774=VERTEX_POINT('',#16221);
#4775=VERTEX_POINT('',#16223);
#4776=VERTEX_POINT('',#16225);
#4777=VERTEX_POINT('',#16229);
#4778=VERTEX_POINT('',#16231);
#4779=VERTEX_POINT('',#16235);
#4780=VERTEX_POINT('',#16237);
#4781=VERTEX_POINT('',#16247);
#4782=VERTEX_POINT('',#16248);
#4783=VERTEX_POINT('',#16250);
#4784=VERTEX_POINT('',#16252);
#4785=VERTEX_POINT('',#16256);
#4786=VERTEX_POINT('',#16258);
#4787=VERTEX_POINT('',#16262);
#4788=VERTEX_POINT('',#16264);
#4789=VERTEX_POINT('',#16277);
#4790=VERTEX_POINT('',#16278);
#4791=VERTEX_POINT('',#16280);
#4792=VERTEX_POINT('',#16282);
#4793=VERTEX_POINT('',#16286);
#4794=VERTEX_POINT('',#16288);
#4795=VERTEX_POINT('',#16292);
#4796=VERTEX_POINT('',#16294);
#4797=VERTEX_POINT('',#16304);
#4798=VERTEX_POINT('',#16305);
#4799=VERTEX_POINT('',#16307);
#4800=VERTEX_POINT('',#16309);
#4801=VERTEX_POINT('',#16313);
#4802=VERTEX_POINT('',#16315);
#4803=VERTEX_POINT('',#16319);
#4804=VERTEX_POINT('',#16321);
#4805=VERTEX_POINT('',#16334);
#4806=VERTEX_POINT('',#16335);
#4807=VERTEX_POINT('',#16337);
#4808=VERTEX_POINT('',#16339);
#4809=VERTEX_POINT('',#16343);
#4810=VERTEX_POINT('',#16345);
#4811=VERTEX_POINT('',#16349);
#4812=VERTEX_POINT('',#16351);
#4813=VERTEX_POINT('',#16361);
#4814=VERTEX_POINT('',#16362);
#4815=VERTEX_POINT('',#16364);
#4816=VERTEX_POINT('',#16366);
#4817=VERTEX_POINT('',#16370);
#4818=VERTEX_POINT('',#16372);
#4819=VERTEX_POINT('',#16376);
#4820=VERTEX_POINT('',#16378);
#4821=VERTEX_POINT('',#16390);
#4822=VERTEX_POINT('',#16392);
#4823=VERTEX_POINT('',#16395);
#4824=VERTEX_POINT('',#16399);
#4825=VERTEX_POINT('',#16404);
#4826=VERTEX_POINT('',#16406);
#4827=VERTEX_POINT('',#16409);
#4828=VERTEX_POINT('',#16413);
#4829=VERTEX_POINT('',#16418);
#4830=VERTEX_POINT('',#16420);
#4831=VERTEX_POINT('',#16423);
#4832=VERTEX_POINT('',#16427);
#4833=VERTEX_POINT('',#16433);
#4834=VERTEX_POINT('',#16434);
#4835=VERTEX_POINT('',#16436);
#4836=VERTEX_POINT('',#16438);
#4837=VERTEX_POINT('',#16442);
#4838=VERTEX_POINT('',#16444);
#4839=VERTEX_POINT('',#16446);
#4840=VERTEX_POINT('',#16448);
#4841=VERTEX_POINT('',#16450);
#4842=VERTEX_POINT('',#16452);
#4843=VERTEX_POINT('',#16454);
#4844=VERTEX_POINT('',#16456);
#4845=VERTEX_POINT('',#16458);
#4846=VERTEX_POINT('',#16460);
#4847=VERTEX_POINT('',#16462);
#4848=VERTEX_POINT('',#16464);
#4849=VERTEX_POINT('',#16466);
#4850=VERTEX_POINT('',#16468);
#4851=VERTEX_POINT('',#16470);
#4852=VERTEX_POINT('',#16472);
#4853=VERTEX_POINT('',#16474);
#4854=VERTEX_POINT('',#16476);
#4855=VERTEX_POINT('',#16478);
#4856=VERTEX_POINT('',#16480);
#4857=VERTEX_POINT('',#16482);
#4858=VERTEX_POINT('',#16484);
#4859=VERTEX_POINT('',#16486);
#4860=VERTEX_POINT('',#16488);
#4861=VERTEX_POINT('',#16490);
#4862=VERTEX_POINT('',#16492);
#4863=VERTEX_POINT('',#16494);
#4864=VERTEX_POINT('',#16496);
#4865=VERTEX_POINT('',#16498);
#4866=VERTEX_POINT('',#16500);
#4867=VERTEX_POINT('',#16502);
#4868=VERTEX_POINT('',#16504);
#4869=VERTEX_POINT('',#16506);
#4870=VERTEX_POINT('',#16508);
#4871=VERTEX_POINT('',#16510);
#4872=VERTEX_POINT('',#16512);
#4873=VERTEX_POINT('',#16514);
#4874=VERTEX_POINT('',#16516);
#4875=VERTEX_POINT('',#16520);
#4876=VERTEX_POINT('',#16524);
#4877=VERTEX_POINT('',#16528);
#4878=VERTEX_POINT('',#16530);
#4879=VERTEX_POINT('',#16532);
#4880=VERTEX_POINT('',#16534);
#4881=VERTEX_POINT('',#16536);
#4882=VERTEX_POINT('',#16538);
#4883=VERTEX_POINT('',#16540);
#4884=VERTEX_POINT('',#16542);
#4885=VERTEX_POINT('',#16544);
#4886=VERTEX_POINT('',#16546);
#4887=VERTEX_POINT('',#16548);
#4888=VERTEX_POINT('',#16550);
#4889=VERTEX_POINT('',#16552);
#4890=VERTEX_POINT('',#16554);
#4891=VERTEX_POINT('',#16556);
#4892=VERTEX_POINT('',#16558);
#4893=VERTEX_POINT('',#16560);
#4894=VERTEX_POINT('',#16562);
#4895=VERTEX_POINT('',#16564);
#4896=VERTEX_POINT('',#16566);
#4897=VERTEX_POINT('',#16568);
#4898=VERTEX_POINT('',#16570);
#4899=VERTEX_POINT('',#16572);
#4900=VERTEX_POINT('',#16574);
#4901=VERTEX_POINT('',#16576);
#4902=VERTEX_POINT('',#16578);
#4903=VERTEX_POINT('',#16580);
#4904=VERTEX_POINT('',#16582);
#4905=VERTEX_POINT('',#16584);
#4906=VERTEX_POINT('',#16586);
#4907=VERTEX_POINT('',#16588);
#4908=VERTEX_POINT('',#16590);
#4909=VERTEX_POINT('',#16592);
#4910=VERTEX_POINT('',#16594);
#4911=VERTEX_POINT('',#16596);
#4912=VERTEX_POINT('',#16598);
#4913=EDGE_CURVE('',#4112,#4113,#1990,.T.);
#4914=EDGE_CURVE('',#4112,#4114,#1991,.T.);
#4915=EDGE_CURVE('',#4114,#4115,#1992,.T.);
#4916=EDGE_CURVE('',#4113,#4115,#1993,.T.);
#4917=EDGE_CURVE('',#4116,#4117,#1994,.T.);
#4918=EDGE_CURVE('',#4116,#4112,#1995,.T.);
#4919=EDGE_CURVE('',#4117,#4113,#1996,.T.);
#4920=EDGE_CURVE('',#4114,#4118,#1997,.T.);
#4921=EDGE_CURVE('',#4118,#4119,#1998,.T.);
#4922=EDGE_CURVE('',#4115,#4119,#1999,.T.);
#4923=EDGE_CURVE('',#4118,#4116,#2000,.T.);
#4924=EDGE_CURVE('',#4120,#4120,#816,.T.);
#4925=EDGE_CURVE('',#4121,#4121,#817,.T.);
#4926=EDGE_CURVE('',#4122,#4122,#818,.T.);
#4927=EDGE_CURVE('',#4123,#4123,#819,.T.);
#4928=EDGE_CURVE('',#4124,#4124,#820,.T.);
#4929=EDGE_CURVE('',#4125,#4125,#821,.T.);
#4930=EDGE_CURVE('',#4126,#4126,#822,.T.);
#4931=EDGE_CURVE('',#4127,#4127,#823,.T.);
#4932=EDGE_CURVE('',#4128,#4128,#824,.T.);
#4933=EDGE_CURVE('',#4129,#4129,#825,.T.);
#4934=EDGE_CURVE('',#4130,#4130,#826,.T.);
#4935=EDGE_CURVE('',#4131,#4131,#827,.T.);
#4936=EDGE_CURVE('',#4132,#4132,#828,.T.);
#4937=EDGE_CURVE('',#4133,#4133,#829,.T.);
#4938=EDGE_CURVE('',#4134,#4134,#830,.T.);
#4939=EDGE_CURVE('',#4135,#4135,#831,.T.);
#4940=EDGE_CURVE('',#4136,#4136,#832,.T.);
#4941=EDGE_CURVE('',#4137,#4137,#833,.T.);
#4942=EDGE_CURVE('',#4138,#4138,#834,.T.);
#4943=EDGE_CURVE('',#4119,#4117,#2001,.T.);
#4944=EDGE_CURVE('',#4139,#4139,#835,.T.);
#4945=EDGE_CURVE('',#4140,#4140,#836,.T.);
#4946=EDGE_CURVE('',#4141,#4141,#837,.T.);
#4947=EDGE_CURVE('',#4142,#4142,#838,.T.);
#4948=EDGE_CURVE('',#4143,#4143,#839,.T.);
#4949=EDGE_CURVE('',#4144,#4144,#840,.T.);
#4950=EDGE_CURVE('',#4145,#4145,#841,.T.);
#4951=EDGE_CURVE('',#4146,#4146,#842,.T.);
#4952=EDGE_CURVE('',#4147,#4147,#843,.T.);
#4953=EDGE_CURVE('',#4148,#4148,#844,.T.);
#4954=EDGE_CURVE('',#4149,#4149,#845,.T.);
#4955=EDGE_CURVE('',#4150,#4150,#846,.T.);
#4956=EDGE_CURVE('',#4151,#4151,#847,.T.);
#4957=EDGE_CURVE('',#4152,#4152,#848,.T.);
#4958=EDGE_CURVE('',#4153,#4153,#849,.T.);
#4959=EDGE_CURVE('',#4154,#4154,#850,.T.);
#4960=EDGE_CURVE('',#4155,#4155,#851,.T.);
#4961=EDGE_CURVE('',#4156,#4156,#852,.T.);
#4962=EDGE_CURVE('',#4157,#4157,#853,.T.);
#4963=EDGE_CURVE('',#4120,#4139,#2002,.T.);
#4964=EDGE_CURVE('',#4121,#4140,#2003,.T.);
#4965=EDGE_CURVE('',#4122,#4141,#2004,.T.);
#4966=EDGE_CURVE('',#4123,#4142,#2005,.T.);
#4967=EDGE_CURVE('',#4124,#4143,#2006,.T.);
#4968=EDGE_CURVE('',#4125,#4144,#2007,.T.);
#4969=EDGE_CURVE('',#4126,#4145,#2008,.T.);
#4970=EDGE_CURVE('',#4127,#4146,#2009,.T.);
#4971=EDGE_CURVE('',#4128,#4147,#2010,.T.);
#4972=EDGE_CURVE('',#4129,#4148,#2011,.T.);
#4973=EDGE_CURVE('',#4130,#4149,#2012,.T.);
#4974=EDGE_CURVE('',#4131,#4150,#2013,.T.);
#4975=EDGE_CURVE('',#4132,#4151,#2014,.T.);
#4976=EDGE_CURVE('',#4133,#4152,#2015,.T.);
#4977=EDGE_CURVE('',#4134,#4153,#2016,.T.);
#4978=EDGE_CURVE('',#4135,#4154,#2017,.T.);
#4979=EDGE_CURVE('',#4136,#4155,#2018,.T.);
#4980=EDGE_CURVE('',#4137,#4156,#2019,.T.);
#4981=EDGE_CURVE('',#4138,#4157,#2020,.T.);
#4982=EDGE_CURVE('',#4158,#4159,#2021,.T.);
#4983=EDGE_CURVE('',#4158,#4160,#2022,.T.);
#4984=EDGE_CURVE('',#4160,#4161,#2023,.T.);
#4985=EDGE_CURVE('',#4159,#4161,#2024,.T.);
#4986=EDGE_CURVE('',#4159,#4162,#2025,.T.);
#4987=EDGE_CURVE('',#4162,#4163,#2026,.T.);
#4988=EDGE_CURVE('',#4163,#4164,#2027,.T.);
#4989=EDGE_CURVE('',#4164,#4165,#2028,.T.);
#4990=EDGE_CURVE('',#4165,#4166,#2029,.T.);
#4991=EDGE_CURVE('',#4166,#4167,#2030,.T.);
#4992=EDGE_CURVE('',#4158,#4167,#2031,.T.);
#4993=EDGE_CURVE('',#4168,#4169,#2032,.T.);
#4994=EDGE_CURVE('',#4170,#4168,#2033,.T.);
#4995=EDGE_CURVE('',#4171,#4170,#2034,.T.);
#4996=EDGE_CURVE('',#4169,#4171,#2035,.T.);
#4997=EDGE_CURVE('',#4167,#4172,#2036,.T.);
#4998=EDGE_CURVE('',#4160,#4172,#2037,.T.);
#4999=EDGE_CURVE('',#4161,#4173,#2038,.T.);
#5000=EDGE_CURVE('',#4162,#4173,#2039,.T.);
#5001=EDGE_CURVE('',#4174,#4172,#2040,.T.);
#5002=EDGE_CURVE('',#4175,#4174,#2041,.T.);
#5003=EDGE_CURVE('',#4176,#4175,#2042,.T.);
#5004=EDGE_CURVE('',#4177,#4176,#2043,.T.);
#5005=EDGE_CURVE('',#4173,#4177,#2044,.T.);
#5006=EDGE_CURVE('',#4178,#4179,#2045,.T.);
#5007=EDGE_CURVE('',#4179,#4180,#2046,.T.);
#5008=EDGE_CURVE('',#4180,#4181,#2047,.T.);
#5009=EDGE_CURVE('',#4181,#4178,#2048,.T.);
#5010=EDGE_CURVE('',#4166,#4174,#2049,.T.);
#5011=EDGE_CURVE('',#4163,#4177,#2050,.T.);
#5012=EDGE_CURVE('',#4165,#4175,#2051,.T.);
#5013=EDGE_CURVE('',#4164,#4176,#2052,.T.);
#5014=EDGE_CURVE('',#4178,#4168,#2053,.T.);
#5015=EDGE_CURVE('',#4179,#4169,#2054,.T.);
#5016=EDGE_CURVE('',#4181,#4170,#2055,.T.);
#5017=EDGE_CURVE('',#4180,#4171,#2056,.T.);
#5018=EDGE_CURVE('',#4182,#4183,#2057,.T.);
#5019=EDGE_CURVE('',#4183,#4184,#2058,.T.);
#5020=EDGE_CURVE('',#4185,#4184,#2059,.T.);
#5021=EDGE_CURVE('',#4182,#4185,#2060,.T.);
#5022=EDGE_CURVE('',#4186,#4187,#2061,.T.);
#5023=EDGE_CURVE('',#4187,#4183,#2062,.T.);
#5024=EDGE_CURVE('',#4186,#4182,#2063,.T.);
#5025=EDGE_CURVE('',#4182,#4188,#2064,.T.);
#5026=EDGE_CURVE('',#4185,#4189,#2065,.T.);
#5027=EDGE_CURVE('',#4188,#4189,#2066,.T.);
#5028=EDGE_CURVE('',#4183,#4190,#2067,.T.);
#5029=EDGE_CURVE('',#4190,#4191,#2068,.T.);
#5030=EDGE_CURVE('',#4184,#4191,#2069,.T.);
#5031=EDGE_CURVE('',#4184,#4192,#2070,.T.);
#5032=EDGE_CURVE('',#4193,#4192,#2071,.T.);
#5033=EDGE_CURVE('',#4185,#4193,#2072,.T.);
#5034=EDGE_CURVE('',#4192,#4187,#2073,.T.);
#5035=EDGE_CURVE('',#4193,#4186,#2074,.T.);
#5036=EDGE_CURVE('',#4186,#4194,#2075,.T.);
#5037=EDGE_CURVE('',#4194,#4188,#2076,.T.);
#5038=EDGE_CURVE('',#4187,#4195,#2077,.T.);
#5039=EDGE_CURVE('',#4195,#4190,#2078,.T.);
#5040=EDGE_CURVE('',#4189,#4196,#2079,.T.);
#5041=EDGE_CURVE('',#4196,#4194,#2080,.T.);
#5042=EDGE_CURVE('',#4193,#4196,#2081,.T.);
#5043=EDGE_CURVE('',#4197,#4195,#2082,.T.);
#5044=EDGE_CURVE('',#4191,#4197,#2083,.T.);
#5045=EDGE_CURVE('',#4192,#4197,#2084,.T.);
#5046=EDGE_CURVE('',#4198,#4198,#854,.T.);
#5047=EDGE_CURVE('',#4198,#4199,#855,.T.);
#5048=EDGE_CURVE('',#4200,#4201,#2085,.T.);
#5049=EDGE_CURVE('',#4200,#4202,#2086,.T.);
#5050=EDGE_CURVE('',#4202,#4203,#2087,.T.);
#5051=EDGE_CURVE('',#4201,#4203,#2088,.T.);
#5052=EDGE_CURVE('',#4201,#4204,#2089,.T.);
#5053=EDGE_CURVE('',#4204,#4205,#2090,.T.);
#5054=EDGE_CURVE('',#4205,#4206,#2091,.T.);
#5055=EDGE_CURVE('',#4206,#4207,#2092,.T.);
#5056=EDGE_CURVE('',#4207,#4208,#2093,.T.);
#5057=EDGE_CURVE('',#4208,#4209,#2094,.T.);
#5058=EDGE_CURVE('',#4200,#4209,#2095,.T.);
#5059=EDGE_CURVE('',#4210,#4211,#2096,.T.);
#5060=EDGE_CURVE('',#4212,#4210,#2097,.T.);
#5061=EDGE_CURVE('',#4213,#4212,#2098,.T.);
#5062=EDGE_CURVE('',#4211,#4213,#2099,.T.);
#5063=EDGE_CURVE('',#4209,#4214,#2100,.T.);
#5064=EDGE_CURVE('',#4202,#4214,#2101,.T.);
#5065=EDGE_CURVE('',#4203,#4215,#2102,.T.);
#5066=EDGE_CURVE('',#4204,#4215,#2103,.T.);
#5067=EDGE_CURVE('',#4216,#4214,#2104,.T.);
#5068=EDGE_CURVE('',#4217,#4216,#2105,.T.);
#5069=EDGE_CURVE('',#4218,#4217,#2106,.T.);
#5070=EDGE_CURVE('',#4219,#4218,#2107,.T.);
#5071=EDGE_CURVE('',#4215,#4219,#2108,.T.);
#5072=EDGE_CURVE('',#4220,#4221,#2109,.T.);
#5073=EDGE_CURVE('',#4221,#4222,#2110,.T.);
#5074=EDGE_CURVE('',#4222,#4223,#2111,.T.);
#5075=EDGE_CURVE('',#4223,#4220,#2112,.T.);
#5076=EDGE_CURVE('',#4208,#4216,#2113,.T.);
#5077=EDGE_CURVE('',#4205,#4219,#2114,.T.);
#5078=EDGE_CURVE('',#4207,#4217,#2115,.T.);
#5079=EDGE_CURVE('',#4206,#4218,#2116,.T.);
#5080=EDGE_CURVE('',#4220,#4210,#2117,.T.);
#5081=EDGE_CURVE('',#4221,#4211,#2118,.T.);
#5082=EDGE_CURVE('',#4223,#4212,#2119,.T.);
#5083=EDGE_CURVE('',#4222,#4213,#2120,.T.);
#5084=EDGE_CURVE('',#4224,#4225,#2121,.T.);
#5085=EDGE_CURVE('',#4225,#4226,#2122,.T.);
#5086=EDGE_CURVE('',#4227,#4226,#2123,.T.);
#5087=EDGE_CURVE('',#4224,#4227,#2124,.T.);
#5088=EDGE_CURVE('',#4228,#4229,#2125,.T.);
#5089=EDGE_CURVE('',#4229,#4225,#2126,.T.);
#5090=EDGE_CURVE('',#4228,#4224,#2127,.T.);
#5091=EDGE_CURVE('',#4224,#4230,#2128,.T.);
#5092=EDGE_CURVE('',#4227,#4231,#2129,.T.);
#5093=EDGE_CURVE('',#4230,#4231,#2130,.T.);
#5094=EDGE_CURVE('',#4225,#4232,#2131,.T.);
#5095=EDGE_CURVE('',#4232,#4233,#2132,.T.);
#5096=EDGE_CURVE('',#4226,#4233,#2133,.T.);
#5097=EDGE_CURVE('',#4226,#4234,#2134,.T.);
#5098=EDGE_CURVE('',#4235,#4234,#2135,.T.);
#5099=EDGE_CURVE('',#4227,#4235,#2136,.T.);
#5100=EDGE_CURVE('',#4234,#4229,#2137,.T.);
#5101=EDGE_CURVE('',#4235,#4228,#2138,.T.);
#5102=EDGE_CURVE('',#4228,#4236,#2139,.T.);
#5103=EDGE_CURVE('',#4236,#4230,#2140,.T.);
#5104=EDGE_CURVE('',#4229,#4237,#2141,.T.);
#5105=EDGE_CURVE('',#4237,#4232,#2142,.T.);
#5106=EDGE_CURVE('',#4231,#4238,#2143,.T.);
#5107=EDGE_CURVE('',#4238,#4236,#2144,.T.);
#5108=EDGE_CURVE('',#4235,#4238,#2145,.T.);
#5109=EDGE_CURVE('',#4239,#4237,#2146,.T.);
#5110=EDGE_CURVE('',#4233,#4239,#2147,.T.);
#5111=EDGE_CURVE('',#4234,#4239,#2148,.T.);
#5112=EDGE_CURVE('',#4240,#4240,#856,.T.);
#5113=EDGE_CURVE('',#4240,#4241,#857,.T.);
#5114=EDGE_CURVE('',#4242,#4243,#2149,.T.);
#5115=EDGE_CURVE('',#4243,#4244,#2150,.T.);
#5116=EDGE_CURVE('',#4245,#4244,#2151,.T.);
#5117=EDGE_CURVE('',#4242,#4245,#2152,.T.);
#5118=EDGE_CURVE('',#4244,#4246,#2153,.T.);
#5119=EDGE_CURVE('',#4247,#4246,#2154,.T.);
#5120=EDGE_CURVE('',#4245,#4247,#2155,.T.);
#5121=EDGE_CURVE('',#4246,#4248,#2156,.T.);
#5122=EDGE_CURVE('',#4249,#4248,#2157,.T.);
#5123=EDGE_CURVE('',#4247,#4249,#2158,.T.);
#5124=EDGE_CURVE('',#4248,#4243,#2159,.T.);
#5125=EDGE_CURVE('',#4249,#4242,#2160,.T.);
#5126=EDGE_CURVE('',#4250,#4251,#2161,.T.);
#5127=EDGE_CURVE('',#4251,#4252,#2162,.T.);
#5128=EDGE_CURVE('',#4253,#4252,#2163,.T.);
#5129=EDGE_CURVE('',#4250,#4253,#2164,.T.);
#5130=EDGE_CURVE('',#4252,#4254,#2165,.T.);
#5131=EDGE_CURVE('',#4255,#4254,#2166,.T.);
#5132=EDGE_CURVE('',#4253,#4255,#2167,.T.);
#5133=EDGE_CURVE('',#4254,#4256,#2168,.T.);
#5134=EDGE_CURVE('',#4257,#4256,#2169,.T.);
#5135=EDGE_CURVE('',#4255,#4257,#2170,.T.);
#5136=EDGE_CURVE('',#4256,#4251,#2171,.T.);
#5137=EDGE_CURVE('',#4257,#4250,#2172,.T.);
#5138=EDGE_CURVE('',#4258,#4259,#2173,.T.);
#5139=EDGE_CURVE('',#4259,#4260,#2174,.T.);
#5140=EDGE_CURVE('',#4261,#4260,#2175,.T.);
#5141=EDGE_CURVE('',#4258,#4261,#2176,.T.);
#5142=EDGE_CURVE('',#4260,#4262,#2177,.T.);
#5143=EDGE_CURVE('',#4263,#4262,#2178,.T.);
#5144=EDGE_CURVE('',#4261,#4263,#2179,.T.);
#5145=EDGE_CURVE('',#4262,#4264,#2180,.T.);
#5146=EDGE_CURVE('',#4265,#4264,#2181,.T.);
#5147=EDGE_CURVE('',#4263,#4265,#2182,.T.);
#5148=EDGE_CURVE('',#4264,#4259,#2183,.T.);
#5149=EDGE_CURVE('',#4265,#4258,#2184,.T.);
#5150=EDGE_CURVE('',#4266,#4267,#2185,.T.);
#5151=EDGE_CURVE('',#4267,#4268,#2186,.T.);
#5152=EDGE_CURVE('',#4269,#4268,#2187,.T.);
#5153=EDGE_CURVE('',#4266,#4269,#2188,.T.);
#5154=EDGE_CURVE('',#4268,#4270,#2189,.T.);
#5155=EDGE_CURVE('',#4271,#4270,#2190,.T.);
#5156=EDGE_CURVE('',#4269,#4271,#2191,.T.);
#5157=EDGE_CURVE('',#4270,#4272,#2192,.T.);
#5158=EDGE_CURVE('',#4273,#4272,#2193,.T.);
#5159=EDGE_CURVE('',#4271,#4273,#2194,.T.);
#5160=EDGE_CURVE('',#4272,#4267,#2195,.T.);
#5161=EDGE_CURVE('',#4273,#4266,#2196,.T.);
#5162=EDGE_CURVE('',#4274,#4275,#858,.T.);
#5163=EDGE_CURVE('',#4276,#4275,#2197,.T.);
#5164=EDGE_CURVE('',#4277,#4276,#2198,.T.);
#5165=EDGE_CURVE('',#4278,#4277,#2199,.T.);
#5166=EDGE_CURVE('',#4278,#4279,#859,.T.);
#5167=EDGE_CURVE('',#4280,#4279,#2200,.T.);
#5168=EDGE_CURVE('',#4281,#4280,#2201,.T.);
#5169=EDGE_CURVE('',#4274,#4281,#2202,.T.);
#5170=EDGE_CURVE('',#4282,#4282,#860,.T.);
#5171=EDGE_CURVE('',#4283,#4284,#35,.T.);
#5172=EDGE_CURVE('',#4285,#4283,#11,.F.);
#5173=EDGE_CURVE('',#4286,#4285,#861,.T.);
#5174=EDGE_CURVE('',#4287,#4286,#12,.F.);
#5175=EDGE_CURVE('',#4288,#4287,#13,.F.);
#5176=EDGE_CURVE('',#4289,#4288,#14,.F.);
#5177=EDGE_CURVE('',#4290,#4289,#862,.T.);
#5178=EDGE_CURVE('',#4291,#4290,#15,.F.);
#5179=EDGE_CURVE('',#4292,#4291,#16,.F.);
#5180=EDGE_CURVE('',#4292,#4282,#2203,.T.);
#5181=EDGE_CURVE('',#4293,#4292,#17,.F.);
#5182=EDGE_CURVE('',#4294,#4293,#18,.F.);
#5183=EDGE_CURVE('',#4295,#4294,#863,.T.);
#5184=EDGE_CURVE('',#4296,#4295,#19,.F.);
#5185=EDGE_CURVE('',#4297,#4296,#20,.F.);
#5186=EDGE_CURVE('',#4298,#4297,#21,.F.);
#5187=EDGE_CURVE('',#4299,#4298,#864,.T.);
#5188=EDGE_CURVE('',#4284,#4299,#22,.F.);
#5189=EDGE_CURVE('',#4300,#4301,#865,.T.);
#5190=EDGE_CURVE('',#4300,#4275,#2204,.T.);
#5191=EDGE_CURVE('',#4301,#4274,#2205,.T.);
#5192=EDGE_CURVE('',#4301,#4302,#2206,.T.);
#5193=EDGE_CURVE('',#4303,#4281,#2207,.T.);
#5194=EDGE_CURVE('',#4304,#4303,#2208,.T.);
#5195=EDGE_CURVE('',#4304,#4302,#2209,.T.);
#5196=EDGE_CURVE('',#4305,#4306,#2210,.T.);
#5197=EDGE_CURVE('',#4305,#4276,#2211,.T.);
#5198=EDGE_CURVE('',#4307,#4300,#2212,.T.);
#5199=EDGE_CURVE('',#4307,#4306,#2213,.T.);
#5200=EDGE_CURVE('',#4308,#4280,#2214,.T.);
#5201=EDGE_CURVE('',#4303,#4308,#2215,.T.);
#5202=EDGE_CURVE('',#4309,#4277,#2216,.T.);
#5203=EDGE_CURVE('',#4309,#4305,#2217,.T.);
#5204=EDGE_CURVE('',#4308,#4310,#2218,.T.);
#5205=EDGE_CURVE('',#4311,#4279,#2219,.T.);
#5206=EDGE_CURVE('',#4312,#4311,#2220,.T.);
#5207=EDGE_CURVE('',#4312,#4310,#2221,.T.);
#5208=EDGE_CURVE('',#4313,#4314,#2222,.T.);
#5209=EDGE_CURVE('',#4313,#4278,#2223,.T.);
#5210=EDGE_CURVE('',#4315,#4309,#2224,.T.);
#5211=EDGE_CURVE('',#4315,#4314,#2225,.T.);
#5212=EDGE_CURVE('',#4311,#4313,#866,.T.);
#5213=EDGE_CURVE('',#4284,#4316,#2226,.T.);
#5214=EDGE_CURVE('',#4317,#4316,#36,.F.);
#5215=EDGE_CURVE('',#4283,#4317,#2227,.T.);
#5216=EDGE_CURVE('',#4299,#4318,#2228,.T.);
#5217=EDGE_CURVE('',#4318,#4319,#2229,.T.);
#5218=EDGE_CURVE('',#4319,#4320,#2230,.T.);
#5219=EDGE_CURVE('',#4316,#4320,#23,.F.);
#5220=EDGE_CURVE('',#4298,#4321,#2231,.T.);
#5221=EDGE_CURVE('',#4318,#4321,#867,.T.);
#5222=EDGE_CURVE('',#4297,#4322,#2232,.T.);
#5223=EDGE_CURVE('',#4323,#4322,#24,.F.);
#5224=EDGE_CURVE('',#4323,#4324,#2233,.T.);
#5225=EDGE_CURVE('',#4321,#4324,#2234,.T.);
#5226=EDGE_CURVE('',#4296,#4325,#2235,.T.);
#5227=EDGE_CURVE('',#4322,#4325,#25,.F.);
#5228=EDGE_CURVE('',#4295,#4326,#2236,.T.);
#5229=EDGE_CURVE('',#4326,#4327,#2237,.T.);
#5230=EDGE_CURVE('',#4327,#4328,#2238,.T.);
#5231=EDGE_CURVE('',#4325,#4328,#26,.F.);
#5232=EDGE_CURVE('',#4294,#4329,#2239,.T.);
#5233=EDGE_CURVE('',#4326,#4329,#868,.T.);
#5234=EDGE_CURVE('',#4293,#4330,#2240,.T.);
#5235=EDGE_CURVE('',#4331,#4330,#27,.F.);
#5236=EDGE_CURVE('',#4331,#4332,#2241,.T.);
#5237=EDGE_CURVE('',#4329,#4332,#2242,.T.);
#5238=EDGE_CURVE('',#4291,#4333,#2243,.T.);
#5239=EDGE_CURVE('',#4334,#4333,#28,.F.);
#5240=EDGE_CURVE('',#4330,#4334,#29,.F.);
#5241=EDGE_CURVE('',#4290,#4335,#2244,.T.);
#5242=EDGE_CURVE('',#4335,#4336,#2245,.T.);
#5243=EDGE_CURVE('',#4336,#4337,#2246,.T.);
#5244=EDGE_CURVE('',#4333,#4337,#30,.F.);
#5245=EDGE_CURVE('',#4289,#4338,#2247,.T.);
#5246=EDGE_CURVE('',#4335,#4338,#869,.T.);
#5247=EDGE_CURVE('',#4288,#4339,#2248,.T.);
#5248=EDGE_CURVE('',#4340,#4339,#31,.F.);
#5249=EDGE_CURVE('',#4340,#4341,#2249,.T.);
#5250=EDGE_CURVE('',#4338,#4341,#2250,.T.);
#5251=EDGE_CURVE('',#4287,#4342,#2251,.T.);
#5252=EDGE_CURVE('',#4339,#4342,#32,.F.);
#5253=EDGE_CURVE('',#4286,#4343,#2252,.T.);
#5254=EDGE_CURVE('',#4343,#4344,#2253,.T.);
#5255=EDGE_CURVE('',#4344,#4345,#2254,.T.);
#5256=EDGE_CURVE('',#4342,#4345,#33,.F.);
#5257=EDGE_CURVE('',#4285,#4346,#2255,.T.);
#5258=EDGE_CURVE('',#4343,#4346,#870,.T.);
#5259=EDGE_CURVE('',#4347,#4317,#34,.F.);
#5260=EDGE_CURVE('',#4347,#4348,#2256,.T.);
#5261=EDGE_CURVE('',#4346,#4348,#2257,.T.);
#5262=EDGE_CURVE('',#4312,#4302,#2258,.T.);
#5263=EDGE_CURVE('',#4307,#4314,#2259,.T.);
#5264=EDGE_CURVE('',#4349,#4349,#871,.T.);
#5265=EDGE_CURVE('',#4310,#4304,#2260,.T.);
#5266=EDGE_CURVE('',#4306,#4315,#2261,.T.);
#5267=EDGE_CURVE('',#4350,#4350,#872,.T.);
#5268=EDGE_CURVE('',#4350,#4334,#2262,.T.);
#5269=EDGE_CURVE('',#4340,#4337,#873,.T.);
#5270=EDGE_CURVE('',#4347,#4345,#874,.T.);
#5271=EDGE_CURVE('',#4323,#4320,#875,.T.);
#5272=EDGE_CURVE('',#4331,#4328,#876,.T.);
#5273=EDGE_CURVE('',#4341,#4344,#877,.T.);
#5274=EDGE_CURVE('',#4332,#4336,#878,.T.);
#5275=EDGE_CURVE('',#4324,#4327,#879,.T.);
#5276=EDGE_CURVE('',#4348,#4319,#880,.T.);
#5277=EDGE_CURVE('',#4351,#4351,#881,.T.);
#5278=EDGE_CURVE('',#4346,#4318,#882,.T.);
#5279=EDGE_CURVE('',#4321,#4326,#883,.T.);
#5280=EDGE_CURVE('',#4329,#4335,#884,.T.);
#5281=EDGE_CURVE('',#4338,#4343,#885,.T.);
#5282=EDGE_CURVE('',#4352,#4352,#886,.T.);
#5283=EDGE_CURVE('',#4349,#4350,#2263,.T.);
#5284=EDGE_CURVE('',#4351,#4352,#2264,.T.);
#5285=EDGE_CURVE('',#4353,#4354,#2265,.T.);
#5286=EDGE_CURVE('',#4354,#4355,#2266,.T.);
#5287=EDGE_CURVE('',#4356,#4355,#2267,.T.);
#5288=EDGE_CURVE('',#4357,#4356,#2268,.T.);
#5289=EDGE_CURVE('',#4357,#4358,#2269,.T.);
#5290=EDGE_CURVE('',#4358,#4359,#2270,.T.);
#5291=EDGE_CURVE('',#4360,#4359,#2271,.T.);
#5292=EDGE_CURVE('',#4361,#4360,#2272,.T.);
#5293=EDGE_CURVE('',#4361,#4362,#2273,.T.);
#5294=EDGE_CURVE('',#4362,#4363,#2274,.T.);
#5295=EDGE_CURVE('',#4364,#4363,#2275,.T.);
#5296=EDGE_CURVE('',#4365,#4364,#2276,.T.);
#5297=EDGE_CURVE('',#4365,#4366,#2277,.T.);
#5298=EDGE_CURVE('',#4366,#4367,#2278,.T.);
#5299=EDGE_CURVE('',#4368,#4367,#2279,.T.);
#5300=EDGE_CURVE('',#4369,#4368,#2280,.T.);
#5301=EDGE_CURVE('',#4369,#4370,#2281,.T.);
#5302=EDGE_CURVE('',#4370,#4371,#2282,.T.);
#5303=EDGE_CURVE('',#4372,#4371,#2283,.T.);
#5304=EDGE_CURVE('',#4373,#4372,#2284,.T.);
#5305=EDGE_CURVE('',#4373,#4374,#2285,.T.);
#5306=EDGE_CURVE('',#4374,#4375,#2286,.T.);
#5307=EDGE_CURVE('',#4376,#4375,#2287,.T.);
#5308=EDGE_CURVE('',#4377,#4376,#2288,.T.);
#5309=EDGE_CURVE('',#4377,#4378,#2289,.T.);
#5310=EDGE_CURVE('',#4378,#4379,#2290,.T.);
#5311=EDGE_CURVE('',#4380,#4379,#2291,.T.);
#5312=EDGE_CURVE('',#4381,#4380,#2292,.T.);
#5313=EDGE_CURVE('',#4381,#4382,#2293,.T.);
#5314=EDGE_CURVE('',#4382,#4383,#2294,.T.);
#5315=EDGE_CURVE('',#4384,#4383,#2295,.T.);
#5316=EDGE_CURVE('',#4353,#4384,#2296,.T.);
#5317=EDGE_CURVE('',#4385,#4386,#2297,.T.);
#5318=EDGE_CURVE('',#4387,#4385,#2298,.T.);
#5319=EDGE_CURVE('',#4388,#4387,#2299,.T.);
#5320=EDGE_CURVE('',#4389,#4388,#2300,.T.);
#5321=EDGE_CURVE('',#4390,#4389,#2301,.T.);
#5322=EDGE_CURVE('',#4391,#4390,#2302,.T.);
#5323=EDGE_CURVE('',#4392,#4391,#2303,.T.);
#5324=EDGE_CURVE('',#4393,#4392,#2304,.T.);
#5325=EDGE_CURVE('',#4394,#4393,#2305,.T.);
#5326=EDGE_CURVE('',#4395,#4394,#2306,.T.);
#5327=EDGE_CURVE('',#4396,#4395,#2307,.T.);
#5328=EDGE_CURVE('',#4397,#4396,#2308,.T.);
#5329=EDGE_CURVE('',#4398,#4397,#2309,.T.);
#5330=EDGE_CURVE('',#4399,#4398,#2310,.T.);
#5331=EDGE_CURVE('',#4400,#4399,#2311,.T.);
#5332=EDGE_CURVE('',#4401,#4400,#2312,.T.);
#5333=EDGE_CURVE('',#4402,#4401,#2313,.T.);
#5334=EDGE_CURVE('',#4403,#4402,#2314,.T.);
#5335=EDGE_CURVE('',#4404,#4403,#2315,.T.);
#5336=EDGE_CURVE('',#4405,#4404,#2316,.T.);
#5337=EDGE_CURVE('',#4406,#4405,#2317,.T.);
#5338=EDGE_CURVE('',#4407,#4406,#2318,.T.);
#5339=EDGE_CURVE('',#4408,#4407,#2319,.T.);
#5340=EDGE_CURVE('',#4409,#4408,#2320,.T.);
#5341=EDGE_CURVE('',#4410,#4409,#2321,.T.);
#5342=EDGE_CURVE('',#4411,#4410,#2322,.T.);
#5343=EDGE_CURVE('',#4412,#4411,#2323,.T.);
#5344=EDGE_CURVE('',#4413,#4412,#2324,.T.);
#5345=EDGE_CURVE('',#4414,#4413,#2325,.T.);
#5346=EDGE_CURVE('',#4415,#4414,#2326,.T.);
#5347=EDGE_CURVE('',#4416,#4415,#2327,.T.);
#5348=EDGE_CURVE('',#4417,#4416,#2328,.T.);
#5349=EDGE_CURVE('',#4418,#4417,#2329,.T.);
#5350=EDGE_CURVE('',#4419,#4418,#2330,.T.);
#5351=EDGE_CURVE('',#4420,#4419,#2331,.T.);
#5352=EDGE_CURVE('',#4421,#4420,#2332,.T.);
#5353=EDGE_CURVE('',#4422,#4421,#2333,.T.);
#5354=EDGE_CURVE('',#4423,#4422,#2334,.T.);
#5355=EDGE_CURVE('',#4424,#4423,#2335,.T.);
#5356=EDGE_CURVE('',#4425,#4424,#2336,.T.);
#5357=EDGE_CURVE('',#4426,#4425,#2337,.T.);
#5358=EDGE_CURVE('',#4427,#4426,#2338,.T.);
#5359=EDGE_CURVE('',#4428,#4427,#2339,.T.);
#5360=EDGE_CURVE('',#4429,#4428,#2340,.T.);
#5361=EDGE_CURVE('',#4430,#4429,#2341,.T.);
#5362=EDGE_CURVE('',#4431,#4430,#2342,.T.);
#5363=EDGE_CURVE('',#4432,#4431,#2343,.T.);
#5364=EDGE_CURVE('',#4433,#4432,#2344,.T.);
#5365=EDGE_CURVE('',#4434,#4433,#2345,.T.);
#5366=EDGE_CURVE('',#4435,#4434,#2346,.T.);
#5367=EDGE_CURVE('',#4436,#4435,#2347,.T.);
#5368=EDGE_CURVE('',#4437,#4436,#2348,.T.);
#5369=EDGE_CURVE('',#4438,#4437,#2349,.T.);
#5370=EDGE_CURVE('',#4439,#4438,#2350,.T.);
#5371=EDGE_CURVE('',#4440,#4439,#2351,.T.);
#5372=EDGE_CURVE('',#4441,#4440,#2352,.T.);
#5373=EDGE_CURVE('',#4442,#4441,#2353,.T.);
#5374=EDGE_CURVE('',#4382,#4442,#2354,.T.);
#5375=EDGE_CURVE('',#4443,#4381,#2355,.T.);
#5376=EDGE_CURVE('',#4444,#4443,#2356,.T.);
#5377=EDGE_CURVE('',#4378,#4444,#2357,.T.);
#5378=EDGE_CURVE('',#4445,#4377,#2358,.T.);
#5379=EDGE_CURVE('',#4446,#4445,#2359,.T.);
#5380=EDGE_CURVE('',#4374,#4446,#2360,.T.);
#5381=EDGE_CURVE('',#4447,#4373,#2361,.T.);
#5382=EDGE_CURVE('',#4448,#4447,#2362,.T.);
#5383=EDGE_CURVE('',#4370,#4448,#2363,.T.);
#5384=EDGE_CURVE('',#4449,#4369,#2364,.T.);
#5385=EDGE_CURVE('',#4450,#4449,#2365,.T.);
#5386=EDGE_CURVE('',#4366,#4450,#2366,.T.);
#5387=EDGE_CURVE('',#4451,#4365,#2367,.T.);
#5388=EDGE_CURVE('',#4452,#4451,#2368,.T.);
#5389=EDGE_CURVE('',#4362,#4452,#2369,.T.);
#5390=EDGE_CURVE('',#4453,#4361,#2370,.T.);
#5391=EDGE_CURVE('',#4454,#4453,#2371,.T.);
#5392=EDGE_CURVE('',#4358,#4454,#2372,.T.);
#5393=EDGE_CURVE('',#4455,#4357,#2373,.T.);
#5394=EDGE_CURVE('',#4456,#4455,#2374,.T.);
#5395=EDGE_CURVE('',#4354,#4456,#2375,.T.);
#5396=EDGE_CURVE('',#4457,#4353,#2376,.T.);
#5397=EDGE_CURVE('',#4458,#4457,#2377,.T.);
#5398=EDGE_CURVE('',#4459,#4458,#2378,.T.);
#5399=EDGE_CURVE('',#4460,#4459,#2379,.T.);
#5400=EDGE_CURVE('',#4461,#4460,#2380,.T.);
#5401=EDGE_CURVE('',#4462,#4461,#2381,.T.);
#5402=EDGE_CURVE('',#4463,#4462,#2382,.T.);
#5403=EDGE_CURVE('',#4464,#4463,#2383,.T.);
#5404=EDGE_CURVE('',#4465,#4464,#2384,.T.);
#5405=EDGE_CURVE('',#4466,#4465,#2385,.T.);
#5406=EDGE_CURVE('',#4467,#4466,#2386,.T.);
#5407=EDGE_CURVE('',#4468,#4467,#2387,.T.);
#5408=EDGE_CURVE('',#4469,#4468,#2388,.T.);
#5409=EDGE_CURVE('',#4470,#4469,#2389,.T.);
#5410=EDGE_CURVE('',#4471,#4470,#2390,.T.);
#5411=EDGE_CURVE('',#4472,#4471,#2391,.T.);
#5412=EDGE_CURVE('',#4473,#4472,#2392,.T.);
#5413=EDGE_CURVE('',#4474,#4473,#2393,.T.);
#5414=EDGE_CURVE('',#4475,#4474,#2394,.T.);
#5415=EDGE_CURVE('',#4476,#4475,#2395,.T.);
#5416=EDGE_CURVE('',#4477,#4476,#2396,.T.);
#5417=EDGE_CURVE('',#4478,#4477,#2397,.T.);
#5418=EDGE_CURVE('',#4479,#4478,#2398,.T.);
#5419=EDGE_CURVE('',#4480,#4479,#2399,.T.);
#5420=EDGE_CURVE('',#4481,#4480,#2400,.T.);
#5421=EDGE_CURVE('',#4482,#4481,#2401,.T.);
#5422=EDGE_CURVE('',#4483,#4482,#2402,.T.);
#5423=EDGE_CURVE('',#4484,#4483,#2403,.T.);
#5424=EDGE_CURVE('',#4386,#4484,#2404,.T.);
#5425=EDGE_CURVE('',#4456,#4485,#2405,.T.);
#5426=EDGE_CURVE('',#4355,#4485,#2406,.T.);
#5427=EDGE_CURVE('',#4485,#4486,#2407,.T.);
#5428=EDGE_CURVE('',#4486,#4356,#2408,.T.);
#5429=EDGE_CURVE('',#4455,#4486,#2409,.T.);
#5430=EDGE_CURVE('',#4454,#4487,#2410,.T.);
#5431=EDGE_CURVE('',#4359,#4487,#2411,.T.);
#5432=EDGE_CURVE('',#4487,#4488,#2412,.T.);
#5433=EDGE_CURVE('',#4488,#4360,#2413,.T.);
#5434=EDGE_CURVE('',#4453,#4488,#2414,.T.);
#5435=EDGE_CURVE('',#4452,#4489,#2415,.T.);
#5436=EDGE_CURVE('',#4363,#4489,#2416,.T.);
#5437=EDGE_CURVE('',#4489,#4490,#2417,.T.);
#5438=EDGE_CURVE('',#4490,#4364,#2418,.T.);
#5439=EDGE_CURVE('',#4451,#4490,#2419,.T.);
#5440=EDGE_CURVE('',#4450,#4491,#2420,.T.);
#5441=EDGE_CURVE('',#4367,#4491,#2421,.T.);
#5442=EDGE_CURVE('',#4491,#4492,#2422,.T.);
#5443=EDGE_CURVE('',#4492,#4368,#2423,.T.);
#5444=EDGE_CURVE('',#4449,#4492,#2424,.T.);
#5445=EDGE_CURVE('',#4448,#4493,#2425,.T.);
#5446=EDGE_CURVE('',#4371,#4493,#2426,.T.);
#5447=EDGE_CURVE('',#4493,#4494,#2427,.T.);
#5448=EDGE_CURVE('',#4494,#4372,#2428,.T.);
#5449=EDGE_CURVE('',#4447,#4494,#2429,.T.);
#5450=EDGE_CURVE('',#4446,#4495,#2430,.T.);
#5451=EDGE_CURVE('',#4375,#4495,#2431,.T.);
#5452=EDGE_CURVE('',#4495,#4496,#2432,.T.);
#5453=EDGE_CURVE('',#4496,#4376,#2433,.T.);
#5454=EDGE_CURVE('',#4445,#4496,#2434,.T.);
#5455=EDGE_CURVE('',#4444,#4497,#2435,.T.);
#5456=EDGE_CURVE('',#4379,#4497,#2436,.T.);
#5457=EDGE_CURVE('',#4497,#4498,#2437,.T.);
#5458=EDGE_CURVE('',#4498,#4380,#2438,.T.);
#5459=EDGE_CURVE('',#4443,#4498,#2439,.T.);
#5460=EDGE_CURVE('',#4442,#4499,#2440,.T.);
#5461=EDGE_CURVE('',#4500,#4499,#2441,.T.);
#5462=EDGE_CURVE('',#4439,#4500,#2442,.T.);
#5463=EDGE_CURVE('',#4438,#4501,#2443,.T.);
#5464=EDGE_CURVE('',#4502,#4501,#2444,.T.);
#5465=EDGE_CURVE('',#4435,#4502,#2445,.T.);
#5466=EDGE_CURVE('',#4434,#4503,#2446,.T.);
#5467=EDGE_CURVE('',#4504,#4503,#2447,.T.);
#5468=EDGE_CURVE('',#4431,#4504,#2448,.T.);
#5469=EDGE_CURVE('',#4430,#4505,#2449,.T.);
#5470=EDGE_CURVE('',#4506,#4505,#2450,.T.);
#5471=EDGE_CURVE('',#4427,#4506,#2451,.T.);
#5472=EDGE_CURVE('',#4426,#4507,#2452,.T.);
#5473=EDGE_CURVE('',#4508,#4507,#2453,.T.);
#5474=EDGE_CURVE('',#4423,#4508,#2454,.T.);
#5475=EDGE_CURVE('',#4422,#4509,#2455,.T.);
#5476=EDGE_CURVE('',#4510,#4509,#2456,.T.);
#5477=EDGE_CURVE('',#4419,#4510,#2457,.T.);
#5478=EDGE_CURVE('',#4418,#4511,#2458,.T.);
#5479=EDGE_CURVE('',#4512,#4511,#2459,.T.);
#5480=EDGE_CURVE('',#4415,#4512,#2460,.T.);
#5481=EDGE_CURVE('',#4414,#4513,#2461,.T.);
#5482=EDGE_CURVE('',#4383,#4513,#2462,.T.);
#5483=EDGE_CURVE('',#4513,#4514,#2463,.T.);
#5484=EDGE_CURVE('',#4514,#4384,#2464,.T.);
#5485=EDGE_CURVE('',#4515,#4515,#887,.T.);
#5486=EDGE_CURVE('',#4484,#4516,#2465,.T.);
#5487=EDGE_CURVE('',#4517,#4516,#2466,.T.);
#5488=EDGE_CURVE('',#4481,#4517,#2467,.T.);
#5489=EDGE_CURVE('',#4480,#4518,#2468,.T.);
#5490=EDGE_CURVE('',#4519,#4518,#2469,.T.);
#5491=EDGE_CURVE('',#4477,#4519,#2470,.T.);
#5492=EDGE_CURVE('',#4476,#4520,#2471,.T.);
#5493=EDGE_CURVE('',#4521,#4520,#2472,.T.);
#5494=EDGE_CURVE('',#4473,#4521,#2473,.T.);
#5495=EDGE_CURVE('',#4472,#4522,#2474,.T.);
#5496=EDGE_CURVE('',#4523,#4522,#2475,.T.);
#5497=EDGE_CURVE('',#4469,#4523,#2476,.T.);
#5498=EDGE_CURVE('',#4468,#4524,#2477,.T.);
#5499=EDGE_CURVE('',#4525,#4524,#2478,.T.);
#5500=EDGE_CURVE('',#4465,#4525,#2479,.T.);
#5501=EDGE_CURVE('',#4464,#4526,#2480,.T.);
#5502=EDGE_CURVE('',#4527,#4526,#2481,.T.);
#5503=EDGE_CURVE('',#4461,#4527,#2482,.T.);
#5504=EDGE_CURVE('',#4460,#4528,#2483,.T.);
#5505=EDGE_CURVE('',#4529,#4528,#2484,.T.);
#5506=EDGE_CURVE('',#4457,#4529,#2485,.T.);
#5507=EDGE_CURVE('',#4386,#4514,#2486,.T.);
#5508=EDGE_CURVE('',#4413,#4530,#2487,.T.);
#5509=EDGE_CURVE('',#4531,#4530,#2488,.T.);
#5510=EDGE_CURVE('',#4410,#4531,#2489,.T.);
#5511=EDGE_CURVE('',#4409,#4532,#2490,.T.);
#5512=EDGE_CURVE('',#4533,#4532,#2491,.T.);
#5513=EDGE_CURVE('',#4406,#4533,#2492,.T.);
#5514=EDGE_CURVE('',#4405,#4534,#2493,.T.);
#5515=EDGE_CURVE('',#4535,#4534,#2494,.T.);
#5516=EDGE_CURVE('',#4402,#4535,#2495,.T.);
#5517=EDGE_CURVE('',#4401,#4536,#2496,.T.);
#5518=EDGE_CURVE('',#4537,#4536,#2497,.T.);
#5519=EDGE_CURVE('',#4398,#4537,#2498,.T.);
#5520=EDGE_CURVE('',#4397,#4538,#2499,.T.);
#5521=EDGE_CURVE('',#4539,#4538,#2500,.T.);
#5522=EDGE_CURVE('',#4394,#4539,#2501,.T.);
#5523=EDGE_CURVE('',#4393,#4540,#2502,.T.);
#5524=EDGE_CURVE('',#4541,#4540,#2503,.T.);
#5525=EDGE_CURVE('',#4390,#4541,#2504,.T.);
#5526=EDGE_CURVE('',#4389,#4542,#2505,.T.);
#5527=EDGE_CURVE('',#4543,#4542,#2506,.T.);
#5528=EDGE_CURVE('',#4385,#4543,#2507,.T.);
#5529=EDGE_CURVE('',#4387,#4544,#2508,.T.);
#5530=EDGE_CURVE('',#4544,#4543,#2509,.T.);
#5531=EDGE_CURVE('',#4388,#4545,#2510,.T.);
#5532=EDGE_CURVE('',#4545,#4544,#2511,.T.);
#5533=EDGE_CURVE('',#4542,#4545,#2512,.T.);
#5534=EDGE_CURVE('',#4391,#4546,#2513,.T.);
#5535=EDGE_CURVE('',#4546,#4541,#2514,.T.);
#5536=EDGE_CURVE('',#4392,#4547,#2515,.T.);
#5537=EDGE_CURVE('',#4547,#4546,#2516,.T.);
#5538=EDGE_CURVE('',#4540,#4547,#2517,.T.);
#5539=EDGE_CURVE('',#4395,#4548,#2518,.T.);
#5540=EDGE_CURVE('',#4548,#4539,#2519,.T.);
#5541=EDGE_CURVE('',#4396,#4549,#2520,.T.);
#5542=EDGE_CURVE('',#4549,#4548,#2521,.T.);
#5543=EDGE_CURVE('',#4538,#4549,#2522,.T.);
#5544=EDGE_CURVE('',#4399,#4550,#2523,.T.);
#5545=EDGE_CURVE('',#4550,#4537,#2524,.T.);
#5546=EDGE_CURVE('',#4400,#4551,#2525,.T.);
#5547=EDGE_CURVE('',#4551,#4550,#2526,.T.);
#5548=EDGE_CURVE('',#4536,#4551,#2527,.T.);
#5549=EDGE_CURVE('',#4403,#4552,#2528,.T.);
#5550=EDGE_CURVE('',#4552,#4535,#2529,.T.);
#5551=EDGE_CURVE('',#4404,#4553,#2530,.T.);
#5552=EDGE_CURVE('',#4553,#4552,#2531,.T.);
#5553=EDGE_CURVE('',#4534,#4553,#2532,.T.);
#5554=EDGE_CURVE('',#4407,#4554,#2533,.T.);
#5555=EDGE_CURVE('',#4554,#4533,#2534,.T.);
#5556=EDGE_CURVE('',#4408,#4555,#2535,.T.);
#5557=EDGE_CURVE('',#4555,#4554,#2536,.T.);
#5558=EDGE_CURVE('',#4532,#4555,#2537,.T.);
#5559=EDGE_CURVE('',#4411,#4556,#2538,.T.);
#5560=EDGE_CURVE('',#4556,#4531,#2539,.T.);
#5561=EDGE_CURVE('',#4412,#4557,#2540,.T.);
#5562=EDGE_CURVE('',#4557,#4556,#2541,.T.);
#5563=EDGE_CURVE('',#4530,#4557,#2542,.T.);
#5564=EDGE_CURVE('',#4416,#4558,#2543,.T.);
#5565=EDGE_CURVE('',#4558,#4512,#2544,.T.);
#5566=EDGE_CURVE('',#4417,#4559,#2545,.T.);
#5567=EDGE_CURVE('',#4559,#4558,#2546,.T.);
#5568=EDGE_CURVE('',#4511,#4559,#2547,.T.);
#5569=EDGE_CURVE('',#4420,#4560,#2548,.T.);
#5570=EDGE_CURVE('',#4560,#4510,#2549,.T.);
#5571=EDGE_CURVE('',#4421,#4561,#2550,.T.);
#5572=EDGE_CURVE('',#4561,#4560,#2551,.T.);
#5573=EDGE_CURVE('',#4509,#4561,#2552,.T.);
#5574=EDGE_CURVE('',#4424,#4562,#2553,.T.);
#5575=EDGE_CURVE('',#4562,#4508,#2554,.T.);
#5576=EDGE_CURVE('',#4425,#4563,#2555,.T.);
#5577=EDGE_CURVE('',#4563,#4562,#2556,.T.);
#5578=EDGE_CURVE('',#4507,#4563,#2557,.T.);
#5579=EDGE_CURVE('',#4428,#4564,#2558,.T.);
#5580=EDGE_CURVE('',#4564,#4506,#2559,.T.);
#5581=EDGE_CURVE('',#4429,#4565,#2560,.T.);
#5582=EDGE_CURVE('',#4565,#4564,#2561,.T.);
#5583=EDGE_CURVE('',#4505,#4565,#2562,.T.);
#5584=EDGE_CURVE('',#4432,#4566,#2563,.T.);
#5585=EDGE_CURVE('',#4566,#4504,#2564,.T.);
#5586=EDGE_CURVE('',#4433,#4567,#2565,.T.);
#5587=EDGE_CURVE('',#4567,#4566,#2566,.T.);
#5588=EDGE_CURVE('',#4503,#4567,#2567,.T.);
#5589=EDGE_CURVE('',#4436,#4568,#2568,.T.);
#5590=EDGE_CURVE('',#4568,#4502,#2569,.T.);
#5591=EDGE_CURVE('',#4437,#4569,#2570,.T.);
#5592=EDGE_CURVE('',#4569,#4568,#2571,.T.);
#5593=EDGE_CURVE('',#4501,#4569,#2572,.T.);
#5594=EDGE_CURVE('',#4440,#4570,#2573,.T.);
#5595=EDGE_CURVE('',#4570,#4500,#2574,.T.);
#5596=EDGE_CURVE('',#4441,#4571,#2575,.T.);
#5597=EDGE_CURVE('',#4571,#4570,#2576,.T.);
#5598=EDGE_CURVE('',#4499,#4571,#2577,.T.);
#5599=EDGE_CURVE('',#4458,#4572,#2578,.T.);
#5600=EDGE_CURVE('',#4572,#4529,#2579,.T.);
#5601=EDGE_CURVE('',#4459,#4573,#2580,.T.);
#5602=EDGE_CURVE('',#4573,#4572,#2581,.T.);
#5603=EDGE_CURVE('',#4528,#4573,#2582,.T.);
#5604=EDGE_CURVE('',#4462,#4574,#2583,.T.);
#5605=EDGE_CURVE('',#4574,#4527,#2584,.T.);
#5606=EDGE_CURVE('',#4463,#4575,#2585,.T.);
#5607=EDGE_CURVE('',#4575,#4574,#2586,.T.);
#5608=EDGE_CURVE('',#4526,#4575,#2587,.T.);
#5609=EDGE_CURVE('',#4466,#4576,#2588,.T.);
#5610=EDGE_CURVE('',#4576,#4525,#2589,.T.);
#5611=EDGE_CURVE('',#4467,#4577,#2590,.T.);
#5612=EDGE_CURVE('',#4577,#4576,#2591,.T.);
#5613=EDGE_CURVE('',#4524,#4577,#2592,.T.);
#5614=EDGE_CURVE('',#4470,#4578,#2593,.T.);
#5615=EDGE_CURVE('',#4578,#4523,#2594,.T.);
#5616=EDGE_CURVE('',#4471,#4579,#2595,.T.);
#5617=EDGE_CURVE('',#4579,#4578,#2596,.T.);
#5618=EDGE_CURVE('',#4522,#4579,#2597,.T.);
#5619=EDGE_CURVE('',#4474,#4580,#2598,.T.);
#5620=EDGE_CURVE('',#4580,#4521,#2599,.T.);
#5621=EDGE_CURVE('',#4475,#4581,#2600,.T.);
#5622=EDGE_CURVE('',#4581,#4580,#2601,.T.);
#5623=EDGE_CURVE('',#4520,#4581,#2602,.T.);
#5624=EDGE_CURVE('',#4478,#4582,#2603,.T.);
#5625=EDGE_CURVE('',#4582,#4519,#2604,.T.);
#5626=EDGE_CURVE('',#4479,#4583,#2605,.T.);
#5627=EDGE_CURVE('',#4583,#4582,#2606,.T.);
#5628=EDGE_CURVE('',#4518,#4583,#2607,.T.);
#5629=EDGE_CURVE('',#4482,#4584,#2608,.T.);
#5630=EDGE_CURVE('',#4584,#4517,#2609,.T.);
#5631=EDGE_CURVE('',#4483,#4585,#2610,.T.);
#5632=EDGE_CURVE('',#4585,#4584,#2611,.T.);
#5633=EDGE_CURVE('',#4516,#4585,#2612,.T.);
#5634=EDGE_CURVE('',#4586,#4586,#888,.T.);
#5635=EDGE_CURVE('',#4586,#4515,#2613,.T.);
#5636=EDGE_CURVE('',#4587,#4588,#2614,.T.);
#5637=EDGE_CURVE('',#4587,#4589,#2615,.T.);
#5638=EDGE_CURVE('',#4589,#4590,#2616,.T.);
#5639=EDGE_CURVE('',#4588,#4590,#2617,.T.);
#5640=EDGE_CURVE('',#4591,#4587,#2618,.T.);
#5641=EDGE_CURVE('',#4592,#4588,#2619,.T.);
#5642=EDGE_CURVE('',#4592,#4593,#889,.T.);
#5643=EDGE_CURVE('',#4591,#4593,#2620,.T.);
#5644=EDGE_CURVE('',#4589,#4594,#2621,.T.);
#5645=EDGE_CURVE('',#4594,#4595,#2622,.T.);
#5646=EDGE_CURVE('',#4596,#4595,#890,.T.);
#5647=EDGE_CURVE('',#4590,#4596,#2623,.T.);
#5648=EDGE_CURVE('',#4594,#4591,#2624,.T.);
#5649=EDGE_CURVE('',#4596,#4592,#2625,.T.);
#5650=EDGE_CURVE('',#4595,#4593,#2626,.T.);
#5651=EDGE_CURVE('',#4597,#4598,#2627,.T.);
#5652=EDGE_CURVE('',#4598,#4599,#2628,.T.);
#5653=EDGE_CURVE('',#4600,#4599,#2629,.T.);
#5654=EDGE_CURVE('',#4597,#4600,#2630,.T.);
#5655=EDGE_CURVE('',#4599,#4601,#2631,.T.);
#5656=EDGE_CURVE('',#4602,#4601,#2632,.T.);
#5657=EDGE_CURVE('',#4600,#4602,#2633,.T.);
#5658=EDGE_CURVE('',#4601,#4603,#2634,.T.);
#5659=EDGE_CURVE('',#4604,#4603,#2635,.T.);
#5660=EDGE_CURVE('',#4602,#4604,#2636,.T.);
#5661=EDGE_CURVE('',#4603,#4598,#2637,.T.);
#5662=EDGE_CURVE('',#4604,#4597,#2638,.T.);
#5663=EDGE_CURVE('',#4605,#4606,#2639,.T.);
#5664=EDGE_CURVE('',#4605,#4607,#2640,.T.);
#5665=EDGE_CURVE('',#4607,#4608,#2641,.T.);
#5666=EDGE_CURVE('',#4606,#4608,#2642,.T.);
#5667=EDGE_CURVE('',#4607,#4609,#2643,.T.);
#5668=EDGE_CURVE('',#4609,#4610,#2644,.T.);
#5669=EDGE_CURVE('',#4608,#4610,#2645,.T.);
#5670=EDGE_CURVE('',#4609,#4611,#2646,.T.);
#5671=EDGE_CURVE('',#4611,#4612,#2647,.T.);
#5672=EDGE_CURVE('',#4610,#4612,#2648,.T.);
#5673=EDGE_CURVE('',#4611,#4605,#2649,.T.);
#5674=EDGE_CURVE('',#4612,#4606,#2650,.T.);
#5675=EDGE_CURVE('',#4613,#4614,#2651,.T.);
#5676=EDGE_CURVE('',#4614,#4615,#2652,.T.);
#5677=EDGE_CURVE('',#4616,#4615,#2653,.T.);
#5678=EDGE_CURVE('',#4613,#4616,#2654,.T.);
#5679=EDGE_CURVE('',#4615,#4617,#2655,.T.);
#5680=EDGE_CURVE('',#4618,#4617,#2656,.T.);
#5681=EDGE_CURVE('',#4616,#4618,#2657,.T.);
#5682=EDGE_CURVE('',#4617,#4619,#2658,.T.);
#5683=EDGE_CURVE('',#4620,#4619,#2659,.T.);
#5684=EDGE_CURVE('',#4618,#4620,#2660,.T.);
#5685=EDGE_CURVE('',#4619,#4614,#2661,.T.);
#5686=EDGE_CURVE('',#4620,#4613,#2662,.T.);
#5687=EDGE_CURVE('',#4621,#4622,#2663,.T.);
#5688=EDGE_CURVE('',#4621,#4623,#2664,.T.);
#5689=EDGE_CURVE('',#4623,#4624,#2665,.T.);
#5690=EDGE_CURVE('',#4622,#4624,#2666,.T.);
#5691=EDGE_CURVE('',#4623,#4625,#2667,.T.);
#5692=EDGE_CURVE('',#4625,#4626,#2668,.T.);
#5693=EDGE_CURVE('',#4624,#4626,#2669,.T.);
#5694=EDGE_CURVE('',#4625,#4627,#2670,.T.);
#5695=EDGE_CURVE('',#4627,#4628,#2671,.T.);
#5696=EDGE_CURVE('',#4626,#4628,#2672,.T.);
#5697=EDGE_CURVE('',#4627,#4621,#2673,.T.);
#5698=EDGE_CURVE('',#4628,#4622,#2674,.T.);
#5699=EDGE_CURVE('',#4629,#4630,#2675,.T.);
#5700=EDGE_CURVE('',#4630,#4631,#2676,.T.);
#5701=EDGE_CURVE('',#4632,#4631,#2677,.T.);
#5702=EDGE_CURVE('',#4629,#4632,#2678,.T.);
#5703=EDGE_CURVE('',#4631,#4633,#2679,.T.);
#5704=EDGE_CURVE('',#4634,#4633,#2680,.T.);
#5705=EDGE_CURVE('',#4632,#4634,#2681,.T.);
#5706=EDGE_CURVE('',#4633,#4635,#2682,.T.);
#5707=EDGE_CURVE('',#4636,#4635,#2683,.T.);
#5708=EDGE_CURVE('',#4634,#4636,#2684,.T.);
#5709=EDGE_CURVE('',#4635,#4630,#2685,.T.);
#5710=EDGE_CURVE('',#4636,#4629,#2686,.T.);
#5711=EDGE_CURVE('',#4637,#4638,#2687,.T.);
#5712=EDGE_CURVE('',#4637,#4639,#2688,.T.);
#5713=EDGE_CURVE('',#4639,#4640,#2689,.T.);
#5714=EDGE_CURVE('',#4638,#4640,#2690,.T.);
#5715=EDGE_CURVE('',#4639,#4641,#2691,.T.);
#5716=EDGE_CURVE('',#4641,#4642,#2692,.T.);
#5717=EDGE_CURVE('',#4640,#4642,#2693,.T.);
#5718=EDGE_CURVE('',#4641,#4643,#2694,.T.);
#5719=EDGE_CURVE('',#4643,#4644,#2695,.T.);
#5720=EDGE_CURVE('',#4642,#4644,#2696,.T.);
#5721=EDGE_CURVE('',#4643,#4637,#2697,.T.);
#5722=EDGE_CURVE('',#4644,#4638,#2698,.T.);
#5723=EDGE_CURVE('',#4645,#4646,#2699,.T.);
#5724=EDGE_CURVE('',#4646,#4647,#2700,.T.);
#5725=EDGE_CURVE('',#4648,#4647,#2701,.T.);
#5726=EDGE_CURVE('',#4645,#4648,#2702,.T.);
#5727=EDGE_CURVE('',#4647,#4649,#2703,.T.);
#5728=EDGE_CURVE('',#4650,#4649,#2704,.T.);
#5729=EDGE_CURVE('',#4648,#4650,#2705,.T.);
#5730=EDGE_CURVE('',#4649,#4651,#2706,.T.);
#5731=EDGE_CURVE('',#4652,#4651,#2707,.T.);
#5732=EDGE_CURVE('',#4650,#4652,#2708,.T.);
#5733=EDGE_CURVE('',#4651,#4646,#2709,.T.);
#5734=EDGE_CURVE('',#4652,#4645,#2710,.T.);
#5735=EDGE_CURVE('',#4653,#4654,#2711,.T.);
#5736=EDGE_CURVE('',#4653,#4655,#2712,.T.);
#5737=EDGE_CURVE('',#4655,#4656,#2713,.T.);
#5738=EDGE_CURVE('',#4654,#4656,#2714,.T.);
#5739=EDGE_CURVE('',#4655,#4657,#2715,.T.);
#5740=EDGE_CURVE('',#4657,#4658,#2716,.T.);
#5741=EDGE_CURVE('',#4656,#4658,#2717,.T.);
#5742=EDGE_CURVE('',#4657,#4659,#2718,.T.);
#5743=EDGE_CURVE('',#4659,#4660,#2719,.T.);
#5744=EDGE_CURVE('',#4658,#4660,#2720,.T.);
#5745=EDGE_CURVE('',#4659,#4653,#2721,.T.);
#5746=EDGE_CURVE('',#4660,#4654,#2722,.T.);
#5747=EDGE_CURVE('',#4661,#4662,#2723,.T.);
#5748=EDGE_CURVE('',#4662,#4663,#2724,.T.);
#5749=EDGE_CURVE('',#4664,#4663,#2725,.T.);
#5750=EDGE_CURVE('',#4661,#4664,#2726,.T.);
#5751=EDGE_CURVE('',#4663,#4665,#2727,.T.);
#5752=EDGE_CURVE('',#4666,#4665,#2728,.T.);
#5753=EDGE_CURVE('',#4664,#4666,#2729,.T.);
#5754=EDGE_CURVE('',#4665,#4667,#2730,.T.);
#5755=EDGE_CURVE('',#4668,#4667,#2731,.T.);
#5756=EDGE_CURVE('',#4666,#4668,#2732,.T.);
#5757=EDGE_CURVE('',#4667,#4662,#2733,.T.);
#5758=EDGE_CURVE('',#4668,#4661,#2734,.T.);
#5759=EDGE_CURVE('',#4669,#4670,#2735,.T.);
#5760=EDGE_CURVE('',#4669,#4671,#2736,.T.);
#5761=EDGE_CURVE('',#4671,#4672,#2737,.T.);
#5762=EDGE_CURVE('',#4670,#4672,#2738,.T.);
#5763=EDGE_CURVE('',#4671,#4673,#2739,.T.);
#5764=EDGE_CURVE('',#4673,#4674,#2740,.T.);
#5765=EDGE_CURVE('',#4672,#4674,#2741,.T.);
#5766=EDGE_CURVE('',#4673,#4675,#2742,.T.);
#5767=EDGE_CURVE('',#4675,#4676,#2743,.T.);
#5768=EDGE_CURVE('',#4674,#4676,#2744,.T.);
#5769=EDGE_CURVE('',#4675,#4669,#2745,.T.);
#5770=EDGE_CURVE('',#4676,#4670,#2746,.T.);
#5771=EDGE_CURVE('',#4677,#4678,#2747,.T.);
#5772=EDGE_CURVE('',#4678,#4679,#2748,.T.);
#5773=EDGE_CURVE('',#4680,#4679,#2749,.T.);
#5774=EDGE_CURVE('',#4677,#4680,#2750,.T.);
#5775=EDGE_CURVE('',#4679,#4681,#2751,.T.);
#5776=EDGE_CURVE('',#4682,#4681,#2752,.T.);
#5777=EDGE_CURVE('',#4680,#4682,#2753,.T.);
#5778=EDGE_CURVE('',#4681,#4683,#2754,.T.);
#5779=EDGE_CURVE('',#4684,#4683,#2755,.T.);
#5780=EDGE_CURVE('',#4682,#4684,#2756,.T.);
#5781=EDGE_CURVE('',#4683,#4678,#2757,.T.);
#5782=EDGE_CURVE('',#4684,#4677,#2758,.T.);
#5783=EDGE_CURVE('',#4685,#4686,#2759,.T.);
#5784=EDGE_CURVE('',#4685,#4687,#2760,.T.);
#5785=EDGE_CURVE('',#4687,#4688,#2761,.T.);
#5786=EDGE_CURVE('',#4686,#4688,#2762,.T.);
#5787=EDGE_CURVE('',#4687,#4689,#2763,.T.);
#5788=EDGE_CURVE('',#4689,#4690,#2764,.T.);
#5789=EDGE_CURVE('',#4688,#4690,#2765,.T.);
#5790=EDGE_CURVE('',#4689,#4691,#2766,.T.);
#5791=EDGE_CURVE('',#4691,#4692,#2767,.T.);
#5792=EDGE_CURVE('',#4690,#4692,#2768,.T.);
#5793=EDGE_CURVE('',#4691,#4685,#2769,.T.);
#5794=EDGE_CURVE('',#4692,#4686,#2770,.T.);
#5795=EDGE_CURVE('',#4693,#4694,#2771,.T.);
#5796=EDGE_CURVE('',#4694,#4695,#2772,.T.);
#5797=EDGE_CURVE('',#4696,#4695,#2773,.T.);
#5798=EDGE_CURVE('',#4693,#4696,#2774,.T.);
#5799=EDGE_CURVE('',#4695,#4697,#2775,.T.);
#5800=EDGE_CURVE('',#4698,#4697,#2776,.T.);
#5801=EDGE_CURVE('',#4696,#4698,#2777,.T.);
#5802=EDGE_CURVE('',#4697,#4699,#2778,.T.);
#5803=EDGE_CURVE('',#4700,#4699,#2779,.T.);
#5804=EDGE_CURVE('',#4698,#4700,#2780,.T.);
#5805=EDGE_CURVE('',#4699,#4694,#2781,.T.);
#5806=EDGE_CURVE('',#4700,#4693,#2782,.T.);
#5807=EDGE_CURVE('',#4701,#4702,#2783,.T.);
#5808=EDGE_CURVE('',#4701,#4703,#2784,.T.);
#5809=EDGE_CURVE('',#4703,#4704,#2785,.T.);
#5810=EDGE_CURVE('',#4702,#4704,#2786,.T.);
#5811=EDGE_CURVE('',#4703,#4705,#2787,.T.);
#5812=EDGE_CURVE('',#4705,#4706,#2788,.T.);
#5813=EDGE_CURVE('',#4704,#4706,#2789,.T.);
#5814=EDGE_CURVE('',#4705,#4707,#2790,.T.);
#5815=EDGE_CURVE('',#4707,#4708,#2791,.T.);
#5816=EDGE_CURVE('',#4706,#4708,#2792,.T.);
#5817=EDGE_CURVE('',#4707,#4701,#2793,.T.);
#5818=EDGE_CURVE('',#4708,#4702,#2794,.T.);
#5819=EDGE_CURVE('',#4709,#4710,#2795,.T.);
#5820=EDGE_CURVE('',#4710,#4711,#2796,.T.);
#5821=EDGE_CURVE('',#4712,#4711,#2797,.T.);
#5822=EDGE_CURVE('',#4709,#4712,#2798,.T.);
#5823=EDGE_CURVE('',#4711,#4713,#2799,.T.);
#5824=EDGE_CURVE('',#4714,#4713,#2800,.T.);
#5825=EDGE_CURVE('',#4712,#4714,#2801,.T.);
#5826=EDGE_CURVE('',#4713,#4715,#2802,.T.);
#5827=EDGE_CURVE('',#4716,#4715,#2803,.T.);
#5828=EDGE_CURVE('',#4714,#4716,#2804,.T.);
#5829=EDGE_CURVE('',#4715,#4710,#2805,.T.);
#5830=EDGE_CURVE('',#4716,#4709,#2806,.T.);
#5831=EDGE_CURVE('',#4717,#4718,#2807,.T.);
#5832=EDGE_CURVE('',#4717,#4719,#2808,.T.);
#5833=EDGE_CURVE('',#4719,#4720,#2809,.T.);
#5834=EDGE_CURVE('',#4718,#4720,#2810,.T.);
#5835=EDGE_CURVE('',#4719,#4721,#2811,.T.);
#5836=EDGE_CURVE('',#4721,#4722,#2812,.T.);
#5837=EDGE_CURVE('',#4720,#4722,#2813,.T.);
#5838=EDGE_CURVE('',#4721,#4723,#2814,.T.);
#5839=EDGE_CURVE('',#4723,#4724,#2815,.T.);
#5840=EDGE_CURVE('',#4722,#4724,#2816,.T.);
#5841=EDGE_CURVE('',#4723,#4717,#2817,.T.);
#5842=EDGE_CURVE('',#4724,#4718,#2818,.T.);
#5843=EDGE_CURVE('',#4725,#4726,#2819,.T.);
#5844=EDGE_CURVE('',#4726,#4727,#2820,.T.);
#5845=EDGE_CURVE('',#4728,#4727,#2821,.T.);
#5846=EDGE_CURVE('',#4725,#4728,#2822,.T.);
#5847=EDGE_CURVE('',#4727,#4729,#2823,.T.);
#5848=EDGE_CURVE('',#4730,#4729,#2824,.T.);
#5849=EDGE_CURVE('',#4728,#4730,#2825,.T.);
#5850=EDGE_CURVE('',#4729,#4731,#2826,.T.);
#5851=EDGE_CURVE('',#4732,#4731,#2827,.T.);
#5852=EDGE_CURVE('',#4730,#4732,#2828,.T.);
#5853=EDGE_CURVE('',#4731,#4726,#2829,.T.);
#5854=EDGE_CURVE('',#4732,#4725,#2830,.T.);
#5855=EDGE_CURVE('',#4733,#4734,#2831,.T.);
#5856=EDGE_CURVE('',#4733,#4735,#2832,.T.);
#5857=EDGE_CURVE('',#4735,#4736,#2833,.T.);
#5858=EDGE_CURVE('',#4734,#4736,#2834,.T.);
#5859=EDGE_CURVE('',#4735,#4737,#2835,.T.);
#5860=EDGE_CURVE('',#4737,#4738,#2836,.T.);
#5861=EDGE_CURVE('',#4736,#4738,#2837,.T.);
#5862=EDGE_CURVE('',#4737,#4739,#2838,.T.);
#5863=EDGE_CURVE('',#4739,#4740,#2839,.T.);
#5864=EDGE_CURVE('',#4738,#4740,#2840,.T.);
#5865=EDGE_CURVE('',#4739,#4733,#2841,.T.);
#5866=EDGE_CURVE('',#4740,#4734,#2842,.T.);
#5867=EDGE_CURVE('',#4741,#4742,#2843,.T.);
#5868=EDGE_CURVE('',#4742,#4743,#2844,.T.);
#5869=EDGE_CURVE('',#4744,#4743,#2845,.T.);
#5870=EDGE_CURVE('',#4741,#4744,#2846,.T.);
#5871=EDGE_CURVE('',#4743,#4745,#2847,.T.);
#5872=EDGE_CURVE('',#4746,#4745,#2848,.T.);
#5873=EDGE_CURVE('',#4744,#4746,#2849,.T.);
#5874=EDGE_CURVE('',#4745,#4747,#2850,.T.);
#5875=EDGE_CURVE('',#4748,#4747,#2851,.T.);
#5876=EDGE_CURVE('',#4746,#4748,#2852,.T.);
#5877=EDGE_CURVE('',#4747,#4742,#2853,.T.);
#5878=EDGE_CURVE('',#4748,#4741,#2854,.T.);
#5879=EDGE_CURVE('',#4749,#4750,#2855,.T.);
#5880=EDGE_CURVE('',#4749,#4751,#2856,.T.);
#5881=EDGE_CURVE('',#4751,#4752,#2857,.T.);
#5882=EDGE_CURVE('',#4750,#4752,#2858,.T.);
#5883=EDGE_CURVE('',#4751,#4753,#2859,.T.);
#5884=EDGE_CURVE('',#4753,#4754,#2860,.T.);
#5885=EDGE_CURVE('',#4752,#4754,#2861,.T.);
#5886=EDGE_CURVE('',#4753,#4755,#2862,.T.);
#5887=EDGE_CURVE('',#4755,#4756,#2863,.T.);
#5888=EDGE_CURVE('',#4754,#4756,#2864,.T.);
#5889=EDGE_CURVE('',#4755,#4749,#2865,.T.);
#5890=EDGE_CURVE('',#4756,#4750,#2866,.T.);
#5891=EDGE_CURVE('',#4757,#4758,#2867,.T.);
#5892=EDGE_CURVE('',#4758,#4759,#2868,.T.);
#5893=EDGE_CURVE('',#4760,#4759,#2869,.T.);
#5894=EDGE_CURVE('',#4757,#4760,#2870,.T.);
#5895=EDGE_CURVE('',#4759,#4761,#2871,.T.);
#5896=EDGE_CURVE('',#4762,#4761,#2872,.T.);
#5897=EDGE_CURVE('',#4760,#4762,#2873,.T.);
#5898=EDGE_CURVE('',#4761,#4763,#2874,.T.);
#5899=EDGE_CURVE('',#4764,#4763,#2875,.T.);
#5900=EDGE_CURVE('',#4762,#4764,#2876,.T.);
#5901=EDGE_CURVE('',#4763,#4758,#2877,.T.);
#5902=EDGE_CURVE('',#4764,#4757,#2878,.T.);
#5903=EDGE_CURVE('',#4765,#4766,#2879,.T.);
#5904=EDGE_CURVE('',#4765,#4767,#2880,.T.);
#5905=EDGE_CURVE('',#4767,#4768,#2881,.T.);
#5906=EDGE_CURVE('',#4766,#4768,#2882,.T.);
#5907=EDGE_CURVE('',#4767,#4769,#2883,.T.);
#5908=EDGE_CURVE('',#4769,#4770,#2884,.T.);
#5909=EDGE_CURVE('',#4768,#4770,#2885,.T.);
#5910=EDGE_CURVE('',#4769,#4771,#2886,.T.);
#5911=EDGE_CURVE('',#4771,#4772,#2887,.T.);
#5912=EDGE_CURVE('',#4770,#4772,#2888,.T.);
#5913=EDGE_CURVE('',#4771,#4765,#2889,.T.);
#5914=EDGE_CURVE('',#4772,#4766,#2890,.T.);
#5915=EDGE_CURVE('',#4773,#4774,#2891,.T.);
#5916=EDGE_CURVE('',#4774,#4775,#2892,.T.);
#5917=EDGE_CURVE('',#4776,#4775,#2893,.T.);
#5918=EDGE_CURVE('',#4773,#4776,#2894,.T.);
#5919=EDGE_CURVE('',#4775,#4777,#2895,.T.);
#5920=EDGE_CURVE('',#4778,#4777,#2896,.T.);
#5921=EDGE_CURVE('',#4776,#4778,#2897,.T.);
#5922=EDGE_CURVE('',#4777,#4779,#2898,.T.);
#5923=EDGE_CURVE('',#4780,#4779,#2899,.T.);
#5924=EDGE_CURVE('',#4778,#4780,#2900,.T.);
#5925=EDGE_CURVE('',#4779,#4774,#2901,.T.);
#5926=EDGE_CURVE('',#4780,#4773,#2902,.T.);
#5927=EDGE_CURVE('',#4781,#4782,#2903,.T.);
#5928=EDGE_CURVE('',#4781,#4783,#2904,.T.);
#5929=EDGE_CURVE('',#4783,#4784,#2905,.T.);
#5930=EDGE_CURVE('',#4782,#4784,#2906,.T.);
#5931=EDGE_CURVE('',#4783,#4785,#2907,.T.);
#5932=EDGE_CURVE('',#4785,#4786,#2908,.T.);
#5933=EDGE_CURVE('',#4784,#4786,#2909,.T.);
#5934=EDGE_CURVE('',#4785,#4787,#2910,.T.);
#5935=EDGE_CURVE('',#4787,#4788,#2911,.T.);
#5936=EDGE_CURVE('',#4786,#4788,#2912,.T.);
#5937=EDGE_CURVE('',#4787,#4781,#2913,.T.);
#5938=EDGE_CURVE('',#4788,#4782,#2914,.T.);
#5939=EDGE_CURVE('',#4789,#4790,#2915,.T.);
#5940=EDGE_CURVE('',#4790,#4791,#2916,.T.);
#5941=EDGE_CURVE('',#4792,#4791,#2917,.T.);
#5942=EDGE_CURVE('',#4789,#4792,#2918,.T.);
#5943=EDGE_CURVE('',#4791,#4793,#2919,.T.);
#5944=EDGE_CURVE('',#4794,#4793,#2920,.T.);
#5945=EDGE_CURVE('',#4792,#4794,#2921,.T.);
#5946=EDGE_CURVE('',#4793,#4795,#2922,.T.);
#5947=EDGE_CURVE('',#4796,#4795,#2923,.T.);
#5948=EDGE_CURVE('',#4794,#4796,#2924,.T.);
#5949=EDGE_CURVE('',#4795,#4790,#2925,.T.);
#5950=EDGE_CURVE('',#4796,#4789,#2926,.T.);
#5951=EDGE_CURVE('',#4797,#4798,#2927,.T.);
#5952=EDGE_CURVE('',#4797,#4799,#2928,.T.);
#5953=EDGE_CURVE('',#4799,#4800,#2929,.T.);
#5954=EDGE_CURVE('',#4798,#4800,#2930,.T.);
#5955=EDGE_CURVE('',#4799,#4801,#2931,.T.);
#5956=EDGE_CURVE('',#4801,#4802,#2932,.T.);
#5957=EDGE_CURVE('',#4800,#4802,#2933,.T.);
#5958=EDGE_CURVE('',#4801,#4803,#2934,.T.);
#5959=EDGE_CURVE('',#4803,#4804,#2935,.T.);
#5960=EDGE_CURVE('',#4802,#4804,#2936,.T.);
#5961=EDGE_CURVE('',#4803,#4797,#2937,.T.);
#5962=EDGE_CURVE('',#4804,#4798,#2938,.T.);
#5963=EDGE_CURVE('',#4805,#4806,#2939,.T.);
#5964=EDGE_CURVE('',#4806,#4807,#2940,.T.);
#5965=EDGE_CURVE('',#4808,#4807,#2941,.T.);
#5966=EDGE_CURVE('',#4805,#4808,#2942,.T.);
#5967=EDGE_CURVE('',#4807,#4809,#2943,.T.);
#5968=EDGE_CURVE('',#4810,#4809,#2944,.T.);
#5969=EDGE_CURVE('',#4808,#4810,#2945,.T.);
#5970=EDGE_CURVE('',#4809,#4811,#2946,.T.);
#5971=EDGE_CURVE('',#4812,#4811,#2947,.T.);
#5972=EDGE_CURVE('',#4810,#4812,#2948,.T.);
#5973=EDGE_CURVE('',#4811,#4806,#2949,.T.);
#5974=EDGE_CURVE('',#4812,#4805,#2950,.T.);
#5975=EDGE_CURVE('',#4813,#4814,#2951,.T.);
#5976=EDGE_CURVE('',#4813,#4815,#2952,.T.);
#5977=EDGE_CURVE('',#4815,#4816,#2953,.T.);
#5978=EDGE_CURVE('',#4814,#4816,#2954,.T.);
#5979=EDGE_CURVE('',#4815,#4817,#2955,.T.);
#5980=EDGE_CURVE('',#4817,#4818,#2956,.T.);
#5981=EDGE_CURVE('',#4816,#4818,#2957,.T.);
#5982=EDGE_CURVE('',#4817,#4819,#2958,.T.);
#5983=EDGE_CURVE('',#4819,#4820,#2959,.T.);
#5984=EDGE_CURVE('',#4818,#4820,#2960,.T.);
#5985=EDGE_CURVE('',#4819,#4813,#2961,.T.);
#5986=EDGE_CURVE('',#4820,#4814,#2962,.T.);
#5987=EDGE_CURVE('',#4821,#4821,#891,.T.);
#5988=EDGE_CURVE('',#4822,#4822,#892,.T.);
#5989=EDGE_CURVE('',#4823,#4823,#893,.T.);
#5990=EDGE_CURVE('',#4823,#4821,#2963,.T.);
#5991=EDGE_CURVE('',#4824,#4824,#894,.T.);
#5992=EDGE_CURVE('',#4824,#4822,#2964,.T.);
#5993=EDGE_CURVE('',#4825,#4825,#895,.T.);
#5994=EDGE_CURVE('',#4826,#4826,#896,.T.);
#5995=EDGE_CURVE('',#4827,#4827,#897,.T.);
#5996=EDGE_CURVE('',#4827,#4825,#2965,.T.);
#5997=EDGE_CURVE('',#4828,#4828,#898,.T.);
#5998=EDGE_CURVE('',#4828,#4826,#2966,.T.);
#5999=EDGE_CURVE('',#4829,#4829,#899,.T.);
#6000=EDGE_CURVE('',#4830,#4830,#900,.T.);
#6001=EDGE_CURVE('',#4831,#4831,#901,.T.);
#6002=EDGE_CURVE('',#4831,#4829,#2967,.T.);
#6003=EDGE_CURVE('',#4832,#4832,#902,.T.);
#6004=EDGE_CURVE('',#4832,#4830,#2968,.T.);
#6005=EDGE_CURVE('',#4833,#4834,#2969,.T.);
#6006=EDGE_CURVE('',#4834,#4835,#2970,.T.);
#6007=EDGE_CURVE('',#4836,#4835,#2971,.T.);
#6008=EDGE_CURVE('',#4833,#4836,#2972,.T.);
#6009=EDGE_CURVE('',#4833,#4837,#903,.T.);
#6010=EDGE_CURVE('',#4838,#4837,#2973,.T.);
#6011=EDGE_CURVE('',#4838,#4839,#904,.T.);
#6012=EDGE_CURVE('',#4840,#4839,#2974,.T.);
#6013=EDGE_CURVE('',#4840,#4841,#905,.T.);
#6014=EDGE_CURVE('',#4842,#4841,#2975,.T.);
#6015=EDGE_CURVE('',#4842,#4843,#906,.T.);
#6016=EDGE_CURVE('',#4844,#4843,#2976,.T.);
#6017=EDGE_CURVE('',#4845,#4844,#907,.T.);
#6018=EDGE_CURVE('',#4845,#4846,#2977,.T.);
#6019=EDGE_CURVE('',#4846,#4847,#908,.T.);
#6020=EDGE_CURVE('',#4848,#4847,#2978,.T.);
#6021=EDGE_CURVE('',#4849,#4848,#909,.T.);
#6022=EDGE_CURVE('',#4849,#4850,#2979,.T.);
#6023=EDGE_CURVE('',#4850,#4851,#910,.T.);
#6024=EDGE_CURVE('',#4852,#4851,#2980,.T.);
#6025=EDGE_CURVE('',#4853,#4852,#911,.T.);
#6026=EDGE_CURVE('',#4853,#4854,#2981,.T.);
#6027=EDGE_CURVE('',#4854,#4855,#912,.T.);
#6028=EDGE_CURVE('',#4856,#4855,#2982,.T.);
#6029=EDGE_CURVE('',#4857,#4856,#913,.T.);
#6030=EDGE_CURVE('',#4857,#4858,#2983,.T.);
#6031=EDGE_CURVE('',#4858,#4859,#914,.T.);
#6032=EDGE_CURVE('',#4860,#4859,#2984,.T.);
#6033=EDGE_CURVE('',#4861,#4860,#915,.T.);
#6034=EDGE_CURVE('',#4861,#4862,#2985,.T.);
#6035=EDGE_CURVE('',#4862,#4863,#916,.T.);
#6036=EDGE_CURVE('',#4863,#4864,#2986,.T.);
#6037=EDGE_CURVE('',#4865,#4864,#917,.T.);
#6038=EDGE_CURVE('',#4865,#4866,#2987,.T.);
#6039=EDGE_CURVE('',#4867,#4866,#918,.T.);
#6040=EDGE_CURVE('',#4868,#4867,#2988,.T.);
#6041=EDGE_CURVE('',#4869,#4868,#919,.T.);
#6042=EDGE_CURVE('',#4870,#4869,#2989,.T.);
#6043=EDGE_CURVE('',#4871,#4870,#920,.T.);
#6044=EDGE_CURVE('',#4872,#4871,#2990,.T.);
#6045=EDGE_CURVE('',#4873,#4872,#2991,.T.);
#6046=EDGE_CURVE('',#4874,#4873,#2992,.T.);
#6047=EDGE_CURVE('',#4834,#4874,#921,.T.);
#6048=EDGE_CURVE('',#4836,#4875,#922,.T.);
#6049=EDGE_CURVE('',#4837,#4875,#2993,.T.);
#6050=EDGE_CURVE('',#4874,#4876,#2994,.T.);
#6051=EDGE_CURVE('',#4835,#4876,#923,.T.);
#6052=EDGE_CURVE('',#4876,#4877,#2995,.T.);
#6053=EDGE_CURVE('',#4877,#4878,#2996,.T.);
#6054=EDGE_CURVE('',#4878,#4879,#2997,.T.);
#6055=EDGE_CURVE('',#4879,#4880,#924,.T.);
#6056=EDGE_CURVE('',#4880,#4881,#2998,.T.);
#6057=EDGE_CURVE('',#4881,#4882,#925,.T.);
#6058=EDGE_CURVE('',#4882,#4883,#2999,.T.);
#6059=EDGE_CURVE('',#4883,#4884,#926,.T.);
#6060=EDGE_CURVE('',#4885,#4884,#3000,.T.);
#6061=EDGE_CURVE('',#4885,#4886,#927,.T.);
#6062=EDGE_CURVE('',#4887,#4886,#3001,.T.);
#6063=EDGE_CURVE('',#4888,#4887,#928,.T.);
#6064=EDGE_CURVE('',#4889,#4888,#3002,.T.);
#6065=EDGE_CURVE('',#4889,#4890,#929,.T.);
#6066=EDGE_CURVE('',#4890,#4891,#3003,.T.);
#6067=EDGE_CURVE('',#4892,#4891,#930,.T.);
#6068=EDGE_CURVE('',#4893,#4892,#3004,.T.);
#6069=EDGE_CURVE('',#4893,#4894,#931,.T.);
#6070=EDGE_CURVE('',#4894,#4895,#3005,.T.);
#6071=EDGE_CURVE('',#4896,#4895,#932,.T.);
#6072=EDGE_CURVE('',#4897,#4896,#3006,.T.);
#6073=EDGE_CURVE('',#4897,#4898,#933,.T.);
#6074=EDGE_CURVE('',#4898,#4899,#3007,.T.);
#6075=EDGE_CURVE('',#4900,#4899,#934,.T.);
#6076=EDGE_CURVE('',#4901,#4900,#3008,.T.);
#6077=EDGE_CURVE('',#4901,#4902,#935,.T.);
#6078=EDGE_CURVE('',#4902,#4903,#3009,.T.);
#6079=EDGE_CURVE('',#4904,#4903,#936,.T.);
#6080=EDGE_CURVE('',#4905,#4904,#3010,.T.);
#6081=EDGE_CURVE('',#4905,#4906,#937,.T.);
#6082=EDGE_CURVE('',#4906,#4907,#3011,.T.);
#6083=EDGE_CURVE('',#4908,#4907,#938,.T.);
#6084=EDGE_CURVE('',#4908,#4909,#3012,.T.);
#6085=EDGE_CURVE('',#4910,#4909,#939,.T.);
#6086=EDGE_CURVE('',#4910,#4911,#3013,.T.);
#6087=EDGE_CURVE('',#4912,#4911,#940,.T.);
#6088=EDGE_CURVE('',#4912,#4875,#3014,.T.);
#6089=EDGE_CURVE('',#4838,#4912,#3015,.T.);
#6090=EDGE_CURVE('',#4873,#4877,#3016,.T.);
#6091=EDGE_CURVE('',#4839,#4911,#3017,.T.);
#6092=EDGE_CURVE('',#4872,#4878,#3018,.T.);
#6093=EDGE_CURVE('',#4840,#4910,#3019,.T.);
#6094=EDGE_CURVE('',#4871,#4879,#3020,.T.);
#6095=EDGE_CURVE('',#4841,#4909,#3021,.T.);
#6096=EDGE_CURVE('',#4870,#4880,#3022,.T.);
#6097=EDGE_CURVE('',#4842,#4908,#3023,.T.);
#6098=EDGE_CURVE('',#4869,#4881,#3024,.T.);
#6099=EDGE_CURVE('',#4843,#4907,#3025,.T.);
#6100=EDGE_CURVE('',#4868,#4882,#3026,.T.);
#6101=EDGE_CURVE('',#4844,#4906,#3027,.T.);
#6102=EDGE_CURVE('',#4867,#4883,#3028,.T.);
#6103=EDGE_CURVE('',#4845,#4905,#3029,.T.);
#6104=EDGE_CURVE('',#4866,#4884,#3030,.T.);
#6105=EDGE_CURVE('',#4846,#4904,#3031,.T.);
#6106=EDGE_CURVE('',#4865,#4885,#3032,.T.);
#6107=EDGE_CURVE('',#4847,#4903,#3033,.T.);
#6108=EDGE_CURVE('',#4864,#4886,#3034,.T.);
#6109=EDGE_CURVE('',#4848,#4902,#3035,.T.);
#6110=EDGE_CURVE('',#4863,#4887,#3036,.T.);
#6111=EDGE_CURVE('',#4849,#4901,#3037,.T.);
#6112=EDGE_CURVE('',#4862,#4888,#3038,.T.);
#6113=EDGE_CURVE('',#4850,#4900,#3039,.T.);
#6114=EDGE_CURVE('',#4861,#4889,#3040,.T.);
#6115=EDGE_CURVE('',#4851,#4899,#3041,.T.);
#6116=EDGE_CURVE('',#4860,#4890,#3042,.T.);
#6117=EDGE_CURVE('',#4852,#4898,#3043,.T.);
#6118=EDGE_CURVE('',#4859,#4891,#3044,.T.);
#6119=EDGE_CURVE('',#4853,#4897,#3045,.T.);
#6120=EDGE_CURVE('',#4858,#4892,#3046,.T.);
#6121=EDGE_CURVE('',#4854,#4896,#3047,.T.);
#6122=EDGE_CURVE('',#4857,#4893,#3048,.T.);
#6123=EDGE_CURVE('',#4855,#4895,#3049,.T.);
#6124=EDGE_CURVE('',#4856,#4894,#3050,.T.);
#6125=ORIENTED_EDGE('',*,*,#4913,.F.);
#6126=ORIENTED_EDGE('',*,*,#4914,.T.);
#6127=ORIENTED_EDGE('',*,*,#4915,.T.);
#6128=ORIENTED_EDGE('',*,*,#4916,.F.);
#6129=ORIENTED_EDGE('',*,*,#4917,.F.);
#6130=ORIENTED_EDGE('',*,*,#4918,.T.);
#6131=ORIENTED_EDGE('',*,*,#4913,.T.);
#6132=ORIENTED_EDGE('',*,*,#4919,.F.);
#6133=ORIENTED_EDGE('',*,*,#4915,.F.);
#6134=ORIENTED_EDGE('',*,*,#4920,.T.);
#6135=ORIENTED_EDGE('',*,*,#4921,.T.);
#6136=ORIENTED_EDGE('',*,*,#4922,.F.);
#6137=ORIENTED_EDGE('',*,*,#4914,.F.);
#6138=ORIENTED_EDGE('',*,*,#4918,.F.);
#6139=ORIENTED_EDGE('',*,*,#4923,.F.);
#6140=ORIENTED_EDGE('',*,*,#4920,.F.);
#6141=ORIENTED_EDGE('',*,*,#4924,.T.);
#6142=ORIENTED_EDGE('',*,*,#4925,.T.);
#6143=ORIENTED_EDGE('',*,*,#4926,.T.);
#6144=ORIENTED_EDGE('',*,*,#4927,.T.);
#6145=ORIENTED_EDGE('',*,*,#4928,.T.);
#6146=ORIENTED_EDGE('',*,*,#4929,.T.);
#6147=ORIENTED_EDGE('',*,*,#4930,.T.);
#6148=ORIENTED_EDGE('',*,*,#4931,.T.);
#6149=ORIENTED_EDGE('',*,*,#4932,.T.);
#6150=ORIENTED_EDGE('',*,*,#4933,.T.);
#6151=ORIENTED_EDGE('',*,*,#4934,.T.);
#6152=ORIENTED_EDGE('',*,*,#4935,.T.);
#6153=ORIENTED_EDGE('',*,*,#4936,.T.);
#6154=ORIENTED_EDGE('',*,*,#4937,.T.);
#6155=ORIENTED_EDGE('',*,*,#4938,.T.);
#6156=ORIENTED_EDGE('',*,*,#4939,.T.);
#6157=ORIENTED_EDGE('',*,*,#4940,.T.);
#6158=ORIENTED_EDGE('',*,*,#4941,.T.);
#6159=ORIENTED_EDGE('',*,*,#4942,.T.);
#6160=ORIENTED_EDGE('',*,*,#4916,.T.);
#6161=ORIENTED_EDGE('',*,*,#4922,.T.);
#6162=ORIENTED_EDGE('',*,*,#4943,.T.);
#6163=ORIENTED_EDGE('',*,*,#4919,.T.);
#6164=ORIENTED_EDGE('',*,*,#4944,.F.);
#6165=ORIENTED_EDGE('',*,*,#4945,.F.);
#6166=ORIENTED_EDGE('',*,*,#4946,.F.);
#6167=ORIENTED_EDGE('',*,*,#4947,.F.);
#6168=ORIENTED_EDGE('',*,*,#4948,.F.);
#6169=ORIENTED_EDGE('',*,*,#4949,.F.);
#6170=ORIENTED_EDGE('',*,*,#4950,.F.);
#6171=ORIENTED_EDGE('',*,*,#4951,.F.);
#6172=ORIENTED_EDGE('',*,*,#4952,.F.);
#6173=ORIENTED_EDGE('',*,*,#4953,.F.);
#6174=ORIENTED_EDGE('',*,*,#4954,.F.);
#6175=ORIENTED_EDGE('',*,*,#4955,.F.);
#6176=ORIENTED_EDGE('',*,*,#4956,.F.);
#6177=ORIENTED_EDGE('',*,*,#4957,.F.);
#6178=ORIENTED_EDGE('',*,*,#4958,.F.);
#6179=ORIENTED_EDGE('',*,*,#4959,.F.);
#6180=ORIENTED_EDGE('',*,*,#4960,.F.);
#6181=ORIENTED_EDGE('',*,*,#4961,.F.);
#6182=ORIENTED_EDGE('',*,*,#4962,.F.);
#6183=ORIENTED_EDGE('',*,*,#4921,.F.);
#6184=ORIENTED_EDGE('',*,*,#4923,.T.);
#6185=ORIENTED_EDGE('',*,*,#4917,.T.);
#6186=ORIENTED_EDGE('',*,*,#4943,.F.);
#6187=ORIENTED_EDGE('',*,*,#4924,.F.);
#6188=ORIENTED_EDGE('',*,*,#4963,.T.);
#6189=ORIENTED_EDGE('',*,*,#4944,.T.);
#6190=ORIENTED_EDGE('',*,*,#4963,.F.);
#6191=ORIENTED_EDGE('',*,*,#4925,.F.);
#6192=ORIENTED_EDGE('',*,*,#4964,.T.);
#6193=ORIENTED_EDGE('',*,*,#4945,.T.);
#6194=ORIENTED_EDGE('',*,*,#4964,.F.);
#6195=ORIENTED_EDGE('',*,*,#4926,.F.);
#6196=ORIENTED_EDGE('',*,*,#4965,.T.);
#6197=ORIENTED_EDGE('',*,*,#4946,.T.);
#6198=ORIENTED_EDGE('',*,*,#4965,.F.);
#6199=ORIENTED_EDGE('',*,*,#4927,.F.);
#6200=ORIENTED_EDGE('',*,*,#4966,.T.);
#6201=ORIENTED_EDGE('',*,*,#4947,.T.);
#6202=ORIENTED_EDGE('',*,*,#4966,.F.);
#6203=ORIENTED_EDGE('',*,*,#4928,.F.);
#6204=ORIENTED_EDGE('',*,*,#4967,.T.);
#6205=ORIENTED_EDGE('',*,*,#4948,.T.);
#6206=ORIENTED_EDGE('',*,*,#4967,.F.);
#6207=ORIENTED_EDGE('',*,*,#4929,.F.);
#6208=ORIENTED_EDGE('',*,*,#4968,.T.);
#6209=ORIENTED_EDGE('',*,*,#4949,.T.);
#6210=ORIENTED_EDGE('',*,*,#4968,.F.);
#6211=ORIENTED_EDGE('',*,*,#4930,.F.);
#6212=ORIENTED_EDGE('',*,*,#4969,.T.);
#6213=ORIENTED_EDGE('',*,*,#4950,.T.);
#6214=ORIENTED_EDGE('',*,*,#4969,.F.);
#6215=ORIENTED_EDGE('',*,*,#4931,.F.);
#6216=ORIENTED_EDGE('',*,*,#4970,.T.);
#6217=ORIENTED_EDGE('',*,*,#4951,.T.);
#6218=ORIENTED_EDGE('',*,*,#4970,.F.);
#6219=ORIENTED_EDGE('',*,*,#4932,.F.);
#6220=ORIENTED_EDGE('',*,*,#4971,.T.);
#6221=ORIENTED_EDGE('',*,*,#4952,.T.);
#6222=ORIENTED_EDGE('',*,*,#4971,.F.);
#6223=ORIENTED_EDGE('',*,*,#4933,.F.);
#6224=ORIENTED_EDGE('',*,*,#4972,.T.);
#6225=ORIENTED_EDGE('',*,*,#4953,.T.);
#6226=ORIENTED_EDGE('',*,*,#4972,.F.);
#6227=ORIENTED_EDGE('',*,*,#4934,.F.);
#6228=ORIENTED_EDGE('',*,*,#4973,.T.);
#6229=ORIENTED_EDGE('',*,*,#4954,.T.);
#6230=ORIENTED_EDGE('',*,*,#4973,.F.);
#6231=ORIENTED_EDGE('',*,*,#4935,.F.);
#6232=ORIENTED_EDGE('',*,*,#4974,.T.);
#6233=ORIENTED_EDGE('',*,*,#4955,.T.);
#6234=ORIENTED_EDGE('',*,*,#4974,.F.);
#6235=ORIENTED_EDGE('',*,*,#4936,.F.);
#6236=ORIENTED_EDGE('',*,*,#4975,.T.);
#6237=ORIENTED_EDGE('',*,*,#4956,.T.);
#6238=ORIENTED_EDGE('',*,*,#4975,.F.);
#6239=ORIENTED_EDGE('',*,*,#4937,.F.);
#6240=ORIENTED_EDGE('',*,*,#4976,.T.);
#6241=ORIENTED_EDGE('',*,*,#4957,.T.);
#6242=ORIENTED_EDGE('',*,*,#4976,.F.);
#6243=ORIENTED_EDGE('',*,*,#4938,.F.);
#6244=ORIENTED_EDGE('',*,*,#4977,.T.);
#6245=ORIENTED_EDGE('',*,*,#4958,.T.);
#6246=ORIENTED_EDGE('',*,*,#4977,.F.);
#6247=ORIENTED_EDGE('',*,*,#4939,.F.);
#6248=ORIENTED_EDGE('',*,*,#4978,.T.);
#6249=ORIENTED_EDGE('',*,*,#4959,.T.);
#6250=ORIENTED_EDGE('',*,*,#4978,.F.);
#6251=ORIENTED_EDGE('',*,*,#4940,.F.);
#6252=ORIENTED_EDGE('',*,*,#4979,.T.);
#6253=ORIENTED_EDGE('',*,*,#4960,.T.);
#6254=ORIENTED_EDGE('',*,*,#4979,.F.);
#6255=ORIENTED_EDGE('',*,*,#4941,.F.);
#6256=ORIENTED_EDGE('',*,*,#4980,.T.);
#6257=ORIENTED_EDGE('',*,*,#4961,.T.);
#6258=ORIENTED_EDGE('',*,*,#4980,.F.);
#6259=ORIENTED_EDGE('',*,*,#4942,.F.);
#6260=ORIENTED_EDGE('',*,*,#4981,.T.);
#6261=ORIENTED_EDGE('',*,*,#4962,.T.);
#6262=ORIENTED_EDGE('',*,*,#4981,.F.);
#6263=ORIENTED_EDGE('',*,*,#4982,.F.);
#6264=ORIENTED_EDGE('',*,*,#4983,.T.);
#6265=ORIENTED_EDGE('',*,*,#4984,.T.);
#6266=ORIENTED_EDGE('',*,*,#4985,.F.);
#6267=ORIENTED_EDGE('',*,*,#4982,.T.);
#6268=ORIENTED_EDGE('',*,*,#4986,.T.);
#6269=ORIENTED_EDGE('',*,*,#4987,.T.);
#6270=ORIENTED_EDGE('',*,*,#4988,.T.);
#6271=ORIENTED_EDGE('',*,*,#4989,.T.);
#6272=ORIENTED_EDGE('',*,*,#4990,.T.);
#6273=ORIENTED_EDGE('',*,*,#4991,.T.);
#6274=ORIENTED_EDGE('',*,*,#4992,.F.);
#6275=ORIENTED_EDGE('',*,*,#4993,.F.);
#6276=ORIENTED_EDGE('',*,*,#4994,.F.);
#6277=ORIENTED_EDGE('',*,*,#4995,.F.);
#6278=ORIENTED_EDGE('',*,*,#4996,.F.);
#6279=ORIENTED_EDGE('',*,*,#4992,.T.);
#6280=ORIENTED_EDGE('',*,*,#4997,.T.);
#6281=ORIENTED_EDGE('',*,*,#4998,.F.);
#6282=ORIENTED_EDGE('',*,*,#4983,.F.);
#6283=ORIENTED_EDGE('',*,*,#4986,.F.);
#6284=ORIENTED_EDGE('',*,*,#4985,.T.);
#6285=ORIENTED_EDGE('',*,*,#4999,.T.);
#6286=ORIENTED_EDGE('',*,*,#5000,.F.);
#6287=ORIENTED_EDGE('',*,*,#4984,.F.);
#6288=ORIENTED_EDGE('',*,*,#4998,.T.);
#6289=ORIENTED_EDGE('',*,*,#5001,.F.);
#6290=ORIENTED_EDGE('',*,*,#5002,.F.);
#6291=ORIENTED_EDGE('',*,*,#5003,.F.);
#6292=ORIENTED_EDGE('',*,*,#5004,.F.);
#6293=ORIENTED_EDGE('',*,*,#5005,.F.);
#6294=ORIENTED_EDGE('',*,*,#4999,.F.);
#6295=ORIENTED_EDGE('',*,*,#5006,.T.);
#6296=ORIENTED_EDGE('',*,*,#5007,.T.);
#6297=ORIENTED_EDGE('',*,*,#5008,.T.);
#6298=ORIENTED_EDGE('',*,*,#5009,.T.);
#6299=ORIENTED_EDGE('',*,*,#4991,.F.);
#6300=ORIENTED_EDGE('',*,*,#5010,.T.);
#6301=ORIENTED_EDGE('',*,*,#5001,.T.);
#6302=ORIENTED_EDGE('',*,*,#4997,.F.);
#6303=ORIENTED_EDGE('',*,*,#4987,.F.);
#6304=ORIENTED_EDGE('',*,*,#5000,.T.);
#6305=ORIENTED_EDGE('',*,*,#5005,.T.);
#6306=ORIENTED_EDGE('',*,*,#5011,.F.);
#6307=ORIENTED_EDGE('',*,*,#4990,.F.);
#6308=ORIENTED_EDGE('',*,*,#5012,.T.);
#6309=ORIENTED_EDGE('',*,*,#5002,.T.);
#6310=ORIENTED_EDGE('',*,*,#5010,.F.);
#6311=ORIENTED_EDGE('',*,*,#4988,.F.);
#6312=ORIENTED_EDGE('',*,*,#5011,.T.);
#6313=ORIENTED_EDGE('',*,*,#5004,.T.);
#6314=ORIENTED_EDGE('',*,*,#5013,.F.);
#6315=ORIENTED_EDGE('',*,*,#4989,.F.);
#6316=ORIENTED_EDGE('',*,*,#5013,.T.);
#6317=ORIENTED_EDGE('',*,*,#5003,.T.);
#6318=ORIENTED_EDGE('',*,*,#5012,.F.);
#6319=ORIENTED_EDGE('',*,*,#5006,.F.);
#6320=ORIENTED_EDGE('',*,*,#5014,.T.);
#6321=ORIENTED_EDGE('',*,*,#4993,.T.);
#6322=ORIENTED_EDGE('',*,*,#5015,.F.);
#6323=ORIENTED_EDGE('',*,*,#5009,.F.);
#6324=ORIENTED_EDGE('',*,*,#5016,.T.);
#6325=ORIENTED_EDGE('',*,*,#4994,.T.);
#6326=ORIENTED_EDGE('',*,*,#5014,.F.);
#6327=ORIENTED_EDGE('',*,*,#5008,.F.);
#6328=ORIENTED_EDGE('',*,*,#5017,.T.);
#6329=ORIENTED_EDGE('',*,*,#4995,.T.);
#6330=ORIENTED_EDGE('',*,*,#5016,.F.);
#6331=ORIENTED_EDGE('',*,*,#5007,.F.);
#6332=ORIENTED_EDGE('',*,*,#5015,.T.);
#6333=ORIENTED_EDGE('',*,*,#4996,.T.);
#6334=ORIENTED_EDGE('',*,*,#5017,.F.);
#6335=ORIENTED_EDGE('',*,*,#5018,.T.);
#6336=ORIENTED_EDGE('',*,*,#5019,.T.);
#6337=ORIENTED_EDGE('',*,*,#5020,.F.);
#6338=ORIENTED_EDGE('',*,*,#5021,.F.);
#6339=ORIENTED_EDGE('',*,*,#5022,.T.);
#6340=ORIENTED_EDGE('',*,*,#5023,.T.);
#6341=ORIENTED_EDGE('',*,*,#5018,.F.);
#6342=ORIENTED_EDGE('',*,*,#5024,.F.);
#6343=ORIENTED_EDGE('',*,*,#5025,.F.);
#6344=ORIENTED_EDGE('',*,*,#5021,.T.);
#6345=ORIENTED_EDGE('',*,*,#5026,.T.);
#6346=ORIENTED_EDGE('',*,*,#5027,.F.);
#6347=ORIENTED_EDGE('',*,*,#5028,.T.);
#6348=ORIENTED_EDGE('',*,*,#5029,.T.);
#6349=ORIENTED_EDGE('',*,*,#5030,.F.);
#6350=ORIENTED_EDGE('',*,*,#5019,.F.);
#6351=ORIENTED_EDGE('',*,*,#5020,.T.);
#6352=ORIENTED_EDGE('',*,*,#5031,.T.);
#6353=ORIENTED_EDGE('',*,*,#5032,.F.);
#6354=ORIENTED_EDGE('',*,*,#5033,.F.);
#6355=ORIENTED_EDGE('',*,*,#5032,.T.);
#6356=ORIENTED_EDGE('',*,*,#5034,.T.);
#6357=ORIENTED_EDGE('',*,*,#5022,.F.);
#6358=ORIENTED_EDGE('',*,*,#5035,.F.);
#6359=ORIENTED_EDGE('',*,*,#5036,.F.);
#6360=ORIENTED_EDGE('',*,*,#5024,.T.);
#6361=ORIENTED_EDGE('',*,*,#5025,.T.);
#6362=ORIENTED_EDGE('',*,*,#5037,.F.);
#6363=ORIENTED_EDGE('',*,*,#5038,.T.);
#6364=ORIENTED_EDGE('',*,*,#5039,.T.);
#6365=ORIENTED_EDGE('',*,*,#5028,.F.);
#6366=ORIENTED_EDGE('',*,*,#5023,.F.);
#6367=ORIENTED_EDGE('',*,*,#5027,.T.);
#6368=ORIENTED_EDGE('',*,*,#5040,.T.);
#6369=ORIENTED_EDGE('',*,*,#5041,.T.);
#6370=ORIENTED_EDGE('',*,*,#5037,.T.);
#6371=ORIENTED_EDGE('',*,*,#5026,.F.);
#6372=ORIENTED_EDGE('',*,*,#5033,.T.);
#6373=ORIENTED_EDGE('',*,*,#5042,.T.);
#6374=ORIENTED_EDGE('',*,*,#5040,.F.);
#6375=ORIENTED_EDGE('',*,*,#5029,.F.);
#6376=ORIENTED_EDGE('',*,*,#5039,.F.);
#6377=ORIENTED_EDGE('',*,*,#5043,.F.);
#6378=ORIENTED_EDGE('',*,*,#5044,.F.);
#6379=ORIENTED_EDGE('',*,*,#5030,.T.);
#6380=ORIENTED_EDGE('',*,*,#5044,.T.);
#6381=ORIENTED_EDGE('',*,*,#5045,.F.);
#6382=ORIENTED_EDGE('',*,*,#5031,.F.);
#6383=ORIENTED_EDGE('',*,*,#5042,.F.);
#6384=ORIENTED_EDGE('',*,*,#5035,.T.);
#6385=ORIENTED_EDGE('',*,*,#5036,.T.);
#6386=ORIENTED_EDGE('',*,*,#5041,.F.);
#6387=ORIENTED_EDGE('',*,*,#5045,.T.);
#6388=ORIENTED_EDGE('',*,*,#5043,.T.);
#6389=ORIENTED_EDGE('',*,*,#5038,.F.);
#6390=ORIENTED_EDGE('',*,*,#5034,.F.);
#6391=ORIENTED_EDGE('',*,*,#5046,.T.);
#6392=ORIENTED_EDGE('',*,*,#5047,.T.);
#6393=ORIENTED_EDGE('',*,*,#5047,.F.);
#6394=ORIENTED_EDGE('',*,*,#5046,.F.);
#6395=ORIENTED_EDGE('',*,*,#5048,.F.);
#6396=ORIENTED_EDGE('',*,*,#5049,.T.);
#6397=ORIENTED_EDGE('',*,*,#5050,.T.);
#6398=ORIENTED_EDGE('',*,*,#5051,.F.);
#6399=ORIENTED_EDGE('',*,*,#5048,.T.);
#6400=ORIENTED_EDGE('',*,*,#5052,.T.);
#6401=ORIENTED_EDGE('',*,*,#5053,.T.);
#6402=ORIENTED_EDGE('',*,*,#5054,.T.);
#6403=ORIENTED_EDGE('',*,*,#5055,.T.);
#6404=ORIENTED_EDGE('',*,*,#5056,.T.);
#6405=ORIENTED_EDGE('',*,*,#5057,.T.);
#6406=ORIENTED_EDGE('',*,*,#5058,.F.);
#6407=ORIENTED_EDGE('',*,*,#5059,.F.);
#6408=ORIENTED_EDGE('',*,*,#5060,.F.);
#6409=ORIENTED_EDGE('',*,*,#5061,.F.);
#6410=ORIENTED_EDGE('',*,*,#5062,.F.);
#6411=ORIENTED_EDGE('',*,*,#5058,.T.);
#6412=ORIENTED_EDGE('',*,*,#5063,.T.);
#6413=ORIENTED_EDGE('',*,*,#5064,.F.);
#6414=ORIENTED_EDGE('',*,*,#5049,.F.);
#6415=ORIENTED_EDGE('',*,*,#5052,.F.);
#6416=ORIENTED_EDGE('',*,*,#5051,.T.);
#6417=ORIENTED_EDGE('',*,*,#5065,.T.);
#6418=ORIENTED_EDGE('',*,*,#5066,.F.);
#6419=ORIENTED_EDGE('',*,*,#5050,.F.);
#6420=ORIENTED_EDGE('',*,*,#5064,.T.);
#6421=ORIENTED_EDGE('',*,*,#5067,.F.);
#6422=ORIENTED_EDGE('',*,*,#5068,.F.);
#6423=ORIENTED_EDGE('',*,*,#5069,.F.);
#6424=ORIENTED_EDGE('',*,*,#5070,.F.);
#6425=ORIENTED_EDGE('',*,*,#5071,.F.);
#6426=ORIENTED_EDGE('',*,*,#5065,.F.);
#6427=ORIENTED_EDGE('',*,*,#5072,.T.);
#6428=ORIENTED_EDGE('',*,*,#5073,.T.);
#6429=ORIENTED_EDGE('',*,*,#5074,.T.);
#6430=ORIENTED_EDGE('',*,*,#5075,.T.);
#6431=ORIENTED_EDGE('',*,*,#5057,.F.);
#6432=ORIENTED_EDGE('',*,*,#5076,.T.);
#6433=ORIENTED_EDGE('',*,*,#5067,.T.);
#6434=ORIENTED_EDGE('',*,*,#5063,.F.);
#6435=ORIENTED_EDGE('',*,*,#5053,.F.);
#6436=ORIENTED_EDGE('',*,*,#5066,.T.);
#6437=ORIENTED_EDGE('',*,*,#5071,.T.);
#6438=ORIENTED_EDGE('',*,*,#5077,.F.);
#6439=ORIENTED_EDGE('',*,*,#5056,.F.);
#6440=ORIENTED_EDGE('',*,*,#5078,.T.);
#6441=ORIENTED_EDGE('',*,*,#5068,.T.);
#6442=ORIENTED_EDGE('',*,*,#5076,.F.);
#6443=ORIENTED_EDGE('',*,*,#5054,.F.);
#6444=ORIENTED_EDGE('',*,*,#5077,.T.);
#6445=ORIENTED_EDGE('',*,*,#5070,.T.);
#6446=ORIENTED_EDGE('',*,*,#5079,.F.);
#6447=ORIENTED_EDGE('',*,*,#5055,.F.);
#6448=ORIENTED_EDGE('',*,*,#5079,.T.);
#6449=ORIENTED_EDGE('',*,*,#5069,.T.);
#6450=ORIENTED_EDGE('',*,*,#5078,.F.);
#6451=ORIENTED_EDGE('',*,*,#5072,.F.);
#6452=ORIENTED_EDGE('',*,*,#5080,.T.);
#6453=ORIENTED_EDGE('',*,*,#5059,.T.);
#6454=ORIENTED_EDGE('',*,*,#5081,.F.);
#6455=ORIENTED_EDGE('',*,*,#5075,.F.);
#6456=ORIENTED_EDGE('',*,*,#5082,.T.);
#6457=ORIENTED_EDGE('',*,*,#5060,.T.);
#6458=ORIENTED_EDGE('',*,*,#5080,.F.);
#6459=ORIENTED_EDGE('',*,*,#5074,.F.);
#6460=ORIENTED_EDGE('',*,*,#5083,.T.);
#6461=ORIENTED_EDGE('',*,*,#5061,.T.);
#6462=ORIENTED_EDGE('',*,*,#5082,.F.);
#6463=ORIENTED_EDGE('',*,*,#5073,.F.);
#6464=ORIENTED_EDGE('',*,*,#5081,.T.);
#6465=ORIENTED_EDGE('',*,*,#5062,.T.);
#6466=ORIENTED_EDGE('',*,*,#5083,.F.);
#6467=ORIENTED_EDGE('',*,*,#5084,.T.);
#6468=ORIENTED_EDGE('',*,*,#5085,.T.);
#6469=ORIENTED_EDGE('',*,*,#5086,.F.);
#6470=ORIENTED_EDGE('',*,*,#5087,.F.);
#6471=ORIENTED_EDGE('',*,*,#5088,.T.);
#6472=ORIENTED_EDGE('',*,*,#5089,.T.);
#6473=ORIENTED_EDGE('',*,*,#5084,.F.);
#6474=ORIENTED_EDGE('',*,*,#5090,.F.);
#6475=ORIENTED_EDGE('',*,*,#5091,.F.);
#6476=ORIENTED_EDGE('',*,*,#5087,.T.);
#6477=ORIENTED_EDGE('',*,*,#5092,.T.);
#6478=ORIENTED_EDGE('',*,*,#5093,.F.);
#6479=ORIENTED_EDGE('',*,*,#5094,.T.);
#6480=ORIENTED_EDGE('',*,*,#5095,.T.);
#6481=ORIENTED_EDGE('',*,*,#5096,.F.);
#6482=ORIENTED_EDGE('',*,*,#5085,.F.);
#6483=ORIENTED_EDGE('',*,*,#5086,.T.);
#6484=ORIENTED_EDGE('',*,*,#5097,.T.);
#6485=ORIENTED_EDGE('',*,*,#5098,.F.);
#6486=ORIENTED_EDGE('',*,*,#5099,.F.);
#6487=ORIENTED_EDGE('',*,*,#5098,.T.);
#6488=ORIENTED_EDGE('',*,*,#5100,.T.);
#6489=ORIENTED_EDGE('',*,*,#5088,.F.);
#6490=ORIENTED_EDGE('',*,*,#5101,.F.);
#6491=ORIENTED_EDGE('',*,*,#5102,.F.);
#6492=ORIENTED_EDGE('',*,*,#5090,.T.);
#6493=ORIENTED_EDGE('',*,*,#5091,.T.);
#6494=ORIENTED_EDGE('',*,*,#5103,.F.);
#6495=ORIENTED_EDGE('',*,*,#5104,.T.);
#6496=ORIENTED_EDGE('',*,*,#5105,.T.);
#6497=ORIENTED_EDGE('',*,*,#5094,.F.);
#6498=ORIENTED_EDGE('',*,*,#5089,.F.);
#6499=ORIENTED_EDGE('',*,*,#5093,.T.);
#6500=ORIENTED_EDGE('',*,*,#5106,.T.);
#6501=ORIENTED_EDGE('',*,*,#5107,.T.);
#6502=ORIENTED_EDGE('',*,*,#5103,.T.);
#6503=ORIENTED_EDGE('',*,*,#5092,.F.);
#6504=ORIENTED_EDGE('',*,*,#5099,.T.);
#6505=ORIENTED_EDGE('',*,*,#5108,.T.);
#6506=ORIENTED_EDGE('',*,*,#5106,.F.);
#6507=ORIENTED_EDGE('',*,*,#5095,.F.);
#6508=ORIENTED_EDGE('',*,*,#5105,.F.);
#6509=ORIENTED_EDGE('',*,*,#5109,.F.);
#6510=ORIENTED_EDGE('',*,*,#5110,.F.);
#6511=ORIENTED_EDGE('',*,*,#5096,.T.);
#6512=ORIENTED_EDGE('',*,*,#5110,.T.);
#6513=ORIENTED_EDGE('',*,*,#5111,.F.);
#6514=ORIENTED_EDGE('',*,*,#5097,.F.);
#6515=ORIENTED_EDGE('',*,*,#5108,.F.);
#6516=ORIENTED_EDGE('',*,*,#5101,.T.);
#6517=ORIENTED_EDGE('',*,*,#5102,.T.);
#6518=ORIENTED_EDGE('',*,*,#5107,.F.);
#6519=ORIENTED_EDGE('',*,*,#5111,.T.);
#6520=ORIENTED_EDGE('',*,*,#5109,.T.);
#6521=ORIENTED_EDGE('',*,*,#5104,.F.);
#6522=ORIENTED_EDGE('',*,*,#5100,.F.);
#6523=ORIENTED_EDGE('',*,*,#5112,.T.);
#6524=ORIENTED_EDGE('',*,*,#5113,.T.);
#6525=ORIENTED_EDGE('',*,*,#5113,.F.);
#6526=ORIENTED_EDGE('',*,*,#5112,.F.);
#6527=ORIENTED_EDGE('',*,*,#5114,.T.);
#6528=ORIENTED_EDGE('',*,*,#5115,.T.);
#6529=ORIENTED_EDGE('',*,*,#5116,.F.);
#6530=ORIENTED_EDGE('',*,*,#5117,.F.);
#6531=ORIENTED_EDGE('',*,*,#5116,.T.);
#6532=ORIENTED_EDGE('',*,*,#5118,.T.);
#6533=ORIENTED_EDGE('',*,*,#5119,.F.);
#6534=ORIENTED_EDGE('',*,*,#5120,.F.);
#6535=ORIENTED_EDGE('',*,*,#5119,.T.);
#6536=ORIENTED_EDGE('',*,*,#5121,.T.);
#6537=ORIENTED_EDGE('',*,*,#5122,.F.);
#6538=ORIENTED_EDGE('',*,*,#5123,.F.);
#6539=ORIENTED_EDGE('',*,*,#5122,.T.);
#6540=ORIENTED_EDGE('',*,*,#5124,.T.);
#6541=ORIENTED_EDGE('',*,*,#5114,.F.);
#6542=ORIENTED_EDGE('',*,*,#5125,.F.);
#6543=ORIENTED_EDGE('',*,*,#5117,.T.);
#6544=ORIENTED_EDGE('',*,*,#5120,.T.);
#6545=ORIENTED_EDGE('',*,*,#5123,.T.);
#6546=ORIENTED_EDGE('',*,*,#5125,.T.);
#6547=ORIENTED_EDGE('',*,*,#5115,.F.);
#6548=ORIENTED_EDGE('',*,*,#5124,.F.);
#6549=ORIENTED_EDGE('',*,*,#5121,.F.);
#6550=ORIENTED_EDGE('',*,*,#5118,.F.);
#6551=ORIENTED_EDGE('',*,*,#5126,.T.);
#6552=ORIENTED_EDGE('',*,*,#5127,.T.);
#6553=ORIENTED_EDGE('',*,*,#5128,.F.);
#6554=ORIENTED_EDGE('',*,*,#5129,.F.);
#6555=ORIENTED_EDGE('',*,*,#5128,.T.);
#6556=ORIENTED_EDGE('',*,*,#5130,.T.);
#6557=ORIENTED_EDGE('',*,*,#5131,.F.);
#6558=ORIENTED_EDGE('',*,*,#5132,.F.);
#6559=ORIENTED_EDGE('',*,*,#5131,.T.);
#6560=ORIENTED_EDGE('',*,*,#5133,.T.);
#6561=ORIENTED_EDGE('',*,*,#5134,.F.);
#6562=ORIENTED_EDGE('',*,*,#5135,.F.);
#6563=ORIENTED_EDGE('',*,*,#5134,.T.);
#6564=ORIENTED_EDGE('',*,*,#5136,.T.);
#6565=ORIENTED_EDGE('',*,*,#5126,.F.);
#6566=ORIENTED_EDGE('',*,*,#5137,.F.);
#6567=ORIENTED_EDGE('',*,*,#5129,.T.);
#6568=ORIENTED_EDGE('',*,*,#5132,.T.);
#6569=ORIENTED_EDGE('',*,*,#5135,.T.);
#6570=ORIENTED_EDGE('',*,*,#5137,.T.);
#6571=ORIENTED_EDGE('',*,*,#5127,.F.);
#6572=ORIENTED_EDGE('',*,*,#5136,.F.);
#6573=ORIENTED_EDGE('',*,*,#5133,.F.);
#6574=ORIENTED_EDGE('',*,*,#5130,.F.);
#6575=ORIENTED_EDGE('',*,*,#5138,.T.);
#6576=ORIENTED_EDGE('',*,*,#5139,.T.);
#6577=ORIENTED_EDGE('',*,*,#5140,.F.);
#6578=ORIENTED_EDGE('',*,*,#5141,.F.);
#6579=ORIENTED_EDGE('',*,*,#5140,.T.);
#6580=ORIENTED_EDGE('',*,*,#5142,.T.);
#6581=ORIENTED_EDGE('',*,*,#5143,.F.);
#6582=ORIENTED_EDGE('',*,*,#5144,.F.);
#6583=ORIENTED_EDGE('',*,*,#5143,.T.);
#6584=ORIENTED_EDGE('',*,*,#5145,.T.);
#6585=ORIENTED_EDGE('',*,*,#5146,.F.);
#6586=ORIENTED_EDGE('',*,*,#5147,.F.);
#6587=ORIENTED_EDGE('',*,*,#5146,.T.);
#6588=ORIENTED_EDGE('',*,*,#5148,.T.);
#6589=ORIENTED_EDGE('',*,*,#5138,.F.);
#6590=ORIENTED_EDGE('',*,*,#5149,.F.);
#6591=ORIENTED_EDGE('',*,*,#5141,.T.);
#6592=ORIENTED_EDGE('',*,*,#5144,.T.);
#6593=ORIENTED_EDGE('',*,*,#5147,.T.);
#6594=ORIENTED_EDGE('',*,*,#5149,.T.);
#6595=ORIENTED_EDGE('',*,*,#5139,.F.);
#6596=ORIENTED_EDGE('',*,*,#5148,.F.);
#6597=ORIENTED_EDGE('',*,*,#5145,.F.);
#6598=ORIENTED_EDGE('',*,*,#5142,.F.);
#6599=ORIENTED_EDGE('',*,*,#5150,.T.);
#6600=ORIENTED_EDGE('',*,*,#5151,.T.);
#6601=ORIENTED_EDGE('',*,*,#5152,.F.);
#6602=ORIENTED_EDGE('',*,*,#5153,.F.);
#6603=ORIENTED_EDGE('',*,*,#5152,.T.);
#6604=ORIENTED_EDGE('',*,*,#5154,.T.);
#6605=ORIENTED_EDGE('',*,*,#5155,.F.);
#6606=ORIENTED_EDGE('',*,*,#5156,.F.);
#6607=ORIENTED_EDGE('',*,*,#5155,.T.);
#6608=ORIENTED_EDGE('',*,*,#5157,.T.);
#6609=ORIENTED_EDGE('',*,*,#5158,.F.);
#6610=ORIENTED_EDGE('',*,*,#5159,.F.);
#6611=ORIENTED_EDGE('',*,*,#5158,.T.);
#6612=ORIENTED_EDGE('',*,*,#5160,.T.);
#6613=ORIENTED_EDGE('',*,*,#5150,.F.);
#6614=ORIENTED_EDGE('',*,*,#5161,.F.);
#6615=ORIENTED_EDGE('',*,*,#5153,.T.);
#6616=ORIENTED_EDGE('',*,*,#5156,.T.);
#6617=ORIENTED_EDGE('',*,*,#5159,.T.);
#6618=ORIENTED_EDGE('',*,*,#5161,.T.);
#6619=ORIENTED_EDGE('',*,*,#5151,.F.);
#6620=ORIENTED_EDGE('',*,*,#5160,.F.);
#6621=ORIENTED_EDGE('',*,*,#5157,.F.);
#6622=ORIENTED_EDGE('',*,*,#5154,.F.);
#6623=ORIENTED_EDGE('',*,*,#5162,.T.);
#6624=ORIENTED_EDGE('',*,*,#5163,.F.);
#6625=ORIENTED_EDGE('',*,*,#5164,.F.);
#6626=ORIENTED_EDGE('',*,*,#5165,.F.);
#6627=ORIENTED_EDGE('',*,*,#5166,.T.);
#6628=ORIENTED_EDGE('',*,*,#5167,.F.);
#6629=ORIENTED_EDGE('',*,*,#5168,.F.);
#6630=ORIENTED_EDGE('',*,*,#5169,.F.);
#6631=ORIENTED_EDGE('',*,*,#5170,.F.);
#6632=ORIENTED_EDGE('',*,*,#5171,.F.);
#6633=ORIENTED_EDGE('',*,*,#5172,.F.);
#6634=ORIENTED_EDGE('',*,*,#5173,.F.);
#6635=ORIENTED_EDGE('',*,*,#5174,.F.);
#6636=ORIENTED_EDGE('',*,*,#5175,.F.);
#6637=ORIENTED_EDGE('',*,*,#5176,.F.);
#6638=ORIENTED_EDGE('',*,*,#5177,.F.);
#6639=ORIENTED_EDGE('',*,*,#5178,.F.);
#6640=ORIENTED_EDGE('',*,*,#5179,.F.);
#6641=ORIENTED_EDGE('',*,*,#5180,.T.);
#6642=ORIENTED_EDGE('',*,*,#5170,.T.);
#6643=ORIENTED_EDGE('',*,*,#5180,.F.);
#6644=ORIENTED_EDGE('',*,*,#5181,.F.);
#6645=ORIENTED_EDGE('',*,*,#5182,.F.);
#6646=ORIENTED_EDGE('',*,*,#5183,.F.);
#6647=ORIENTED_EDGE('',*,*,#5184,.F.);
#6648=ORIENTED_EDGE('',*,*,#5185,.F.);
#6649=ORIENTED_EDGE('',*,*,#5186,.F.);
#6650=ORIENTED_EDGE('',*,*,#5187,.F.);
#6651=ORIENTED_EDGE('',*,*,#5188,.F.);
#6652=ORIENTED_EDGE('',*,*,#5189,.F.);
#6653=ORIENTED_EDGE('',*,*,#5190,.T.);
#6654=ORIENTED_EDGE('',*,*,#5162,.F.);
#6655=ORIENTED_EDGE('',*,*,#5191,.F.);
#6656=ORIENTED_EDGE('',*,*,#5192,.F.);
#6657=ORIENTED_EDGE('',*,*,#5191,.T.);
#6658=ORIENTED_EDGE('',*,*,#5169,.T.);
#6659=ORIENTED_EDGE('',*,*,#5193,.F.);
#6660=ORIENTED_EDGE('',*,*,#5194,.F.);
#6661=ORIENTED_EDGE('',*,*,#5195,.T.);
#6662=ORIENTED_EDGE('',*,*,#5196,.F.);
#6663=ORIENTED_EDGE('',*,*,#5197,.T.);
#6664=ORIENTED_EDGE('',*,*,#5163,.T.);
#6665=ORIENTED_EDGE('',*,*,#5190,.F.);
#6666=ORIENTED_EDGE('',*,*,#5198,.F.);
#6667=ORIENTED_EDGE('',*,*,#5199,.T.);
#6668=ORIENTED_EDGE('',*,*,#5193,.T.);
#6669=ORIENTED_EDGE('',*,*,#5168,.T.);
#6670=ORIENTED_EDGE('',*,*,#5200,.F.);
#6671=ORIENTED_EDGE('',*,*,#5201,.F.);
#6672=ORIENTED_EDGE('',*,*,#5202,.T.);
#6673=ORIENTED_EDGE('',*,*,#5164,.T.);
#6674=ORIENTED_EDGE('',*,*,#5197,.F.);
#6675=ORIENTED_EDGE('',*,*,#5203,.F.);
#6676=ORIENTED_EDGE('',*,*,#5204,.F.);
#6677=ORIENTED_EDGE('',*,*,#5200,.T.);
#6678=ORIENTED_EDGE('',*,*,#5167,.T.);
#6679=ORIENTED_EDGE('',*,*,#5205,.F.);
#6680=ORIENTED_EDGE('',*,*,#5206,.F.);
#6681=ORIENTED_EDGE('',*,*,#5207,.T.);
#6682=ORIENTED_EDGE('',*,*,#5208,.F.);
#6683=ORIENTED_EDGE('',*,*,#5209,.T.);
#6684=ORIENTED_EDGE('',*,*,#5165,.T.);
#6685=ORIENTED_EDGE('',*,*,#5202,.F.);
#6686=ORIENTED_EDGE('',*,*,#5210,.F.);
#6687=ORIENTED_EDGE('',*,*,#5211,.T.);
#6688=ORIENTED_EDGE('',*,*,#5212,.F.);
#6689=ORIENTED_EDGE('',*,*,#5205,.T.);
#6690=ORIENTED_EDGE('',*,*,#5166,.F.);
#6691=ORIENTED_EDGE('',*,*,#5209,.F.);
#6692=ORIENTED_EDGE('',*,*,#5171,.T.);
#6693=ORIENTED_EDGE('',*,*,#5213,.T.);
#6694=ORIENTED_EDGE('',*,*,#5214,.F.);
#6695=ORIENTED_EDGE('',*,*,#5215,.F.);
#6696=ORIENTED_EDGE('',*,*,#5188,.T.);
#6697=ORIENTED_EDGE('',*,*,#5216,.T.);
#6698=ORIENTED_EDGE('',*,*,#5217,.T.);
#6699=ORIENTED_EDGE('',*,*,#5218,.T.);
#6700=ORIENTED_EDGE('',*,*,#5219,.F.);
#6701=ORIENTED_EDGE('',*,*,#5213,.F.);
#6702=ORIENTED_EDGE('',*,*,#5187,.T.);
#6703=ORIENTED_EDGE('',*,*,#5220,.T.);
#6704=ORIENTED_EDGE('',*,*,#5221,.F.);
#6705=ORIENTED_EDGE('',*,*,#5216,.F.);
#6706=ORIENTED_EDGE('',*,*,#5186,.T.);
#6707=ORIENTED_EDGE('',*,*,#5222,.T.);
#6708=ORIENTED_EDGE('',*,*,#5223,.F.);
#6709=ORIENTED_EDGE('',*,*,#5224,.T.);
#6710=ORIENTED_EDGE('',*,*,#5225,.F.);
#6711=ORIENTED_EDGE('',*,*,#5220,.F.);
#6712=ORIENTED_EDGE('',*,*,#5185,.T.);
#6713=ORIENTED_EDGE('',*,*,#5226,.T.);
#6714=ORIENTED_EDGE('',*,*,#5227,.F.);
#6715=ORIENTED_EDGE('',*,*,#5222,.F.);
#6716=ORIENTED_EDGE('',*,*,#5184,.T.);
#6717=ORIENTED_EDGE('',*,*,#5228,.T.);
#6718=ORIENTED_EDGE('',*,*,#5229,.T.);
#6719=ORIENTED_EDGE('',*,*,#5230,.T.);
#6720=ORIENTED_EDGE('',*,*,#5231,.F.);
#6721=ORIENTED_EDGE('',*,*,#5226,.F.);
#6722=ORIENTED_EDGE('',*,*,#5183,.T.);
#6723=ORIENTED_EDGE('',*,*,#5232,.T.);
#6724=ORIENTED_EDGE('',*,*,#5233,.F.);
#6725=ORIENTED_EDGE('',*,*,#5228,.F.);
#6726=ORIENTED_EDGE('',*,*,#5182,.T.);
#6727=ORIENTED_EDGE('',*,*,#5234,.T.);
#6728=ORIENTED_EDGE('',*,*,#5235,.F.);
#6729=ORIENTED_EDGE('',*,*,#5236,.T.);
#6730=ORIENTED_EDGE('',*,*,#5237,.F.);
#6731=ORIENTED_EDGE('',*,*,#5232,.F.);
#6732=ORIENTED_EDGE('',*,*,#5181,.T.);
#6733=ORIENTED_EDGE('',*,*,#5179,.T.);
#6734=ORIENTED_EDGE('',*,*,#5238,.T.);
#6735=ORIENTED_EDGE('',*,*,#5239,.F.);
#6736=ORIENTED_EDGE('',*,*,#5240,.F.);
#6737=ORIENTED_EDGE('',*,*,#5234,.F.);
#6738=ORIENTED_EDGE('',*,*,#5178,.T.);
#6739=ORIENTED_EDGE('',*,*,#5241,.T.);
#6740=ORIENTED_EDGE('',*,*,#5242,.T.);
#6741=ORIENTED_EDGE('',*,*,#5243,.T.);
#6742=ORIENTED_EDGE('',*,*,#5244,.F.);
#6743=ORIENTED_EDGE('',*,*,#5238,.F.);
#6744=ORIENTED_EDGE('',*,*,#5245,.T.);
#6745=ORIENTED_EDGE('',*,*,#5246,.F.);
#6746=ORIENTED_EDGE('',*,*,#5241,.F.);
#6747=ORIENTED_EDGE('',*,*,#5177,.T.);
#6748=ORIENTED_EDGE('',*,*,#5176,.T.);
#6749=ORIENTED_EDGE('',*,*,#5247,.T.);
#6750=ORIENTED_EDGE('',*,*,#5248,.F.);
#6751=ORIENTED_EDGE('',*,*,#5249,.T.);
#6752=ORIENTED_EDGE('',*,*,#5250,.F.);
#6753=ORIENTED_EDGE('',*,*,#5245,.F.);
#6754=ORIENTED_EDGE('',*,*,#5175,.T.);
#6755=ORIENTED_EDGE('',*,*,#5251,.T.);
#6756=ORIENTED_EDGE('',*,*,#5252,.F.);
#6757=ORIENTED_EDGE('',*,*,#5247,.F.);
#6758=ORIENTED_EDGE('',*,*,#5174,.T.);
#6759=ORIENTED_EDGE('',*,*,#5253,.T.);
#6760=ORIENTED_EDGE('',*,*,#5254,.T.);
#6761=ORIENTED_EDGE('',*,*,#5255,.T.);
#6762=ORIENTED_EDGE('',*,*,#5256,.F.);
#6763=ORIENTED_EDGE('',*,*,#5251,.F.);
#6764=ORIENTED_EDGE('',*,*,#5257,.T.);
#6765=ORIENTED_EDGE('',*,*,#5258,.F.);
#6766=ORIENTED_EDGE('',*,*,#5253,.F.);
#6767=ORIENTED_EDGE('',*,*,#5173,.T.);
#6768=ORIENTED_EDGE('',*,*,#5172,.T.);
#6769=ORIENTED_EDGE('',*,*,#5215,.T.);
#6770=ORIENTED_EDGE('',*,*,#5259,.F.);
#6771=ORIENTED_EDGE('',*,*,#5260,.T.);
#6772=ORIENTED_EDGE('',*,*,#5261,.F.);
#6773=ORIENTED_EDGE('',*,*,#5257,.F.);
#6774=ORIENTED_EDGE('',*,*,#5262,.F.);
#6775=ORIENTED_EDGE('',*,*,#5206,.T.);
#6776=ORIENTED_EDGE('',*,*,#5212,.T.);
#6777=ORIENTED_EDGE('',*,*,#5208,.T.);
#6778=ORIENTED_EDGE('',*,*,#5263,.F.);
#6779=ORIENTED_EDGE('',*,*,#5198,.T.);
#6780=ORIENTED_EDGE('',*,*,#5189,.T.);
#6781=ORIENTED_EDGE('',*,*,#5192,.T.);
#6782=ORIENTED_EDGE('',*,*,#5264,.F.);
#6783=ORIENTED_EDGE('',*,*,#5265,.F.);
#6784=ORIENTED_EDGE('',*,*,#5207,.F.);
#6785=ORIENTED_EDGE('',*,*,#5262,.T.);
#6786=ORIENTED_EDGE('',*,*,#5195,.F.);
#6787=ORIENTED_EDGE('',*,*,#5194,.T.);
#6788=ORIENTED_EDGE('',*,*,#5201,.T.);
#6789=ORIENTED_EDGE('',*,*,#5204,.T.);
#6790=ORIENTED_EDGE('',*,*,#5265,.T.);
#6791=ORIENTED_EDGE('',*,*,#5266,.T.);
#6792=ORIENTED_EDGE('',*,*,#5210,.T.);
#6793=ORIENTED_EDGE('',*,*,#5203,.T.);
#6794=ORIENTED_EDGE('',*,*,#5196,.T.);
#6795=ORIENTED_EDGE('',*,*,#5266,.F.);
#6796=ORIENTED_EDGE('',*,*,#5199,.F.);
#6797=ORIENTED_EDGE('',*,*,#5263,.T.);
#6798=ORIENTED_EDGE('',*,*,#5211,.F.);
#6799=ORIENTED_EDGE('',*,*,#5267,.T.);
#6800=ORIENTED_EDGE('',*,*,#5268,.T.);
#6801=ORIENTED_EDGE('',*,*,#5239,.T.);
#6802=ORIENTED_EDGE('',*,*,#5244,.T.);
#6803=ORIENTED_EDGE('',*,*,#5269,.F.);
#6804=ORIENTED_EDGE('',*,*,#5248,.T.);
#6805=ORIENTED_EDGE('',*,*,#5252,.T.);
#6806=ORIENTED_EDGE('',*,*,#5256,.T.);
#6807=ORIENTED_EDGE('',*,*,#5270,.F.);
#6808=ORIENTED_EDGE('',*,*,#5259,.T.);
#6809=ORIENTED_EDGE('',*,*,#5214,.T.);
#6810=ORIENTED_EDGE('',*,*,#5219,.T.);
#6811=ORIENTED_EDGE('',*,*,#5271,.F.);
#6812=ORIENTED_EDGE('',*,*,#5223,.T.);
#6813=ORIENTED_EDGE('',*,*,#5227,.T.);
#6814=ORIENTED_EDGE('',*,*,#5231,.T.);
#6815=ORIENTED_EDGE('',*,*,#5272,.F.);
#6816=ORIENTED_EDGE('',*,*,#5235,.T.);
#6817=ORIENTED_EDGE('',*,*,#5240,.T.);
#6818=ORIENTED_EDGE('',*,*,#5268,.F.);
#6819=ORIENTED_EDGE('',*,*,#5270,.T.);
#6820=ORIENTED_EDGE('',*,*,#5255,.F.);
#6821=ORIENTED_EDGE('',*,*,#5273,.F.);
#6822=ORIENTED_EDGE('',*,*,#5249,.F.);
#6823=ORIENTED_EDGE('',*,*,#5269,.T.);
#6824=ORIENTED_EDGE('',*,*,#5243,.F.);
#6825=ORIENTED_EDGE('',*,*,#5274,.F.);
#6826=ORIENTED_EDGE('',*,*,#5236,.F.);
#6827=ORIENTED_EDGE('',*,*,#5272,.T.);
#6828=ORIENTED_EDGE('',*,*,#5230,.F.);
#6829=ORIENTED_EDGE('',*,*,#5275,.F.);
#6830=ORIENTED_EDGE('',*,*,#5224,.F.);
#6831=ORIENTED_EDGE('',*,*,#5271,.T.);
#6832=ORIENTED_EDGE('',*,*,#5218,.F.);
#6833=ORIENTED_EDGE('',*,*,#5276,.F.);
#6834=ORIENTED_EDGE('',*,*,#5260,.F.);
#6835=ORIENTED_EDGE('',*,*,#5277,.T.);
#6836=ORIENTED_EDGE('',*,*,#5278,.F.);
#6837=ORIENTED_EDGE('',*,*,#5261,.T.);
#6838=ORIENTED_EDGE('',*,*,#5276,.T.);
#6839=ORIENTED_EDGE('',*,*,#5217,.F.);
#6840=ORIENTED_EDGE('',*,*,#5278,.T.);
#6841=ORIENTED_EDGE('',*,*,#5221,.T.);
#6842=ORIENTED_EDGE('',*,*,#5279,.T.);
#6843=ORIENTED_EDGE('',*,*,#5233,.T.);
#6844=ORIENTED_EDGE('',*,*,#5280,.T.);
#6845=ORIENTED_EDGE('',*,*,#5246,.T.);
#6846=ORIENTED_EDGE('',*,*,#5281,.T.);
#6847=ORIENTED_EDGE('',*,*,#5258,.T.);
#6848=ORIENTED_EDGE('',*,*,#5282,.F.);
#6849=ORIENTED_EDGE('',*,*,#5279,.F.);
#6850=ORIENTED_EDGE('',*,*,#5225,.T.);
#6851=ORIENTED_EDGE('',*,*,#5275,.T.);
#6852=ORIENTED_EDGE('',*,*,#5229,.F.);
#6853=ORIENTED_EDGE('',*,*,#5280,.F.);
#6854=ORIENTED_EDGE('',*,*,#5237,.T.);
#6855=ORIENTED_EDGE('',*,*,#5274,.T.);
#6856=ORIENTED_EDGE('',*,*,#5242,.F.);
#6857=ORIENTED_EDGE('',*,*,#5281,.F.);
#6858=ORIENTED_EDGE('',*,*,#5250,.T.);
#6859=ORIENTED_EDGE('',*,*,#5273,.T.);
#6860=ORIENTED_EDGE('',*,*,#5254,.F.);
#6861=ORIENTED_EDGE('',*,*,#5264,.T.);
#6862=ORIENTED_EDGE('',*,*,#5283,.T.);
#6863=ORIENTED_EDGE('',*,*,#5267,.F.);
#6864=ORIENTED_EDGE('',*,*,#5283,.F.);
#6865=ORIENTED_EDGE('',*,*,#5277,.F.);
#6866=ORIENTED_EDGE('',*,*,#5284,.T.);
#6867=ORIENTED_EDGE('',*,*,#5282,.T.);
#6868=ORIENTED_EDGE('',*,*,#5284,.F.);
#6869=ORIENTED_EDGE('',*,*,#5285,.T.);
#6870=ORIENTED_EDGE('',*,*,#5286,.T.);
#6871=ORIENTED_EDGE('',*,*,#5287,.F.);
#6872=ORIENTED_EDGE('',*,*,#5288,.F.);
#6873=ORIENTED_EDGE('',*,*,#5289,.T.);
#6874=ORIENTED_EDGE('',*,*,#5290,.T.);
#6875=ORIENTED_EDGE('',*,*,#5291,.F.);
#6876=ORIENTED_EDGE('',*,*,#5292,.F.);
#6877=ORIENTED_EDGE('',*,*,#5293,.T.);
#6878=ORIENTED_EDGE('',*,*,#5294,.T.);
#6879=ORIENTED_EDGE('',*,*,#5295,.F.);
#6880=ORIENTED_EDGE('',*,*,#5296,.F.);
#6881=ORIENTED_EDGE('',*,*,#5297,.T.);
#6882=ORIENTED_EDGE('',*,*,#5298,.T.);
#6883=ORIENTED_EDGE('',*,*,#5299,.F.);
#6884=ORIENTED_EDGE('',*,*,#5300,.F.);
#6885=ORIENTED_EDGE('',*,*,#5301,.T.);
#6886=ORIENTED_EDGE('',*,*,#5302,.T.);
#6887=ORIENTED_EDGE('',*,*,#5303,.F.);
#6888=ORIENTED_EDGE('',*,*,#5304,.F.);
#6889=ORIENTED_EDGE('',*,*,#5305,.T.);
#6890=ORIENTED_EDGE('',*,*,#5306,.T.);
#6891=ORIENTED_EDGE('',*,*,#5307,.F.);
#6892=ORIENTED_EDGE('',*,*,#5308,.F.);
#6893=ORIENTED_EDGE('',*,*,#5309,.T.);
#6894=ORIENTED_EDGE('',*,*,#5310,.T.);
#6895=ORIENTED_EDGE('',*,*,#5311,.F.);
#6896=ORIENTED_EDGE('',*,*,#5312,.F.);
#6897=ORIENTED_EDGE('',*,*,#5313,.T.);
#6898=ORIENTED_EDGE('',*,*,#5314,.T.);
#6899=ORIENTED_EDGE('',*,*,#5315,.F.);
#6900=ORIENTED_EDGE('',*,*,#5316,.F.);
#6901=ORIENTED_EDGE('',*,*,#5317,.F.);
#6902=ORIENTED_EDGE('',*,*,#5318,.F.);
#6903=ORIENTED_EDGE('',*,*,#5319,.F.);
#6904=ORIENTED_EDGE('',*,*,#5320,.F.);
#6905=ORIENTED_EDGE('',*,*,#5321,.F.);
#6906=ORIENTED_EDGE('',*,*,#5322,.F.);
#6907=ORIENTED_EDGE('',*,*,#5323,.F.);
#6908=ORIENTED_EDGE('',*,*,#5324,.F.);
#6909=ORIENTED_EDGE('',*,*,#5325,.F.);
#6910=ORIENTED_EDGE('',*,*,#5326,.F.);
#6911=ORIENTED_EDGE('',*,*,#5327,.F.);
#6912=ORIENTED_EDGE('',*,*,#5328,.F.);
#6913=ORIENTED_EDGE('',*,*,#5329,.F.);
#6914=ORIENTED_EDGE('',*,*,#5330,.F.);
#6915=ORIENTED_EDGE('',*,*,#5331,.F.);
#6916=ORIENTED_EDGE('',*,*,#5332,.F.);
#6917=ORIENTED_EDGE('',*,*,#5333,.F.);
#6918=ORIENTED_EDGE('',*,*,#5334,.F.);
#6919=ORIENTED_EDGE('',*,*,#5335,.F.);
#6920=ORIENTED_EDGE('',*,*,#5336,.F.);
#6921=ORIENTED_EDGE('',*,*,#5337,.F.);
#6922=ORIENTED_EDGE('',*,*,#5338,.F.);
#6923=ORIENTED_EDGE('',*,*,#5339,.F.);
#6924=ORIENTED_EDGE('',*,*,#5340,.F.);
#6925=ORIENTED_EDGE('',*,*,#5341,.F.);
#6926=ORIENTED_EDGE('',*,*,#5342,.F.);
#6927=ORIENTED_EDGE('',*,*,#5343,.F.);
#6928=ORIENTED_EDGE('',*,*,#5344,.F.);
#6929=ORIENTED_EDGE('',*,*,#5345,.F.);
#6930=ORIENTED_EDGE('',*,*,#5346,.F.);
#6931=ORIENTED_EDGE('',*,*,#5347,.F.);
#6932=ORIENTED_EDGE('',*,*,#5348,.F.);
#6933=ORIENTED_EDGE('',*,*,#5349,.F.);
#6934=ORIENTED_EDGE('',*,*,#5350,.F.);
#6935=ORIENTED_EDGE('',*,*,#5351,.F.);
#6936=ORIENTED_EDGE('',*,*,#5352,.F.);
#6937=ORIENTED_EDGE('',*,*,#5353,.F.);
#6938=ORIENTED_EDGE('',*,*,#5354,.F.);
#6939=ORIENTED_EDGE('',*,*,#5355,.F.);
#6940=ORIENTED_EDGE('',*,*,#5356,.F.);
#6941=ORIENTED_EDGE('',*,*,#5357,.F.);
#6942=ORIENTED_EDGE('',*,*,#5358,.F.);
#6943=ORIENTED_EDGE('',*,*,#5359,.F.);
#6944=ORIENTED_EDGE('',*,*,#5360,.F.);
#6945=ORIENTED_EDGE('',*,*,#5361,.F.);
#6946=ORIENTED_EDGE('',*,*,#5362,.F.);
#6947=ORIENTED_EDGE('',*,*,#5363,.F.);
#6948=ORIENTED_EDGE('',*,*,#5364,.F.);
#6949=ORIENTED_EDGE('',*,*,#5365,.F.);
#6950=ORIENTED_EDGE('',*,*,#5366,.F.);
#6951=ORIENTED_EDGE('',*,*,#5367,.F.);
#6952=ORIENTED_EDGE('',*,*,#5368,.F.);
#6953=ORIENTED_EDGE('',*,*,#5369,.F.);
#6954=ORIENTED_EDGE('',*,*,#5370,.F.);
#6955=ORIENTED_EDGE('',*,*,#5371,.F.);
#6956=ORIENTED_EDGE('',*,*,#5372,.F.);
#6957=ORIENTED_EDGE('',*,*,#5373,.F.);
#6958=ORIENTED_EDGE('',*,*,#5374,.F.);
#6959=ORIENTED_EDGE('',*,*,#5313,.F.);
#6960=ORIENTED_EDGE('',*,*,#5375,.F.);
#6961=ORIENTED_EDGE('',*,*,#5376,.F.);
#6962=ORIENTED_EDGE('',*,*,#5377,.F.);
#6963=ORIENTED_EDGE('',*,*,#5309,.F.);
#6964=ORIENTED_EDGE('',*,*,#5378,.F.);
#6965=ORIENTED_EDGE('',*,*,#5379,.F.);
#6966=ORIENTED_EDGE('',*,*,#5380,.F.);
#6967=ORIENTED_EDGE('',*,*,#5305,.F.);
#6968=ORIENTED_EDGE('',*,*,#5381,.F.);
#6969=ORIENTED_EDGE('',*,*,#5382,.F.);
#6970=ORIENTED_EDGE('',*,*,#5383,.F.);
#6971=ORIENTED_EDGE('',*,*,#5301,.F.);
#6972=ORIENTED_EDGE('',*,*,#5384,.F.);
#6973=ORIENTED_EDGE('',*,*,#5385,.F.);
#6974=ORIENTED_EDGE('',*,*,#5386,.F.);
#6975=ORIENTED_EDGE('',*,*,#5297,.F.);
#6976=ORIENTED_EDGE('',*,*,#5387,.F.);
#6977=ORIENTED_EDGE('',*,*,#5388,.F.);
#6978=ORIENTED_EDGE('',*,*,#5389,.F.);
#6979=ORIENTED_EDGE('',*,*,#5293,.F.);
#6980=ORIENTED_EDGE('',*,*,#5390,.F.);
#6981=ORIENTED_EDGE('',*,*,#5391,.F.);
#6982=ORIENTED_EDGE('',*,*,#5392,.F.);
#6983=ORIENTED_EDGE('',*,*,#5289,.F.);
#6984=ORIENTED_EDGE('',*,*,#5393,.F.);
#6985=ORIENTED_EDGE('',*,*,#5394,.F.);
#6986=ORIENTED_EDGE('',*,*,#5395,.F.);
#6987=ORIENTED_EDGE('',*,*,#5285,.F.);
#6988=ORIENTED_EDGE('',*,*,#5396,.F.);
#6989=ORIENTED_EDGE('',*,*,#5397,.F.);
#6990=ORIENTED_EDGE('',*,*,#5398,.F.);
#6991=ORIENTED_EDGE('',*,*,#5399,.F.);
#6992=ORIENTED_EDGE('',*,*,#5400,.F.);
#6993=ORIENTED_EDGE('',*,*,#5401,.F.);
#6994=ORIENTED_EDGE('',*,*,#5402,.F.);
#6995=ORIENTED_EDGE('',*,*,#5403,.F.);
#6996=ORIENTED_EDGE('',*,*,#5404,.F.);
#6997=ORIENTED_EDGE('',*,*,#5405,.F.);
#6998=ORIENTED_EDGE('',*,*,#5406,.F.);
#6999=ORIENTED_EDGE('',*,*,#5407,.F.);
#7000=ORIENTED_EDGE('',*,*,#5408,.F.);
#7001=ORIENTED_EDGE('',*,*,#5409,.F.);
#7002=ORIENTED_EDGE('',*,*,#5410,.F.);
#7003=ORIENTED_EDGE('',*,*,#5411,.F.);
#7004=ORIENTED_EDGE('',*,*,#5412,.F.);
#7005=ORIENTED_EDGE('',*,*,#5413,.F.);
#7006=ORIENTED_EDGE('',*,*,#5414,.F.);
#7007=ORIENTED_EDGE('',*,*,#5415,.F.);
#7008=ORIENTED_EDGE('',*,*,#5416,.F.);
#7009=ORIENTED_EDGE('',*,*,#5417,.F.);
#7010=ORIENTED_EDGE('',*,*,#5418,.F.);
#7011=ORIENTED_EDGE('',*,*,#5419,.F.);
#7012=ORIENTED_EDGE('',*,*,#5420,.F.);
#7013=ORIENTED_EDGE('',*,*,#5421,.F.);
#7014=ORIENTED_EDGE('',*,*,#5422,.F.);
#7015=ORIENTED_EDGE('',*,*,#5423,.F.);
#7016=ORIENTED_EDGE('',*,*,#5424,.F.);
#7017=ORIENTED_EDGE('',*,*,#5286,.F.);
#7018=ORIENTED_EDGE('',*,*,#5395,.T.);
#7019=ORIENTED_EDGE('',*,*,#5425,.T.);
#7020=ORIENTED_EDGE('',*,*,#5426,.F.);
#7021=ORIENTED_EDGE('',*,*,#5426,.T.);
#7022=ORIENTED_EDGE('',*,*,#5427,.T.);
#7023=ORIENTED_EDGE('',*,*,#5428,.T.);
#7024=ORIENTED_EDGE('',*,*,#5287,.T.);
#7025=ORIENTED_EDGE('',*,*,#5429,.F.);
#7026=ORIENTED_EDGE('',*,*,#5393,.T.);
#7027=ORIENTED_EDGE('',*,*,#5288,.T.);
#7028=ORIENTED_EDGE('',*,*,#5428,.F.);
#7029=ORIENTED_EDGE('',*,*,#5290,.F.);
#7030=ORIENTED_EDGE('',*,*,#5392,.T.);
#7031=ORIENTED_EDGE('',*,*,#5430,.T.);
#7032=ORIENTED_EDGE('',*,*,#5431,.F.);
#7033=ORIENTED_EDGE('',*,*,#5431,.T.);
#7034=ORIENTED_EDGE('',*,*,#5432,.T.);
#7035=ORIENTED_EDGE('',*,*,#5433,.T.);
#7036=ORIENTED_EDGE('',*,*,#5291,.T.);
#7037=ORIENTED_EDGE('',*,*,#5434,.F.);
#7038=ORIENTED_EDGE('',*,*,#5390,.T.);
#7039=ORIENTED_EDGE('',*,*,#5292,.T.);
#7040=ORIENTED_EDGE('',*,*,#5433,.F.);
#7041=ORIENTED_EDGE('',*,*,#5294,.F.);
#7042=ORIENTED_EDGE('',*,*,#5389,.T.);
#7043=ORIENTED_EDGE('',*,*,#5435,.T.);
#7044=ORIENTED_EDGE('',*,*,#5436,.F.);
#7045=ORIENTED_EDGE('',*,*,#5436,.T.);
#7046=ORIENTED_EDGE('',*,*,#5437,.T.);
#7047=ORIENTED_EDGE('',*,*,#5438,.T.);
#7048=ORIENTED_EDGE('',*,*,#5295,.T.);
#7049=ORIENTED_EDGE('',*,*,#5439,.F.);
#7050=ORIENTED_EDGE('',*,*,#5387,.T.);
#7051=ORIENTED_EDGE('',*,*,#5296,.T.);
#7052=ORIENTED_EDGE('',*,*,#5438,.F.);
#7053=ORIENTED_EDGE('',*,*,#5298,.F.);
#7054=ORIENTED_EDGE('',*,*,#5386,.T.);
#7055=ORIENTED_EDGE('',*,*,#5440,.T.);
#7056=ORIENTED_EDGE('',*,*,#5441,.F.);
#7057=ORIENTED_EDGE('',*,*,#5441,.T.);
#7058=ORIENTED_EDGE('',*,*,#5442,.T.);
#7059=ORIENTED_EDGE('',*,*,#5443,.T.);
#7060=ORIENTED_EDGE('',*,*,#5299,.T.);
#7061=ORIENTED_EDGE('',*,*,#5444,.F.);
#7062=ORIENTED_EDGE('',*,*,#5384,.T.);
#7063=ORIENTED_EDGE('',*,*,#5300,.T.);
#7064=ORIENTED_EDGE('',*,*,#5443,.F.);
#7065=ORIENTED_EDGE('',*,*,#5302,.F.);
#7066=ORIENTED_EDGE('',*,*,#5383,.T.);
#7067=ORIENTED_EDGE('',*,*,#5445,.T.);
#7068=ORIENTED_EDGE('',*,*,#5446,.F.);
#7069=ORIENTED_EDGE('',*,*,#5446,.T.);
#7070=ORIENTED_EDGE('',*,*,#5447,.T.);
#7071=ORIENTED_EDGE('',*,*,#5448,.T.);
#7072=ORIENTED_EDGE('',*,*,#5303,.T.);
#7073=ORIENTED_EDGE('',*,*,#5449,.F.);
#7074=ORIENTED_EDGE('',*,*,#5381,.T.);
#7075=ORIENTED_EDGE('',*,*,#5304,.T.);
#7076=ORIENTED_EDGE('',*,*,#5448,.F.);
#7077=ORIENTED_EDGE('',*,*,#5306,.F.);
#7078=ORIENTED_EDGE('',*,*,#5380,.T.);
#7079=ORIENTED_EDGE('',*,*,#5450,.T.);
#7080=ORIENTED_EDGE('',*,*,#5451,.F.);
#7081=ORIENTED_EDGE('',*,*,#5451,.T.);
#7082=ORIENTED_EDGE('',*,*,#5452,.T.);
#7083=ORIENTED_EDGE('',*,*,#5453,.T.);
#7084=ORIENTED_EDGE('',*,*,#5307,.T.);
#7085=ORIENTED_EDGE('',*,*,#5454,.F.);
#7086=ORIENTED_EDGE('',*,*,#5378,.T.);
#7087=ORIENTED_EDGE('',*,*,#5308,.T.);
#7088=ORIENTED_EDGE('',*,*,#5453,.F.);
#7089=ORIENTED_EDGE('',*,*,#5310,.F.);
#7090=ORIENTED_EDGE('',*,*,#5377,.T.);
#7091=ORIENTED_EDGE('',*,*,#5455,.T.);
#7092=ORIENTED_EDGE('',*,*,#5456,.F.);
#7093=ORIENTED_EDGE('',*,*,#5456,.T.);
#7094=ORIENTED_EDGE('',*,*,#5457,.T.);
#7095=ORIENTED_EDGE('',*,*,#5458,.T.);
#7096=ORIENTED_EDGE('',*,*,#5311,.T.);
#7097=ORIENTED_EDGE('',*,*,#5459,.F.);
#7098=ORIENTED_EDGE('',*,*,#5375,.T.);
#7099=ORIENTED_EDGE('',*,*,#5312,.T.);
#7100=ORIENTED_EDGE('',*,*,#5458,.F.);
#7101=ORIENTED_EDGE('',*,*,#5374,.T.);
#7102=ORIENTED_EDGE('',*,*,#5460,.T.);
#7103=ORIENTED_EDGE('',*,*,#5461,.F.);
#7104=ORIENTED_EDGE('',*,*,#5462,.F.);
#7105=ORIENTED_EDGE('',*,*,#5370,.T.);
#7106=ORIENTED_EDGE('',*,*,#5463,.T.);
#7107=ORIENTED_EDGE('',*,*,#5464,.F.);
#7108=ORIENTED_EDGE('',*,*,#5465,.F.);
#7109=ORIENTED_EDGE('',*,*,#5366,.T.);
#7110=ORIENTED_EDGE('',*,*,#5466,.T.);
#7111=ORIENTED_EDGE('',*,*,#5467,.F.);
#7112=ORIENTED_EDGE('',*,*,#5468,.F.);
#7113=ORIENTED_EDGE('',*,*,#5362,.T.);
#7114=ORIENTED_EDGE('',*,*,#5469,.T.);
#7115=ORIENTED_EDGE('',*,*,#5470,.F.);
#7116=ORIENTED_EDGE('',*,*,#5471,.F.);
#7117=ORIENTED_EDGE('',*,*,#5358,.T.);
#7118=ORIENTED_EDGE('',*,*,#5472,.T.);
#7119=ORIENTED_EDGE('',*,*,#5473,.F.);
#7120=ORIENTED_EDGE('',*,*,#5474,.F.);
#7121=ORIENTED_EDGE('',*,*,#5354,.T.);
#7122=ORIENTED_EDGE('',*,*,#5475,.T.);
#7123=ORIENTED_EDGE('',*,*,#5476,.F.);
#7124=ORIENTED_EDGE('',*,*,#5477,.F.);
#7125=ORIENTED_EDGE('',*,*,#5350,.T.);
#7126=ORIENTED_EDGE('',*,*,#5478,.T.);
#7127=ORIENTED_EDGE('',*,*,#5479,.F.);
#7128=ORIENTED_EDGE('',*,*,#5480,.F.);
#7129=ORIENTED_EDGE('',*,*,#5346,.T.);
#7130=ORIENTED_EDGE('',*,*,#5481,.T.);
#7131=ORIENTED_EDGE('',*,*,#5482,.F.);
#7132=ORIENTED_EDGE('',*,*,#5314,.F.);
#7133=ORIENTED_EDGE('',*,*,#5315,.T.);
#7134=ORIENTED_EDGE('',*,*,#5482,.T.);
#7135=ORIENTED_EDGE('',*,*,#5483,.T.);
#7136=ORIENTED_EDGE('',*,*,#5484,.T.);
#7137=ORIENTED_EDGE('',*,*,#5485,.F.);
#7138=ORIENTED_EDGE('',*,*,#5424,.T.);
#7139=ORIENTED_EDGE('',*,*,#5486,.T.);
#7140=ORIENTED_EDGE('',*,*,#5487,.F.);
#7141=ORIENTED_EDGE('',*,*,#5488,.F.);
#7142=ORIENTED_EDGE('',*,*,#5420,.T.);
#7143=ORIENTED_EDGE('',*,*,#5489,.T.);
#7144=ORIENTED_EDGE('',*,*,#5490,.F.);
#7145=ORIENTED_EDGE('',*,*,#5491,.F.);
#7146=ORIENTED_EDGE('',*,*,#5416,.T.);
#7147=ORIENTED_EDGE('',*,*,#5492,.T.);
#7148=ORIENTED_EDGE('',*,*,#5493,.F.);
#7149=ORIENTED_EDGE('',*,*,#5494,.F.);
#7150=ORIENTED_EDGE('',*,*,#5412,.T.);
#7151=ORIENTED_EDGE('',*,*,#5495,.T.);
#7152=ORIENTED_EDGE('',*,*,#5496,.F.);
#7153=ORIENTED_EDGE('',*,*,#5497,.F.);
#7154=ORIENTED_EDGE('',*,*,#5408,.T.);
#7155=ORIENTED_EDGE('',*,*,#5498,.T.);
#7156=ORIENTED_EDGE('',*,*,#5499,.F.);
#7157=ORIENTED_EDGE('',*,*,#5500,.F.);
#7158=ORIENTED_EDGE('',*,*,#5404,.T.);
#7159=ORIENTED_EDGE('',*,*,#5501,.T.);
#7160=ORIENTED_EDGE('',*,*,#5502,.F.);
#7161=ORIENTED_EDGE('',*,*,#5503,.F.);
#7162=ORIENTED_EDGE('',*,*,#5400,.T.);
#7163=ORIENTED_EDGE('',*,*,#5504,.T.);
#7164=ORIENTED_EDGE('',*,*,#5505,.F.);
#7165=ORIENTED_EDGE('',*,*,#5506,.F.);
#7166=ORIENTED_EDGE('',*,*,#5396,.T.);
#7167=ORIENTED_EDGE('',*,*,#5316,.T.);
#7168=ORIENTED_EDGE('',*,*,#5484,.F.);
#7169=ORIENTED_EDGE('',*,*,#5507,.F.);
#7170=ORIENTED_EDGE('',*,*,#5345,.T.);
#7171=ORIENTED_EDGE('',*,*,#5508,.T.);
#7172=ORIENTED_EDGE('',*,*,#5509,.F.);
#7173=ORIENTED_EDGE('',*,*,#5510,.F.);
#7174=ORIENTED_EDGE('',*,*,#5341,.T.);
#7175=ORIENTED_EDGE('',*,*,#5511,.T.);
#7176=ORIENTED_EDGE('',*,*,#5512,.F.);
#7177=ORIENTED_EDGE('',*,*,#5513,.F.);
#7178=ORIENTED_EDGE('',*,*,#5337,.T.);
#7179=ORIENTED_EDGE('',*,*,#5514,.T.);
#7180=ORIENTED_EDGE('',*,*,#5515,.F.);
#7181=ORIENTED_EDGE('',*,*,#5516,.F.);
#7182=ORIENTED_EDGE('',*,*,#5333,.T.);
#7183=ORIENTED_EDGE('',*,*,#5517,.T.);
#7184=ORIENTED_EDGE('',*,*,#5518,.F.);
#7185=ORIENTED_EDGE('',*,*,#5519,.F.);
#7186=ORIENTED_EDGE('',*,*,#5329,.T.);
#7187=ORIENTED_EDGE('',*,*,#5520,.T.);
#7188=ORIENTED_EDGE('',*,*,#5521,.F.);
#7189=ORIENTED_EDGE('',*,*,#5522,.F.);
#7190=ORIENTED_EDGE('',*,*,#5325,.T.);
#7191=ORIENTED_EDGE('',*,*,#5523,.T.);
#7192=ORIENTED_EDGE('',*,*,#5524,.F.);
#7193=ORIENTED_EDGE('',*,*,#5525,.F.);
#7194=ORIENTED_EDGE('',*,*,#5321,.T.);
#7195=ORIENTED_EDGE('',*,*,#5526,.T.);
#7196=ORIENTED_EDGE('',*,*,#5527,.F.);
#7197=ORIENTED_EDGE('',*,*,#5528,.F.);
#7198=ORIENTED_EDGE('',*,*,#5317,.T.);
#7199=ORIENTED_EDGE('',*,*,#5507,.T.);
#7200=ORIENTED_EDGE('',*,*,#5483,.F.);
#7201=ORIENTED_EDGE('',*,*,#5481,.F.);
#7202=ORIENTED_EDGE('',*,*,#5529,.F.);
#7203=ORIENTED_EDGE('',*,*,#5318,.T.);
#7204=ORIENTED_EDGE('',*,*,#5528,.T.);
#7205=ORIENTED_EDGE('',*,*,#5530,.F.);
#7206=ORIENTED_EDGE('',*,*,#5531,.F.);
#7207=ORIENTED_EDGE('',*,*,#5319,.T.);
#7208=ORIENTED_EDGE('',*,*,#5529,.T.);
#7209=ORIENTED_EDGE('',*,*,#5532,.F.);
#7210=ORIENTED_EDGE('',*,*,#5526,.F.);
#7211=ORIENTED_EDGE('',*,*,#5320,.T.);
#7212=ORIENTED_EDGE('',*,*,#5531,.T.);
#7213=ORIENTED_EDGE('',*,*,#5533,.F.);
#7214=ORIENTED_EDGE('',*,*,#5534,.F.);
#7215=ORIENTED_EDGE('',*,*,#5322,.T.);
#7216=ORIENTED_EDGE('',*,*,#5525,.T.);
#7217=ORIENTED_EDGE('',*,*,#5535,.F.);
#7218=ORIENTED_EDGE('',*,*,#5536,.F.);
#7219=ORIENTED_EDGE('',*,*,#5323,.T.);
#7220=ORIENTED_EDGE('',*,*,#5534,.T.);
#7221=ORIENTED_EDGE('',*,*,#5537,.F.);
#7222=ORIENTED_EDGE('',*,*,#5523,.F.);
#7223=ORIENTED_EDGE('',*,*,#5324,.T.);
#7224=ORIENTED_EDGE('',*,*,#5536,.T.);
#7225=ORIENTED_EDGE('',*,*,#5538,.F.);
#7226=ORIENTED_EDGE('',*,*,#5539,.F.);
#7227=ORIENTED_EDGE('',*,*,#5326,.T.);
#7228=ORIENTED_EDGE('',*,*,#5522,.T.);
#7229=ORIENTED_EDGE('',*,*,#5540,.F.);
#7230=ORIENTED_EDGE('',*,*,#5541,.F.);
#7231=ORIENTED_EDGE('',*,*,#5327,.T.);
#7232=ORIENTED_EDGE('',*,*,#5539,.T.);
#7233=ORIENTED_EDGE('',*,*,#5542,.F.);
#7234=ORIENTED_EDGE('',*,*,#5520,.F.);
#7235=ORIENTED_EDGE('',*,*,#5328,.T.);
#7236=ORIENTED_EDGE('',*,*,#5541,.T.);
#7237=ORIENTED_EDGE('',*,*,#5543,.F.);
#7238=ORIENTED_EDGE('',*,*,#5544,.F.);
#7239=ORIENTED_EDGE('',*,*,#5330,.T.);
#7240=ORIENTED_EDGE('',*,*,#5519,.T.);
#7241=ORIENTED_EDGE('',*,*,#5545,.F.);
#7242=ORIENTED_EDGE('',*,*,#5546,.F.);
#7243=ORIENTED_EDGE('',*,*,#5331,.T.);
#7244=ORIENTED_EDGE('',*,*,#5544,.T.);
#7245=ORIENTED_EDGE('',*,*,#5547,.F.);
#7246=ORIENTED_EDGE('',*,*,#5517,.F.);
#7247=ORIENTED_EDGE('',*,*,#5332,.T.);
#7248=ORIENTED_EDGE('',*,*,#5546,.T.);
#7249=ORIENTED_EDGE('',*,*,#5548,.F.);
#7250=ORIENTED_EDGE('',*,*,#5549,.F.);
#7251=ORIENTED_EDGE('',*,*,#5334,.T.);
#7252=ORIENTED_EDGE('',*,*,#5516,.T.);
#7253=ORIENTED_EDGE('',*,*,#5550,.F.);
#7254=ORIENTED_EDGE('',*,*,#5551,.F.);
#7255=ORIENTED_EDGE('',*,*,#5335,.T.);
#7256=ORIENTED_EDGE('',*,*,#5549,.T.);
#7257=ORIENTED_EDGE('',*,*,#5552,.F.);
#7258=ORIENTED_EDGE('',*,*,#5514,.F.);
#7259=ORIENTED_EDGE('',*,*,#5336,.T.);
#7260=ORIENTED_EDGE('',*,*,#5551,.T.);
#7261=ORIENTED_EDGE('',*,*,#5553,.F.);
#7262=ORIENTED_EDGE('',*,*,#5554,.F.);
#7263=ORIENTED_EDGE('',*,*,#5338,.T.);
#7264=ORIENTED_EDGE('',*,*,#5513,.T.);
#7265=ORIENTED_EDGE('',*,*,#5555,.F.);
#7266=ORIENTED_EDGE('',*,*,#5556,.F.);
#7267=ORIENTED_EDGE('',*,*,#5339,.T.);
#7268=ORIENTED_EDGE('',*,*,#5554,.T.);
#7269=ORIENTED_EDGE('',*,*,#5557,.F.);
#7270=ORIENTED_EDGE('',*,*,#5511,.F.);
#7271=ORIENTED_EDGE('',*,*,#5340,.T.);
#7272=ORIENTED_EDGE('',*,*,#5556,.T.);
#7273=ORIENTED_EDGE('',*,*,#5558,.F.);
#7274=ORIENTED_EDGE('',*,*,#5559,.F.);
#7275=ORIENTED_EDGE('',*,*,#5342,.T.);
#7276=ORIENTED_EDGE('',*,*,#5510,.T.);
#7277=ORIENTED_EDGE('',*,*,#5560,.F.);
#7278=ORIENTED_EDGE('',*,*,#5561,.F.);
#7279=ORIENTED_EDGE('',*,*,#5343,.T.);
#7280=ORIENTED_EDGE('',*,*,#5559,.T.);
#7281=ORIENTED_EDGE('',*,*,#5562,.F.);
#7282=ORIENTED_EDGE('',*,*,#5508,.F.);
#7283=ORIENTED_EDGE('',*,*,#5344,.T.);
#7284=ORIENTED_EDGE('',*,*,#5561,.T.);
#7285=ORIENTED_EDGE('',*,*,#5563,.F.);
#7286=ORIENTED_EDGE('',*,*,#5564,.F.);
#7287=ORIENTED_EDGE('',*,*,#5347,.T.);
#7288=ORIENTED_EDGE('',*,*,#5480,.T.);
#7289=ORIENTED_EDGE('',*,*,#5565,.F.);
#7290=ORIENTED_EDGE('',*,*,#5566,.F.);
#7291=ORIENTED_EDGE('',*,*,#5348,.T.);
#7292=ORIENTED_EDGE('',*,*,#5564,.T.);
#7293=ORIENTED_EDGE('',*,*,#5567,.F.);
#7294=ORIENTED_EDGE('',*,*,#5478,.F.);
#7295=ORIENTED_EDGE('',*,*,#5349,.T.);
#7296=ORIENTED_EDGE('',*,*,#5566,.T.);
#7297=ORIENTED_EDGE('',*,*,#5568,.F.);
#7298=ORIENTED_EDGE('',*,*,#5569,.F.);
#7299=ORIENTED_EDGE('',*,*,#5351,.T.);
#7300=ORIENTED_EDGE('',*,*,#5477,.T.);
#7301=ORIENTED_EDGE('',*,*,#5570,.F.);
#7302=ORIENTED_EDGE('',*,*,#5571,.F.);
#7303=ORIENTED_EDGE('',*,*,#5352,.T.);
#7304=ORIENTED_EDGE('',*,*,#5569,.T.);
#7305=ORIENTED_EDGE('',*,*,#5572,.F.);
#7306=ORIENTED_EDGE('',*,*,#5475,.F.);
#7307=ORIENTED_EDGE('',*,*,#5353,.T.);
#7308=ORIENTED_EDGE('',*,*,#5571,.T.);
#7309=ORIENTED_EDGE('',*,*,#5573,.F.);
#7310=ORIENTED_EDGE('',*,*,#5574,.F.);
#7311=ORIENTED_EDGE('',*,*,#5355,.T.);
#7312=ORIENTED_EDGE('',*,*,#5474,.T.);
#7313=ORIENTED_EDGE('',*,*,#5575,.F.);
#7314=ORIENTED_EDGE('',*,*,#5576,.F.);
#7315=ORIENTED_EDGE('',*,*,#5356,.T.);
#7316=ORIENTED_EDGE('',*,*,#5574,.T.);
#7317=ORIENTED_EDGE('',*,*,#5577,.F.);
#7318=ORIENTED_EDGE('',*,*,#5472,.F.);
#7319=ORIENTED_EDGE('',*,*,#5357,.T.);
#7320=ORIENTED_EDGE('',*,*,#5576,.T.);
#7321=ORIENTED_EDGE('',*,*,#5578,.F.);
#7322=ORIENTED_EDGE('',*,*,#5579,.F.);
#7323=ORIENTED_EDGE('',*,*,#5359,.T.);
#7324=ORIENTED_EDGE('',*,*,#5471,.T.);
#7325=ORIENTED_EDGE('',*,*,#5580,.F.);
#7326=ORIENTED_EDGE('',*,*,#5581,.F.);
#7327=ORIENTED_EDGE('',*,*,#5360,.T.);
#7328=ORIENTED_EDGE('',*,*,#5579,.T.);
#7329=ORIENTED_EDGE('',*,*,#5582,.F.);
#7330=ORIENTED_EDGE('',*,*,#5469,.F.);
#7331=ORIENTED_EDGE('',*,*,#5361,.T.);
#7332=ORIENTED_EDGE('',*,*,#5581,.T.);
#7333=ORIENTED_EDGE('',*,*,#5583,.F.);
#7334=ORIENTED_EDGE('',*,*,#5584,.F.);
#7335=ORIENTED_EDGE('',*,*,#5363,.T.);
#7336=ORIENTED_EDGE('',*,*,#5468,.T.);
#7337=ORIENTED_EDGE('',*,*,#5585,.F.);
#7338=ORIENTED_EDGE('',*,*,#5586,.F.);
#7339=ORIENTED_EDGE('',*,*,#5364,.T.);
#7340=ORIENTED_EDGE('',*,*,#5584,.T.);
#7341=ORIENTED_EDGE('',*,*,#5587,.F.);
#7342=ORIENTED_EDGE('',*,*,#5466,.F.);
#7343=ORIENTED_EDGE('',*,*,#5365,.T.);
#7344=ORIENTED_EDGE('',*,*,#5586,.T.);
#7345=ORIENTED_EDGE('',*,*,#5588,.F.);
#7346=ORIENTED_EDGE('',*,*,#5589,.F.);
#7347=ORIENTED_EDGE('',*,*,#5367,.T.);
#7348=ORIENTED_EDGE('',*,*,#5465,.T.);
#7349=ORIENTED_EDGE('',*,*,#5590,.F.);
#7350=ORIENTED_EDGE('',*,*,#5591,.F.);
#7351=ORIENTED_EDGE('',*,*,#5368,.T.);
#7352=ORIENTED_EDGE('',*,*,#5589,.T.);
#7353=ORIENTED_EDGE('',*,*,#5592,.F.);
#7354=ORIENTED_EDGE('',*,*,#5463,.F.);
#7355=ORIENTED_EDGE('',*,*,#5369,.T.);
#7356=ORIENTED_EDGE('',*,*,#5591,.T.);
#7357=ORIENTED_EDGE('',*,*,#5593,.F.);
#7358=ORIENTED_EDGE('',*,*,#5594,.F.);
#7359=ORIENTED_EDGE('',*,*,#5371,.T.);
#7360=ORIENTED_EDGE('',*,*,#5462,.T.);
#7361=ORIENTED_EDGE('',*,*,#5595,.F.);
#7362=ORIENTED_EDGE('',*,*,#5596,.F.);
#7363=ORIENTED_EDGE('',*,*,#5372,.T.);
#7364=ORIENTED_EDGE('',*,*,#5594,.T.);
#7365=ORIENTED_EDGE('',*,*,#5597,.F.);
#7366=ORIENTED_EDGE('',*,*,#5460,.F.);
#7367=ORIENTED_EDGE('',*,*,#5373,.T.);
#7368=ORIENTED_EDGE('',*,*,#5596,.T.);
#7369=ORIENTED_EDGE('',*,*,#5598,.F.);
#7370=ORIENTED_EDGE('',*,*,#5455,.F.);
#7371=ORIENTED_EDGE('',*,*,#5376,.T.);
#7372=ORIENTED_EDGE('',*,*,#5459,.T.);
#7373=ORIENTED_EDGE('',*,*,#5457,.F.);
#7374=ORIENTED_EDGE('',*,*,#5450,.F.);
#7375=ORIENTED_EDGE('',*,*,#5379,.T.);
#7376=ORIENTED_EDGE('',*,*,#5454,.T.);
#7377=ORIENTED_EDGE('',*,*,#5452,.F.);
#7378=ORIENTED_EDGE('',*,*,#5445,.F.);
#7379=ORIENTED_EDGE('',*,*,#5382,.T.);
#7380=ORIENTED_EDGE('',*,*,#5449,.T.);
#7381=ORIENTED_EDGE('',*,*,#5447,.F.);
#7382=ORIENTED_EDGE('',*,*,#5440,.F.);
#7383=ORIENTED_EDGE('',*,*,#5385,.T.);
#7384=ORIENTED_EDGE('',*,*,#5444,.T.);
#7385=ORIENTED_EDGE('',*,*,#5442,.F.);
#7386=ORIENTED_EDGE('',*,*,#5435,.F.);
#7387=ORIENTED_EDGE('',*,*,#5388,.T.);
#7388=ORIENTED_EDGE('',*,*,#5439,.T.);
#7389=ORIENTED_EDGE('',*,*,#5437,.F.);
#7390=ORIENTED_EDGE('',*,*,#5430,.F.);
#7391=ORIENTED_EDGE('',*,*,#5391,.T.);
#7392=ORIENTED_EDGE('',*,*,#5434,.T.);
#7393=ORIENTED_EDGE('',*,*,#5432,.F.);
#7394=ORIENTED_EDGE('',*,*,#5425,.F.);
#7395=ORIENTED_EDGE('',*,*,#5394,.T.);
#7396=ORIENTED_EDGE('',*,*,#5429,.T.);
#7397=ORIENTED_EDGE('',*,*,#5427,.F.);
#7398=ORIENTED_EDGE('',*,*,#5599,.F.);
#7399=ORIENTED_EDGE('',*,*,#5397,.T.);
#7400=ORIENTED_EDGE('',*,*,#5506,.T.);
#7401=ORIENTED_EDGE('',*,*,#5600,.F.);
#7402=ORIENTED_EDGE('',*,*,#5601,.F.);
#7403=ORIENTED_EDGE('',*,*,#5398,.T.);
#7404=ORIENTED_EDGE('',*,*,#5599,.T.);
#7405=ORIENTED_EDGE('',*,*,#5602,.F.);
#7406=ORIENTED_EDGE('',*,*,#5504,.F.);
#7407=ORIENTED_EDGE('',*,*,#5399,.T.);
#7408=ORIENTED_EDGE('',*,*,#5601,.T.);
#7409=ORIENTED_EDGE('',*,*,#5603,.F.);
#7410=ORIENTED_EDGE('',*,*,#5604,.F.);
#7411=ORIENTED_EDGE('',*,*,#5401,.T.);
#7412=ORIENTED_EDGE('',*,*,#5503,.T.);
#7413=ORIENTED_EDGE('',*,*,#5605,.F.);
#7414=ORIENTED_EDGE('',*,*,#5606,.F.);
#7415=ORIENTED_EDGE('',*,*,#5402,.T.);
#7416=ORIENTED_EDGE('',*,*,#5604,.T.);
#7417=ORIENTED_EDGE('',*,*,#5607,.F.);
#7418=ORIENTED_EDGE('',*,*,#5501,.F.);
#7419=ORIENTED_EDGE('',*,*,#5403,.T.);
#7420=ORIENTED_EDGE('',*,*,#5606,.T.);
#7421=ORIENTED_EDGE('',*,*,#5608,.F.);
#7422=ORIENTED_EDGE('',*,*,#5609,.F.);
#7423=ORIENTED_EDGE('',*,*,#5405,.T.);
#7424=ORIENTED_EDGE('',*,*,#5500,.T.);
#7425=ORIENTED_EDGE('',*,*,#5610,.F.);
#7426=ORIENTED_EDGE('',*,*,#5611,.F.);
#7427=ORIENTED_EDGE('',*,*,#5406,.T.);
#7428=ORIENTED_EDGE('',*,*,#5609,.T.);
#7429=ORIENTED_EDGE('',*,*,#5612,.F.);
#7430=ORIENTED_EDGE('',*,*,#5498,.F.);
#7431=ORIENTED_EDGE('',*,*,#5407,.T.);
#7432=ORIENTED_EDGE('',*,*,#5611,.T.);
#7433=ORIENTED_EDGE('',*,*,#5613,.F.);
#7434=ORIENTED_EDGE('',*,*,#5614,.F.);
#7435=ORIENTED_EDGE('',*,*,#5409,.T.);
#7436=ORIENTED_EDGE('',*,*,#5497,.T.);
#7437=ORIENTED_EDGE('',*,*,#5615,.F.);
#7438=ORIENTED_EDGE('',*,*,#5616,.F.);
#7439=ORIENTED_EDGE('',*,*,#5410,.T.);
#7440=ORIENTED_EDGE('',*,*,#5614,.T.);
#7441=ORIENTED_EDGE('',*,*,#5617,.F.);
#7442=ORIENTED_EDGE('',*,*,#5495,.F.);
#7443=ORIENTED_EDGE('',*,*,#5411,.T.);
#7444=ORIENTED_EDGE('',*,*,#5616,.T.);
#7445=ORIENTED_EDGE('',*,*,#5618,.F.);
#7446=ORIENTED_EDGE('',*,*,#5619,.F.);
#7447=ORIENTED_EDGE('',*,*,#5413,.T.);
#7448=ORIENTED_EDGE('',*,*,#5494,.T.);
#7449=ORIENTED_EDGE('',*,*,#5620,.F.);
#7450=ORIENTED_EDGE('',*,*,#5621,.F.);
#7451=ORIENTED_EDGE('',*,*,#5414,.T.);
#7452=ORIENTED_EDGE('',*,*,#5619,.T.);
#7453=ORIENTED_EDGE('',*,*,#5622,.F.);
#7454=ORIENTED_EDGE('',*,*,#5492,.F.);
#7455=ORIENTED_EDGE('',*,*,#5415,.T.);
#7456=ORIENTED_EDGE('',*,*,#5621,.T.);
#7457=ORIENTED_EDGE('',*,*,#5623,.F.);
#7458=ORIENTED_EDGE('',*,*,#5624,.F.);
#7459=ORIENTED_EDGE('',*,*,#5417,.T.);
#7460=ORIENTED_EDGE('',*,*,#5491,.T.);
#7461=ORIENTED_EDGE('',*,*,#5625,.F.);
#7462=ORIENTED_EDGE('',*,*,#5626,.F.);
#7463=ORIENTED_EDGE('',*,*,#5418,.T.);
#7464=ORIENTED_EDGE('',*,*,#5624,.T.);
#7465=ORIENTED_EDGE('',*,*,#5627,.F.);
#7466=ORIENTED_EDGE('',*,*,#5489,.F.);
#7467=ORIENTED_EDGE('',*,*,#5419,.T.);
#7468=ORIENTED_EDGE('',*,*,#5626,.T.);
#7469=ORIENTED_EDGE('',*,*,#5628,.F.);
#7470=ORIENTED_EDGE('',*,*,#5629,.F.);
#7471=ORIENTED_EDGE('',*,*,#5421,.T.);
#7472=ORIENTED_EDGE('',*,*,#5488,.T.);
#7473=ORIENTED_EDGE('',*,*,#5630,.F.);
#7474=ORIENTED_EDGE('',*,*,#5631,.F.);
#7475=ORIENTED_EDGE('',*,*,#5422,.T.);
#7476=ORIENTED_EDGE('',*,*,#5629,.T.);
#7477=ORIENTED_EDGE('',*,*,#5632,.F.);
#7478=ORIENTED_EDGE('',*,*,#5486,.F.);
#7479=ORIENTED_EDGE('',*,*,#5423,.T.);
#7480=ORIENTED_EDGE('',*,*,#5631,.T.);
#7481=ORIENTED_EDGE('',*,*,#5633,.F.);
#7482=ORIENTED_EDGE('',*,*,#5598,.T.);
#7483=ORIENTED_EDGE('',*,*,#5597,.T.);
#7484=ORIENTED_EDGE('',*,*,#5595,.T.);
#7485=ORIENTED_EDGE('',*,*,#5461,.T.);
#7486=ORIENTED_EDGE('',*,*,#5593,.T.);
#7487=ORIENTED_EDGE('',*,*,#5592,.T.);
#7488=ORIENTED_EDGE('',*,*,#5590,.T.);
#7489=ORIENTED_EDGE('',*,*,#5464,.T.);
#7490=ORIENTED_EDGE('',*,*,#5588,.T.);
#7491=ORIENTED_EDGE('',*,*,#5587,.T.);
#7492=ORIENTED_EDGE('',*,*,#5585,.T.);
#7493=ORIENTED_EDGE('',*,*,#5467,.T.);
#7494=ORIENTED_EDGE('',*,*,#5583,.T.);
#7495=ORIENTED_EDGE('',*,*,#5582,.T.);
#7496=ORIENTED_EDGE('',*,*,#5580,.T.);
#7497=ORIENTED_EDGE('',*,*,#5470,.T.);
#7498=ORIENTED_EDGE('',*,*,#5578,.T.);
#7499=ORIENTED_EDGE('',*,*,#5577,.T.);
#7500=ORIENTED_EDGE('',*,*,#5575,.T.);
#7501=ORIENTED_EDGE('',*,*,#5473,.T.);
#7502=ORIENTED_EDGE('',*,*,#5573,.T.);
#7503=ORIENTED_EDGE('',*,*,#5572,.T.);
#7504=ORIENTED_EDGE('',*,*,#5570,.T.);
#7505=ORIENTED_EDGE('',*,*,#5476,.T.);
#7506=ORIENTED_EDGE('',*,*,#5568,.T.);
#7507=ORIENTED_EDGE('',*,*,#5567,.T.);
#7508=ORIENTED_EDGE('',*,*,#5565,.T.);
#7509=ORIENTED_EDGE('',*,*,#5479,.T.);
#7510=ORIENTED_EDGE('',*,*,#5634,.F.);
#7511=ORIENTED_EDGE('',*,*,#5635,.T.);
#7512=ORIENTED_EDGE('',*,*,#5485,.T.);
#7513=ORIENTED_EDGE('',*,*,#5635,.F.);
#7514=ORIENTED_EDGE('',*,*,#5633,.T.);
#7515=ORIENTED_EDGE('',*,*,#5632,.T.);
#7516=ORIENTED_EDGE('',*,*,#5630,.T.);
#7517=ORIENTED_EDGE('',*,*,#5487,.T.);
#7518=ORIENTED_EDGE('',*,*,#5628,.T.);
#7519=ORIENTED_EDGE('',*,*,#5627,.T.);
#7520=ORIENTED_EDGE('',*,*,#5625,.T.);
#7521=ORIENTED_EDGE('',*,*,#5490,.T.);
#7522=ORIENTED_EDGE('',*,*,#5623,.T.);
#7523=ORIENTED_EDGE('',*,*,#5622,.T.);
#7524=ORIENTED_EDGE('',*,*,#5620,.T.);
#7525=ORIENTED_EDGE('',*,*,#5493,.T.);
#7526=ORIENTED_EDGE('',*,*,#5618,.T.);
#7527=ORIENTED_EDGE('',*,*,#5617,.T.);
#7528=ORIENTED_EDGE('',*,*,#5615,.T.);
#7529=ORIENTED_EDGE('',*,*,#5496,.T.);
#7530=ORIENTED_EDGE('',*,*,#5613,.T.);
#7531=ORIENTED_EDGE('',*,*,#5612,.T.);
#7532=ORIENTED_EDGE('',*,*,#5610,.T.);
#7533=ORIENTED_EDGE('',*,*,#5499,.T.);
#7534=ORIENTED_EDGE('',*,*,#5608,.T.);
#7535=ORIENTED_EDGE('',*,*,#5607,.T.);
#7536=ORIENTED_EDGE('',*,*,#5605,.T.);
#7537=ORIENTED_EDGE('',*,*,#5502,.T.);
#7538=ORIENTED_EDGE('',*,*,#5603,.T.);
#7539=ORIENTED_EDGE('',*,*,#5602,.T.);
#7540=ORIENTED_EDGE('',*,*,#5600,.T.);
#7541=ORIENTED_EDGE('',*,*,#5505,.T.);
#7542=ORIENTED_EDGE('',*,*,#5563,.T.);
#7543=ORIENTED_EDGE('',*,*,#5562,.T.);
#7544=ORIENTED_EDGE('',*,*,#5560,.T.);
#7545=ORIENTED_EDGE('',*,*,#5509,.T.);
#7546=ORIENTED_EDGE('',*,*,#5558,.T.);
#7547=ORIENTED_EDGE('',*,*,#5557,.T.);
#7548=ORIENTED_EDGE('',*,*,#5555,.T.);
#7549=ORIENTED_EDGE('',*,*,#5512,.T.);
#7550=ORIENTED_EDGE('',*,*,#5553,.T.);
#7551=ORIENTED_EDGE('',*,*,#5552,.T.);
#7552=ORIENTED_EDGE('',*,*,#5550,.T.);
#7553=ORIENTED_EDGE('',*,*,#5515,.T.);
#7554=ORIENTED_EDGE('',*,*,#5548,.T.);
#7555=ORIENTED_EDGE('',*,*,#5547,.T.);
#7556=ORIENTED_EDGE('',*,*,#5545,.T.);
#7557=ORIENTED_EDGE('',*,*,#5518,.T.);
#7558=ORIENTED_EDGE('',*,*,#5543,.T.);
#7559=ORIENTED_EDGE('',*,*,#5542,.T.);
#7560=ORIENTED_EDGE('',*,*,#5540,.T.);
#7561=ORIENTED_EDGE('',*,*,#5521,.T.);
#7562=ORIENTED_EDGE('',*,*,#5538,.T.);
#7563=ORIENTED_EDGE('',*,*,#5537,.T.);
#7564=ORIENTED_EDGE('',*,*,#5535,.T.);
#7565=ORIENTED_EDGE('',*,*,#5524,.T.);
#7566=ORIENTED_EDGE('',*,*,#5533,.T.);
#7567=ORIENTED_EDGE('',*,*,#5532,.T.);
#7568=ORIENTED_EDGE('',*,*,#5530,.T.);
#7569=ORIENTED_EDGE('',*,*,#5527,.T.);
#7570=ORIENTED_EDGE('',*,*,#5634,.T.);
#7571=ORIENTED_EDGE('',*,*,#5636,.F.);
#7572=ORIENTED_EDGE('',*,*,#5637,.T.);
#7573=ORIENTED_EDGE('',*,*,#5638,.T.);
#7574=ORIENTED_EDGE('',*,*,#5639,.F.);
#7575=ORIENTED_EDGE('',*,*,#5640,.T.);
#7576=ORIENTED_EDGE('',*,*,#5636,.T.);
#7577=ORIENTED_EDGE('',*,*,#5641,.F.);
#7578=ORIENTED_EDGE('',*,*,#5642,.T.);
#7579=ORIENTED_EDGE('',*,*,#5643,.F.);
#7580=ORIENTED_EDGE('',*,*,#5644,.T.);
#7581=ORIENTED_EDGE('',*,*,#5645,.T.);
#7582=ORIENTED_EDGE('',*,*,#5646,.F.);
#7583=ORIENTED_EDGE('',*,*,#5647,.F.);
#7584=ORIENTED_EDGE('',*,*,#5638,.F.);
#7585=ORIENTED_EDGE('',*,*,#5637,.F.);
#7586=ORIENTED_EDGE('',*,*,#5640,.F.);
#7587=ORIENTED_EDGE('',*,*,#5648,.F.);
#7588=ORIENTED_EDGE('',*,*,#5644,.F.);
#7589=ORIENTED_EDGE('',*,*,#5641,.T.);
#7590=ORIENTED_EDGE('',*,*,#5639,.T.);
#7591=ORIENTED_EDGE('',*,*,#5647,.T.);
#7592=ORIENTED_EDGE('',*,*,#5649,.T.);
#7593=ORIENTED_EDGE('',*,*,#5646,.T.);
#7594=ORIENTED_EDGE('',*,*,#5650,.T.);
#7595=ORIENTED_EDGE('',*,*,#5642,.F.);
#7596=ORIENTED_EDGE('',*,*,#5649,.F.);
#7597=ORIENTED_EDGE('',*,*,#5648,.T.);
#7598=ORIENTED_EDGE('',*,*,#5643,.T.);
#7599=ORIENTED_EDGE('',*,*,#5650,.F.);
#7600=ORIENTED_EDGE('',*,*,#5645,.F.);
#7601=ORIENTED_EDGE('',*,*,#5651,.T.);
#7602=ORIENTED_EDGE('',*,*,#5652,.T.);
#7603=ORIENTED_EDGE('',*,*,#5653,.F.);
#7604=ORIENTED_EDGE('',*,*,#5654,.F.);
#7605=ORIENTED_EDGE('',*,*,#5653,.T.);
#7606=ORIENTED_EDGE('',*,*,#5655,.T.);
#7607=ORIENTED_EDGE('',*,*,#5656,.F.);
#7608=ORIENTED_EDGE('',*,*,#5657,.F.);
#7609=ORIENTED_EDGE('',*,*,#5656,.T.);
#7610=ORIENTED_EDGE('',*,*,#5658,.T.);
#7611=ORIENTED_EDGE('',*,*,#5659,.F.);
#7612=ORIENTED_EDGE('',*,*,#5660,.F.);
#7613=ORIENTED_EDGE('',*,*,#5659,.T.);
#7614=ORIENTED_EDGE('',*,*,#5661,.T.);
#7615=ORIENTED_EDGE('',*,*,#5651,.F.);
#7616=ORIENTED_EDGE('',*,*,#5662,.F.);
#7617=ORIENTED_EDGE('',*,*,#5654,.T.);
#7618=ORIENTED_EDGE('',*,*,#5657,.T.);
#7619=ORIENTED_EDGE('',*,*,#5660,.T.);
#7620=ORIENTED_EDGE('',*,*,#5662,.T.);
#7621=ORIENTED_EDGE('',*,*,#5652,.F.);
#7622=ORIENTED_EDGE('',*,*,#5661,.F.);
#7623=ORIENTED_EDGE('',*,*,#5658,.F.);
#7624=ORIENTED_EDGE('',*,*,#5655,.F.);
#7625=ORIENTED_EDGE('',*,*,#5663,.F.);
#7626=ORIENTED_EDGE('',*,*,#5664,.T.);
#7627=ORIENTED_EDGE('',*,*,#5665,.T.);
#7628=ORIENTED_EDGE('',*,*,#5666,.F.);
#7629=ORIENTED_EDGE('',*,*,#5665,.F.);
#7630=ORIENTED_EDGE('',*,*,#5667,.T.);
#7631=ORIENTED_EDGE('',*,*,#5668,.T.);
#7632=ORIENTED_EDGE('',*,*,#5669,.F.);
#7633=ORIENTED_EDGE('',*,*,#5668,.F.);
#7634=ORIENTED_EDGE('',*,*,#5670,.T.);
#7635=ORIENTED_EDGE('',*,*,#5671,.T.);
#7636=ORIENTED_EDGE('',*,*,#5672,.F.);
#7637=ORIENTED_EDGE('',*,*,#5671,.F.);
#7638=ORIENTED_EDGE('',*,*,#5673,.T.);
#7639=ORIENTED_EDGE('',*,*,#5663,.T.);
#7640=ORIENTED_EDGE('',*,*,#5674,.F.);
#7641=ORIENTED_EDGE('',*,*,#5664,.F.);
#7642=ORIENTED_EDGE('',*,*,#5673,.F.);
#7643=ORIENTED_EDGE('',*,*,#5670,.F.);
#7644=ORIENTED_EDGE('',*,*,#5667,.F.);
#7645=ORIENTED_EDGE('',*,*,#5666,.T.);
#7646=ORIENTED_EDGE('',*,*,#5669,.T.);
#7647=ORIENTED_EDGE('',*,*,#5672,.T.);
#7648=ORIENTED_EDGE('',*,*,#5674,.T.);
#7649=ORIENTED_EDGE('',*,*,#5675,.T.);
#7650=ORIENTED_EDGE('',*,*,#5676,.T.);
#7651=ORIENTED_EDGE('',*,*,#5677,.F.);
#7652=ORIENTED_EDGE('',*,*,#5678,.F.);
#7653=ORIENTED_EDGE('',*,*,#5677,.T.);
#7654=ORIENTED_EDGE('',*,*,#5679,.T.);
#7655=ORIENTED_EDGE('',*,*,#5680,.F.);
#7656=ORIENTED_EDGE('',*,*,#5681,.F.);
#7657=ORIENTED_EDGE('',*,*,#5680,.T.);
#7658=ORIENTED_EDGE('',*,*,#5682,.T.);
#7659=ORIENTED_EDGE('',*,*,#5683,.F.);
#7660=ORIENTED_EDGE('',*,*,#5684,.F.);
#7661=ORIENTED_EDGE('',*,*,#5683,.T.);
#7662=ORIENTED_EDGE('',*,*,#5685,.T.);
#7663=ORIENTED_EDGE('',*,*,#5675,.F.);
#7664=ORIENTED_EDGE('',*,*,#5686,.F.);
#7665=ORIENTED_EDGE('',*,*,#5678,.T.);
#7666=ORIENTED_EDGE('',*,*,#5681,.T.);
#7667=ORIENTED_EDGE('',*,*,#5684,.T.);
#7668=ORIENTED_EDGE('',*,*,#5686,.T.);
#7669=ORIENTED_EDGE('',*,*,#5676,.F.);
#7670=ORIENTED_EDGE('',*,*,#5685,.F.);
#7671=ORIENTED_EDGE('',*,*,#5682,.F.);
#7672=ORIENTED_EDGE('',*,*,#5679,.F.);
#7673=ORIENTED_EDGE('',*,*,#5687,.F.);
#7674=ORIENTED_EDGE('',*,*,#5688,.T.);
#7675=ORIENTED_EDGE('',*,*,#5689,.T.);
#7676=ORIENTED_EDGE('',*,*,#5690,.F.);
#7677=ORIENTED_EDGE('',*,*,#5689,.F.);
#7678=ORIENTED_EDGE('',*,*,#5691,.T.);
#7679=ORIENTED_EDGE('',*,*,#5692,.T.);
#7680=ORIENTED_EDGE('',*,*,#5693,.F.);
#7681=ORIENTED_EDGE('',*,*,#5692,.F.);
#7682=ORIENTED_EDGE('',*,*,#5694,.T.);
#7683=ORIENTED_EDGE('',*,*,#5695,.T.);
#7684=ORIENTED_EDGE('',*,*,#5696,.F.);
#7685=ORIENTED_EDGE('',*,*,#5695,.F.);
#7686=ORIENTED_EDGE('',*,*,#5697,.T.);
#7687=ORIENTED_EDGE('',*,*,#5687,.T.);
#7688=ORIENTED_EDGE('',*,*,#5698,.F.);
#7689=ORIENTED_EDGE('',*,*,#5688,.F.);
#7690=ORIENTED_EDGE('',*,*,#5697,.F.);
#7691=ORIENTED_EDGE('',*,*,#5694,.F.);
#7692=ORIENTED_EDGE('',*,*,#5691,.F.);
#7693=ORIENTED_EDGE('',*,*,#5690,.T.);
#7694=ORIENTED_EDGE('',*,*,#5693,.T.);
#7695=ORIENTED_EDGE('',*,*,#5696,.T.);
#7696=ORIENTED_EDGE('',*,*,#5698,.T.);
#7697=ORIENTED_EDGE('',*,*,#5699,.T.);
#7698=ORIENTED_EDGE('',*,*,#5700,.T.);
#7699=ORIENTED_EDGE('',*,*,#5701,.F.);
#7700=ORIENTED_EDGE('',*,*,#5702,.F.);
#7701=ORIENTED_EDGE('',*,*,#5701,.T.);
#7702=ORIENTED_EDGE('',*,*,#5703,.T.);
#7703=ORIENTED_EDGE('',*,*,#5704,.F.);
#7704=ORIENTED_EDGE('',*,*,#5705,.F.);
#7705=ORIENTED_EDGE('',*,*,#5704,.T.);
#7706=ORIENTED_EDGE('',*,*,#5706,.T.);
#7707=ORIENTED_EDGE('',*,*,#5707,.F.);
#7708=ORIENTED_EDGE('',*,*,#5708,.F.);
#7709=ORIENTED_EDGE('',*,*,#5707,.T.);
#7710=ORIENTED_EDGE('',*,*,#5709,.T.);
#7711=ORIENTED_EDGE('',*,*,#5699,.F.);
#7712=ORIENTED_EDGE('',*,*,#5710,.F.);
#7713=ORIENTED_EDGE('',*,*,#5702,.T.);
#7714=ORIENTED_EDGE('',*,*,#5705,.T.);
#7715=ORIENTED_EDGE('',*,*,#5708,.T.);
#7716=ORIENTED_EDGE('',*,*,#5710,.T.);
#7717=ORIENTED_EDGE('',*,*,#5700,.F.);
#7718=ORIENTED_EDGE('',*,*,#5709,.F.);
#7719=ORIENTED_EDGE('',*,*,#5706,.F.);
#7720=ORIENTED_EDGE('',*,*,#5703,.F.);
#7721=ORIENTED_EDGE('',*,*,#5711,.F.);
#7722=ORIENTED_EDGE('',*,*,#5712,.T.);
#7723=ORIENTED_EDGE('',*,*,#5713,.T.);
#7724=ORIENTED_EDGE('',*,*,#5714,.F.);
#7725=ORIENTED_EDGE('',*,*,#5713,.F.);
#7726=ORIENTED_EDGE('',*,*,#5715,.T.);
#7727=ORIENTED_EDGE('',*,*,#5716,.T.);
#7728=ORIENTED_EDGE('',*,*,#5717,.F.);
#7729=ORIENTED_EDGE('',*,*,#5716,.F.);
#7730=ORIENTED_EDGE('',*,*,#5718,.T.);
#7731=ORIENTED_EDGE('',*,*,#5719,.T.);
#7732=ORIENTED_EDGE('',*,*,#5720,.F.);
#7733=ORIENTED_EDGE('',*,*,#5719,.F.);
#7734=ORIENTED_EDGE('',*,*,#5721,.T.);
#7735=ORIENTED_EDGE('',*,*,#5711,.T.);
#7736=ORIENTED_EDGE('',*,*,#5722,.F.);
#7737=ORIENTED_EDGE('',*,*,#5712,.F.);
#7738=ORIENTED_EDGE('',*,*,#5721,.F.);
#7739=ORIENTED_EDGE('',*,*,#5718,.F.);
#7740=ORIENTED_EDGE('',*,*,#5715,.F.);
#7741=ORIENTED_EDGE('',*,*,#5714,.T.);
#7742=ORIENTED_EDGE('',*,*,#5717,.T.);
#7743=ORIENTED_EDGE('',*,*,#5720,.T.);
#7744=ORIENTED_EDGE('',*,*,#5722,.T.);
#7745=ORIENTED_EDGE('',*,*,#5723,.T.);
#7746=ORIENTED_EDGE('',*,*,#5724,.T.);
#7747=ORIENTED_EDGE('',*,*,#5725,.F.);
#7748=ORIENTED_EDGE('',*,*,#5726,.F.);
#7749=ORIENTED_EDGE('',*,*,#5725,.T.);
#7750=ORIENTED_EDGE('',*,*,#5727,.T.);
#7751=ORIENTED_EDGE('',*,*,#5728,.F.);
#7752=ORIENTED_EDGE('',*,*,#5729,.F.);
#7753=ORIENTED_EDGE('',*,*,#5728,.T.);
#7754=ORIENTED_EDGE('',*,*,#5730,.T.);
#7755=ORIENTED_EDGE('',*,*,#5731,.F.);
#7756=ORIENTED_EDGE('',*,*,#5732,.F.);
#7757=ORIENTED_EDGE('',*,*,#5731,.T.);
#7758=ORIENTED_EDGE('',*,*,#5733,.T.);
#7759=ORIENTED_EDGE('',*,*,#5723,.F.);
#7760=ORIENTED_EDGE('',*,*,#5734,.F.);
#7761=ORIENTED_EDGE('',*,*,#5726,.T.);
#7762=ORIENTED_EDGE('',*,*,#5729,.T.);
#7763=ORIENTED_EDGE('',*,*,#5732,.T.);
#7764=ORIENTED_EDGE('',*,*,#5734,.T.);
#7765=ORIENTED_EDGE('',*,*,#5724,.F.);
#7766=ORIENTED_EDGE('',*,*,#5733,.F.);
#7767=ORIENTED_EDGE('',*,*,#5730,.F.);
#7768=ORIENTED_EDGE('',*,*,#5727,.F.);
#7769=ORIENTED_EDGE('',*,*,#5735,.F.);
#7770=ORIENTED_EDGE('',*,*,#5736,.T.);
#7771=ORIENTED_EDGE('',*,*,#5737,.T.);
#7772=ORIENTED_EDGE('',*,*,#5738,.F.);
#7773=ORIENTED_EDGE('',*,*,#5737,.F.);
#7774=ORIENTED_EDGE('',*,*,#5739,.T.);
#7775=ORIENTED_EDGE('',*,*,#5740,.T.);
#7776=ORIENTED_EDGE('',*,*,#5741,.F.);
#7777=ORIENTED_EDGE('',*,*,#5740,.F.);
#7778=ORIENTED_EDGE('',*,*,#5742,.T.);
#7779=ORIENTED_EDGE('',*,*,#5743,.T.);
#7780=ORIENTED_EDGE('',*,*,#5744,.F.);
#7781=ORIENTED_EDGE('',*,*,#5743,.F.);
#7782=ORIENTED_EDGE('',*,*,#5745,.T.);
#7783=ORIENTED_EDGE('',*,*,#5735,.T.);
#7784=ORIENTED_EDGE('',*,*,#5746,.F.);
#7785=ORIENTED_EDGE('',*,*,#5736,.F.);
#7786=ORIENTED_EDGE('',*,*,#5745,.F.);
#7787=ORIENTED_EDGE('',*,*,#5742,.F.);
#7788=ORIENTED_EDGE('',*,*,#5739,.F.);
#7789=ORIENTED_EDGE('',*,*,#5738,.T.);
#7790=ORIENTED_EDGE('',*,*,#5741,.T.);
#7791=ORIENTED_EDGE('',*,*,#5744,.T.);
#7792=ORIENTED_EDGE('',*,*,#5746,.T.);
#7793=ORIENTED_EDGE('',*,*,#5747,.T.);
#7794=ORIENTED_EDGE('',*,*,#5748,.T.);
#7795=ORIENTED_EDGE('',*,*,#5749,.F.);
#7796=ORIENTED_EDGE('',*,*,#5750,.F.);
#7797=ORIENTED_EDGE('',*,*,#5749,.T.);
#7798=ORIENTED_EDGE('',*,*,#5751,.T.);
#7799=ORIENTED_EDGE('',*,*,#5752,.F.);
#7800=ORIENTED_EDGE('',*,*,#5753,.F.);
#7801=ORIENTED_EDGE('',*,*,#5752,.T.);
#7802=ORIENTED_EDGE('',*,*,#5754,.T.);
#7803=ORIENTED_EDGE('',*,*,#5755,.F.);
#7804=ORIENTED_EDGE('',*,*,#5756,.F.);
#7805=ORIENTED_EDGE('',*,*,#5755,.T.);
#7806=ORIENTED_EDGE('',*,*,#5757,.T.);
#7807=ORIENTED_EDGE('',*,*,#5747,.F.);
#7808=ORIENTED_EDGE('',*,*,#5758,.F.);
#7809=ORIENTED_EDGE('',*,*,#5750,.T.);
#7810=ORIENTED_EDGE('',*,*,#5753,.T.);
#7811=ORIENTED_EDGE('',*,*,#5756,.T.);
#7812=ORIENTED_EDGE('',*,*,#5758,.T.);
#7813=ORIENTED_EDGE('',*,*,#5748,.F.);
#7814=ORIENTED_EDGE('',*,*,#5757,.F.);
#7815=ORIENTED_EDGE('',*,*,#5754,.F.);
#7816=ORIENTED_EDGE('',*,*,#5751,.F.);
#7817=ORIENTED_EDGE('',*,*,#5759,.F.);
#7818=ORIENTED_EDGE('',*,*,#5760,.T.);
#7819=ORIENTED_EDGE('',*,*,#5761,.T.);
#7820=ORIENTED_EDGE('',*,*,#5762,.F.);
#7821=ORIENTED_EDGE('',*,*,#5761,.F.);
#7822=ORIENTED_EDGE('',*,*,#5763,.T.);
#7823=ORIENTED_EDGE('',*,*,#5764,.T.);
#7824=ORIENTED_EDGE('',*,*,#5765,.F.);
#7825=ORIENTED_EDGE('',*,*,#5764,.F.);
#7826=ORIENTED_EDGE('',*,*,#5766,.T.);
#7827=ORIENTED_EDGE('',*,*,#5767,.T.);
#7828=ORIENTED_EDGE('',*,*,#5768,.F.);
#7829=ORIENTED_EDGE('',*,*,#5767,.F.);
#7830=ORIENTED_EDGE('',*,*,#5769,.T.);
#7831=ORIENTED_EDGE('',*,*,#5759,.T.);
#7832=ORIENTED_EDGE('',*,*,#5770,.F.);
#7833=ORIENTED_EDGE('',*,*,#5760,.F.);
#7834=ORIENTED_EDGE('',*,*,#5769,.F.);
#7835=ORIENTED_EDGE('',*,*,#5766,.F.);
#7836=ORIENTED_EDGE('',*,*,#5763,.F.);
#7837=ORIENTED_EDGE('',*,*,#5762,.T.);
#7838=ORIENTED_EDGE('',*,*,#5765,.T.);
#7839=ORIENTED_EDGE('',*,*,#5768,.T.);
#7840=ORIENTED_EDGE('',*,*,#5770,.T.);
#7841=ORIENTED_EDGE('',*,*,#5771,.T.);
#7842=ORIENTED_EDGE('',*,*,#5772,.T.);
#7843=ORIENTED_EDGE('',*,*,#5773,.F.);
#7844=ORIENTED_EDGE('',*,*,#5774,.F.);
#7845=ORIENTED_EDGE('',*,*,#5773,.T.);
#7846=ORIENTED_EDGE('',*,*,#5775,.T.);
#7847=ORIENTED_EDGE('',*,*,#5776,.F.);
#7848=ORIENTED_EDGE('',*,*,#5777,.F.);
#7849=ORIENTED_EDGE('',*,*,#5776,.T.);
#7850=ORIENTED_EDGE('',*,*,#5778,.T.);
#7851=ORIENTED_EDGE('',*,*,#5779,.F.);
#7852=ORIENTED_EDGE('',*,*,#5780,.F.);
#7853=ORIENTED_EDGE('',*,*,#5779,.T.);
#7854=ORIENTED_EDGE('',*,*,#5781,.T.);
#7855=ORIENTED_EDGE('',*,*,#5771,.F.);
#7856=ORIENTED_EDGE('',*,*,#5782,.F.);
#7857=ORIENTED_EDGE('',*,*,#5774,.T.);
#7858=ORIENTED_EDGE('',*,*,#5777,.T.);
#7859=ORIENTED_EDGE('',*,*,#5780,.T.);
#7860=ORIENTED_EDGE('',*,*,#5782,.T.);
#7861=ORIENTED_EDGE('',*,*,#5772,.F.);
#7862=ORIENTED_EDGE('',*,*,#5781,.F.);
#7863=ORIENTED_EDGE('',*,*,#5778,.F.);
#7864=ORIENTED_EDGE('',*,*,#5775,.F.);
#7865=ORIENTED_EDGE('',*,*,#5783,.F.);
#7866=ORIENTED_EDGE('',*,*,#5784,.T.);
#7867=ORIENTED_EDGE('',*,*,#5785,.T.);
#7868=ORIENTED_EDGE('',*,*,#5786,.F.);
#7869=ORIENTED_EDGE('',*,*,#5785,.F.);
#7870=ORIENTED_EDGE('',*,*,#5787,.T.);
#7871=ORIENTED_EDGE('',*,*,#5788,.T.);
#7872=ORIENTED_EDGE('',*,*,#5789,.F.);
#7873=ORIENTED_EDGE('',*,*,#5788,.F.);
#7874=ORIENTED_EDGE('',*,*,#5790,.T.);
#7875=ORIENTED_EDGE('',*,*,#5791,.T.);
#7876=ORIENTED_EDGE('',*,*,#5792,.F.);
#7877=ORIENTED_EDGE('',*,*,#5791,.F.);
#7878=ORIENTED_EDGE('',*,*,#5793,.T.);
#7879=ORIENTED_EDGE('',*,*,#5783,.T.);
#7880=ORIENTED_EDGE('',*,*,#5794,.F.);
#7881=ORIENTED_EDGE('',*,*,#5784,.F.);
#7882=ORIENTED_EDGE('',*,*,#5793,.F.);
#7883=ORIENTED_EDGE('',*,*,#5790,.F.);
#7884=ORIENTED_EDGE('',*,*,#5787,.F.);
#7885=ORIENTED_EDGE('',*,*,#5786,.T.);
#7886=ORIENTED_EDGE('',*,*,#5789,.T.);
#7887=ORIENTED_EDGE('',*,*,#5792,.T.);
#7888=ORIENTED_EDGE('',*,*,#5794,.T.);
#7889=ORIENTED_EDGE('',*,*,#5795,.T.);
#7890=ORIENTED_EDGE('',*,*,#5796,.T.);
#7891=ORIENTED_EDGE('',*,*,#5797,.F.);
#7892=ORIENTED_EDGE('',*,*,#5798,.F.);
#7893=ORIENTED_EDGE('',*,*,#5797,.T.);
#7894=ORIENTED_EDGE('',*,*,#5799,.T.);
#7895=ORIENTED_EDGE('',*,*,#5800,.F.);
#7896=ORIENTED_EDGE('',*,*,#5801,.F.);
#7897=ORIENTED_EDGE('',*,*,#5800,.T.);
#7898=ORIENTED_EDGE('',*,*,#5802,.T.);
#7899=ORIENTED_EDGE('',*,*,#5803,.F.);
#7900=ORIENTED_EDGE('',*,*,#5804,.F.);
#7901=ORIENTED_EDGE('',*,*,#5803,.T.);
#7902=ORIENTED_EDGE('',*,*,#5805,.T.);
#7903=ORIENTED_EDGE('',*,*,#5795,.F.);
#7904=ORIENTED_EDGE('',*,*,#5806,.F.);
#7905=ORIENTED_EDGE('',*,*,#5798,.T.);
#7906=ORIENTED_EDGE('',*,*,#5801,.T.);
#7907=ORIENTED_EDGE('',*,*,#5804,.T.);
#7908=ORIENTED_EDGE('',*,*,#5806,.T.);
#7909=ORIENTED_EDGE('',*,*,#5796,.F.);
#7910=ORIENTED_EDGE('',*,*,#5805,.F.);
#7911=ORIENTED_EDGE('',*,*,#5802,.F.);
#7912=ORIENTED_EDGE('',*,*,#5799,.F.);
#7913=ORIENTED_EDGE('',*,*,#5807,.F.);
#7914=ORIENTED_EDGE('',*,*,#5808,.T.);
#7915=ORIENTED_EDGE('',*,*,#5809,.T.);
#7916=ORIENTED_EDGE('',*,*,#5810,.F.);
#7917=ORIENTED_EDGE('',*,*,#5809,.F.);
#7918=ORIENTED_EDGE('',*,*,#5811,.T.);
#7919=ORIENTED_EDGE('',*,*,#5812,.T.);
#7920=ORIENTED_EDGE('',*,*,#5813,.F.);
#7921=ORIENTED_EDGE('',*,*,#5812,.F.);
#7922=ORIENTED_EDGE('',*,*,#5814,.T.);
#7923=ORIENTED_EDGE('',*,*,#5815,.T.);
#7924=ORIENTED_EDGE('',*,*,#5816,.F.);
#7925=ORIENTED_EDGE('',*,*,#5815,.F.);
#7926=ORIENTED_EDGE('',*,*,#5817,.T.);
#7927=ORIENTED_EDGE('',*,*,#5807,.T.);
#7928=ORIENTED_EDGE('',*,*,#5818,.F.);
#7929=ORIENTED_EDGE('',*,*,#5808,.F.);
#7930=ORIENTED_EDGE('',*,*,#5817,.F.);
#7931=ORIENTED_EDGE('',*,*,#5814,.F.);
#7932=ORIENTED_EDGE('',*,*,#5811,.F.);
#7933=ORIENTED_EDGE('',*,*,#5810,.T.);
#7934=ORIENTED_EDGE('',*,*,#5813,.T.);
#7935=ORIENTED_EDGE('',*,*,#5816,.T.);
#7936=ORIENTED_EDGE('',*,*,#5818,.T.);
#7937=ORIENTED_EDGE('',*,*,#5819,.T.);
#7938=ORIENTED_EDGE('',*,*,#5820,.T.);
#7939=ORIENTED_EDGE('',*,*,#5821,.F.);
#7940=ORIENTED_EDGE('',*,*,#5822,.F.);
#7941=ORIENTED_EDGE('',*,*,#5821,.T.);
#7942=ORIENTED_EDGE('',*,*,#5823,.T.);
#7943=ORIENTED_EDGE('',*,*,#5824,.F.);
#7944=ORIENTED_EDGE('',*,*,#5825,.F.);
#7945=ORIENTED_EDGE('',*,*,#5824,.T.);
#7946=ORIENTED_EDGE('',*,*,#5826,.T.);
#7947=ORIENTED_EDGE('',*,*,#5827,.F.);
#7948=ORIENTED_EDGE('',*,*,#5828,.F.);
#7949=ORIENTED_EDGE('',*,*,#5827,.T.);
#7950=ORIENTED_EDGE('',*,*,#5829,.T.);
#7951=ORIENTED_EDGE('',*,*,#5819,.F.);
#7952=ORIENTED_EDGE('',*,*,#5830,.F.);
#7953=ORIENTED_EDGE('',*,*,#5822,.T.);
#7954=ORIENTED_EDGE('',*,*,#5825,.T.);
#7955=ORIENTED_EDGE('',*,*,#5828,.T.);
#7956=ORIENTED_EDGE('',*,*,#5830,.T.);
#7957=ORIENTED_EDGE('',*,*,#5820,.F.);
#7958=ORIENTED_EDGE('',*,*,#5829,.F.);
#7959=ORIENTED_EDGE('',*,*,#5826,.F.);
#7960=ORIENTED_EDGE('',*,*,#5823,.F.);
#7961=ORIENTED_EDGE('',*,*,#5831,.F.);
#7962=ORIENTED_EDGE('',*,*,#5832,.T.);
#7963=ORIENTED_EDGE('',*,*,#5833,.T.);
#7964=ORIENTED_EDGE('',*,*,#5834,.F.);
#7965=ORIENTED_EDGE('',*,*,#5833,.F.);
#7966=ORIENTED_EDGE('',*,*,#5835,.T.);
#7967=ORIENTED_EDGE('',*,*,#5836,.T.);
#7968=ORIENTED_EDGE('',*,*,#5837,.F.);
#7969=ORIENTED_EDGE('',*,*,#5836,.F.);
#7970=ORIENTED_EDGE('',*,*,#5838,.T.);
#7971=ORIENTED_EDGE('',*,*,#5839,.T.);
#7972=ORIENTED_EDGE('',*,*,#5840,.F.);
#7973=ORIENTED_EDGE('',*,*,#5839,.F.);
#7974=ORIENTED_EDGE('',*,*,#5841,.T.);
#7975=ORIENTED_EDGE('',*,*,#5831,.T.);
#7976=ORIENTED_EDGE('',*,*,#5842,.F.);
#7977=ORIENTED_EDGE('',*,*,#5832,.F.);
#7978=ORIENTED_EDGE('',*,*,#5841,.F.);
#7979=ORIENTED_EDGE('',*,*,#5838,.F.);
#7980=ORIENTED_EDGE('',*,*,#5835,.F.);
#7981=ORIENTED_EDGE('',*,*,#5834,.T.);
#7982=ORIENTED_EDGE('',*,*,#5837,.T.);
#7983=ORIENTED_EDGE('',*,*,#5840,.T.);
#7984=ORIENTED_EDGE('',*,*,#5842,.T.);
#7985=ORIENTED_EDGE('',*,*,#5843,.T.);
#7986=ORIENTED_EDGE('',*,*,#5844,.T.);
#7987=ORIENTED_EDGE('',*,*,#5845,.F.);
#7988=ORIENTED_EDGE('',*,*,#5846,.F.);
#7989=ORIENTED_EDGE('',*,*,#5845,.T.);
#7990=ORIENTED_EDGE('',*,*,#5847,.T.);
#7991=ORIENTED_EDGE('',*,*,#5848,.F.);
#7992=ORIENTED_EDGE('',*,*,#5849,.F.);
#7993=ORIENTED_EDGE('',*,*,#5848,.T.);
#7994=ORIENTED_EDGE('',*,*,#5850,.T.);
#7995=ORIENTED_EDGE('',*,*,#5851,.F.);
#7996=ORIENTED_EDGE('',*,*,#5852,.F.);
#7997=ORIENTED_EDGE('',*,*,#5851,.T.);
#7998=ORIENTED_EDGE('',*,*,#5853,.T.);
#7999=ORIENTED_EDGE('',*,*,#5843,.F.);
#8000=ORIENTED_EDGE('',*,*,#5854,.F.);
#8001=ORIENTED_EDGE('',*,*,#5846,.T.);
#8002=ORIENTED_EDGE('',*,*,#5849,.T.);
#8003=ORIENTED_EDGE('',*,*,#5852,.T.);
#8004=ORIENTED_EDGE('',*,*,#5854,.T.);
#8005=ORIENTED_EDGE('',*,*,#5844,.F.);
#8006=ORIENTED_EDGE('',*,*,#5853,.F.);
#8007=ORIENTED_EDGE('',*,*,#5850,.F.);
#8008=ORIENTED_EDGE('',*,*,#5847,.F.);
#8009=ORIENTED_EDGE('',*,*,#5855,.F.);
#8010=ORIENTED_EDGE('',*,*,#5856,.T.);
#8011=ORIENTED_EDGE('',*,*,#5857,.T.);
#8012=ORIENTED_EDGE('',*,*,#5858,.F.);
#8013=ORIENTED_EDGE('',*,*,#5857,.F.);
#8014=ORIENTED_EDGE('',*,*,#5859,.T.);
#8015=ORIENTED_EDGE('',*,*,#5860,.T.);
#8016=ORIENTED_EDGE('',*,*,#5861,.F.);
#8017=ORIENTED_EDGE('',*,*,#5860,.F.);
#8018=ORIENTED_EDGE('',*,*,#5862,.T.);
#8019=ORIENTED_EDGE('',*,*,#5863,.T.);
#8020=ORIENTED_EDGE('',*,*,#5864,.F.);
#8021=ORIENTED_EDGE('',*,*,#5863,.F.);
#8022=ORIENTED_EDGE('',*,*,#5865,.T.);
#8023=ORIENTED_EDGE('',*,*,#5855,.T.);
#8024=ORIENTED_EDGE('',*,*,#5866,.F.);
#8025=ORIENTED_EDGE('',*,*,#5856,.F.);
#8026=ORIENTED_EDGE('',*,*,#5865,.F.);
#8027=ORIENTED_EDGE('',*,*,#5862,.F.);
#8028=ORIENTED_EDGE('',*,*,#5859,.F.);
#8029=ORIENTED_EDGE('',*,*,#5858,.T.);
#8030=ORIENTED_EDGE('',*,*,#5861,.T.);
#8031=ORIENTED_EDGE('',*,*,#5864,.T.);
#8032=ORIENTED_EDGE('',*,*,#5866,.T.);
#8033=ORIENTED_EDGE('',*,*,#5867,.T.);
#8034=ORIENTED_EDGE('',*,*,#5868,.T.);
#8035=ORIENTED_EDGE('',*,*,#5869,.F.);
#8036=ORIENTED_EDGE('',*,*,#5870,.F.);
#8037=ORIENTED_EDGE('',*,*,#5869,.T.);
#8038=ORIENTED_EDGE('',*,*,#5871,.T.);
#8039=ORIENTED_EDGE('',*,*,#5872,.F.);
#8040=ORIENTED_EDGE('',*,*,#5873,.F.);
#8041=ORIENTED_EDGE('',*,*,#5872,.T.);
#8042=ORIENTED_EDGE('',*,*,#5874,.T.);
#8043=ORIENTED_EDGE('',*,*,#5875,.F.);
#8044=ORIENTED_EDGE('',*,*,#5876,.F.);
#8045=ORIENTED_EDGE('',*,*,#5875,.T.);
#8046=ORIENTED_EDGE('',*,*,#5877,.T.);
#8047=ORIENTED_EDGE('',*,*,#5867,.F.);
#8048=ORIENTED_EDGE('',*,*,#5878,.F.);
#8049=ORIENTED_EDGE('',*,*,#5870,.T.);
#8050=ORIENTED_EDGE('',*,*,#5873,.T.);
#8051=ORIENTED_EDGE('',*,*,#5876,.T.);
#8052=ORIENTED_EDGE('',*,*,#5878,.T.);
#8053=ORIENTED_EDGE('',*,*,#5868,.F.);
#8054=ORIENTED_EDGE('',*,*,#5877,.F.);
#8055=ORIENTED_EDGE('',*,*,#5874,.F.);
#8056=ORIENTED_EDGE('',*,*,#5871,.F.);
#8057=ORIENTED_EDGE('',*,*,#5879,.F.);
#8058=ORIENTED_EDGE('',*,*,#5880,.T.);
#8059=ORIENTED_EDGE('',*,*,#5881,.T.);
#8060=ORIENTED_EDGE('',*,*,#5882,.F.);
#8061=ORIENTED_EDGE('',*,*,#5881,.F.);
#8062=ORIENTED_EDGE('',*,*,#5883,.T.);
#8063=ORIENTED_EDGE('',*,*,#5884,.T.);
#8064=ORIENTED_EDGE('',*,*,#5885,.F.);
#8065=ORIENTED_EDGE('',*,*,#5884,.F.);
#8066=ORIENTED_EDGE('',*,*,#5886,.T.);
#8067=ORIENTED_EDGE('',*,*,#5887,.T.);
#8068=ORIENTED_EDGE('',*,*,#5888,.F.);
#8069=ORIENTED_EDGE('',*,*,#5887,.F.);
#8070=ORIENTED_EDGE('',*,*,#5889,.T.);
#8071=ORIENTED_EDGE('',*,*,#5879,.T.);
#8072=ORIENTED_EDGE('',*,*,#5890,.F.);
#8073=ORIENTED_EDGE('',*,*,#5880,.F.);
#8074=ORIENTED_EDGE('',*,*,#5889,.F.);
#8075=ORIENTED_EDGE('',*,*,#5886,.F.);
#8076=ORIENTED_EDGE('',*,*,#5883,.F.);
#8077=ORIENTED_EDGE('',*,*,#5882,.T.);
#8078=ORIENTED_EDGE('',*,*,#5885,.T.);
#8079=ORIENTED_EDGE('',*,*,#5888,.T.);
#8080=ORIENTED_EDGE('',*,*,#5890,.T.);
#8081=ORIENTED_EDGE('',*,*,#5891,.T.);
#8082=ORIENTED_EDGE('',*,*,#5892,.T.);
#8083=ORIENTED_EDGE('',*,*,#5893,.F.);
#8084=ORIENTED_EDGE('',*,*,#5894,.F.);
#8085=ORIENTED_EDGE('',*,*,#5893,.T.);
#8086=ORIENTED_EDGE('',*,*,#5895,.T.);
#8087=ORIENTED_EDGE('',*,*,#5896,.F.);
#8088=ORIENTED_EDGE('',*,*,#5897,.F.);
#8089=ORIENTED_EDGE('',*,*,#5896,.T.);
#8090=ORIENTED_EDGE('',*,*,#5898,.T.);
#8091=ORIENTED_EDGE('',*,*,#5899,.F.);
#8092=ORIENTED_EDGE('',*,*,#5900,.F.);
#8093=ORIENTED_EDGE('',*,*,#5899,.T.);
#8094=ORIENTED_EDGE('',*,*,#5901,.T.);
#8095=ORIENTED_EDGE('',*,*,#5891,.F.);
#8096=ORIENTED_EDGE('',*,*,#5902,.F.);
#8097=ORIENTED_EDGE('',*,*,#5894,.T.);
#8098=ORIENTED_EDGE('',*,*,#5897,.T.);
#8099=ORIENTED_EDGE('',*,*,#5900,.T.);
#8100=ORIENTED_EDGE('',*,*,#5902,.T.);
#8101=ORIENTED_EDGE('',*,*,#5892,.F.);
#8102=ORIENTED_EDGE('',*,*,#5901,.F.);
#8103=ORIENTED_EDGE('',*,*,#5898,.F.);
#8104=ORIENTED_EDGE('',*,*,#5895,.F.);
#8105=ORIENTED_EDGE('',*,*,#5903,.F.);
#8106=ORIENTED_EDGE('',*,*,#5904,.T.);
#8107=ORIENTED_EDGE('',*,*,#5905,.T.);
#8108=ORIENTED_EDGE('',*,*,#5906,.F.);
#8109=ORIENTED_EDGE('',*,*,#5905,.F.);
#8110=ORIENTED_EDGE('',*,*,#5907,.T.);
#8111=ORIENTED_EDGE('',*,*,#5908,.T.);
#8112=ORIENTED_EDGE('',*,*,#5909,.F.);
#8113=ORIENTED_EDGE('',*,*,#5908,.F.);
#8114=ORIENTED_EDGE('',*,*,#5910,.T.);
#8115=ORIENTED_EDGE('',*,*,#5911,.T.);
#8116=ORIENTED_EDGE('',*,*,#5912,.F.);
#8117=ORIENTED_EDGE('',*,*,#5911,.F.);
#8118=ORIENTED_EDGE('',*,*,#5913,.T.);
#8119=ORIENTED_EDGE('',*,*,#5903,.T.);
#8120=ORIENTED_EDGE('',*,*,#5914,.F.);
#8121=ORIENTED_EDGE('',*,*,#5904,.F.);
#8122=ORIENTED_EDGE('',*,*,#5913,.F.);
#8123=ORIENTED_EDGE('',*,*,#5910,.F.);
#8124=ORIENTED_EDGE('',*,*,#5907,.F.);
#8125=ORIENTED_EDGE('',*,*,#5906,.T.);
#8126=ORIENTED_EDGE('',*,*,#5909,.T.);
#8127=ORIENTED_EDGE('',*,*,#5912,.T.);
#8128=ORIENTED_EDGE('',*,*,#5914,.T.);
#8129=ORIENTED_EDGE('',*,*,#5915,.T.);
#8130=ORIENTED_EDGE('',*,*,#5916,.T.);
#8131=ORIENTED_EDGE('',*,*,#5917,.F.);
#8132=ORIENTED_EDGE('',*,*,#5918,.F.);
#8133=ORIENTED_EDGE('',*,*,#5917,.T.);
#8134=ORIENTED_EDGE('',*,*,#5919,.T.);
#8135=ORIENTED_EDGE('',*,*,#5920,.F.);
#8136=ORIENTED_EDGE('',*,*,#5921,.F.);
#8137=ORIENTED_EDGE('',*,*,#5920,.T.);
#8138=ORIENTED_EDGE('',*,*,#5922,.T.);
#8139=ORIENTED_EDGE('',*,*,#5923,.F.);
#8140=ORIENTED_EDGE('',*,*,#5924,.F.);
#8141=ORIENTED_EDGE('',*,*,#5923,.T.);
#8142=ORIENTED_EDGE('',*,*,#5925,.T.);
#8143=ORIENTED_EDGE('',*,*,#5915,.F.);
#8144=ORIENTED_EDGE('',*,*,#5926,.F.);
#8145=ORIENTED_EDGE('',*,*,#5918,.T.);
#8146=ORIENTED_EDGE('',*,*,#5921,.T.);
#8147=ORIENTED_EDGE('',*,*,#5924,.T.);
#8148=ORIENTED_EDGE('',*,*,#5926,.T.);
#8149=ORIENTED_EDGE('',*,*,#5916,.F.);
#8150=ORIENTED_EDGE('',*,*,#5925,.F.);
#8151=ORIENTED_EDGE('',*,*,#5922,.F.);
#8152=ORIENTED_EDGE('',*,*,#5919,.F.);
#8153=ORIENTED_EDGE('',*,*,#5927,.F.);
#8154=ORIENTED_EDGE('',*,*,#5928,.T.);
#8155=ORIENTED_EDGE('',*,*,#5929,.T.);
#8156=ORIENTED_EDGE('',*,*,#5930,.F.);
#8157=ORIENTED_EDGE('',*,*,#5929,.F.);
#8158=ORIENTED_EDGE('',*,*,#5931,.T.);
#8159=ORIENTED_EDGE('',*,*,#5932,.T.);
#8160=ORIENTED_EDGE('',*,*,#5933,.F.);
#8161=ORIENTED_EDGE('',*,*,#5932,.F.);
#8162=ORIENTED_EDGE('',*,*,#5934,.T.);
#8163=ORIENTED_EDGE('',*,*,#5935,.T.);
#8164=ORIENTED_EDGE('',*,*,#5936,.F.);
#8165=ORIENTED_EDGE('',*,*,#5935,.F.);
#8166=ORIENTED_EDGE('',*,*,#5937,.T.);
#8167=ORIENTED_EDGE('',*,*,#5927,.T.);
#8168=ORIENTED_EDGE('',*,*,#5938,.F.);
#8169=ORIENTED_EDGE('',*,*,#5928,.F.);
#8170=ORIENTED_EDGE('',*,*,#5937,.F.);
#8171=ORIENTED_EDGE('',*,*,#5934,.F.);
#8172=ORIENTED_EDGE('',*,*,#5931,.F.);
#8173=ORIENTED_EDGE('',*,*,#5930,.T.);
#8174=ORIENTED_EDGE('',*,*,#5933,.T.);
#8175=ORIENTED_EDGE('',*,*,#5936,.T.);
#8176=ORIENTED_EDGE('',*,*,#5938,.T.);
#8177=ORIENTED_EDGE('',*,*,#5939,.T.);
#8178=ORIENTED_EDGE('',*,*,#5940,.T.);
#8179=ORIENTED_EDGE('',*,*,#5941,.F.);
#8180=ORIENTED_EDGE('',*,*,#5942,.F.);
#8181=ORIENTED_EDGE('',*,*,#5941,.T.);
#8182=ORIENTED_EDGE('',*,*,#5943,.T.);
#8183=ORIENTED_EDGE('',*,*,#5944,.F.);
#8184=ORIENTED_EDGE('',*,*,#5945,.F.);
#8185=ORIENTED_EDGE('',*,*,#5944,.T.);
#8186=ORIENTED_EDGE('',*,*,#5946,.T.);
#8187=ORIENTED_EDGE('',*,*,#5947,.F.);
#8188=ORIENTED_EDGE('',*,*,#5948,.F.);
#8189=ORIENTED_EDGE('',*,*,#5947,.T.);
#8190=ORIENTED_EDGE('',*,*,#5949,.T.);
#8191=ORIENTED_EDGE('',*,*,#5939,.F.);
#8192=ORIENTED_EDGE('',*,*,#5950,.F.);
#8193=ORIENTED_EDGE('',*,*,#5942,.T.);
#8194=ORIENTED_EDGE('',*,*,#5945,.T.);
#8195=ORIENTED_EDGE('',*,*,#5948,.T.);
#8196=ORIENTED_EDGE('',*,*,#5950,.T.);
#8197=ORIENTED_EDGE('',*,*,#5940,.F.);
#8198=ORIENTED_EDGE('',*,*,#5949,.F.);
#8199=ORIENTED_EDGE('',*,*,#5946,.F.);
#8200=ORIENTED_EDGE('',*,*,#5943,.F.);
#8201=ORIENTED_EDGE('',*,*,#5951,.F.);
#8202=ORIENTED_EDGE('',*,*,#5952,.T.);
#8203=ORIENTED_EDGE('',*,*,#5953,.T.);
#8204=ORIENTED_EDGE('',*,*,#5954,.F.);
#8205=ORIENTED_EDGE('',*,*,#5953,.F.);
#8206=ORIENTED_EDGE('',*,*,#5955,.T.);
#8207=ORIENTED_EDGE('',*,*,#5956,.T.);
#8208=ORIENTED_EDGE('',*,*,#5957,.F.);
#8209=ORIENTED_EDGE('',*,*,#5956,.F.);
#8210=ORIENTED_EDGE('',*,*,#5958,.T.);
#8211=ORIENTED_EDGE('',*,*,#5959,.T.);
#8212=ORIENTED_EDGE('',*,*,#5960,.F.);
#8213=ORIENTED_EDGE('',*,*,#5959,.F.);
#8214=ORIENTED_EDGE('',*,*,#5961,.T.);
#8215=ORIENTED_EDGE('',*,*,#5951,.T.);
#8216=ORIENTED_EDGE('',*,*,#5962,.F.);
#8217=ORIENTED_EDGE('',*,*,#5952,.F.);
#8218=ORIENTED_EDGE('',*,*,#5961,.F.);
#8219=ORIENTED_EDGE('',*,*,#5958,.F.);
#8220=ORIENTED_EDGE('',*,*,#5955,.F.);
#8221=ORIENTED_EDGE('',*,*,#5954,.T.);
#8222=ORIENTED_EDGE('',*,*,#5957,.T.);
#8223=ORIENTED_EDGE('',*,*,#5960,.T.);
#8224=ORIENTED_EDGE('',*,*,#5962,.T.);
#8225=ORIENTED_EDGE('',*,*,#5963,.T.);
#8226=ORIENTED_EDGE('',*,*,#5964,.T.);
#8227=ORIENTED_EDGE('',*,*,#5965,.F.);
#8228=ORIENTED_EDGE('',*,*,#5966,.F.);
#8229=ORIENTED_EDGE('',*,*,#5965,.T.);
#8230=ORIENTED_EDGE('',*,*,#5967,.T.);
#8231=ORIENTED_EDGE('',*,*,#5968,.F.);
#8232=ORIENTED_EDGE('',*,*,#5969,.F.);
#8233=ORIENTED_EDGE('',*,*,#5968,.T.);
#8234=ORIENTED_EDGE('',*,*,#5970,.T.);
#8235=ORIENTED_EDGE('',*,*,#5971,.F.);
#8236=ORIENTED_EDGE('',*,*,#5972,.F.);
#8237=ORIENTED_EDGE('',*,*,#5971,.T.);
#8238=ORIENTED_EDGE('',*,*,#5973,.T.);
#8239=ORIENTED_EDGE('',*,*,#5963,.F.);
#8240=ORIENTED_EDGE('',*,*,#5974,.F.);
#8241=ORIENTED_EDGE('',*,*,#5966,.T.);
#8242=ORIENTED_EDGE('',*,*,#5969,.T.);
#8243=ORIENTED_EDGE('',*,*,#5972,.T.);
#8244=ORIENTED_EDGE('',*,*,#5974,.T.);
#8245=ORIENTED_EDGE('',*,*,#5964,.F.);
#8246=ORIENTED_EDGE('',*,*,#5973,.F.);
#8247=ORIENTED_EDGE('',*,*,#5970,.F.);
#8248=ORIENTED_EDGE('',*,*,#5967,.F.);
#8249=ORIENTED_EDGE('',*,*,#5975,.F.);
#8250=ORIENTED_EDGE('',*,*,#5976,.T.);
#8251=ORIENTED_EDGE('',*,*,#5977,.T.);
#8252=ORIENTED_EDGE('',*,*,#5978,.F.);
#8253=ORIENTED_EDGE('',*,*,#5977,.F.);
#8254=ORIENTED_EDGE('',*,*,#5979,.T.);
#8255=ORIENTED_EDGE('',*,*,#5980,.T.);
#8256=ORIENTED_EDGE('',*,*,#5981,.F.);
#8257=ORIENTED_EDGE('',*,*,#5980,.F.);
#8258=ORIENTED_EDGE('',*,*,#5982,.T.);
#8259=ORIENTED_EDGE('',*,*,#5983,.T.);
#8260=ORIENTED_EDGE('',*,*,#5984,.F.);
#8261=ORIENTED_EDGE('',*,*,#5983,.F.);
#8262=ORIENTED_EDGE('',*,*,#5985,.T.);
#8263=ORIENTED_EDGE('',*,*,#5975,.T.);
#8264=ORIENTED_EDGE('',*,*,#5986,.F.);
#8265=ORIENTED_EDGE('',*,*,#5976,.F.);
#8266=ORIENTED_EDGE('',*,*,#5985,.F.);
#8267=ORIENTED_EDGE('',*,*,#5982,.F.);
#8268=ORIENTED_EDGE('',*,*,#5979,.F.);
#8269=ORIENTED_EDGE('',*,*,#5978,.T.);
#8270=ORIENTED_EDGE('',*,*,#5981,.T.);
#8271=ORIENTED_EDGE('',*,*,#5984,.T.);
#8272=ORIENTED_EDGE('',*,*,#5986,.T.);
#8273=ORIENTED_EDGE('',*,*,#5987,.T.);
#8274=ORIENTED_EDGE('',*,*,#5988,.F.);
#8275=ORIENTED_EDGE('',*,*,#5989,.T.);
#8276=ORIENTED_EDGE('',*,*,#5990,.T.);
#8277=ORIENTED_EDGE('',*,*,#5987,.F.);
#8278=ORIENTED_EDGE('',*,*,#5990,.F.);
#8279=ORIENTED_EDGE('',*,*,#5989,.F.);
#8280=ORIENTED_EDGE('',*,*,#5991,.T.);
#8281=ORIENTED_EDGE('',*,*,#5991,.F.);
#8282=ORIENTED_EDGE('',*,*,#5992,.T.);
#8283=ORIENTED_EDGE('',*,*,#5988,.T.);
#8284=ORIENTED_EDGE('',*,*,#5992,.F.);
#8285=ORIENTED_EDGE('',*,*,#5993,.T.);
#8286=ORIENTED_EDGE('',*,*,#5994,.F.);
#8287=ORIENTED_EDGE('',*,*,#5995,.T.);
#8288=ORIENTED_EDGE('',*,*,#5996,.T.);
#8289=ORIENTED_EDGE('',*,*,#5993,.F.);
#8290=ORIENTED_EDGE('',*,*,#5996,.F.);
#8291=ORIENTED_EDGE('',*,*,#5995,.F.);
#8292=ORIENTED_EDGE('',*,*,#5997,.T.);
#8293=ORIENTED_EDGE('',*,*,#5997,.F.);
#8294=ORIENTED_EDGE('',*,*,#5998,.T.);
#8295=ORIENTED_EDGE('',*,*,#5994,.T.);
#8296=ORIENTED_EDGE('',*,*,#5998,.F.);
#8297=ORIENTED_EDGE('',*,*,#5999,.T.);
#8298=ORIENTED_EDGE('',*,*,#6000,.F.);
#8299=ORIENTED_EDGE('',*,*,#6001,.T.);
#8300=ORIENTED_EDGE('',*,*,#6002,.T.);
#8301=ORIENTED_EDGE('',*,*,#5999,.F.);
#8302=ORIENTED_EDGE('',*,*,#6002,.F.);
#8303=ORIENTED_EDGE('',*,*,#6001,.F.);
#8304=ORIENTED_EDGE('',*,*,#6003,.T.);
#8305=ORIENTED_EDGE('',*,*,#6003,.F.);
#8306=ORIENTED_EDGE('',*,*,#6004,.T.);
#8307=ORIENTED_EDGE('',*,*,#6000,.T.);
#8308=ORIENTED_EDGE('',*,*,#6004,.F.);
#8309=ORIENTED_EDGE('',*,*,#6005,.T.);
#8310=ORIENTED_EDGE('',*,*,#6006,.T.);
#8311=ORIENTED_EDGE('',*,*,#6007,.F.);
#8312=ORIENTED_EDGE('',*,*,#6008,.F.);
#8313=ORIENTED_EDGE('',*,*,#6005,.F.);
#8314=ORIENTED_EDGE('',*,*,#6009,.T.);
#8315=ORIENTED_EDGE('',*,*,#6010,.F.);
#8316=ORIENTED_EDGE('',*,*,#6011,.T.);
#8317=ORIENTED_EDGE('',*,*,#6012,.F.);
#8318=ORIENTED_EDGE('',*,*,#6013,.T.);
#8319=ORIENTED_EDGE('',*,*,#6014,.F.);
#8320=ORIENTED_EDGE('',*,*,#6015,.T.);
#8321=ORIENTED_EDGE('',*,*,#6016,.F.);
#8322=ORIENTED_EDGE('',*,*,#6017,.F.);
#8323=ORIENTED_EDGE('',*,*,#6018,.T.);
#8324=ORIENTED_EDGE('',*,*,#6019,.T.);
#8325=ORIENTED_EDGE('',*,*,#6020,.F.);
#8326=ORIENTED_EDGE('',*,*,#6021,.F.);
#8327=ORIENTED_EDGE('',*,*,#6022,.T.);
#8328=ORIENTED_EDGE('',*,*,#6023,.T.);
#8329=ORIENTED_EDGE('',*,*,#6024,.F.);
#8330=ORIENTED_EDGE('',*,*,#6025,.F.);
#8331=ORIENTED_EDGE('',*,*,#6026,.T.);
#8332=ORIENTED_EDGE('',*,*,#6027,.T.);
#8333=ORIENTED_EDGE('',*,*,#6028,.F.);
#8334=ORIENTED_EDGE('',*,*,#6029,.F.);
#8335=ORIENTED_EDGE('',*,*,#6030,.T.);
#8336=ORIENTED_EDGE('',*,*,#6031,.T.);
#8337=ORIENTED_EDGE('',*,*,#6032,.F.);
#8338=ORIENTED_EDGE('',*,*,#6033,.F.);
#8339=ORIENTED_EDGE('',*,*,#6034,.T.);
#8340=ORIENTED_EDGE('',*,*,#6035,.T.);
#8341=ORIENTED_EDGE('',*,*,#6036,.T.);
#8342=ORIENTED_EDGE('',*,*,#6037,.F.);
#8343=ORIENTED_EDGE('',*,*,#6038,.T.);
#8344=ORIENTED_EDGE('',*,*,#6039,.F.);
#8345=ORIENTED_EDGE('',*,*,#6040,.F.);
#8346=ORIENTED_EDGE('',*,*,#6041,.F.);
#8347=ORIENTED_EDGE('',*,*,#6042,.F.);
#8348=ORIENTED_EDGE('',*,*,#6043,.F.);
#8349=ORIENTED_EDGE('',*,*,#6044,.F.);
#8350=ORIENTED_EDGE('',*,*,#6045,.F.);
#8351=ORIENTED_EDGE('',*,*,#6046,.F.);
#8352=ORIENTED_EDGE('',*,*,#6047,.F.);
#8353=ORIENTED_EDGE('',*,*,#6009,.F.);
#8354=ORIENTED_EDGE('',*,*,#6008,.T.);
#8355=ORIENTED_EDGE('',*,*,#6048,.T.);
#8356=ORIENTED_EDGE('',*,*,#6049,.F.);
#8357=ORIENTED_EDGE('',*,*,#6047,.T.);
#8358=ORIENTED_EDGE('',*,*,#6050,.T.);
#8359=ORIENTED_EDGE('',*,*,#6051,.F.);
#8360=ORIENTED_EDGE('',*,*,#6006,.F.);
#8361=ORIENTED_EDGE('',*,*,#6007,.T.);
#8362=ORIENTED_EDGE('',*,*,#6051,.T.);
#8363=ORIENTED_EDGE('',*,*,#6052,.T.);
#8364=ORIENTED_EDGE('',*,*,#6053,.T.);
#8365=ORIENTED_EDGE('',*,*,#6054,.T.);
#8366=ORIENTED_EDGE('',*,*,#6055,.T.);
#8367=ORIENTED_EDGE('',*,*,#6056,.T.);
#8368=ORIENTED_EDGE('',*,*,#6057,.T.);
#8369=ORIENTED_EDGE('',*,*,#6058,.T.);
#8370=ORIENTED_EDGE('',*,*,#6059,.T.);
#8371=ORIENTED_EDGE('',*,*,#6060,.F.);
#8372=ORIENTED_EDGE('',*,*,#6061,.T.);
#8373=ORIENTED_EDGE('',*,*,#6062,.F.);
#8374=ORIENTED_EDGE('',*,*,#6063,.F.);
#8375=ORIENTED_EDGE('',*,*,#6064,.F.);
#8376=ORIENTED_EDGE('',*,*,#6065,.T.);
#8377=ORIENTED_EDGE('',*,*,#6066,.T.);
#8378=ORIENTED_EDGE('',*,*,#6067,.F.);
#8379=ORIENTED_EDGE('',*,*,#6068,.F.);
#8380=ORIENTED_EDGE('',*,*,#6069,.T.);
#8381=ORIENTED_EDGE('',*,*,#6070,.T.);
#8382=ORIENTED_EDGE('',*,*,#6071,.F.);
#8383=ORIENTED_EDGE('',*,*,#6072,.F.);
#8384=ORIENTED_EDGE('',*,*,#6073,.T.);
#8385=ORIENTED_EDGE('',*,*,#6074,.T.);
#8386=ORIENTED_EDGE('',*,*,#6075,.F.);
#8387=ORIENTED_EDGE('',*,*,#6076,.F.);
#8388=ORIENTED_EDGE('',*,*,#6077,.T.);
#8389=ORIENTED_EDGE('',*,*,#6078,.T.);
#8390=ORIENTED_EDGE('',*,*,#6079,.F.);
#8391=ORIENTED_EDGE('',*,*,#6080,.F.);
#8392=ORIENTED_EDGE('',*,*,#6081,.T.);
#8393=ORIENTED_EDGE('',*,*,#6082,.T.);
#8394=ORIENTED_EDGE('',*,*,#6083,.F.);
#8395=ORIENTED_EDGE('',*,*,#6084,.T.);
#8396=ORIENTED_EDGE('',*,*,#6085,.F.);
#8397=ORIENTED_EDGE('',*,*,#6086,.T.);
#8398=ORIENTED_EDGE('',*,*,#6087,.F.);
#8399=ORIENTED_EDGE('',*,*,#6088,.T.);
#8400=ORIENTED_EDGE('',*,*,#6048,.F.);
#8401=ORIENTED_EDGE('',*,*,#6010,.T.);
#8402=ORIENTED_EDGE('',*,*,#6049,.T.);
#8403=ORIENTED_EDGE('',*,*,#6088,.F.);
#8404=ORIENTED_EDGE('',*,*,#6089,.F.);
#8405=ORIENTED_EDGE('',*,*,#6046,.T.);
#8406=ORIENTED_EDGE('',*,*,#6090,.T.);
#8407=ORIENTED_EDGE('',*,*,#6052,.F.);
#8408=ORIENTED_EDGE('',*,*,#6050,.F.);
#8409=ORIENTED_EDGE('',*,*,#6011,.F.);
#8410=ORIENTED_EDGE('',*,*,#6089,.T.);
#8411=ORIENTED_EDGE('',*,*,#6087,.T.);
#8412=ORIENTED_EDGE('',*,*,#6091,.F.);
#8413=ORIENTED_EDGE('',*,*,#6090,.F.);
#8414=ORIENTED_EDGE('',*,*,#6045,.T.);
#8415=ORIENTED_EDGE('',*,*,#6092,.T.);
#8416=ORIENTED_EDGE('',*,*,#6053,.F.);
#8417=ORIENTED_EDGE('',*,*,#6012,.T.);
#8418=ORIENTED_EDGE('',*,*,#6091,.T.);
#8419=ORIENTED_EDGE('',*,*,#6086,.F.);
#8420=ORIENTED_EDGE('',*,*,#6093,.F.);
#8421=ORIENTED_EDGE('',*,*,#6044,.T.);
#8422=ORIENTED_EDGE('',*,*,#6094,.T.);
#8423=ORIENTED_EDGE('',*,*,#6054,.F.);
#8424=ORIENTED_EDGE('',*,*,#6092,.F.);
#8425=ORIENTED_EDGE('',*,*,#6013,.F.);
#8426=ORIENTED_EDGE('',*,*,#6093,.T.);
#8427=ORIENTED_EDGE('',*,*,#6085,.T.);
#8428=ORIENTED_EDGE('',*,*,#6095,.F.);
#8429=ORIENTED_EDGE('',*,*,#6043,.T.);
#8430=ORIENTED_EDGE('',*,*,#6096,.T.);
#8431=ORIENTED_EDGE('',*,*,#6055,.F.);
#8432=ORIENTED_EDGE('',*,*,#6094,.F.);
#8433=ORIENTED_EDGE('',*,*,#6014,.T.);
#8434=ORIENTED_EDGE('',*,*,#6095,.T.);
#8435=ORIENTED_EDGE('',*,*,#6084,.F.);
#8436=ORIENTED_EDGE('',*,*,#6097,.F.);
#8437=ORIENTED_EDGE('',*,*,#6042,.T.);
#8438=ORIENTED_EDGE('',*,*,#6098,.T.);
#8439=ORIENTED_EDGE('',*,*,#6056,.F.);
#8440=ORIENTED_EDGE('',*,*,#6096,.F.);
#8441=ORIENTED_EDGE('',*,*,#6097,.T.);
#8442=ORIENTED_EDGE('',*,*,#6083,.T.);
#8443=ORIENTED_EDGE('',*,*,#6099,.F.);
#8444=ORIENTED_EDGE('',*,*,#6015,.F.);
#8445=ORIENTED_EDGE('',*,*,#6041,.T.);
#8446=ORIENTED_EDGE('',*,*,#6100,.T.);
#8447=ORIENTED_EDGE('',*,*,#6057,.F.);
#8448=ORIENTED_EDGE('',*,*,#6098,.F.);
#8449=ORIENTED_EDGE('',*,*,#6101,.F.);
#8450=ORIENTED_EDGE('',*,*,#6016,.T.);
#8451=ORIENTED_EDGE('',*,*,#6099,.T.);
#8452=ORIENTED_EDGE('',*,*,#6082,.F.);
#8453=ORIENTED_EDGE('',*,*,#6040,.T.);
#8454=ORIENTED_EDGE('',*,*,#6102,.T.);
#8455=ORIENTED_EDGE('',*,*,#6058,.F.);
#8456=ORIENTED_EDGE('',*,*,#6100,.F.);
#8457=ORIENTED_EDGE('',*,*,#6103,.F.);
#8458=ORIENTED_EDGE('',*,*,#6017,.T.);
#8459=ORIENTED_EDGE('',*,*,#6101,.T.);
#8460=ORIENTED_EDGE('',*,*,#6081,.F.);
#8461=ORIENTED_EDGE('',*,*,#6039,.T.);
#8462=ORIENTED_EDGE('',*,*,#6104,.T.);
#8463=ORIENTED_EDGE('',*,*,#6059,.F.);
#8464=ORIENTED_EDGE('',*,*,#6102,.F.);
#8465=ORIENTED_EDGE('',*,*,#6103,.T.);
#8466=ORIENTED_EDGE('',*,*,#6080,.T.);
#8467=ORIENTED_EDGE('',*,*,#6105,.F.);
#8468=ORIENTED_EDGE('',*,*,#6018,.F.);
#8469=ORIENTED_EDGE('',*,*,#6038,.F.);
#8470=ORIENTED_EDGE('',*,*,#6106,.T.);
#8471=ORIENTED_EDGE('',*,*,#6060,.T.);
#8472=ORIENTED_EDGE('',*,*,#6104,.F.);
#8473=ORIENTED_EDGE('',*,*,#6105,.T.);
#8474=ORIENTED_EDGE('',*,*,#6079,.T.);
#8475=ORIENTED_EDGE('',*,*,#6107,.F.);
#8476=ORIENTED_EDGE('',*,*,#6019,.F.);
#8477=ORIENTED_EDGE('',*,*,#6037,.T.);
#8478=ORIENTED_EDGE('',*,*,#6108,.T.);
#8479=ORIENTED_EDGE('',*,*,#6061,.F.);
#8480=ORIENTED_EDGE('',*,*,#6106,.F.);
#8481=ORIENTED_EDGE('',*,*,#6109,.F.);
#8482=ORIENTED_EDGE('',*,*,#6020,.T.);
#8483=ORIENTED_EDGE('',*,*,#6107,.T.);
#8484=ORIENTED_EDGE('',*,*,#6078,.F.);
#8485=ORIENTED_EDGE('',*,*,#6036,.F.);
#8486=ORIENTED_EDGE('',*,*,#6110,.T.);
#8487=ORIENTED_EDGE('',*,*,#6062,.T.);
#8488=ORIENTED_EDGE('',*,*,#6108,.F.);
#8489=ORIENTED_EDGE('',*,*,#6111,.F.);
#8490=ORIENTED_EDGE('',*,*,#6021,.T.);
#8491=ORIENTED_EDGE('',*,*,#6109,.T.);
#8492=ORIENTED_EDGE('',*,*,#6077,.F.);
#8493=ORIENTED_EDGE('',*,*,#6112,.T.);
#8494=ORIENTED_EDGE('',*,*,#6063,.T.);
#8495=ORIENTED_EDGE('',*,*,#6110,.F.);
#8496=ORIENTED_EDGE('',*,*,#6035,.F.);
#8497=ORIENTED_EDGE('',*,*,#6111,.T.);
#8498=ORIENTED_EDGE('',*,*,#6076,.T.);
#8499=ORIENTED_EDGE('',*,*,#6113,.F.);
#8500=ORIENTED_EDGE('',*,*,#6022,.F.);
#8501=ORIENTED_EDGE('',*,*,#6114,.T.);
#8502=ORIENTED_EDGE('',*,*,#6064,.T.);
#8503=ORIENTED_EDGE('',*,*,#6112,.F.);
#8504=ORIENTED_EDGE('',*,*,#6034,.F.);
#8505=ORIENTED_EDGE('',*,*,#6113,.T.);
#8506=ORIENTED_EDGE('',*,*,#6075,.T.);
#8507=ORIENTED_EDGE('',*,*,#6115,.F.);
#8508=ORIENTED_EDGE('',*,*,#6023,.F.);
#8509=ORIENTED_EDGE('',*,*,#6114,.F.);
#8510=ORIENTED_EDGE('',*,*,#6033,.T.);
#8511=ORIENTED_EDGE('',*,*,#6116,.T.);
#8512=ORIENTED_EDGE('',*,*,#6065,.F.);
#8513=ORIENTED_EDGE('',*,*,#6117,.F.);
#8514=ORIENTED_EDGE('',*,*,#6024,.T.);
#8515=ORIENTED_EDGE('',*,*,#6115,.T.);
#8516=ORIENTED_EDGE('',*,*,#6074,.F.);
#8517=ORIENTED_EDGE('',*,*,#6116,.F.);
#8518=ORIENTED_EDGE('',*,*,#6032,.T.);
#8519=ORIENTED_EDGE('',*,*,#6118,.T.);
#8520=ORIENTED_EDGE('',*,*,#6066,.F.);
#8521=ORIENTED_EDGE('',*,*,#6119,.F.);
#8522=ORIENTED_EDGE('',*,*,#6025,.T.);
#8523=ORIENTED_EDGE('',*,*,#6117,.T.);
#8524=ORIENTED_EDGE('',*,*,#6073,.F.);
#8525=ORIENTED_EDGE('',*,*,#6120,.T.);
#8526=ORIENTED_EDGE('',*,*,#6067,.T.);
#8527=ORIENTED_EDGE('',*,*,#6118,.F.);
#8528=ORIENTED_EDGE('',*,*,#6031,.F.);
#8529=ORIENTED_EDGE('',*,*,#6119,.T.);
#8530=ORIENTED_EDGE('',*,*,#6072,.T.);
#8531=ORIENTED_EDGE('',*,*,#6121,.F.);
#8532=ORIENTED_EDGE('',*,*,#6026,.F.);
#8533=ORIENTED_EDGE('',*,*,#6122,.T.);
#8534=ORIENTED_EDGE('',*,*,#6068,.T.);
#8535=ORIENTED_EDGE('',*,*,#6120,.F.);
#8536=ORIENTED_EDGE('',*,*,#6030,.F.);
#8537=ORIENTED_EDGE('',*,*,#6121,.T.);
#8538=ORIENTED_EDGE('',*,*,#6071,.T.);
#8539=ORIENTED_EDGE('',*,*,#6123,.F.);
#8540=ORIENTED_EDGE('',*,*,#6027,.F.);
#8541=ORIENTED_EDGE('',*,*,#6122,.F.);
#8542=ORIENTED_EDGE('',*,*,#6029,.T.);
#8543=ORIENTED_EDGE('',*,*,#6124,.T.);
#8544=ORIENTED_EDGE('',*,*,#6069,.F.);
#8545=ORIENTED_EDGE('',*,*,#6124,.F.);
#8546=ORIENTED_EDGE('',*,*,#6028,.T.);
#8547=ORIENTED_EDGE('',*,*,#6123,.T.);
#8548=ORIENTED_EDGE('',*,*,#6070,.F.);
#8549=PLANE('',#10016);
#8550=PLANE('',#10017);
#8551=PLANE('',#10018);
#8552=PLANE('',#10019);
#8553=PLANE('',#10039);
#8554=PLANE('',#10059);
#8555=PLANE('',#10082);
#8556=PLANE('',#10083);
#8557=PLANE('',#10084);
#8558=PLANE('',#10085);
#8559=PLANE('',#10086);
#8560=PLANE('',#10087);
#8561=PLANE('',#10088);
#8562=PLANE('',#10089);
#8563=PLANE('',#10090);
#8564=PLANE('',#10091);
#8565=PLANE('',#10092);
#8566=PLANE('',#10093);
#8567=PLANE('',#10094);
#8568=PLANE('',#10095);
#8569=PLANE('',#10106);
#8570=PLANE('',#10107);
#8571=PLANE('',#10108);
#8572=PLANE('',#10109);
#8573=PLANE('',#10110);
#8574=PLANE('',#10111);
#8575=PLANE('',#10112);
#8576=PLANE('',#10113);
#8577=PLANE('',#10114);
#8578=PLANE('',#10115);
#8579=PLANE('',#10116);
#8580=PLANE('',#10117);
#8581=PLANE('',#10118);
#8582=PLANE('',#10119);
#8583=PLANE('',#10133);
#8584=PLANE('',#10148);
#8585=PLANE('',#10149);
#8586=PLANE('',#10150);
#8587=PLANE('',#10151);
#8588=PLANE('',#10152);
#8589=PLANE('',#10153);
#8590=PLANE('',#10154);
#8591=PLANE('',#10155);
#8592=PLANE('',#10156);
#8593=PLANE('',#10157);
#8594=PLANE('',#10158);
#8595=PLANE('',#10159);
#8596=PLANE('',#10160);
#8597=PLANE('',#10161);
#8598=PLANE('',#10172);
#8599=PLANE('',#10173);
#8600=PLANE('',#10174);
#8601=PLANE('',#10175);
#8602=PLANE('',#10176);
#8603=PLANE('',#10177);
#8604=PLANE('',#10178);
#8605=PLANE('',#10179);
#8606=PLANE('',#10180);
#8607=PLANE('',#10181);
#8608=PLANE('',#10182);
#8609=PLANE('',#10183);
#8610=PLANE('',#10184);
#8611=PLANE('',#10185);
#8612=PLANE('',#10199);
#8613=PLANE('',#10213);
#8614=PLANE('',#10214);
#8615=PLANE('',#10215);
#8616=PLANE('',#10216);
#8617=PLANE('',#10217);
#8618=PLANE('',#10218);
#8619=PLANE('',#10220);
#8620=PLANE('',#10221);
#8621=PLANE('',#10222);
#8622=PLANE('',#10223);
#8623=PLANE('',#10224);
#8624=PLANE('',#10225);
#8625=PLANE('',#10227);
#8626=PLANE('',#10228);
#8627=PLANE('',#10229);
#8628=PLANE('',#10230);
#8629=PLANE('',#10231);
#8630=PLANE('',#10232);
#8631=PLANE('',#10234);
#8632=PLANE('',#10235);
#8633=PLANE('',#10236);
#8634=PLANE('',#10237);
#8635=PLANE('',#10238);
#8636=PLANE('',#10239);
#8637=PLANE('',#10241);
#8638=PLANE('',#10252);
#8639=PLANE('',#10253);
#8640=PLANE('',#10254);
#8641=PLANE('',#10255);
#8642=PLANE('',#10256);
#8643=PLANE('',#10257);
#8644=PLANE('',#10260);
#8645=PLANE('',#10261);
#8646=PLANE('',#10264);
#8647=PLANE('',#10265);
#8648=PLANE('',#10266);
#8649=PLANE('',#10269);
#8650=PLANE('',#10270);
#8651=PLANE('',#10271);
#8652=PLANE('',#10274);
#8653=PLANE('',#10275);
#8654=PLANE('',#10276);
#8655=PLANE('',#10279);
#8656=PLANE('',#10280);
#8657=PLANE('',#10282);
#8658=PLANE('',#10283);
#8659=PLANE('',#10284);
#8660=PLANE('',#10285);
#8661=PLANE('',#10292);
#8662=PLANE('',#10300);
#8663=PLANE('',#10317);
#8664=PLANE('',#10318);
#8665=PLANE('',#10319);
#8666=PLANE('',#10320);
#8667=PLANE('',#10321);
#8668=PLANE('',#10322);
#8669=PLANE('',#10323);
#8670=PLANE('',#10324);
#8671=PLANE('',#10325);
#8672=PLANE('',#10326);
#8673=PLANE('',#10327);
#8674=PLANE('',#10328);
#8675=PLANE('',#10329);
#8676=PLANE('',#10330);
#8677=PLANE('',#10331);
#8678=PLANE('',#10332);
#8679=PLANE('',#10333);
#8680=PLANE('',#10334);
#8681=PLANE('',#10335);
#8682=PLANE('',#10336);
#8683=PLANE('',#10337);
#8684=PLANE('',#10338);
#8685=PLANE('',#10339);
#8686=PLANE('',#10340);
#8687=PLANE('',#10341);
#8688=PLANE('',#10343);
#8689=PLANE('',#10344);
#8690=PLANE('',#10345);
#8691=PLANE('',#10346);
#8692=PLANE('',#10347);
#8693=PLANE('',#10348);
#8694=PLANE('',#10349);
#8695=PLANE('',#10350);
#8696=PLANE('',#10351);
#8697=PLANE('',#10352);
#8698=PLANE('',#10353);
#8699=PLANE('',#10354);
#8700=PLANE('',#10355);
#8701=PLANE('',#10356);
#8702=PLANE('',#10357);
#8703=PLANE('',#10358);
#8704=PLANE('',#10359);
#8705=PLANE('',#10360);
#8706=PLANE('',#10361);
#8707=PLANE('',#10362);
#8708=PLANE('',#10363);
#8709=PLANE('',#10364);
#8710=PLANE('',#10365);
#8711=PLANE('',#10366);
#8712=PLANE('',#10367);
#8713=PLANE('',#10368);
#8714=PLANE('',#10369);
#8715=PLANE('',#10370);
#8716=PLANE('',#10371);
#8717=PLANE('',#10372);
#8718=PLANE('',#10373);
#8719=PLANE('',#10374);
#8720=PLANE('',#10375);
#8721=PLANE('',#10376);
#8722=PLANE('',#10377);
#8723=PLANE('',#10378);
#8724=PLANE('',#10379);
#8725=PLANE('',#10380);
#8726=PLANE('',#10381);
#8727=PLANE('',#10382);
#8728=PLANE('',#10383);
#8729=PLANE('',#10384);
#8730=PLANE('',#10385);
#8731=PLANE('',#10386);
#8732=PLANE('',#10387);
#8733=PLANE('',#10388);
#8734=PLANE('',#10389);
#8735=PLANE('',#10390);
#8736=PLANE('',#10391);
#8737=PLANE('',#10392);
#8738=PLANE('',#10393);
#8739=PLANE('',#10394);
#8740=PLANE('',#10395);
#8741=PLANE('',#10396);
#8742=PLANE('',#10397);
#8743=PLANE('',#10398);
#8744=PLANE('',#10399);
#8745=PLANE('',#10400);
#8746=PLANE('',#10401);
#8747=PLANE('',#10402);
#8748=PLANE('',#10403);
#8749=PLANE('',#10404);
#8750=PLANE('',#10405);
#8751=PLANE('',#10406);
#8752=PLANE('',#10407);
#8753=PLANE('',#10408);
#8754=PLANE('',#10409);
#8755=PLANE('',#10410);
#8756=PLANE('',#10411);
#8757=PLANE('',#10412);
#8758=PLANE('',#10413);
#8759=PLANE('',#10414);
#8760=PLANE('',#10415);
#8761=PLANE('',#10416);
#8762=PLANE('',#10417);
#8763=PLANE('',#10418);
#8764=PLANE('',#10419);
#8765=PLANE('',#10420);
#8766=PLANE('',#10421);
#8767=PLANE('',#10424);
#8768=PLANE('',#10425);
#8769=PLANE('',#10426);
#8770=PLANE('',#10427);
#8771=PLANE('',#10428);
#8772=PLANE('',#10429);
#8773=PLANE('',#10430);
#8774=PLANE('',#10431);
#8775=PLANE('',#10432);
#8776=PLANE('',#10433);
#8777=PLANE('',#10434);
#8778=PLANE('',#10435);
#8779=PLANE('',#10436);
#8780=PLANE('',#10437);
#8781=PLANE('',#10438);
#8782=PLANE('',#10442);
#8783=PLANE('',#10443);
#8784=PLANE('',#10445);
#8785=PLANE('',#10447);
#8786=PLANE('',#10448);
#8787=PLANE('',#10450);
#8788=PLANE('',#10466);
#8789=PLANE('',#10467);
#8790=PLANE('',#10468);
#8791=PLANE('',#10469);
#8792=PLANE('',#10470);
#8793=PLANE('',#10471);
#8794=PLANE('',#10473);
#8795=PLANE('',#10474);
#8796=PLANE('',#10475);
#8797=PLANE('',#10476);
#8798=PLANE('',#10477);
#8799=PLANE('',#10478);
#8800=PLANE('',#10483);
#8801=PLANE('',#10484);
#8802=PLANE('',#10485);
#8803=PLANE('',#10486);
#8804=PLANE('',#10487);
#8805=PLANE('',#10488);
#8806=PLANE('',#10490);
#8807=PLANE('',#10491);
#8808=PLANE('',#10492);
#8809=PLANE('',#10493);
#8810=PLANE('',#10494);
#8811=PLANE('',#10495);
#8812=PLANE('',#10500);
#8813=PLANE('',#10501);
#8814=PLANE('',#10502);
#8815=PLANE('',#10503);
#8816=PLANE('',#10504);
#8817=PLANE('',#10505);
#8818=PLANE('',#10507);
#8819=PLANE('',#10508);
#8820=PLANE('',#10509);
#8821=PLANE('',#10510);
#8822=PLANE('',#10511);
#8823=PLANE('',#10512);
#8824=PLANE('',#10517);
#8825=PLANE('',#10518);
#8826=PLANE('',#10519);
#8827=PLANE('',#10520);
#8828=PLANE('',#10521);
#8829=PLANE('',#10522);
#8830=PLANE('',#10524);
#8831=PLANE('',#10525);
#8832=PLANE('',#10526);
#8833=PLANE('',#10527);
#8834=PLANE('',#10528);
#8835=PLANE('',#10529);
#8836=PLANE('',#10534);
#8837=PLANE('',#10535);
#8838=PLANE('',#10536);
#8839=PLANE('',#10537);
#8840=PLANE('',#10538);
#8841=PLANE('',#10539);
#8842=PLANE('',#10541);
#8843=PLANE('',#10542);
#8844=PLANE('',#10543);
#8845=PLANE('',#10544);
#8846=PLANE('',#10545);
#8847=PLANE('',#10546);
#8848=PLANE('',#10551);
#8849=PLANE('',#10552);
#8850=PLANE('',#10553);
#8851=PLANE('',#10554);
#8852=PLANE('',#10555);
#8853=PLANE('',#10556);
#8854=PLANE('',#10558);
#8855=PLANE('',#10559);
#8856=PLANE('',#10560);
#8857=PLANE('',#10561);
#8858=PLANE('',#10562);
#8859=PLANE('',#10563);
#8860=PLANE('',#10568);
#8861=PLANE('',#10569);
#8862=PLANE('',#10570);
#8863=PLANE('',#10571);
#8864=PLANE('',#10572);
#8865=PLANE('',#10573);
#8866=PLANE('',#10575);
#8867=PLANE('',#10576);
#8868=PLANE('',#10577);
#8869=PLANE('',#10578);
#8870=PLANE('',#10579);
#8871=PLANE('',#10580);
#8872=PLANE('',#10585);
#8873=PLANE('',#10586);
#8874=PLANE('',#10587);
#8875=PLANE('',#10588);
#8876=PLANE('',#10589);
#8877=PLANE('',#10590);
#8878=PLANE('',#10592);
#8879=PLANE('',#10593);
#8880=PLANE('',#10594);
#8881=PLANE('',#10595);
#8882=PLANE('',#10596);
#8883=PLANE('',#10597);
#8884=PLANE('',#10602);
#8885=PLANE('',#10603);
#8886=PLANE('',#10604);
#8887=PLANE('',#10605);
#8888=PLANE('',#10606);
#8889=PLANE('',#10607);
#8890=PLANE('',#10609);
#8891=PLANE('',#10610);
#8892=PLANE('',#10611);
#8893=PLANE('',#10612);
#8894=PLANE('',#10613);
#8895=PLANE('',#10614);
#8896=PLANE('',#10619);
#8897=PLANE('',#10620);
#8898=PLANE('',#10621);
#8899=PLANE('',#10622);
#8900=PLANE('',#10623);
#8901=PLANE('',#10624);
#8902=PLANE('',#10626);
#8903=PLANE('',#10627);
#8904=PLANE('',#10628);
#8905=PLANE('',#10629);
#8906=PLANE('',#10630);
#8907=PLANE('',#10631);
#8908=PLANE('',#10636);
#8909=PLANE('',#10637);
#8910=PLANE('',#10638);
#8911=PLANE('',#10639);
#8912=PLANE('',#10640);
#8913=PLANE('',#10641);
#8914=PLANE('',#10643);
#8915=PLANE('',#10644);
#8916=PLANE('',#10645);
#8917=PLANE('',#10646);
#8918=PLANE('',#10647);
#8919=PLANE('',#10648);
#8920=PLANE('',#10653);
#8921=PLANE('',#10654);
#8922=PLANE('',#10655);
#8923=PLANE('',#10656);
#8924=PLANE('',#10657);
#8925=PLANE('',#10658);
#8926=PLANE('',#10660);
#8927=PLANE('',#10661);
#8928=PLANE('',#10662);
#8929=PLANE('',#10663);
#8930=PLANE('',#10664);
#8931=PLANE('',#10665);
#8932=PLANE('',#10670);
#8933=PLANE('',#10671);
#8934=PLANE('',#10672);
#8935=PLANE('',#10673);
#8936=PLANE('',#10674);
#8937=PLANE('',#10675);
#8938=PLANE('',#10677);
#8939=PLANE('',#10678);
#8940=PLANE('',#10679);
#8941=PLANE('',#10680);
#8942=PLANE('',#10681);
#8943=PLANE('',#10682);
#8944=PLANE('',#10687);
#8945=PLANE('',#10688);
#8946=PLANE('',#10689);
#8947=PLANE('',#10690);
#8948=PLANE('',#10691);
#8949=PLANE('',#10692);
#8950=PLANE('',#10694);
#8951=PLANE('',#10695);
#8952=PLANE('',#10696);
#8953=PLANE('',#10697);
#8954=PLANE('',#10698);
#8955=PLANE('',#10699);
#8956=PLANE('',#10703);
#8957=PLANE('',#10708);
#8958=PLANE('',#10711);
#8959=PLANE('',#10716);
#8960=PLANE('',#10719);
#8961=PLANE('',#10724);
#8962=PLANE('',#10728);
#8963=PLANE('',#10729);
#8964=PLANE('',#10753);
#8965=PLANE('',#10771);
#8966=PLANE('',#10772);
#8967=PLANE('',#10774);
#8968=PLANE('',#10775);
#8969=PLANE('',#10776);
#8970=PLANE('',#10779);
#8971=PLANE('',#10780);
#8972=PLANE('',#10783);
#8973=PLANE('',#10784);
#8974=PLANE('',#10787);
#8975=PLANE('',#10788);
#8976=PLANE('',#10791);
#8977=PLANE('',#10792);
#8978=PLANE('',#10795);
#8979=PLANE('',#10796);
#8980=PLANE('',#10799);
#8981=PLANE('',#10800);
#8982=PLANE('',#10803);
#8983=PLANE('',#10804);
#8984=PLANE('',#10807);
#8985=ADVANCED_FACE('',(#941),#8549,.F.);
#8986=ADVANCED_FACE('',(#942),#8550,.F.);
#8987=ADVANCED_FACE('',(#943),#8551,.F.);
#8988=ADVANCED_FACE('',(#944,#763,#764,#765,#766,#767,#768,#769,#770,#771,
#772,#773,#774,#775,#776,#777,#778,#779,#780,#781),#8552,.F.);
#8989=ADVANCED_FACE('',(#945,#782,#783,#784,#785,#786,#787,#788,#789,#790,
#791,#792,#793,#794,#795,#796,#797,#798,#799,#800),#8553,.T.);
#8990=ADVANCED_FACE('',(#946),#8554,.F.);
#8991=ADVANCED_FACE('',(#947),#705,.F.);
#8992=ADVANCED_FACE('',(#948),#706,.F.);
#8993=ADVANCED_FACE('',(#949),#707,.F.);
#8994=ADVANCED_FACE('',(#950),#708,.F.);
#8995=ADVANCED_FACE('',(#951),#709,.F.);
#8996=ADVANCED_FACE('',(#952),#710,.F.);
#8997=ADVANCED_FACE('',(#953),#711,.F.);
#8998=ADVANCED_FACE('',(#954),#712,.F.);
#8999=ADVANCED_FACE('',(#955),#713,.F.);
#9000=ADVANCED_FACE('',(#956),#714,.F.);
#9001=ADVANCED_FACE('',(#957),#715,.F.);
#9002=ADVANCED_FACE('',(#958),#716,.F.);
#9003=ADVANCED_FACE('',(#959),#717,.F.);
#9004=ADVANCED_FACE('',(#960),#718,.F.);
#9005=ADVANCED_FACE('',(#961),#719,.F.);
#9006=ADVANCED_FACE('',(#962),#720,.F.);
#9007=ADVANCED_FACE('',(#963),#721,.F.);
#9008=ADVANCED_FACE('',(#964),#722,.F.);
#9009=ADVANCED_FACE('',(#965),#723,.F.);
#9010=ADVANCED_FACE('',(#966),#8555,.T.);
#9011=ADVANCED_FACE('',(#967,#801),#8556,.F.);
#9012=ADVANCED_FACE('',(#968),#8557,.T.);
#9013=ADVANCED_FACE('',(#969),#8558,.T.);
#9014=ADVANCED_FACE('',(#970,#802),#8559,.T.);
#9015=ADVANCED_FACE('',(#971),#8560,.T.);
#9016=ADVANCED_FACE('',(#972),#8561,.T.);
#9017=ADVANCED_FACE('',(#973),#8562,.T.);
#9018=ADVANCED_FACE('',(#974),#8563,.T.);
#9019=ADVANCED_FACE('',(#975),#8564,.T.);
#9020=ADVANCED_FACE('',(#976),#8565,.T.);
#9021=ADVANCED_FACE('',(#977),#8566,.T.);
#9022=ADVANCED_FACE('',(#978),#8567,.T.);
#9023=ADVANCED_FACE('',(#979),#8568,.T.);
#9024=ADVANCED_FACE('',(#980),#8569,.T.);
#9025=ADVANCED_FACE('',(#981),#8570,.T.);
#9026=ADVANCED_FACE('',(#982),#8571,.F.);
#9027=ADVANCED_FACE('',(#983),#8572,.T.);
#9028=ADVANCED_FACE('',(#984),#8573,.T.);
#9029=ADVANCED_FACE('',(#985),#8574,.T.);
#9030=ADVANCED_FACE('',(#986),#8575,.F.);
#9031=ADVANCED_FACE('',(#987),#8576,.T.);
#9032=ADVANCED_FACE('',(#988),#8577,.F.);
#9033=ADVANCED_FACE('',(#989),#8578,.F.);
#9034=ADVANCED_FACE('',(#990),#8579,.T.);
#9035=ADVANCED_FACE('',(#991),#8580,.T.);
#9036=ADVANCED_FACE('',(#992),#8581,.F.);
#9037=ADVANCED_FACE('',(#993),#8582,.T.);
#9038=ADVANCED_FACE('',(#994),#39,.T.);
#9039=ADVANCED_FACE('',(#995),#8583,.F.);
#9040=ADVANCED_FACE('',(#996),#8584,.T.);
#9041=ADVANCED_FACE('',(#997,#803),#8585,.F.);
#9042=ADVANCED_FACE('',(#998),#8586,.T.);
#9043=ADVANCED_FACE('',(#999),#8587,.T.);
#9044=ADVANCED_FACE('',(#1000,#804),#8588,.T.);
#9045=ADVANCED_FACE('',(#1001),#8589,.T.);
#9046=ADVANCED_FACE('',(#1002),#8590,.T.);
#9047=ADVANCED_FACE('',(#1003),#8591,.T.);
#9048=ADVANCED_FACE('',(#1004),#8592,.T.);
#9049=ADVANCED_FACE('',(#1005),#8593,.T.);
#9050=ADVANCED_FACE('',(#1006),#8594,.T.);
#9051=ADVANCED_FACE('',(#1007),#8595,.T.);
#9052=ADVANCED_FACE('',(#1008),#8596,.T.);
#9053=ADVANCED_FACE('',(#1009),#8597,.T.);
#9054=ADVANCED_FACE('',(#1010),#8598,.T.);
#9055=ADVANCED_FACE('',(#1011),#8599,.T.);
#9056=ADVANCED_FACE('',(#1012),#8600,.F.);
#9057=ADVANCED_FACE('',(#1013),#8601,.T.);
#9058=ADVANCED_FACE('',(#1014),#8602,.T.);
#9059=ADVANCED_FACE('',(#1015),#8603,.T.);
#9060=ADVANCED_FACE('',(#1016),#8604,.F.);
#9061=ADVANCED_FACE('',(#1017),#8605,.T.);
#9062=ADVANCED_FACE('',(#1018),#8606,.F.);
#9063=ADVANCED_FACE('',(#1019),#8607,.F.);
#9064=ADVANCED_FACE('',(#1020),#8608,.T.);
#9065=ADVANCED_FACE('',(#1021),#8609,.T.);
#9066=ADVANCED_FACE('',(#1022),#8610,.F.);
#9067=ADVANCED_FACE('',(#1023),#8611,.T.);
#9068=ADVANCED_FACE('',(#1024),#40,.T.);
#9069=ADVANCED_FACE('',(#1025),#8612,.F.);
#9070=ADVANCED_FACE('',(#1026),#8613,.T.);
#9071=ADVANCED_FACE('',(#1027),#8614,.T.);
#9072=ADVANCED_FACE('',(#1028),#8615,.T.);
#9073=ADVANCED_FACE('',(#1029),#8616,.T.);
#9074=ADVANCED_FACE('',(#1030),#8617,.F.);
#9075=ADVANCED_FACE('',(#1031),#8618,.T.);
#9076=ADVANCED_FACE('',(#1032),#8619,.T.);
#9077=ADVANCED_FACE('',(#1033),#8620,.T.);
#9078=ADVANCED_FACE('',(#1034),#8621,.T.);
#9079=ADVANCED_FACE('',(#1035),#8622,.T.);
#9080=ADVANCED_FACE('',(#1036),#8623,.F.);
#9081=ADVANCED_FACE('',(#1037),#8624,.T.);
#9082=ADVANCED_FACE('',(#1038),#8625,.T.);
#9083=ADVANCED_FACE('',(#1039),#8626,.T.);
#9084=ADVANCED_FACE('',(#1040),#8627,.T.);
#9085=ADVANCED_FACE('',(#1041),#8628,.T.);
#9086=ADVANCED_FACE('',(#1042),#8629,.F.);
#9087=ADVANCED_FACE('',(#1043),#8630,.T.);
#9088=ADVANCED_FACE('',(#1044),#8631,.T.);
#9089=ADVANCED_FACE('',(#1045),#8632,.T.);
#9090=ADVANCED_FACE('',(#1046),#8633,.T.);
#9091=ADVANCED_FACE('',(#1047),#8634,.T.);
#9092=ADVANCED_FACE('',(#1048),#8635,.F.);
#9093=ADVANCED_FACE('',(#1049),#8636,.T.);
#9094=ADVANCED_FACE('',(#1050,#805),#8637,.T.);
#9095=ADVANCED_FACE('',(#1051),#37,.F.);
#9096=ADVANCED_FACE('',(#1052),#724,.T.);
#9097=ADVANCED_FACE('',(#1053),#8638,.T.);
#9098=ADVANCED_FACE('',(#1054),#8639,.T.);
#9099=ADVANCED_FACE('',(#1055),#8640,.T.);
#9100=ADVANCED_FACE('',(#1056),#8641,.T.);
#9101=ADVANCED_FACE('',(#1057),#8642,.T.);
#9102=ADVANCED_FACE('',(#1058),#8643,.T.);
#9103=ADVANCED_FACE('',(#1059),#725,.T.);
#9104=ADVANCED_FACE('',(#1060),#8644,.T.);
#9105=ADVANCED_FACE('',(#1061),#8645,.T.);
#9106=ADVANCED_FACE('',(#1062),#726,.F.);
#9107=ADVANCED_FACE('',(#1063),#8646,.T.);
#9108=ADVANCED_FACE('',(#1064),#8647,.T.);
#9109=ADVANCED_FACE('',(#1065),#8648,.T.);
#9110=ADVANCED_FACE('',(#1066),#727,.F.);
#9111=ADVANCED_FACE('',(#1067),#8649,.T.);
#9112=ADVANCED_FACE('',(#1068),#8650,.T.);
#9113=ADVANCED_FACE('',(#1069),#8651,.T.);
#9114=ADVANCED_FACE('',(#1070),#728,.F.);
#9115=ADVANCED_FACE('',(#1071),#8652,.T.);
#9116=ADVANCED_FACE('',(#1072),#8653,.T.);
#9117=ADVANCED_FACE('',(#1073),#8654,.T.);
#9118=ADVANCED_FACE('',(#1074),#729,.F.);
#9119=ADVANCED_FACE('',(#1075),#8655,.T.);
#9120=ADVANCED_FACE('',(#1076,#806),#8656,.F.);
#9121=ADVANCED_FACE('',(#1077),#8657,.T.);
#9122=ADVANCED_FACE('',(#1078),#8658,.F.);
#9123=ADVANCED_FACE('',(#1079),#8659,.F.);
#9124=ADVANCED_FACE('',(#1080),#8660,.T.);
#9125=ADVANCED_FACE('',(#1081),#38,.T.);
#9126=ADVANCED_FACE('',(#1082,#807),#8661,.F.);
#9127=ADVANCED_FACE('',(#1083),#730,.T.);
#9128=ADVANCED_FACE('',(#1084,#808),#8662,.T.);
#9129=ADVANCED_FACE('',(#1085),#731,.T.);
#9130=ADVANCED_FACE('',(#1086),#732,.T.);
#9131=ADVANCED_FACE('',(#1087),#733,.T.);
#9132=ADVANCED_FACE('',(#1088),#734,.T.);
#9133=ADVANCED_FACE('',(#1089),#735,.F.);
#9134=ADVANCED_FACE('',(#1090),#8663,.F.);
#9135=ADVANCED_FACE('',(#1091),#8664,.F.);
#9136=ADVANCED_FACE('',(#1092),#8665,.F.);
#9137=ADVANCED_FACE('',(#1093),#8666,.F.);
#9138=ADVANCED_FACE('',(#1094),#8667,.F.);
#9139=ADVANCED_FACE('',(#1095),#8668,.F.);
#9140=ADVANCED_FACE('',(#1096),#8669,.F.);
#9141=ADVANCED_FACE('',(#1097),#8670,.F.);
#9142=ADVANCED_FACE('',(#1098),#8671,.F.);
#9143=ADVANCED_FACE('',(#1099),#8672,.F.);
#9144=ADVANCED_FACE('',(#1100),#8673,.F.);
#9145=ADVANCED_FACE('',(#1101),#8674,.F.);
#9146=ADVANCED_FACE('',(#1102),#8675,.F.);
#9147=ADVANCED_FACE('',(#1103),#8676,.F.);
#9148=ADVANCED_FACE('',(#1104),#8677,.F.);
#9149=ADVANCED_FACE('',(#1105),#8678,.F.);
#9150=ADVANCED_FACE('',(#1106),#8679,.F.);
#9151=ADVANCED_FACE('',(#1107),#8680,.F.);
#9152=ADVANCED_FACE('',(#1108),#8681,.F.);
#9153=ADVANCED_FACE('',(#1109),#8682,.F.);
#9154=ADVANCED_FACE('',(#1110),#8683,.F.);
#9155=ADVANCED_FACE('',(#1111),#8684,.F.);
#9156=ADVANCED_FACE('',(#1112),#8685,.F.);
#9157=ADVANCED_FACE('',(#1113),#8686,.F.);
#9158=ADVANCED_FACE('',(#1114,#809),#8687,.T.);
#9159=ADVANCED_FACE('',(#1115),#8688,.F.);
#9160=ADVANCED_FACE('',(#1116),#8689,.F.);
#9161=ADVANCED_FACE('',(#1117),#8690,.F.);
#9162=ADVANCED_FACE('',(#1118),#8691,.F.);
#9163=ADVANCED_FACE('',(#1119),#8692,.F.);
#9164=ADVANCED_FACE('',(#1120),#8693,.F.);
#9165=ADVANCED_FACE('',(#1121),#8694,.F.);
#9166=ADVANCED_FACE('',(#1122),#8695,.F.);
#9167=ADVANCED_FACE('',(#1123),#8696,.F.);
#9168=ADVANCED_FACE('',(#1124),#8697,.F.);
#9169=ADVANCED_FACE('',(#1125),#8698,.F.);
#9170=ADVANCED_FACE('',(#1126),#8699,.F.);
#9171=ADVANCED_FACE('',(#1127),#8700,.F.);
#9172=ADVANCED_FACE('',(#1128),#8701,.F.);
#9173=ADVANCED_FACE('',(#1129),#8702,.F.);
#9174=ADVANCED_FACE('',(#1130),#8703,.F.);
#9175=ADVANCED_FACE('',(#1131),#8704,.F.);
#9176=ADVANCED_FACE('',(#1132),#8705,.F.);
#9177=ADVANCED_FACE('',(#1133),#8706,.F.);
#9178=ADVANCED_FACE('',(#1134),#8707,.F.);
#9179=ADVANCED_FACE('',(#1135),#8708,.F.);
#9180=ADVANCED_FACE('',(#1136),#8709,.F.);
#9181=ADVANCED_FACE('',(#1137),#8710,.F.);
#9182=ADVANCED_FACE('',(#1138),#8711,.F.);
#9183=ADVANCED_FACE('',(#1139),#8712,.F.);
#9184=ADVANCED_FACE('',(#1140),#8713,.F.);
#9185=ADVANCED_FACE('',(#1141),#8714,.F.);
#9186=ADVANCED_FACE('',(#1142),#8715,.F.);
#9187=ADVANCED_FACE('',(#1143),#8716,.F.);
#9188=ADVANCED_FACE('',(#1144),#8717,.F.);
#9189=ADVANCED_FACE('',(#1145),#8718,.F.);
#9190=ADVANCED_FACE('',(#1146),#8719,.F.);
#9191=ADVANCED_FACE('',(#1147),#8720,.F.);
#9192=ADVANCED_FACE('',(#1148),#8721,.F.);
#9193=ADVANCED_FACE('',(#1149),#8722,.F.);
#9194=ADVANCED_FACE('',(#1150),#8723,.F.);
#9195=ADVANCED_FACE('',(#1151),#8724,.F.);
#9196=ADVANCED_FACE('',(#1152),#8725,.F.);
#9197=ADVANCED_FACE('',(#1153),#8726,.F.);
#9198=ADVANCED_FACE('',(#1154),#8727,.F.);
#9199=ADVANCED_FACE('',(#1155),#8728,.F.);
#9200=ADVANCED_FACE('',(#1156),#8729,.F.);
#9201=ADVANCED_FACE('',(#1157),#8730,.F.);
#9202=ADVANCED_FACE('',(#1158),#8731,.F.);
#9203=ADVANCED_FACE('',(#1159),#8732,.F.);
#9204=ADVANCED_FACE('',(#1160),#8733,.F.);
#9205=ADVANCED_FACE('',(#1161),#8734,.F.);
#9206=ADVANCED_FACE('',(#1162),#8735,.F.);
#9207=ADVANCED_FACE('',(#1163),#8736,.F.);
#9208=ADVANCED_FACE('',(#1164),#8737,.F.);
#9209=ADVANCED_FACE('',(#1165),#8738,.F.);
#9210=ADVANCED_FACE('',(#1166),#8739,.F.);
#9211=ADVANCED_FACE('',(#1167),#8740,.F.);
#9212=ADVANCED_FACE('',(#1168),#8741,.F.);
#9213=ADVANCED_FACE('',(#1169),#8742,.F.);
#9214=ADVANCED_FACE('',(#1170),#8743,.F.);
#9215=ADVANCED_FACE('',(#1171),#8744,.F.);
#9216=ADVANCED_FACE('',(#1172),#8745,.F.);
#9217=ADVANCED_FACE('',(#1173),#8746,.F.);
#9218=ADVANCED_FACE('',(#1174),#8747,.F.);
#9219=ADVANCED_FACE('',(#1175),#8748,.F.);
#9220=ADVANCED_FACE('',(#1176),#8749,.F.);
#9221=ADVANCED_FACE('',(#1177),#8750,.F.);
#9222=ADVANCED_FACE('',(#1178),#8751,.F.);
#9223=ADVANCED_FACE('',(#1179),#8752,.F.);
#9224=ADVANCED_FACE('',(#1180),#8753,.F.);
#9225=ADVANCED_FACE('',(#1181),#8754,.F.);
#9226=ADVANCED_FACE('',(#1182),#8755,.F.);
#9227=ADVANCED_FACE('',(#1183),#8756,.F.);
#9228=ADVANCED_FACE('',(#1184),#8757,.F.);
#9229=ADVANCED_FACE('',(#1185),#8758,.F.);
#9230=ADVANCED_FACE('',(#1186),#8759,.F.);
#9231=ADVANCED_FACE('',(#1187),#8760,.F.);
#9232=ADVANCED_FACE('',(#1188),#8761,.F.);
#9233=ADVANCED_FACE('',(#1189),#8762,.F.);
#9234=ADVANCED_FACE('',(#1190),#8763,.F.);
#9235=ADVANCED_FACE('',(#1191),#8764,.F.);
#9236=ADVANCED_FACE('',(#1192),#8765,.F.);
#9237=ADVANCED_FACE('',(#1193),#8766,.F.);
#9238=ADVANCED_FACE('',(#1194),#736,.F.);
#9239=ADVANCED_FACE('',(#1195),#8767,.F.);
#9240=ADVANCED_FACE('',(#1196),#8768,.F.);
#9241=ADVANCED_FACE('',(#1197),#8769,.F.);
#9242=ADVANCED_FACE('',(#1198),#8770,.F.);
#9243=ADVANCED_FACE('',(#1199),#8771,.F.);
#9244=ADVANCED_FACE('',(#1200),#8772,.F.);
#9245=ADVANCED_FACE('',(#1201),#8773,.F.);
#9246=ADVANCED_FACE('',(#1202),#8774,.F.);
#9247=ADVANCED_FACE('',(#1203),#8775,.F.);
#9248=ADVANCED_FACE('',(#1204),#8776,.F.);
#9249=ADVANCED_FACE('',(#1205),#8777,.F.);
#9250=ADVANCED_FACE('',(#1206),#8778,.F.);
#9251=ADVANCED_FACE('',(#1207),#8779,.F.);
#9252=ADVANCED_FACE('',(#1208),#8780,.F.);
#9253=ADVANCED_FACE('',(#1209),#8781,.T.);
#9254=ADVANCED_FACE('',(#1210),#8782,.F.);
#9255=ADVANCED_FACE('',(#1211),#8783,.F.);
#9256=ADVANCED_FACE('',(#1212),#8784,.F.);
#9257=ADVANCED_FACE('',(#1213),#8785,.F.);
#9258=ADVANCED_FACE('',(#1214),#8786,.T.);
#9259=ADVANCED_FACE('',(#1215),#737,.F.);
#9260=ADVANCED_FACE('',(#1216),#8787,.F.);
#9261=ADVANCED_FACE('',(#1217),#8788,.T.);
#9262=ADVANCED_FACE('',(#1218),#8789,.T.);
#9263=ADVANCED_FACE('',(#1219),#8790,.T.);
#9264=ADVANCED_FACE('',(#1220),#8791,.T.);
#9265=ADVANCED_FACE('',(#1221),#8792,.F.);
#9266=ADVANCED_FACE('',(#1222),#8793,.T.);
#9267=ADVANCED_FACE('',(#1223),#8794,.T.);
#9268=ADVANCED_FACE('',(#1224),#8795,.T.);
#9269=ADVANCED_FACE('',(#1225),#8796,.T.);
#9270=ADVANCED_FACE('',(#1226),#8797,.T.);
#9271=ADVANCED_FACE('',(#1227),#8798,.F.);
#9272=ADVANCED_FACE('',(#1228),#8799,.T.);
#9273=ADVANCED_FACE('',(#1229),#8800,.T.);
#9274=ADVANCED_FACE('',(#1230),#8801,.T.);
#9275=ADVANCED_FACE('',(#1231),#8802,.T.);
#9276=ADVANCED_FACE('',(#1232),#8803,.T.);
#9277=ADVANCED_FACE('',(#1233),#8804,.F.);
#9278=ADVANCED_FACE('',(#1234),#8805,.T.);
#9279=ADVANCED_FACE('',(#1235),#8806,.T.);
#9280=ADVANCED_FACE('',(#1236),#8807,.T.);
#9281=ADVANCED_FACE('',(#1237),#8808,.T.);
#9282=ADVANCED_FACE('',(#1238),#8809,.T.);
#9283=ADVANCED_FACE('',(#1239),#8810,.F.);
#9284=ADVANCED_FACE('',(#1240),#8811,.T.);
#9285=ADVANCED_FACE('',(#1241),#8812,.T.);
#9286=ADVANCED_FACE('',(#1242),#8813,.T.);
#9287=ADVANCED_FACE('',(#1243),#8814,.T.);
#9288=ADVANCED_FACE('',(#1244),#8815,.T.);
#9289=ADVANCED_FACE('',(#1245),#8816,.F.);
#9290=ADVANCED_FACE('',(#1246),#8817,.T.);
#9291=ADVANCED_FACE('',(#1247),#8818,.T.);
#9292=ADVANCED_FACE('',(#1248),#8819,.T.);
#9293=ADVANCED_FACE('',(#1249),#8820,.T.);
#9294=ADVANCED_FACE('',(#1250),#8821,.T.);
#9295=ADVANCED_FACE('',(#1251),#8822,.F.);
#9296=ADVANCED_FACE('',(#1252),#8823,.T.);
#9297=ADVANCED_FACE('',(#1253),#8824,.T.);
#9298=ADVANCED_FACE('',(#1254),#8825,.T.);
#9299=ADVANCED_FACE('',(#1255),#8826,.T.);
#9300=ADVANCED_FACE('',(#1256),#8827,.T.);
#9301=ADVANCED_FACE('',(#1257),#8828,.F.);
#9302=ADVANCED_FACE('',(#1258),#8829,.T.);
#9303=ADVANCED_FACE('',(#1259),#8830,.T.);
#9304=ADVANCED_FACE('',(#1260),#8831,.T.);
#9305=ADVANCED_FACE('',(#1261),#8832,.T.);
#9306=ADVANCED_FACE('',(#1262),#8833,.T.);
#9307=ADVANCED_FACE('',(#1263),#8834,.F.);
#9308=ADVANCED_FACE('',(#1264),#8835,.T.);
#9309=ADVANCED_FACE('',(#1265),#8836,.T.);
#9310=ADVANCED_FACE('',(#1266),#8837,.T.);
#9311=ADVANCED_FACE('',(#1267),#8838,.T.);
#9312=ADVANCED_FACE('',(#1268),#8839,.T.);
#9313=ADVANCED_FACE('',(#1269),#8840,.F.);
#9314=ADVANCED_FACE('',(#1270),#8841,.T.);
#9315=ADVANCED_FACE('',(#1271),#8842,.T.);
#9316=ADVANCED_FACE('',(#1272),#8843,.T.);
#9317=ADVANCED_FACE('',(#1273),#8844,.T.);
#9318=ADVANCED_FACE('',(#1274),#8845,.T.);
#9319=ADVANCED_FACE('',(#1275),#8846,.F.);
#9320=ADVANCED_FACE('',(#1276),#8847,.T.);
#9321=ADVANCED_FACE('',(#1277),#8848,.T.);
#9322=ADVANCED_FACE('',(#1278),#8849,.T.);
#9323=ADVANCED_FACE('',(#1279),#8850,.T.);
#9324=ADVANCED_FACE('',(#1280),#8851,.T.);
#9325=ADVANCED_FACE('',(#1281),#8852,.F.);
#9326=ADVANCED_FACE('',(#1282),#8853,.T.);
#9327=ADVANCED_FACE('',(#1283),#8854,.T.);
#9328=ADVANCED_FACE('',(#1284),#8855,.T.);
#9329=ADVANCED_FACE('',(#1285),#8856,.T.);
#9330=ADVANCED_FACE('',(#1286),#8857,.T.);
#9331=ADVANCED_FACE('',(#1287),#8858,.F.);
#9332=ADVANCED_FACE('',(#1288),#8859,.T.);
#9333=ADVANCED_FACE('',(#1289),#8860,.T.);
#9334=ADVANCED_FACE('',(#1290),#8861,.T.);
#9335=ADVANCED_FACE('',(#1291),#8862,.T.);
#9336=ADVANCED_FACE('',(#1292),#8863,.T.);
#9337=ADVANCED_FACE('',(#1293),#8864,.F.);
#9338=ADVANCED_FACE('',(#1294),#8865,.T.);
#9339=ADVANCED_FACE('',(#1295),#8866,.T.);
#9340=ADVANCED_FACE('',(#1296),#8867,.T.);
#9341=ADVANCED_FACE('',(#1297),#8868,.T.);
#9342=ADVANCED_FACE('',(#1298),#8869,.T.);
#9343=ADVANCED_FACE('',(#1299),#8870,.F.);
#9344=ADVANCED_FACE('',(#1300),#8871,.T.);
#9345=ADVANCED_FACE('',(#1301),#8872,.T.);
#9346=ADVANCED_FACE('',(#1302),#8873,.T.);
#9347=ADVANCED_FACE('',(#1303),#8874,.T.);
#9348=ADVANCED_FACE('',(#1304),#8875,.T.);
#9349=ADVANCED_FACE('',(#1305),#8876,.F.);
#9350=ADVANCED_FACE('',(#1306),#8877,.T.);
#9351=ADVANCED_FACE('',(#1307),#8878,.T.);
#9352=ADVANCED_FACE('',(#1308),#8879,.T.);
#9353=ADVANCED_FACE('',(#1309),#8880,.T.);
#9354=ADVANCED_FACE('',(#1310),#8881,.T.);
#9355=ADVANCED_FACE('',(#1311),#8882,.F.);
#9356=ADVANCED_FACE('',(#1312),#8883,.T.);
#9357=ADVANCED_FACE('',(#1313),#8884,.T.);
#9358=ADVANCED_FACE('',(#1314),#8885,.T.);
#9359=ADVANCED_FACE('',(#1315),#8886,.T.);
#9360=ADVANCED_FACE('',(#1316),#8887,.T.);
#9361=ADVANCED_FACE('',(#1317),#8888,.F.);
#9362=ADVANCED_FACE('',(#1318),#8889,.T.);
#9363=ADVANCED_FACE('',(#1319),#8890,.T.);
#9364=ADVANCED_FACE('',(#1320),#8891,.T.);
#9365=ADVANCED_FACE('',(#1321),#8892,.T.);
#9366=ADVANCED_FACE('',(#1322),#8893,.T.);
#9367=ADVANCED_FACE('',(#1323),#8894,.F.);
#9368=ADVANCED_FACE('',(#1324),#8895,.T.);
#9369=ADVANCED_FACE('',(#1325),#8896,.T.);
#9370=ADVANCED_FACE('',(#1326),#8897,.T.);
#9371=ADVANCED_FACE('',(#1327),#8898,.T.);
#9372=ADVANCED_FACE('',(#1328),#8899,.T.);
#9373=ADVANCED_FACE('',(#1329),#8900,.F.);
#9374=ADVANCED_FACE('',(#1330),#8901,.T.);
#9375=ADVANCED_FACE('',(#1331),#8902,.T.);
#9376=ADVANCED_FACE('',(#1332),#8903,.T.);
#9377=ADVANCED_FACE('',(#1333),#8904,.T.);
#9378=ADVANCED_FACE('',(#1334),#8905,.T.);
#9379=ADVANCED_FACE('',(#1335),#8906,.F.);
#9380=ADVANCED_FACE('',(#1336),#8907,.T.);
#9381=ADVANCED_FACE('',(#1337),#8908,.T.);
#9382=ADVANCED_FACE('',(#1338),#8909,.T.);
#9383=ADVANCED_FACE('',(#1339),#8910,.T.);
#9384=ADVANCED_FACE('',(#1340),#8911,.T.);
#9385=ADVANCED_FACE('',(#1341),#8912,.F.);
#9386=ADVANCED_FACE('',(#1342),#8913,.T.);
#9387=ADVANCED_FACE('',(#1343),#8914,.T.);
#9388=ADVANCED_FACE('',(#1344),#8915,.T.);
#9389=ADVANCED_FACE('',(#1345),#8916,.T.);
#9390=ADVANCED_FACE('',(#1346),#8917,.T.);
#9391=ADVANCED_FACE('',(#1347),#8918,.F.);
#9392=ADVANCED_FACE('',(#1348),#8919,.T.);
#9393=ADVANCED_FACE('',(#1349),#8920,.T.);
#9394=ADVANCED_FACE('',(#1350),#8921,.T.);
#9395=ADVANCED_FACE('',(#1351),#8922,.T.);
#9396=ADVANCED_FACE('',(#1352),#8923,.T.);
#9397=ADVANCED_FACE('',(#1353),#8924,.F.);
#9398=ADVANCED_FACE('',(#1354),#8925,.T.);
#9399=ADVANCED_FACE('',(#1355),#8926,.T.);
#9400=ADVANCED_FACE('',(#1356),#8927,.T.);
#9401=ADVANCED_FACE('',(#1357),#8928,.T.);
#9402=ADVANCED_FACE('',(#1358),#8929,.T.);
#9403=ADVANCED_FACE('',(#1359),#8930,.F.);
#9404=ADVANCED_FACE('',(#1360),#8931,.T.);
#9405=ADVANCED_FACE('',(#1361),#8932,.T.);
#9406=ADVANCED_FACE('',(#1362),#8933,.T.);
#9407=ADVANCED_FACE('',(#1363),#8934,.T.);
#9408=ADVANCED_FACE('',(#1364),#8935,.T.);
#9409=ADVANCED_FACE('',(#1365),#8936,.F.);
#9410=ADVANCED_FACE('',(#1366),#8937,.T.);
#9411=ADVANCED_FACE('',(#1367),#8938,.T.);
#9412=ADVANCED_FACE('',(#1368),#8939,.T.);
#9413=ADVANCED_FACE('',(#1369),#8940,.T.);
#9414=ADVANCED_FACE('',(#1370),#8941,.T.);
#9415=ADVANCED_FACE('',(#1371),#8942,.F.);
#9416=ADVANCED_FACE('',(#1372),#8943,.T.);
#9417=ADVANCED_FACE('',(#1373),#8944,.T.);
#9418=ADVANCED_FACE('',(#1374),#8945,.T.);
#9419=ADVANCED_FACE('',(#1375),#8946,.T.);
#9420=ADVANCED_FACE('',(#1376),#8947,.T.);
#9421=ADVANCED_FACE('',(#1377),#8948,.F.);
#9422=ADVANCED_FACE('',(#1378),#8949,.T.);
#9423=ADVANCED_FACE('',(#1379),#8950,.T.);
#9424=ADVANCED_FACE('',(#1380),#8951,.T.);
#9425=ADVANCED_FACE('',(#1381),#8952,.T.);
#9426=ADVANCED_FACE('',(#1382),#8953,.T.);
#9427=ADVANCED_FACE('',(#1383),#8954,.F.);
#9428=ADVANCED_FACE('',(#1384),#8955,.T.);
#9429=ADVANCED_FACE('',(#1385,#810),#8956,.T.);
#9430=ADVANCED_FACE('',(#1386),#738,.T.);
#9431=ADVANCED_FACE('',(#1387,#811),#8957,.T.);
#9432=ADVANCED_FACE('',(#1388),#739,.F.);
#9433=ADVANCED_FACE('',(#1389,#812),#8958,.T.);
#9434=ADVANCED_FACE('',(#1390),#740,.T.);
#9435=ADVANCED_FACE('',(#1391,#813),#8959,.T.);
#9436=ADVANCED_FACE('',(#1392),#741,.F.);
#9437=ADVANCED_FACE('',(#1393,#814),#8960,.T.);
#9438=ADVANCED_FACE('',(#1394),#742,.T.);
#9439=ADVANCED_FACE('',(#1395,#815),#8961,.T.);
#9440=ADVANCED_FACE('',(#1396),#743,.F.);
#9441=ADVANCED_FACE('',(#1397),#8962,.F.);
#9442=ADVANCED_FACE('',(#1398),#8963,.F.);
#9443=ADVANCED_FACE('',(#1399),#744,.T.);
#9444=ADVANCED_FACE('',(#1400),#745,.F.);
#9445=ADVANCED_FACE('',(#1401),#8964,.T.);
#9446=ADVANCED_FACE('',(#1402),#8965,.F.);
#9447=ADVANCED_FACE('',(#1403),#8966,.F.);
#9448=ADVANCED_FACE('',(#1404),#746,.T.);
#9449=ADVANCED_FACE('',(#1405),#8967,.F.);
#9450=ADVANCED_FACE('',(#1406),#8968,.F.);
#9451=ADVANCED_FACE('',(#1407),#8969,.F.);
#9452=ADVANCED_FACE('',(#1408),#747,.T.);
#9453=ADVANCED_FACE('',(#1409),#748,.F.);
#9454=ADVANCED_FACE('',(#1410),#8970,.F.);
#9455=ADVANCED_FACE('',(#1411),#8971,.F.);
#9456=ADVANCED_FACE('',(#1412),#749,.F.);
#9457=ADVANCED_FACE('',(#1413),#750,.T.);
#9458=ADVANCED_FACE('',(#1414),#8972,.F.);
#9459=ADVANCED_FACE('',(#1415),#8973,.F.);
#9460=ADVANCED_FACE('',(#1416),#751,.T.);
#9461=ADVANCED_FACE('',(#1417),#752,.T.);
#9462=ADVANCED_FACE('',(#1418),#8974,.T.);
#9463=ADVANCED_FACE('',(#1419),#8975,.T.);
#9464=ADVANCED_FACE('',(#1420),#753,.F.);
#9465=ADVANCED_FACE('',(#1421),#754,.T.);
#9466=ADVANCED_FACE('',(#1422),#8976,.F.);
#9467=ADVANCED_FACE('',(#1423),#8977,.T.);
#9468=ADVANCED_FACE('',(#1424),#755,.T.);
#9469=ADVANCED_FACE('',(#1425),#756,.F.);
#9470=ADVANCED_FACE('',(#1426),#8978,.T.);
#9471=ADVANCED_FACE('',(#1427),#8979,.T.);
#9472=ADVANCED_FACE('',(#1428),#757,.F.);
#9473=ADVANCED_FACE('',(#1429),#758,.T.);
#9474=ADVANCED_FACE('',(#1430),#8980,.F.);
#9475=ADVANCED_FACE('',(#1431),#8981,.F.);
#9476=ADVANCED_FACE('',(#1432),#759,.T.);
#9477=ADVANCED_FACE('',(#1433),#760,.F.);
#9478=ADVANCED_FACE('',(#1434),#8982,.T.);
#9479=ADVANCED_FACE('',(#1435),#8983,.T.);
#9480=ADVANCED_FACE('',(#1436),#761,.F.);
#9481=ADVANCED_FACE('',(#1437),#762,.T.);
#9482=ADVANCED_FACE('',(#1438),#8984,.F.);
#9483=CLOSED_SHELL('',(#8985,#8986,#8987,#8988,#8989,#8990,#8991,#8992,
#8993,#8994,#8995,#8996,#8997,#8998,#8999,#9000,#9001,#9002,#9003,#9004,
#9005,#9006,#9007,#9008,#9009));
#9484=CLOSED_SHELL('',(#9010,#9011,#9012,#9013,#9014,#9015,#9016,#9017,
#9018,#9019,#9020,#9021,#9022,#9023));
#9485=CLOSED_SHELL('',(#9024,#9025,#9026,#9027,#9028,#9029,#9030,#9031,
#9032,#9033,#9034,#9035,#9036,#9037));
#9486=CLOSED_SHELL('',(#9038,#9039));
#9487=CLOSED_SHELL('',(#9040,#9041,#9042,#9043,#9044,#9045,#9046,#9047,
#9048,#9049,#9050,#9051,#9052,#9053));
#9488=CLOSED_SHELL('',(#9054,#9055,#9056,#9057,#9058,#9059,#9060,#9061,
#9062,#9063,#9064,#9065,#9066,#9067));
#9489=CLOSED_SHELL('',(#9068,#9069));
#9490=CLOSED_SHELL('',(#9070,#9071,#9072,#9073,#9074,#9075));
#9491=CLOSED_SHELL('',(#9076,#9077,#9078,#9079,#9080,#9081));
#9492=CLOSED_SHELL('',(#9082,#9083,#9084,#9085,#9086,#9087));
#9493=CLOSED_SHELL('',(#9088,#9089,#9090,#9091,#9092,#9093));
#9494=CLOSED_SHELL('',(#9094,#9095,#9096,#9097,#9098,#9099,#9100,#9101,
#9102,#9103,#9104,#9105,#9106,#9107,#9108,#9109,#9110,#9111,#9112,#9113,
#9114,#9115,#9116,#9117,#9118,#9119,#9120,#9121,#9122,#9123,#9124,#9125,
#9126,#9127,#9128,#9129,#9130,#9131,#9132,#9133));
#9495=CLOSED_SHELL('',(#9134,#9135,#9136,#9137,#9138,#9139,#9140,#9141,
#9142,#9143,#9144,#9145,#9146,#9147,#9148,#9149,#9150,#9151,#9152,#9153,
#9154,#9155,#9156,#9157,#9158,#9159,#9160,#9161,#9162,#9163,#9164,#9165,
#9166,#9167,#9168,#9169,#9170,#9171,#9172,#9173,#9174,#9175,#9176,#9177,
#9178,#9179,#9180,#9181,#9182,#9183,#9184,#9185,#9186,#9187,#9188,#9189,
#9190,#9191,#9192,#9193,#9194,#9195,#9196,#9197,#9198,#9199,#9200,#9201,
#9202,#9203,#9204,#9205,#9206,#9207,#9208,#9209,#9210,#9211,#9212,#9213,
#9214,#9215,#9216,#9217,#9218,#9219,#9220,#9221,#9222,#9223,#9224,#9225,
#9226,#9227,#9228,#9229,#9230,#9231,#9232,#9233,#9234,#9235,#9236,#9237,
#9238,#9239,#9240,#9241,#9242,#9243,#9244,#9245,#9246,#9247,#9248,#9249,
#9250,#9251,#9252,#9253));
#9496=CLOSED_SHELL('',(#9254,#9255,#9256,#9257,#9258,#9259,#9260));
#9497=CLOSED_SHELL('',(#9261,#9262,#9263,#9264,#9265,#9266));
#9498=CLOSED_SHELL('',(#9267,#9268,#9269,#9270,#9271,#9272));
#9499=CLOSED_SHELL('',(#9273,#9274,#9275,#9276,#9277,#9278));
#9500=CLOSED_SHELL('',(#9279,#9280,#9281,#9282,#9283,#9284));
#9501=CLOSED_SHELL('',(#9285,#9286,#9287,#9288,#9289,#9290));
#9502=CLOSED_SHELL('',(#9291,#9292,#9293,#9294,#9295,#9296));
#9503=CLOSED_SHELL('',(#9297,#9298,#9299,#9300,#9301,#9302));
#9504=CLOSED_SHELL('',(#9303,#9304,#9305,#9306,#9307,#9308));
#9505=CLOSED_SHELL('',(#9309,#9310,#9311,#9312,#9313,#9314));
#9506=CLOSED_SHELL('',(#9315,#9316,#9317,#9318,#9319,#9320));
#9507=CLOSED_SHELL('',(#9321,#9322,#9323,#9324,#9325,#9326));
#9508=CLOSED_SHELL('',(#9327,#9328,#9329,#9330,#9331,#9332));
#9509=CLOSED_SHELL('',(#9333,#9334,#9335,#9336,#9337,#9338));
#9510=CLOSED_SHELL('',(#9339,#9340,#9341,#9342,#9343,#9344));
#9511=CLOSED_SHELL('',(#9345,#9346,#9347,#9348,#9349,#9350));
#9512=CLOSED_SHELL('',(#9351,#9352,#9353,#9354,#9355,#9356));
#9513=CLOSED_SHELL('',(#9357,#9358,#9359,#9360,#9361,#9362));
#9514=CLOSED_SHELL('',(#9363,#9364,#9365,#9366,#9367,#9368));
#9515=CLOSED_SHELL('',(#9369,#9370,#9371,#9372,#9373,#9374));
#9516=CLOSED_SHELL('',(#9375,#9376,#9377,#9378,#9379,#9380));
#9517=CLOSED_SHELL('',(#9381,#9382,#9383,#9384,#9385,#9386));
#9518=CLOSED_SHELL('',(#9387,#9388,#9389,#9390,#9391,#9392));
#9519=CLOSED_SHELL('',(#9393,#9394,#9395,#9396,#9397,#9398));
#9520=CLOSED_SHELL('',(#9399,#9400,#9401,#9402,#9403,#9404));
#9521=CLOSED_SHELL('',(#9405,#9406,#9407,#9408,#9409,#9410));
#9522=CLOSED_SHELL('',(#9411,#9412,#9413,#9414,#9415,#9416));
#9523=CLOSED_SHELL('',(#9417,#9418,#9419,#9420,#9421,#9422));
#9524=CLOSED_SHELL('',(#9423,#9424,#9425,#9426,#9427,#9428));
#9525=CLOSED_SHELL('',(#9429,#9430,#9431,#9432));
#9526=CLOSED_SHELL('',(#9433,#9434,#9435,#9436));
#9527=CLOSED_SHELL('',(#9437,#9438,#9439,#9440));
#9528=CLOSED_SHELL('',(#9441,#9442,#9443,#9444,#9445,#9446,#9447,#9448,
#9449,#9450,#9451,#9452,#9453,#9454,#9455,#9456,#9457,#9458,#9459,#9460,
#9461,#9462,#9463,#9464,#9465,#9466,#9467,#9468,#9469,#9470,#9471,#9472,
#9473,#9474,#9475,#9476,#9477,#9478,#9479,#9480,#9481,#9482));
#9529=DERIVED_UNIT_ELEMENT(#9617,1.);
#9530=DERIVED_UNIT_ELEMENT(#16840,-3.);
#9531=DERIVED_UNIT_ELEMENT(#9617,1.);
#9532=DERIVED_UNIT_ELEMENT(#16840,-3.);
#9533=DERIVED_UNIT_ELEMENT(#9617,1.);
#9534=DERIVED_UNIT_ELEMENT(#16840,-3.);
#9535=DERIVED_UNIT_ELEMENT(#9617,1.);
#9536=DERIVED_UNIT_ELEMENT(#16840,-3.);
#9537=DERIVED_UNIT_ELEMENT(#9617,1.);
#9538=DERIVED_UNIT_ELEMENT(#16840,-3.);
#9539=DERIVED_UNIT_ELEMENT(#9617,1.);
#9540=DERIVED_UNIT_ELEMENT(#16840,-3.);
#9541=DERIVED_UNIT_ELEMENT(#9617,1.);
#9542=DERIVED_UNIT_ELEMENT(#16840,-3.);
#9543=DERIVED_UNIT_ELEMENT(#9617,1.);
#9544=DERIVED_UNIT_ELEMENT(#16840,-3.);
#9545=DERIVED_UNIT_ELEMENT(#9617,1.);
#9546=DERIVED_UNIT_ELEMENT(#16840,-3.);
#9547=DERIVED_UNIT_ELEMENT(#9617,1.);
#9548=DERIVED_UNIT_ELEMENT(#16840,-3.);
#9549=DERIVED_UNIT_ELEMENT(#9617,1.);
#9550=DERIVED_UNIT_ELEMENT(#16840,-3.);
#9551=DERIVED_UNIT_ELEMENT(#9617,1.);
#9552=DERIVED_UNIT_ELEMENT(#16840,-3.);
#9553=DERIVED_UNIT_ELEMENT(#9617,1.);
#9554=DERIVED_UNIT_ELEMENT(#16840,-3.);
#9555=DERIVED_UNIT_ELEMENT(#9617,1.);
#9556=DERIVED_UNIT_ELEMENT(#16840,-3.);
#9557=DERIVED_UNIT_ELEMENT(#9617,1.);
#9558=DERIVED_UNIT_ELEMENT(#16840,-3.);
#9559=DERIVED_UNIT_ELEMENT(#9617,1.);
#9560=DERIVED_UNIT_ELEMENT(#16840,-3.);
#9561=DERIVED_UNIT_ELEMENT(#9617,1.);
#9562=DERIVED_UNIT_ELEMENT(#16840,-3.);
#9563=DERIVED_UNIT_ELEMENT(#9617,1.);
#9564=DERIVED_UNIT_ELEMENT(#16840,-3.);
#9565=DERIVED_UNIT_ELEMENT(#9617,1.);
#9566=DERIVED_UNIT_ELEMENT(#16840,-3.);
#9567=DERIVED_UNIT_ELEMENT(#9617,1.);
#9568=DERIVED_UNIT_ELEMENT(#16840,-3.);
#9569=DERIVED_UNIT_ELEMENT(#9617,1.);
#9570=DERIVED_UNIT_ELEMENT(#16840,-3.);
#9571=DERIVED_UNIT_ELEMENT(#9617,1.);
#9572=DERIVED_UNIT_ELEMENT(#16840,-3.);
#9573=DERIVED_UNIT_ELEMENT(#9617,1.);
#9574=DERIVED_UNIT_ELEMENT(#16840,-3.);
#9575=DERIVED_UNIT_ELEMENT(#9617,1.);
#9576=DERIVED_UNIT_ELEMENT(#16840,-3.);
#9577=DERIVED_UNIT_ELEMENT(#9617,1.);
#9578=DERIVED_UNIT_ELEMENT(#16840,-3.);
#9579=DERIVED_UNIT_ELEMENT(#9617,1.);
#9580=DERIVED_UNIT_ELEMENT(#16840,-3.);
#9581=DERIVED_UNIT_ELEMENT(#9617,1.);
#9582=DERIVED_UNIT_ELEMENT(#16840,-3.);
#9583=DERIVED_UNIT_ELEMENT(#9617,1.);
#9584=DERIVED_UNIT_ELEMENT(#16840,-3.);
#9585=DERIVED_UNIT_ELEMENT(#9617,1.);
#9586=DERIVED_UNIT_ELEMENT(#16840,-3.);
#9587=DERIVED_UNIT_ELEMENT(#9617,1.);
#9588=DERIVED_UNIT_ELEMENT(#16840,-3.);
#9589=DERIVED_UNIT_ELEMENT(#9617,1.);
#9590=DERIVED_UNIT_ELEMENT(#16840,-3.);
#9591=DERIVED_UNIT_ELEMENT(#9617,1.);
#9592=DERIVED_UNIT_ELEMENT(#16840,-3.);
#9593=DERIVED_UNIT_ELEMENT(#9617,1.);
#9594=DERIVED_UNIT_ELEMENT(#16840,-3.);
#9595=DERIVED_UNIT_ELEMENT(#9617,1.);
#9596=DERIVED_UNIT_ELEMENT(#16840,-3.);
#9597=DERIVED_UNIT_ELEMENT(#9617,1.);
#9598=DERIVED_UNIT_ELEMENT(#16840,-3.);
#9599=DERIVED_UNIT_ELEMENT(#9617,1.);
#9600=DERIVED_UNIT_ELEMENT(#16840,-3.);
#9601=DERIVED_UNIT_ELEMENT(#9617,1.);
#9602=DERIVED_UNIT_ELEMENT(#16840,-3.);
#9603=DERIVED_UNIT_ELEMENT(#9617,1.);
#9604=DERIVED_UNIT_ELEMENT(#16840,-3.);
#9605=DERIVED_UNIT_ELEMENT(#9617,1.);
#9606=DERIVED_UNIT_ELEMENT(#16840,-3.);
#9607=DERIVED_UNIT_ELEMENT(#9617,1.);
#9608=DERIVED_UNIT_ELEMENT(#16840,-3.);
#9609=DERIVED_UNIT_ELEMENT(#9617,1.);
#9610=DERIVED_UNIT_ELEMENT(#16840,-3.);
#9611=DERIVED_UNIT_ELEMENT(#9617,1.);
#9612=DERIVED_UNIT_ELEMENT(#16840,-3.);
#9613=DERIVED_UNIT_ELEMENT(#9617,1.);
#9614=DERIVED_UNIT_ELEMENT(#16840,-3.);
#9615=DERIVED_UNIT_ELEMENT(#9617,1.);
#9616=DERIVED_UNIT_ELEMENT(#16840,-3.);
#9617=(
MASS_UNIT()
NAMED_UNIT(*)
SI_UNIT(.KILO.,.GRAM.)
);
#9618=DERIVED_UNIT((#9529,#9530));
#9619=DERIVED_UNIT((#9531,#9532));
#9620=DERIVED_UNIT((#9533,#9534));
#9621=DERIVED_UNIT((#9535,#9536));
#9622=DERIVED_UNIT((#9537,#9538));
#9623=DERIVED_UNIT((#9539,#9540));
#9624=DERIVED_UNIT((#9541,#9542));
#9625=DERIVED_UNIT((#9543,#9544));
#9626=DERIVED_UNIT((#9545,#9546));
#9627=DERIVED_UNIT((#9547,#9548));
#9628=DERIVED_UNIT((#9549,#9550));
#9629=DERIVED_UNIT((#9551,#9552));
#9630=DERIVED_UNIT((#9553,#9554));
#9631=DERIVED_UNIT((#9555,#9556));
#9632=DERIVED_UNIT((#9557,#9558));
#9633=DERIVED_UNIT((#9559,#9560));
#9634=DERIVED_UNIT((#9561,#9562));
#9635=DERIVED_UNIT((#9563,#9564));
#9636=DERIVED_UNIT((#9565,#9566));
#9637=DERIVED_UNIT((#9567,#9568));
#9638=DERIVED_UNIT((#9569,#9570));
#9639=DERIVED_UNIT((#9571,#9572));
#9640=DERIVED_UNIT((#9573,#9574));
#9641=DERIVED_UNIT((#9575,#9576));
#9642=DERIVED_UNIT((#9577,#9578));
#9643=DERIVED_UNIT((#9579,#9580));
#9644=DERIVED_UNIT((#9581,#9582));
#9645=DERIVED_UNIT((#9583,#9584));
#9646=DERIVED_UNIT((#9585,#9586));
#9647=DERIVED_UNIT((#9587,#9588));
#9648=DERIVED_UNIT((#9589,#9590));
#9649=DERIVED_UNIT((#9591,#9592));
#9650=DERIVED_UNIT((#9593,#9594));
#9651=DERIVED_UNIT((#9595,#9596));
#9652=DERIVED_UNIT((#9597,#9598));
#9653=DERIVED_UNIT((#9599,#9600));
#9654=DERIVED_UNIT((#9601,#9602));
#9655=DERIVED_UNIT((#9603,#9604));
#9656=DERIVED_UNIT((#9605,#9606));
#9657=DERIVED_UNIT((#9607,#9608));
#9658=DERIVED_UNIT((#9609,#9610));
#9659=DERIVED_UNIT((#9611,#9612));
#9660=DERIVED_UNIT((#9613,#9614));
#9661=DERIVED_UNIT((#9615,#9616));
#9662=MEASURE_REPRESENTATION_ITEM('density measure',
POSITIVE_RATIO_MEASURE(7850.),#9618);
#9663=MEASURE_REPRESENTATION_ITEM('density measure',
POSITIVE_RATIO_MEASURE(7850.),#9619);
#9664=MEASURE_REPRESENTATION_ITEM('density measure',
POSITIVE_RATIO_MEASURE(7850.),#9620);
#9665=MEASURE_REPRESENTATION_ITEM('density measure',
POSITIVE_RATIO_MEASURE(7850.),#9621);
#9666=MEASURE_REPRESENTATION_ITEM('density measure',
POSITIVE_RATIO_MEASURE(7850.),#9622);
#9667=MEASURE_REPRESENTATION_ITEM('density measure',
POSITIVE_RATIO_MEASURE(7850.),#9623);
#9668=MEASURE_REPRESENTATION_ITEM('density measure',
POSITIVE_RATIO_MEASURE(7850.),#9624);
#9669=MEASURE_REPRESENTATION_ITEM('density measure',
POSITIVE_RATIO_MEASURE(7850.),#9625);
#9670=MEASURE_REPRESENTATION_ITEM('density measure',
POSITIVE_RATIO_MEASURE(7850.),#9626);
#9671=MEASURE_REPRESENTATION_ITEM('density measure',
POSITIVE_RATIO_MEASURE(7850.),#9627);
#9672=MEASURE_REPRESENTATION_ITEM('density measure',
POSITIVE_RATIO_MEASURE(7850.),#9628);
#9673=MEASURE_REPRESENTATION_ITEM('density measure',
POSITIVE_RATIO_MEASURE(7850.),#9629);
#9674=MEASURE_REPRESENTATION_ITEM('density measure',
POSITIVE_RATIO_MEASURE(7850.),#9630);
#9675=MEASURE_REPRESENTATION_ITEM('density measure',
POSITIVE_RATIO_MEASURE(7850.),#9631);
#9676=MEASURE_REPRESENTATION_ITEM('density measure',
POSITIVE_RATIO_MEASURE(7850.),#9632);
#9677=MEASURE_REPRESENTATION_ITEM('density measure',
POSITIVE_RATIO_MEASURE(7850.),#9633);
#9678=MEASURE_REPRESENTATION_ITEM('density measure',
POSITIVE_RATIO_MEASURE(7850.),#9634);
#9679=MEASURE_REPRESENTATION_ITEM('density measure',
POSITIVE_RATIO_MEASURE(7850.),#9635);
#9680=MEASURE_REPRESENTATION_ITEM('density measure',
POSITIVE_RATIO_MEASURE(7850.),#9636);
#9681=MEASURE_REPRESENTATION_ITEM('density measure',
POSITIVE_RATIO_MEASURE(7850.),#9637);
#9682=MEASURE_REPRESENTATION_ITEM('density measure',
POSITIVE_RATIO_MEASURE(7850.),#9638);
#9683=MEASURE_REPRESENTATION_ITEM('density measure',
POSITIVE_RATIO_MEASURE(7850.),#9639);
#9684=MEASURE_REPRESENTATION_ITEM('density measure',
POSITIVE_RATIO_MEASURE(7850.),#9640);
#9685=MEASURE_REPRESENTATION_ITEM('density measure',
POSITIVE_RATIO_MEASURE(7850.),#9641);
#9686=MEASURE_REPRESENTATION_ITEM('density measure',
POSITIVE_RATIO_MEASURE(7850.),#9642);
#9687=MEASURE_REPRESENTATION_ITEM('density measure',
POSITIVE_RATIO_MEASURE(7850.),#9643);
#9688=MEASURE_REPRESENTATION_ITEM('density measure',
POSITIVE_RATIO_MEASURE(7850.),#9644);
#9689=MEASURE_REPRESENTATION_ITEM('density measure',
POSITIVE_RATIO_MEASURE(7850.),#9645);
#9690=MEASURE_REPRESENTATION_ITEM('density measure',
POSITIVE_RATIO_MEASURE(7850.),#9646);
#9691=MEASURE_REPRESENTATION_ITEM('density measure',
POSITIVE_RATIO_MEASURE(7850.),#9647);
#9692=MEASURE_REPRESENTATION_ITEM('density measure',
POSITIVE_RATIO_MEASURE(7850.),#9648);
#9693=MEASURE_REPRESENTATION_ITEM('density measure',
POSITIVE_RATIO_MEASURE(7850.),#9649);
#9694=MEASURE_REPRESENTATION_ITEM('density measure',
POSITIVE_RATIO_MEASURE(7850.),#9650);
#9695=MEASURE_REPRESENTATION_ITEM('density measure',
POSITIVE_RATIO_MEASURE(7850.),#9651);
#9696=MEASURE_REPRESENTATION_ITEM('density measure',
POSITIVE_RATIO_MEASURE(7850.),#9652);
#9697=MEASURE_REPRESENTATION_ITEM('density measure',
POSITIVE_RATIO_MEASURE(7850.),#9653);
#9698=MEASURE_REPRESENTATION_ITEM('density measure',
POSITIVE_RATIO_MEASURE(7850.),#9654);
#9699=MEASURE_REPRESENTATION_ITEM('density measure',
POSITIVE_RATIO_MEASURE(7850.),#9655);
#9700=MEASURE_REPRESENTATION_ITEM('density measure',
POSITIVE_RATIO_MEASURE(7850.),#9656);
#9701=MEASURE_REPRESENTATION_ITEM('density measure',
POSITIVE_RATIO_MEASURE(7850.),#9657);
#9702=MEASURE_REPRESENTATION_ITEM('density measure',
POSITIVE_RATIO_MEASURE(7850.),#9658);
#9703=MEASURE_REPRESENTATION_ITEM('density measure',
POSITIVE_RATIO_MEASURE(7850.),#9659);
#9704=MEASURE_REPRESENTATION_ITEM('density measure',
POSITIVE_RATIO_MEASURE(7850.),#9660);
#9705=MEASURE_REPRESENTATION_ITEM('density measure',
POSITIVE_RATIO_MEASURE(7850.),#9661);
#9706=PROPERTY_DEFINITION_REPRESENTATION(#9926,#9794);
#9707=PROPERTY_DEFINITION_REPRESENTATION(#9927,#9795);
#9708=PROPERTY_DEFINITION_REPRESENTATION(#9928,#9796);
#9709=PROPERTY_DEFINITION_REPRESENTATION(#9929,#9797);
#9710=PROPERTY_DEFINITION_REPRESENTATION(#9930,#9798);
#9711=PROPERTY_DEFINITION_REPRESENTATION(#9931,#9799);
#9712=PROPERTY_DEFINITION_REPRESENTATION(#9932,#9800);
#9713=PROPERTY_DEFINITION_REPRESENTATION(#9933,#9801);
#9714=PROPERTY_DEFINITION_REPRESENTATION(#9934,#9802);
#9715=PROPERTY_DEFINITION_REPRESENTATION(#9935,#9803);
#9716=PROPERTY_DEFINITION_REPRESENTATION(#9936,#9804);
#9717=PROPERTY_DEFINITION_REPRESENTATION(#9937,#9805);
#9718=PROPERTY_DEFINITION_REPRESENTATION(#9938,#9806);
#9719=PROPERTY_DEFINITION_REPRESENTATION(#9939,#9807);
#9720=PROPERTY_DEFINITION_REPRESENTATION(#9940,#9808);
#9721=PROPERTY_DEFINITION_REPRESENTATION(#9941,#9809);
#9722=PROPERTY_DEFINITION_REPRESENTATION(#9942,#9810);
#9723=PROPERTY_DEFINITION_REPRESENTATION(#9943,#9811);
#9724=PROPERTY_DEFINITION_REPRESENTATION(#9944,#9812);
#9725=PROPERTY_DEFINITION_REPRESENTATION(#9945,#9813);
#9726=PROPERTY_DEFINITION_REPRESENTATION(#9946,#9814);
#9727=PROPERTY_DEFINITION_REPRESENTATION(#9947,#9815);
#9728=PROPERTY_DEFINITION_REPRESENTATION(#9948,#9816);
#9729=PROPERTY_DEFINITION_REPRESENTATION(#9949,#9817);
#9730=PROPERTY_DEFINITION_REPRESENTATION(#9950,#9818);
#9731=PROPERTY_DEFINITION_REPRESENTATION(#9951,#9819);
#9732=PROPERTY_DEFINITION_REPRESENTATION(#9952,#9820);
#9733=PROPERTY_DEFINITION_REPRESENTATION(#9953,#9821);
#9734=PROPERTY_DEFINITION_REPRESENTATION(#9954,#9822);
#9735=PROPERTY_DEFINITION_REPRESENTATION(#9955,#9823);
#9736=PROPERTY_DEFINITION_REPRESENTATION(#9956,#9824);
#9737=PROPERTY_DEFINITION_REPRESENTATION(#9957,#9825);
#9738=PROPERTY_DEFINITION_REPRESENTATION(#9958,#9826);
#9739=PROPERTY_DEFINITION_REPRESENTATION(#9959,#9827);
#9740=PROPERTY_DEFINITION_REPRESENTATION(#9960,#9828);
#9741=PROPERTY_DEFINITION_REPRESENTATION(#9961,#9829);
#9742=PROPERTY_DEFINITION_REPRESENTATION(#9962,#9830);
#9743=PROPERTY_DEFINITION_REPRESENTATION(#9963,#9831);
#9744=PROPERTY_DEFINITION_REPRESENTATION(#9964,#9832);
#9745=PROPERTY_DEFINITION_REPRESENTATION(#9965,#9833);
#9746=PROPERTY_DEFINITION_REPRESENTATION(#9966,#9834);
#9747=PROPERTY_DEFINITION_REPRESENTATION(#9967,#9835);
#9748=PROPERTY_DEFINITION_REPRESENTATION(#9968,#9836);
#9749=PROPERTY_DEFINITION_REPRESENTATION(#9969,#9837);
#9750=PROPERTY_DEFINITION_REPRESENTATION(#9970,#9838);
#9751=PROPERTY_DEFINITION_REPRESENTATION(#9971,#9839);
#9752=PROPERTY_DEFINITION_REPRESENTATION(#9972,#9840);
#9753=PROPERTY_DEFINITION_REPRESENTATION(#9973,#9841);
#9754=PROPERTY_DEFINITION_REPRESENTATION(#9974,#9842);
#9755=PROPERTY_DEFINITION_REPRESENTATION(#9975,#9843);
#9756=PROPERTY_DEFINITION_REPRESENTATION(#9976,#9844);
#9757=PROPERTY_DEFINITION_REPRESENTATION(#9977,#9845);
#9758=PROPERTY_DEFINITION_REPRESENTATION(#9978,#9846);
#9759=PROPERTY_DEFINITION_REPRESENTATION(#9979,#9847);
#9760=PROPERTY_DEFINITION_REPRESENTATION(#9980,#9848);
#9761=PROPERTY_DEFINITION_REPRESENTATION(#9981,#9849);
#9762=PROPERTY_DEFINITION_REPRESENTATION(#9982,#9850);
#9763=PROPERTY_DEFINITION_REPRESENTATION(#9983,#9851);
#9764=PROPERTY_DEFINITION_REPRESENTATION(#9984,#9852);
#9765=PROPERTY_DEFINITION_REPRESENTATION(#9985,#9853);
#9766=PROPERTY_DEFINITION_REPRESENTATION(#9986,#9854);
#9767=PROPERTY_DEFINITION_REPRESENTATION(#9987,#9855);
#9768=PROPERTY_DEFINITION_REPRESENTATION(#9988,#9856);
#9769=PROPERTY_DEFINITION_REPRESENTATION(#9989,#9857);
#9770=PROPERTY_DEFINITION_REPRESENTATION(#9990,#9858);
#9771=PROPERTY_DEFINITION_REPRESENTATION(#9991,#9859);
#9772=PROPERTY_DEFINITION_REPRESENTATION(#9992,#9860);
#9773=PROPERTY_DEFINITION_REPRESENTATION(#9993,#9861);
#9774=PROPERTY_DEFINITION_REPRESENTATION(#9994,#9862);
#9775=PROPERTY_DEFINITION_REPRESENTATION(#9995,#9863);
#9776=PROPERTY_DEFINITION_REPRESENTATION(#9996,#9864);
#9777=PROPERTY_DEFINITION_REPRESENTATION(#9997,#9865);
#9778=PROPERTY_DEFINITION_REPRESENTATION(#9998,#9866);
#9779=PROPERTY_DEFINITION_REPRESENTATION(#9999,#9867);
#9780=PROPERTY_DEFINITION_REPRESENTATION(#10000,#9868);
#9781=PROPERTY_DEFINITION_REPRESENTATION(#10001,#9869);
#9782=PROPERTY_DEFINITION_REPRESENTATION(#10002,#9870);
#9783=PROPERTY_DEFINITION_REPRESENTATION(#10003,#9871);
#9784=PROPERTY_DEFINITION_REPRESENTATION(#10004,#9872);
#9785=PROPERTY_DEFINITION_REPRESENTATION(#10005,#9873);
#9786=PROPERTY_DEFINITION_REPRESENTATION(#10006,#9874);
#9787=PROPERTY_DEFINITION_REPRESENTATION(#10007,#9875);
#9788=PROPERTY_DEFINITION_REPRESENTATION(#10008,#9876);
#9789=PROPERTY_DEFINITION_REPRESENTATION(#10009,#9877);
#9790=PROPERTY_DEFINITION_REPRESENTATION(#10010,#9878);
#9791=PROPERTY_DEFINITION_REPRESENTATION(#10011,#9879);
#9792=PROPERTY_DEFINITION_REPRESENTATION(#10012,#9880);
#9793=PROPERTY_DEFINITION_REPRESENTATION(#10013,#9881);
#9794=REPRESENTATION('material name',(#9882),#16768);
#9795=REPRESENTATION('density',(#9662),#16768);
#9796=REPRESENTATION('material name',(#9883),#16771);
#9797=REPRESENTATION('density',(#9663),#16771);
#9798=REPRESENTATION('material name',(#9884),#16773);
#9799=REPRESENTATION('density',(#9664),#16773);
#9800=REPRESENTATION('material name',(#9885),#16775);
#9801=REPRESENTATION('density',(#9665),#16775);
#9802=REPRESENTATION('material name',(#9886),#16778);
#9803=REPRESENTATION('density',(#9666),#16778);
#9804=REPRESENTATION('material name',(#9887),#16780);
#9805=REPRESENTATION('density',(#9667),#16780);
#9806=REPRESENTATION('material name',(#9888),#16782);
#9807=REPRESENTATION('density',(#9668),#16782);
#9808=REPRESENTATION('material name',(#9889),#16784);
#9809=REPRESENTATION('density',(#9669),#16784);
#9810=REPRESENTATION('material name',(#9890),#16785);
#9811=REPRESENTATION('density',(#9670),#16785);
#9812=REPRESENTATION('material name',(#9891),#16786);
#9813=REPRESENTATION('density',(#9671),#16786);
#9814=REPRESENTATION('material name',(#9892),#16787);
#9815=REPRESENTATION('density',(#9672),#16787);
#9816=REPRESENTATION('material name',(#9893),#16788);
#9817=REPRESENTATION('density',(#9673),#16788);
#9818=REPRESENTATION('material name',(#9894),#16790);
#9819=REPRESENTATION('density',(#9674),#16790);
#9820=REPRESENTATION('material name',(#9895),#16793);
#9821=REPRESENTATION('density',(#9675),#16793);
#9822=REPRESENTATION('material name',(#9896),#16795);
#9823=REPRESENTATION('density',(#9676),#16795);
#9824=REPRESENTATION('material name',(#9897),#16796);
#9825=REPRESENTATION('density',(#9677),#16796);
#9826=REPRESENTATION('material name',(#9898),#16798);
#9827=REPRESENTATION('density',(#9678),#16798);
#9828=REPRESENTATION('material name',(#9899),#16799);
#9829=REPRESENTATION('density',(#9679),#16799);
#9830=REPRESENTATION('material name',(#9900),#16801);
#9831=REPRESENTATION('density',(#9680),#16801);
#9832=REPRESENTATION('material name',(#9901),#16802);
#9833=REPRESENTATION('density',(#9681),#16802);
#9834=REPRESENTATION('material name',(#9902),#16804);
#9835=REPRESENTATION('density',(#9682),#16804);
#9836=REPRESENTATION('material name',(#9903),#16805);
#9837=REPRESENTATION('density',(#9683),#16805);
#9838=REPRESENTATION('material name',(#9904),#16807);
#9839=REPRESENTATION('density',(#9684),#16807);
#9840=REPRESENTATION('material name',(#9905),#16808);
#9841=REPRESENTATION('density',(#9685),#16808);
#9842=REPRESENTATION('material name',(#9906),#16810);
#9843=REPRESENTATION('density',(#9686),#16810);
#9844=REPRESENTATION('material name',(#9907),#16811);
#9845=REPRESENTATION('density',(#9687),#16811);
#9846=REPRESENTATION('material name',(#9908),#16813);
#9847=REPRESENTATION('density',(#9688),#16813);
#9848=REPRESENTATION('material name',(#9909),#16814);
#9849=REPRESENTATION('density',(#9689),#16814);
#9850=REPRESENTATION('material name',(#9910),#16816);
#9851=REPRESENTATION('density',(#9690),#16816);
#9852=REPRESENTATION('material name',(#9911),#16817);
#9853=REPRESENTATION('density',(#9691),#16817);
#9854=REPRESENTATION('material name',(#9912),#16819);
#9855=REPRESENTATION('density',(#9692),#16819);
#9856=REPRESENTATION('material name',(#9913),#16820);
#9857=REPRESENTATION('density',(#9693),#16820);
#9858=REPRESENTATION('material name',(#9914),#16822);
#9859=REPRESENTATION('density',(#9694),#16822);
#9860=REPRESENTATION('material name',(#9915),#16823);
#9861=REPRESENTATION('density',(#9695),#16823);
#9862=REPRESENTATION('material name',(#9916),#16825);
#9863=REPRESENTATION('density',(#9696),#16825);
#9864=REPRESENTATION('material name',(#9917),#16826);
#9865=REPRESENTATION('density',(#9697),#16826);
#9866=REPRESENTATION('material name',(#9918),#16828);
#9867=REPRESENTATION('density',(#9698),#16828);
#9868=REPRESENTATION('material name',(#9919),#16829);
#9869=REPRESENTATION('density',(#9699),#16829);
#9870=REPRESENTATION('material name',(#9920),#16831);
#9871=REPRESENTATION('density',(#9700),#16831);
#9872=REPRESENTATION('material name',(#9921),#16832);
#9873=REPRESENTATION('density',(#9701),#16832);
#9874=REPRESENTATION('material name',(#9922),#16834);
#9875=REPRESENTATION('density',(#9702),#16834);
#9876=REPRESENTATION('material name',(#9923),#16835);
#9877=REPRESENTATION('density',(#9703),#16835);
#9878=REPRESENTATION('material name',(#9924),#16836);
#9879=REPRESENTATION('density',(#9704),#16836);
#9880=REPRESENTATION('material name',(#9925),#16837);
#9881=REPRESENTATION('density',(#9705),#16837);
#9882=DESCRIPTIVE_REPRESENTATION_ITEM('Steel','Steel');
#9883=DESCRIPTIVE_REPRESENTATION_ITEM('Steel','Steel');
#9884=DESCRIPTIVE_REPRESENTATION_ITEM('Steel','Steel');
#9885=DESCRIPTIVE_REPRESENTATION_ITEM('Steel','Steel');
#9886=DESCRIPTIVE_REPRESENTATION_ITEM('Steel','Steel');
#9887=DESCRIPTIVE_REPRESENTATION_ITEM('Steel','Steel');
#9888=DESCRIPTIVE_REPRESENTATION_ITEM('Steel','Steel');
#9889=DESCRIPTIVE_REPRESENTATION_ITEM('Steel','Steel');
#9890=DESCRIPTIVE_REPRESENTATION_ITEM('Steel','Steel');
#9891=DESCRIPTIVE_REPRESENTATION_ITEM('Steel','Steel');
#9892=DESCRIPTIVE_REPRESENTATION_ITEM('Steel','Steel');
#9893=DESCRIPTIVE_REPRESENTATION_ITEM('Steel','Steel');
#9894=DESCRIPTIVE_REPRESENTATION_ITEM('Steel','Steel');
#9895=DESCRIPTIVE_REPRESENTATION_ITEM('Steel','Steel');
#9896=DESCRIPTIVE_REPRESENTATION_ITEM('Steel','Steel');
#9897=DESCRIPTIVE_REPRESENTATION_ITEM('Steel','Steel');
#9898=DESCRIPTIVE_REPRESENTATION_ITEM('Steel','Steel');
#9899=DESCRIPTIVE_REPRESENTATION_ITEM('Steel','Steel');
#9900=DESCRIPTIVE_REPRESENTATION_ITEM('Steel','Steel');
#9901=DESCRIPTIVE_REPRESENTATION_ITEM('Steel','Steel');
#9902=DESCRIPTIVE_REPRESENTATION_ITEM('Steel','Steel');
#9903=DESCRIPTIVE_REPRESENTATION_ITEM('Steel','Steel');
#9904=DESCRIPTIVE_REPRESENTATION_ITEM('Steel','Steel');
#9905=DESCRIPTIVE_REPRESENTATION_ITEM('Steel','Steel');
#9906=DESCRIPTIVE_REPRESENTATION_ITEM('Steel','Steel');
#9907=DESCRIPTIVE_REPRESENTATION_ITEM('Steel','Steel');
#9908=DESCRIPTIVE_REPRESENTATION_ITEM('Steel','Steel');
#9909=DESCRIPTIVE_REPRESENTATION_ITEM('Steel','Steel');
#9910=DESCRIPTIVE_REPRESENTATION_ITEM('Steel','Steel');
#9911=DESCRIPTIVE_REPRESENTATION_ITEM('Steel','Steel');
#9912=DESCRIPTIVE_REPRESENTATION_ITEM('Steel','Steel');
#9913=DESCRIPTIVE_REPRESENTATION_ITEM('Steel','Steel');
#9914=DESCRIPTIVE_REPRESENTATION_ITEM('Steel','Steel');
#9915=DESCRIPTIVE_REPRESENTATION_ITEM('Steel','Steel');
#9916=DESCRIPTIVE_REPRESENTATION_ITEM('Steel','Steel');
#9917=DESCRIPTIVE_REPRESENTATION_ITEM('Steel','Steel');
#9918=DESCRIPTIVE_REPRESENTATION_ITEM('Steel','Steel');
#9919=DESCRIPTIVE_REPRESENTATION_ITEM('Steel','Steel');
#9920=DESCRIPTIVE_REPRESENTATION_ITEM('Steel','Steel');
#9921=DESCRIPTIVE_REPRESENTATION_ITEM('Steel','Steel');
#9922=DESCRIPTIVE_REPRESENTATION_ITEM('Steel','Steel');
#9923=DESCRIPTIVE_REPRESENTATION_ITEM('Steel','Steel');
#9924=DESCRIPTIVE_REPRESENTATION_ITEM('Steel','Steel');
#9925=DESCRIPTIVE_REPRESENTATION_ITEM('Steel','Steel');
#9926=PROPERTY_DEFINITION('material property','material name',#17179);
#9927=PROPERTY_DEFINITION('material property','density of part',#17179);
#9928=PROPERTY_DEFINITION('material property','material name',#17182);
#9929=PROPERTY_DEFINITION('material property','density of part',#17182);
#9930=PROPERTY_DEFINITION('material property','material name',#17184);
#9931=PROPERTY_DEFINITION('material property','density of part',#17184);
#9932=PROPERTY_DEFINITION('material property','material name',#17186);
#9933=PROPERTY_DEFINITION('material property','density of part',#17186);
#9934=PROPERTY_DEFINITION('material property','material name',#17189);
#9935=PROPERTY_DEFINITION('material property','density of part',#17189);
#9936=PROPERTY_DEFINITION('material property','material name',#17191);
#9937=PROPERTY_DEFINITION('material property','density of part',#17191);
#9938=PROPERTY_DEFINITION('material property','material name',#17193);
#9939=PROPERTY_DEFINITION('material property','density of part',#17193);
#9940=PROPERTY_DEFINITION('material property','material name',#17195);
#9941=PROPERTY_DEFINITION('material property','density of part',#17195);
#9942=PROPERTY_DEFINITION('material property','material name',#17196);
#9943=PROPERTY_DEFINITION('material property','density of part',#17196);
#9944=PROPERTY_DEFINITION('material property','material name',#17197);
#9945=PROPERTY_DEFINITION('material property','density of part',#17197);
#9946=PROPERTY_DEFINITION('material property','material name',#17198);
#9947=PROPERTY_DEFINITION('material property','density of part',#17198);
#9948=PROPERTY_DEFINITION('material property','material name',#17199);
#9949=PROPERTY_DEFINITION('material property','density of part',#17199);
#9950=PROPERTY_DEFINITION('material property','material name',#17201);
#9951=PROPERTY_DEFINITION('material property','density of part',#17201);
#9952=PROPERTY_DEFINITION('material property','material name',#17204);
#9953=PROPERTY_DEFINITION('material property','density of part',#17204);
#9954=PROPERTY_DEFINITION('material property','material name',#17206);
#9955=PROPERTY_DEFINITION('material property','density of part',#17206);
#9956=PROPERTY_DEFINITION('material property','material name',#17207);
#9957=PROPERTY_DEFINITION('material property','density of part',#17207);
#9958=PROPERTY_DEFINITION('material property','material name',#17209);
#9959=PROPERTY_DEFINITION('material property','density of part',#17209);
#9960=PROPERTY_DEFINITION('material property','material name',#17210);
#9961=PROPERTY_DEFINITION('material property','density of part',#17210);
#9962=PROPERTY_DEFINITION('material property','material name',#17212);
#9963=PROPERTY_DEFINITION('material property','density of part',#17212);
#9964=PROPERTY_DEFINITION('material property','material name',#17213);
#9965=PROPERTY_DEFINITION('material property','density of part',#17213);
#9966=PROPERTY_DEFINITION('material property','material name',#17215);
#9967=PROPERTY_DEFINITION('material property','density of part',#17215);
#9968=PROPERTY_DEFINITION('material property','material name',#17216);
#9969=PROPERTY_DEFINITION('material property','density of part',#17216);
#9970=PROPERTY_DEFINITION('material property','material name',#17218);
#9971=PROPERTY_DEFINITION('material property','density of part',#17218);
#9972=PROPERTY_DEFINITION('material property','material name',#17219);
#9973=PROPERTY_DEFINITION('material property','density of part',#17219);
#9974=PROPERTY_DEFINITION('material property','material name',#17221);
#9975=PROPERTY_DEFINITION('material property','density of part',#17221);
#9976=PROPERTY_DEFINITION('material property','material name',#17222);
#9977=PROPERTY_DEFINITION('material property','density of part',#17222);
#9978=PROPERTY_DEFINITION('material property','material name',#17224);
#9979=PROPERTY_DEFINITION('material property','density of part',#17224);
#9980=PROPERTY_DEFINITION('material property','material name',#17225);
#9981=PROPERTY_DEFINITION('material property','density of part',#17225);
#9982=PROPERTY_DEFINITION('material property','material name',#17227);
#9983=PROPERTY_DEFINITION('material property','density of part',#17227);
#9984=PROPERTY_DEFINITION('material property','material name',#17228);
#9985=PROPERTY_DEFINITION('material property','density of part',#17228);
#9986=PROPERTY_DEFINITION('material property','material name',#17230);
#9987=PROPERTY_DEFINITION('material property','density of part',#17230);
#9988=PROPERTY_DEFINITION('material property','material name',#17231);
#9989=PROPERTY_DEFINITION('material property','density of part',#17231);
#9990=PROPERTY_DEFINITION('material property','material name',#17233);
#9991=PROPERTY_DEFINITION('material property','density of part',#17233);
#9992=PROPERTY_DEFINITION('material property','material name',#17234);
#9993=PROPERTY_DEFINITION('material property','density of part',#17234);
#9994=PROPERTY_DEFINITION('material property','material name',#17236);
#9995=PROPERTY_DEFINITION('material property','density of part',#17236);
#9996=PROPERTY_DEFINITION('material property','material name',#17237);
#9997=PROPERTY_DEFINITION('material property','density of part',#17237);
#9998=PROPERTY_DEFINITION('material property','material name',#17239);
#9999=PROPERTY_DEFINITION('material property','density of part',#17239);
#10000=PROPERTY_DEFINITION('material property','material name',#17240);
#10001=PROPERTY_DEFINITION('material property','density of part',#17240);
#10002=PROPERTY_DEFINITION('material property','material name',#17242);
#10003=PROPERTY_DEFINITION('material property','density of part',#17242);
#10004=PROPERTY_DEFINITION('material property','material name',#17243);
#10005=PROPERTY_DEFINITION('material property','density of part',#17243);
#10006=PROPERTY_DEFINITION('material property','material name',#17245);
#10007=PROPERTY_DEFINITION('material property','density of part',#17245);
#10008=PROPERTY_DEFINITION('material property','material name',#17246);
#10009=PROPERTY_DEFINITION('material property','density of part',#17246);
#10010=PROPERTY_DEFINITION('material property','material name',#17247);
#10011=PROPERTY_DEFINITION('material property','density of part',#17247);
#10012=PROPERTY_DEFINITION('material property','material name',#17248);
#10013=PROPERTY_DEFINITION('material property','density of part',#17248);
#10014=AXIS2_PLACEMENT_3D('',#13520,#10829,#10830);
#10015=AXIS2_PLACEMENT_3D('',#13521,#10831,#10832);
#10016=AXIS2_PLACEMENT_3D('',#13522,#10833,#10834);
#10017=AXIS2_PLACEMENT_3D('',#13531,#10839,#10840);
#10018=AXIS2_PLACEMENT_3D('',#13537,#10844,#10845);
#10019=AXIS2_PLACEMENT_3D('',#13543,#10849,#10850);
#10020=AXIS2_PLACEMENT_3D('',#13546,#10852,#10853);
#10021=AXIS2_PLACEMENT_3D('',#13548,#10854,#10855);
#10022=AXIS2_PLACEMENT_3D('',#13550,#10856,#10857);
#10023=AXIS2_PLACEMENT_3D('',#13552,#10858,#10859);
#10024=AXIS2_PLACEMENT_3D('',#13554,#10860,#10861);
#10025=AXIS2_PLACEMENT_3D('',#13556,#10862,#10863);
#10026=AXIS2_PLACEMENT_3D('',#13558,#10864,#10865);
#10027=AXIS2_PLACEMENT_3D('',#13560,#10866,#10867);
#10028=AXIS2_PLACEMENT_3D('',#13562,#10868,#10869);
#10029=AXIS2_PLACEMENT_3D('',#13564,#10870,#10871);
#10030=AXIS2_PLACEMENT_3D('',#13566,#10872,#10873);
#10031=AXIS2_PLACEMENT_3D('',#13568,#10874,#10875);
#10032=AXIS2_PLACEMENT_3D('',#13570,#10876,#10877);
#10033=AXIS2_PLACEMENT_3D('',#13572,#10878,#10879);
#10034=AXIS2_PLACEMENT_3D('',#13574,#10880,#10881);
#10035=AXIS2_PLACEMENT_3D('',#13576,#10882,#10883);
#10036=AXIS2_PLACEMENT_3D('',#13578,#10884,#10885);
#10037=AXIS2_PLACEMENT_3D('',#13580,#10886,#10887);
#10038=AXIS2_PLACEMENT_3D('',#13582,#10888,#10889);
#10039=AXIS2_PLACEMENT_3D('',#13583,#10890,#10891);
#10040=AXIS2_PLACEMENT_3D('',#13586,#10893,#10894);
#10041=AXIS2_PLACEMENT_3D('',#13588,#10895,#10896);
#10042=AXIS2_PLACEMENT_3D('',#13590,#10897,#10898);
#10043=AXIS2_PLACEMENT_3D('',#13592,#10899,#10900);
#10044=AXIS2_PLACEMENT_3D('',#13594,#10901,#10902);
#10045=AXIS2_PLACEMENT_3D('',#13596,#10903,#10904);
#10046=AXIS2_PLACEMENT_3D('',#13598,#10905,#10906);
#10047=AXIS2_PLACEMENT_3D('',#13600,#10907,#10908);
#10048=AXIS2_PLACEMENT_3D('',#13602,#10909,#10910);
#10049=AXIS2_PLACEMENT_3D('',#13604,#10911,#10912);
#10050=AXIS2_PLACEMENT_3D('',#13606,#10913,#10914);
#10051=AXIS2_PLACEMENT_3D('',#13608,#10915,#10916);
#10052=AXIS2_PLACEMENT_3D('',#13610,#10917,#10918);
#10053=AXIS2_PLACEMENT_3D('',#13612,#10919,#10920);
#10054=AXIS2_PLACEMENT_3D('',#13614,#10921,#10922);
#10055=AXIS2_PLACEMENT_3D('',#13616,#10923,#10924);
#10056=AXIS2_PLACEMENT_3D('',#13618,#10925,#10926);
#10057=AXIS2_PLACEMENT_3D('',#13620,#10927,#10928);
#10058=AXIS2_PLACEMENT_3D('',#13622,#10929,#10930);
#10059=AXIS2_PLACEMENT_3D('',#13623,#10931,#10932);
#10060=AXIS2_PLACEMENT_3D('',#13624,#10933,#10934);
#10061=AXIS2_PLACEMENT_3D('',#13626,#10936,#10937);
#10062=AXIS2_PLACEMENT_3D('',#13628,#10939,#10940);
#10063=AXIS2_PLACEMENT_3D('',#13630,#10942,#10943);
#10064=AXIS2_PLACEMENT_3D('',#13632,#10945,#10946);
#10065=AXIS2_PLACEMENT_3D('',#13634,#10948,#10949);
#10066=AXIS2_PLACEMENT_3D('',#13636,#10951,#10952);
#10067=AXIS2_PLACEMENT_3D('',#13638,#10954,#10955);
#10068=AXIS2_PLACEMENT_3D('',#13640,#10957,#10958);
#10069=AXIS2_PLACEMENT_3D('',#13642,#10960,#10961);
#10070=AXIS2_PLACEMENT_3D('',#13644,#10963,#10964);
#10071=AXIS2_PLACEMENT_3D('',#13646,#10966,#10967);
#10072=AXIS2_PLACEMENT_3D('',#13648,#10969,#10970);
#10073=AXIS2_PLACEMENT_3D('',#13650,#10972,#10973);
#10074=AXIS2_PLACEMENT_3D('',#13652,#10975,#10976);
#10075=AXIS2_PLACEMENT_3D('',#13654,#10978,#10979);
#10076=AXIS2_PLACEMENT_3D('',#13656,#10981,#10982);
#10077=AXIS2_PLACEMENT_3D('',#13658,#10984,#10985);
#10078=AXIS2_PLACEMENT_3D('',#13660,#10987,#10988);
#10079=AXIS2_PLACEMENT_3D('',#13662,#10990,#10991);
#10080=AXIS2_PLACEMENT_3D('',#13663,#10992,#10993);
#10081=AXIS2_PLACEMENT_3D('',#13664,#10994,#10995);
#10082=AXIS2_PLACEMENT_3D('',#13665,#10996,#10997);
#10083=AXIS2_PLACEMENT_3D('',#13674,#11002,#11003);
#10084=AXIS2_PLACEMENT_3D('',#13696,#11015,#11016);
#10085=AXIS2_PLACEMENT_3D('',#13700,#11019,#11020);
#10086=AXIS2_PLACEMENT_3D('',#13704,#11023,#11024);
#10087=AXIS2_PLACEMENT_3D('',#13722,#11034,#11035);
#10088=AXIS2_PLACEMENT_3D('',#13724,#11037,#11038);
#10089=AXIS2_PLACEMENT_3D('',#13726,#11040,#11041);
#10090=AXIS2_PLACEMENT_3D('',#13728,#11043,#11044);
#10091=AXIS2_PLACEMENT_3D('',#13730,#11046,#11047);
#10092=AXIS2_PLACEMENT_3D('',#13731,#11048,#11049);
#10093=AXIS2_PLACEMENT_3D('',#13734,#11052,#11053);
#10094=AXIS2_PLACEMENT_3D('',#13736,#11055,#11056);
#10095=AXIS2_PLACEMENT_3D('',#13738,#11058,#11059);
#10096=AXIS2_PLACEMENT_3D('',#13739,#11060,#11061);
#10097=AXIS2_PLACEMENT_3D('',#13740,#11062,#11063);
#10098=AXIS2_PLACEMENT_3D('',#13741,#11064,#11065);
#10099=AXIS2_PLACEMENT_3D('',#13742,#11066,#11067);
#10100=AXIS2_PLACEMENT_3D('',#13743,#11068,#11069);
#10101=AXIS2_PLACEMENT_3D('',#13744,#11070,#11071);
#10102=AXIS2_PLACEMENT_3D('',#13745,#11072,#11073);
#10103=AXIS2_PLACEMENT_3D('',#13746,#11074,#11075);
#10104=AXIS2_PLACEMENT_3D('',#13747,#11076,#11077);
#10105=AXIS2_PLACEMENT_3D('',#13748,#11078,#11079);
#10106=AXIS2_PLACEMENT_3D('',#13749,#11080,#11081);
#10107=AXIS2_PLACEMENT_3D('',#13758,#11086,#11087);
#10108=AXIS2_PLACEMENT_3D('',#13764,#11091,#11092);
#10109=AXIS2_PLACEMENT_3D('',#13770,#11096,#11097);
#10110=AXIS2_PLACEMENT_3D('',#13776,#11101,#11102);
#10111=AXIS2_PLACEMENT_3D('',#13782,#11106,#11107);
#10112=AXIS2_PLACEMENT_3D('',#13785,#11110,#11111);
#10113=AXIS2_PLACEMENT_3D('',#13789,#11114,#11115);
#10114=AXIS2_PLACEMENT_3D('',#13793,#11118,#11119);
#10115=AXIS2_PLACEMENT_3D('',#13797,#11122,#11123);
#10116=AXIS2_PLACEMENT_3D('',#13799,#11125,#11126);
#10117=AXIS2_PLACEMENT_3D('',#13803,#11129,#11130);
#10118=AXIS2_PLACEMENT_3D('',#13805,#11132,#11133);
#10119=AXIS2_PLACEMENT_3D('',#13806,#11134,#11135);
#10120=AXIS2_PLACEMENT_3D('',#13807,#11136,#11137);
#10121=AXIS2_PLACEMENT_3D('',#13808,#11138,#11139);
#10122=AXIS2_PLACEMENT_3D('',#13809,#11140,#11141);
#10123=AXIS2_PLACEMENT_3D('',#13810,#11142,#11143);
#10124=AXIS2_PLACEMENT_3D('',#13811,#11144,#11145);
#10125=AXIS2_PLACEMENT_3D('',#13812,#11146,#11147);
#10126=AXIS2_PLACEMENT_3D('',#13813,#11148,#11149);
#10127=AXIS2_PLACEMENT_3D('',#13814,#11150,#11151);
#10128=AXIS2_PLACEMENT_3D('',#13815,#11152,#11153);
#10129=AXIS2_PLACEMENT_3D('',#13816,#11154,#11155);
#10130=AXIS2_PLACEMENT_3D('',#13817,#11156,#11157);
#10131=AXIS2_PLACEMENT_3D('',#13819,#11158,#11159);
#10132=AXIS2_PLACEMENT_3D('',#13821,#11160,#11161);
#10133=AXIS2_PLACEMENT_3D('',#13822,#11162,#11163);
#10134=AXIS2_PLACEMENT_3D('',#13823,#11164,#11165);
#10135=AXIS2_PLACEMENT_3D('',#13824,#11166,#11167);
#10136=AXIS2_PLACEMENT_3D('',#13825,#11168,#11169);
#10137=AXIS2_PLACEMENT_3D('',#13826,#11170,#11171);
#10138=AXIS2_PLACEMENT_3D('',#13827,#11172,#11173);
#10139=AXIS2_PLACEMENT_3D('',#13828,#11174,#11175);
#10140=AXIS2_PLACEMENT_3D('',#13829,#11176,#11177);
#10141=AXIS2_PLACEMENT_3D('',#13830,#11178,#11179);
#10142=AXIS2_PLACEMENT_3D('',#13831,#11180,#11181);
#10143=AXIS2_PLACEMENT_3D('',#13832,#11182,#11183);
#10144=AXIS2_PLACEMENT_3D('',#13833,#11184,#11185);
#10145=AXIS2_PLACEMENT_3D('',#13834,#11186,#11187);
#10146=AXIS2_PLACEMENT_3D('',#13835,#11188,#11189);
#10147=AXIS2_PLACEMENT_3D('',#13836,#11190,#11191);
#10148=AXIS2_PLACEMENT_3D('',#13837,#11192,#11193);
#10149=AXIS2_PLACEMENT_3D('',#13846,#11198,#11199);
#10150=AXIS2_PLACEMENT_3D('',#13868,#11211,#11212);
#10151=AXIS2_PLACEMENT_3D('',#13872,#11215,#11216);
#10152=AXIS2_PLACEMENT_3D('',#13876,#11219,#11220);
#10153=AXIS2_PLACEMENT_3D('',#13894,#11230,#11231);
#10154=AXIS2_PLACEMENT_3D('',#13896,#11233,#11234);
#10155=AXIS2_PLACEMENT_3D('',#13898,#11236,#11237);
#10156=AXIS2_PLACEMENT_3D('',#13900,#11239,#11240);
#10157=AXIS2_PLACEMENT_3D('',#13902,#11242,#11243);
#10158=AXIS2_PLACEMENT_3D('',#13903,#11244,#11245);
#10159=AXIS2_PLACEMENT_3D('',#13906,#11248,#11249);
#10160=AXIS2_PLACEMENT_3D('',#13908,#11251,#11252);
#10161=AXIS2_PLACEMENT_3D('',#13910,#11254,#11255);
#10162=AXIS2_PLACEMENT_3D('',#13911,#11256,#11257);
#10163=AXIS2_PLACEMENT_3D('',#13912,#11258,#11259);
#10164=AXIS2_PLACEMENT_3D('',#13913,#11260,#11261);
#10165=AXIS2_PLACEMENT_3D('',#13914,#11262,#11263);
#10166=AXIS2_PLACEMENT_3D('',#13915,#11264,#11265);
#10167=AXIS2_PLACEMENT_3D('',#13916,#11266,#11267);
#10168=AXIS2_PLACEMENT_3D('',#13917,#11268,#11269);
#10169=AXIS2_PLACEMENT_3D('',#13918,#11270,#11271);
#10170=AXIS2_PLACEMENT_3D('',#13919,#11272,#11273);
#10171=AXIS2_PLACEMENT_3D('',#13920,#11274,#11275);
#10172=AXIS2_PLACEMENT_3D('',#13921,#11276,#11277);
#10173=AXIS2_PLACEMENT_3D('',#13930,#11282,#11283);
#10174=AXIS2_PLACEMENT_3D('',#13936,#11287,#11288);
#10175=AXIS2_PLACEMENT_3D('',#13942,#11292,#11293);
#10176=AXIS2_PLACEMENT_3D('',#13948,#11297,#11298);
#10177=AXIS2_PLACEMENT_3D('',#13954,#11302,#11303);
#10178=AXIS2_PLACEMENT_3D('',#13957,#11306,#11307);
#10179=AXIS2_PLACEMENT_3D('',#13961,#11310,#11311);
#10180=AXIS2_PLACEMENT_3D('',#13965,#11314,#11315);
#10181=AXIS2_PLACEMENT_3D('',#13969,#11318,#11319);
#10182=AXIS2_PLACEMENT_3D('',#13971,#11321,#11322);
#10183=AXIS2_PLACEMENT_3D('',#13975,#11325,#11326);
#10184=AXIS2_PLACEMENT_3D('',#13977,#11328,#11329);
#10185=AXIS2_PLACEMENT_3D('',#13978,#11330,#11331);
#10186=AXIS2_PLACEMENT_3D('',#13979,#11332,#11333);
#10187=AXIS2_PLACEMENT_3D('',#13980,#11334,#11335);
#10188=AXIS2_PLACEMENT_3D('',#13981,#11336,#11337);
#10189=AXIS2_PLACEMENT_3D('',#13982,#11338,#11339);
#10190=AXIS2_PLACEMENT_3D('',#13983,#11340,#11341);
#10191=AXIS2_PLACEMENT_3D('',#13984,#11342,#11343);
#10192=AXIS2_PLACEMENT_3D('',#13985,#11344,#11345);
#10193=AXIS2_PLACEMENT_3D('',#13986,#11346,#11347);
#10194=AXIS2_PLACEMENT_3D('',#13987,#11348,#11349);
#10195=AXIS2_PLACEMENT_3D('',#13988,#11350,#11351);
#10196=AXIS2_PLACEMENT_3D('',#13989,#11352,#11353);
#10197=AXIS2_PLACEMENT_3D('',#13991,#11354,#11355);
#10198=AXIS2_PLACEMENT_3D('',#13993,#11356,#11357);
#10199=AXIS2_PLACEMENT_3D('',#13994,#11358,#11359);
#10200=AXIS2_PLACEMENT_3D('',#13995,#11360,#11361);
#10201=AXIS2_PLACEMENT_3D('',#13996,#11362,#11363);
#10202=AXIS2_PLACEMENT_3D('',#13997,#11364,#11365);
#10203=AXIS2_PLACEMENT_3D('',#13998,#11366,#11367);
#10204=AXIS2_PLACEMENT_3D('',#13999,#11368,#11369);
#10205=AXIS2_PLACEMENT_3D('',#14000,#11370,#11371);
#10206=AXIS2_PLACEMENT_3D('',#14001,#11372,#11373);
#10207=AXIS2_PLACEMENT_3D('',#14002,#11374,#11375);
#10208=AXIS2_PLACEMENT_3D('',#14003,#11376,#11377);
#10209=AXIS2_PLACEMENT_3D('',#14004,#11378,#11379);
#10210=AXIS2_PLACEMENT_3D('',#14005,#11380,#11381);
#10211=AXIS2_PLACEMENT_3D('',#14006,#11382,#11383);
#10212=AXIS2_PLACEMENT_3D('',#14007,#11384,#11385);
#10213=AXIS2_PLACEMENT_3D('',#14008,#11386,#11387);
#10214=AXIS2_PLACEMENT_3D('',#14017,#11392,#11393);
#10215=AXIS2_PLACEMENT_3D('',#14023,#11397,#11398);
#10216=AXIS2_PLACEMENT_3D('',#14029,#11402,#11403);
#10217=AXIS2_PLACEMENT_3D('',#14032,#11406,#11407);
#10218=AXIS2_PLACEMENT_3D('',#14033,#11408,#11409);
#10219=AXIS2_PLACEMENT_3D('',#14034,#11410,#11411);
#10220=AXIS2_PLACEMENT_3D('',#14035,#11412,#11413);
#10221=AXIS2_PLACEMENT_3D('',#14044,#11418,#11419);
#10222=AXIS2_PLACEMENT_3D('',#14050,#11423,#11424);
#10223=AXIS2_PLACEMENT_3D('',#14056,#11428,#11429);
#10224=AXIS2_PLACEMENT_3D('',#14059,#11432,#11433);
#10225=AXIS2_PLACEMENT_3D('',#14060,#11434,#11435);
#10226=AXIS2_PLACEMENT_3D('',#14061,#11436,#11437);
#10227=AXIS2_PLACEMENT_3D('',#14062,#11438,#11439);
#10228=AXIS2_PLACEMENT_3D('',#14071,#11444,#11445);
#10229=AXIS2_PLACEMENT_3D('',#14077,#11449,#11450);
#10230=AXIS2_PLACEMENT_3D('',#14083,#11454,#11455);
#10231=AXIS2_PLACEMENT_3D('',#14086,#11458,#11459);
#10232=AXIS2_PLACEMENT_3D('',#14087,#11460,#11461);
#10233=AXIS2_PLACEMENT_3D('',#14088,#11462,#11463);
#10234=AXIS2_PLACEMENT_3D('',#14089,#11464,#11465);
#10235=AXIS2_PLACEMENT_3D('',#14098,#11470,#11471);
#10236=AXIS2_PLACEMENT_3D('',#14104,#11475,#11476);
#10237=AXIS2_PLACEMENT_3D('',#14110,#11480,#11481);
#10238=AXIS2_PLACEMENT_3D('',#14113,#11484,#11485);
#10239=AXIS2_PLACEMENT_3D('',#14114,#11486,#11487);
#10240=AXIS2_PLACEMENT_3D('',#14115,#11488,#11489);
#10241=AXIS2_PLACEMENT_3D('',#14116,#11490,#11491);
#10242=AXIS2_PLACEMENT_3D('',#14119,#11492,#11493);
#10243=AXIS2_PLACEMENT_3D('',#14127,#11497,#11498);
#10244=AXIS2_PLACEMENT_3D('',#14134,#11502,#11503);
#10245=AXIS2_PLACEMENT_3D('',#14135,#11504,#11505);
#10246=AXIS2_PLACEMENT_3D('',#14168,#11506,#11507);
#10247=AXIS2_PLACEMENT_3D('',#14242,#11508,#11509);
#10248=AXIS2_PLACEMENT_3D('',#14319,#11511,#11512);
#10249=AXIS2_PLACEMENT_3D('',#14393,#11513,#11514);
#10250=AXIS2_PLACEMENT_3D('',#14419,#11515,#11516);
#10251=AXIS2_PLACEMENT_3D('',#14422,#11517,#11518);
#10252=AXIS2_PLACEMENT_3D('',#14425,#11521,#11522);
#10253=AXIS2_PLACEMENT_3D('',#14433,#11527,#11528);
#10254=AXIS2_PLACEMENT_3D('',#14441,#11533,#11534);
#10255=AXIS2_PLACEMENT_3D('',#14445,#11537,#11538);
#10256=AXIS2_PLACEMENT_3D('',#14449,#11541,#11542);
#10257=AXIS2_PLACEMENT_3D('',#14457,#11547,#11548);
#10258=AXIS2_PLACEMENT_3D('',#14465,#11553,#11554);
#10259=AXIS2_PLACEMENT_3D('',#14466,#11555,#11556);
#10260=AXIS2_PLACEMENT_3D('',#14467,#11557,#11558);
#10261=AXIS2_PLACEMENT_3D('',#14475,#11561,#11562);
#10262=AXIS2_PLACEMENT_3D('',#14504,#11566,#11567);
#10263=AXIS2_PLACEMENT_3D('',#14507,#11569,#11570);
#10264=AXIS2_PLACEMENT_3D('',#14508,#11571,#11572);
#10265=AXIS2_PLACEMENT_3D('',#14537,#11576,#11577);
#10266=AXIS2_PLACEMENT_3D('',#14559,#11579,#11580);
#10267=AXIS2_PLACEMENT_3D('',#14588,#11584,#11585);
#10268=AXIS2_PLACEMENT_3D('',#14591,#11587,#11588);
#10269=AXIS2_PLACEMENT_3D('',#14592,#11589,#11590);
#10270=AXIS2_PLACEMENT_3D('',#14621,#11594,#11595);
#10271=AXIS2_PLACEMENT_3D('',#14645,#11597,#11598);
#10272=AXIS2_PLACEMENT_3D('',#14674,#11602,#11603);
#10273=AXIS2_PLACEMENT_3D('',#14677,#11605,#11606);
#10274=AXIS2_PLACEMENT_3D('',#14678,#11607,#11608);
#10275=AXIS2_PLACEMENT_3D('',#14707,#11612,#11613);
#10276=AXIS2_PLACEMENT_3D('',#14729,#11615,#11616);
#10277=AXIS2_PLACEMENT_3D('',#14758,#11620,#11621);
#10278=AXIS2_PLACEMENT_3D('',#14761,#11623,#11624);
#10279=AXIS2_PLACEMENT_3D('',#14762,#11625,#11626);
#10280=AXIS2_PLACEMENT_3D('',#14789,#11629,#11630);
#10281=AXIS2_PLACEMENT_3D('',#14793,#11633,#11634);
#10282=AXIS2_PLACEMENT_3D('',#14794,#11635,#11636);
#10283=AXIS2_PLACEMENT_3D('',#14796,#11638,#11639);
#10284=AXIS2_PLACEMENT_3D('',#14797,#11640,#11641);
#10285=AXIS2_PLACEMENT_3D('',#14799,#11643,#11644);
#10286=AXIS2_PLACEMENT_3D('',#14800,#11645,#11646);
#10287=AXIS2_PLACEMENT_3D('',#14802,#11647,#11648);
#10288=AXIS2_PLACEMENT_3D('',#14804,#11650,#11651);
#10289=AXIS2_PLACEMENT_3D('',#14805,#11652,#11653);
#10290=AXIS2_PLACEMENT_3D('',#14806,#11654,#11655);
#10291=AXIS2_PLACEMENT_3D('',#14807,#11656,#11657);
#10292=AXIS2_PLACEMENT_3D('',#14808,#11658,#11659);
#10293=AXIS2_PLACEMENT_3D('',#14809,#11660,#11661);
#10294=AXIS2_PLACEMENT_3D('',#14810,#11662,#11663);
#10295=AXIS2_PLACEMENT_3D('',#14811,#11664,#11665);
#10296=AXIS2_PLACEMENT_3D('',#14812,#11666,#11667);
#10297=AXIS2_PLACEMENT_3D('',#14814,#11668,#11669);
#10298=AXIS2_PLACEMENT_3D('',#14815,#11670,#11671);
#10299=AXIS2_PLACEMENT_3D('',#14816,#11672,#11673);
#10300=AXIS2_PLACEMENT_3D('',#14817,#11674,#11675);
#10301=AXIS2_PLACEMENT_3D('',#14818,#11676,#11677);
#10302=AXIS2_PLACEMENT_3D('',#14819,#11678,#11679);
#10303=AXIS2_PLACEMENT_3D('',#14820,#11680,#11681);
#10304=AXIS2_PLACEMENT_3D('',#14822,#11682,#11683);
#10305=AXIS2_PLACEMENT_3D('',#14823,#11684,#11685);
#10306=AXIS2_PLACEMENT_3D('',#14824,#11686,#11687);
#10307=AXIS2_PLACEMENT_3D('',#14825,#11688,#11689);
#10308=AXIS2_PLACEMENT_3D('',#14826,#11690,#11691);
#10309=AXIS2_PLACEMENT_3D('',#14828,#11693,#11694);
#10310=AXIS2_PLACEMENT_3D('',#14830,#11696,#11697);
#10311=AXIS2_PLACEMENT_3D('',#14831,#11698,#11699);
#10312=AXIS2_PLACEMENT_3D('',#14832,#11700,#11701);
#10313=AXIS2_PLACEMENT_3D('',#14833,#11702,#11703);
#10314=AXIS2_PLACEMENT_3D('',#14834,#11704,#11705);
#10315=AXIS2_PLACEMENT_3D('',#14835,#11706,#11707);
#10316=AXIS2_PLACEMENT_3D('',#14836,#11708,#11709);
#10317=AXIS2_PLACEMENT_3D('',#14837,#11710,#11711);
#10318=AXIS2_PLACEMENT_3D('',#14902,#11744,#11745);
#10319=AXIS2_PLACEMENT_3D('',#15111,#11854,#11855);
#10320=AXIS2_PLACEMENT_3D('',#15115,#11858,#11859);
#10321=AXIS2_PLACEMENT_3D('',#15119,#11862,#11863);
#10322=AXIS2_PLACEMENT_3D('',#15121,#11865,#11866);
#10323=AXIS2_PLACEMENT_3D('',#15125,#11869,#11870);
#10324=AXIS2_PLACEMENT_3D('',#15129,#11873,#11874);
#10325=AXIS2_PLACEMENT_3D('',#15131,#11876,#11877);
#10326=AXIS2_PLACEMENT_3D('',#15135,#11880,#11881);
#10327=AXIS2_PLACEMENT_3D('',#15139,#11884,#11885);
#10328=AXIS2_PLACEMENT_3D('',#15141,#11887,#11888);
#10329=AXIS2_PLACEMENT_3D('',#15145,#11891,#11892);
#10330=AXIS2_PLACEMENT_3D('',#15149,#11895,#11896);
#10331=AXIS2_PLACEMENT_3D('',#15151,#11898,#11899);
#10332=AXIS2_PLACEMENT_3D('',#15155,#11902,#11903);
#10333=AXIS2_PLACEMENT_3D('',#15159,#11906,#11907);
#10334=AXIS2_PLACEMENT_3D('',#15161,#11909,#11910);
#10335=AXIS2_PLACEMENT_3D('',#15165,#11913,#11914);
#10336=AXIS2_PLACEMENT_3D('',#15169,#11917,#11918);
#10337=AXIS2_PLACEMENT_3D('',#15171,#11920,#11921);
#10338=AXIS2_PLACEMENT_3D('',#15175,#11924,#11925);
#10339=AXIS2_PLACEMENT_3D('',#15179,#11928,#11929);
#10340=AXIS2_PLACEMENT_3D('',#15181,#11931,#11932);
#10341=AXIS2_PLACEMENT_3D('',#15220,#11956,#11957);
#10342=AXIS2_PLACEMENT_3D('',#15225,#11960,#11961);
#10343=AXIS2_PLACEMENT_3D('',#15226,#11962,#11963);
#10344=AXIS2_PLACEMENT_3D('',#15263,#11986,#11987);
#10345=AXIS2_PLACEMENT_3D('',#15299,#12009,#12010);
#10346=AXIS2_PLACEMENT_3D('',#15303,#12013,#12014);
#10347=AXIS2_PLACEMENT_3D('',#15307,#12017,#12018);
#10348=AXIS2_PLACEMENT_3D('',#15309,#12020,#12021);
#10349=AXIS2_PLACEMENT_3D('',#15313,#12024,#12025);
#10350=AXIS2_PLACEMENT_3D('',#15317,#12028,#12029);
#10351=AXIS2_PLACEMENT_3D('',#15319,#12031,#12032);
#10352=AXIS2_PLACEMENT_3D('',#15323,#12035,#12036);
#10353=AXIS2_PLACEMENT_3D('',#15327,#12039,#12040);
#10354=AXIS2_PLACEMENT_3D('',#15329,#12042,#12043);
#10355=AXIS2_PLACEMENT_3D('',#15333,#12046,#12047);
#10356=AXIS2_PLACEMENT_3D('',#15337,#12050,#12051);
#10357=AXIS2_PLACEMENT_3D('',#15339,#12053,#12054);
#10358=AXIS2_PLACEMENT_3D('',#15343,#12057,#12058);
#10359=AXIS2_PLACEMENT_3D('',#15347,#12061,#12062);
#10360=AXIS2_PLACEMENT_3D('',#15349,#12064,#12065);
#10361=AXIS2_PLACEMENT_3D('',#15353,#12068,#12069);
#10362=AXIS2_PLACEMENT_3D('',#15357,#12072,#12073);
#10363=AXIS2_PLACEMENT_3D('',#15359,#12075,#12076);
#10364=AXIS2_PLACEMENT_3D('',#15363,#12079,#12080);
#10365=AXIS2_PLACEMENT_3D('',#15367,#12083,#12084);
#10366=AXIS2_PLACEMENT_3D('',#15369,#12086,#12087);
#10367=AXIS2_PLACEMENT_3D('',#15373,#12090,#12091);
#10368=AXIS2_PLACEMENT_3D('',#15377,#12094,#12095);
#10369=AXIS2_PLACEMENT_3D('',#15379,#12097,#12098);
#10370=AXIS2_PLACEMENT_3D('',#15383,#12101,#12102);
#10371=AXIS2_PLACEMENT_3D('',#15387,#12105,#12106);
#10372=AXIS2_PLACEMENT_3D('',#15389,#12108,#12109);
#10373=AXIS2_PLACEMENT_3D('',#15393,#12112,#12113);
#10374=AXIS2_PLACEMENT_3D('',#15397,#12116,#12117);
#10375=AXIS2_PLACEMENT_3D('',#15399,#12119,#12120);
#10376=AXIS2_PLACEMENT_3D('',#15403,#12123,#12124);
#10377=AXIS2_PLACEMENT_3D('',#15407,#12127,#12128);
#10378=AXIS2_PLACEMENT_3D('',#15409,#12130,#12131);
#10379=AXIS2_PLACEMENT_3D('',#15413,#12134,#12135);
#10380=AXIS2_PLACEMENT_3D('',#15417,#12138,#12139);
#10381=AXIS2_PLACEMENT_3D('',#15419,#12141,#12142);
#10382=AXIS2_PLACEMENT_3D('',#15423,#12145,#12146);
#10383=AXIS2_PLACEMENT_3D('',#15427,#12149,#12150);
#10384=AXIS2_PLACEMENT_3D('',#15429,#12152,#12153);
#10385=AXIS2_PLACEMENT_3D('',#15433,#12156,#12157);
#10386=AXIS2_PLACEMENT_3D('',#15437,#12160,#12161);
#10387=AXIS2_PLACEMENT_3D('',#15439,#12163,#12164);
#10388=AXIS2_PLACEMENT_3D('',#15440,#12165,#12166);
#10389=AXIS2_PLACEMENT_3D('',#15441,#12167,#12168);
#10390=AXIS2_PLACEMENT_3D('',#15442,#12169,#12170);
#10391=AXIS2_PLACEMENT_3D('',#15443,#12171,#12172);
#10392=AXIS2_PLACEMENT_3D('',#15444,#12173,#12174);
#10393=AXIS2_PLACEMENT_3D('',#15445,#12175,#12176);
#10394=AXIS2_PLACEMENT_3D('',#15446,#12177,#12178);
#10395=AXIS2_PLACEMENT_3D('',#15450,#12181,#12182);
#10396=AXIS2_PLACEMENT_3D('',#15454,#12185,#12186);
#10397=AXIS2_PLACEMENT_3D('',#15456,#12188,#12189);
#10398=AXIS2_PLACEMENT_3D('',#15460,#12192,#12193);
#10399=AXIS2_PLACEMENT_3D('',#15464,#12196,#12197);
#10400=AXIS2_PLACEMENT_3D('',#15466,#12199,#12200);
#10401=AXIS2_PLACEMENT_3D('',#15470,#12203,#12204);
#10402=AXIS2_PLACEMENT_3D('',#15474,#12207,#12208);
#10403=AXIS2_PLACEMENT_3D('',#15476,#12210,#12211);
#10404=AXIS2_PLACEMENT_3D('',#15480,#12214,#12215);
#10405=AXIS2_PLACEMENT_3D('',#15484,#12218,#12219);
#10406=AXIS2_PLACEMENT_3D('',#15486,#12221,#12222);
#10407=AXIS2_PLACEMENT_3D('',#15490,#12225,#12226);
#10408=AXIS2_PLACEMENT_3D('',#15494,#12229,#12230);
#10409=AXIS2_PLACEMENT_3D('',#15496,#12232,#12233);
#10410=AXIS2_PLACEMENT_3D('',#15500,#12236,#12237);
#10411=AXIS2_PLACEMENT_3D('',#15504,#12240,#12241);
#10412=AXIS2_PLACEMENT_3D('',#15506,#12243,#12244);
#10413=AXIS2_PLACEMENT_3D('',#15510,#12247,#12248);
#10414=AXIS2_PLACEMENT_3D('',#15514,#12251,#12252);
#10415=AXIS2_PLACEMENT_3D('',#15516,#12254,#12255);
#10416=AXIS2_PLACEMENT_3D('',#15517,#12256,#12257);
#10417=AXIS2_PLACEMENT_3D('',#15518,#12258,#12259);
#10418=AXIS2_PLACEMENT_3D('',#15519,#12260,#12261);
#10419=AXIS2_PLACEMENT_3D('',#15520,#12262,#12263);
#10420=AXIS2_PLACEMENT_3D('',#15521,#12264,#12265);
#10421=AXIS2_PLACEMENT_3D('',#15522,#12266,#12267);
#10422=AXIS2_PLACEMENT_3D('',#15523,#12268,#12269);
#10423=AXIS2_PLACEMENT_3D('',#15525,#12270,#12271);
#10424=AXIS2_PLACEMENT_3D('',#15527,#12273,#12274);
#10425=AXIS2_PLACEMENT_3D('',#15528,#12275,#12276);
#10426=AXIS2_PLACEMENT_3D('',#15529,#12277,#12278);
#10427=AXIS2_PLACEMENT_3D('',#15530,#12279,#12280);
#10428=AXIS2_PLACEMENT_3D('',#15531,#12281,#12282);
#10429=AXIS2_PLACEMENT_3D('',#15532,#12283,#12284);
#10430=AXIS2_PLACEMENT_3D('',#15533,#12285,#12286);
#10431=AXIS2_PLACEMENT_3D('',#15534,#12287,#12288);
#10432=AXIS2_PLACEMENT_3D('',#15535,#12289,#12290);
#10433=AXIS2_PLACEMENT_3D('',#15536,#12291,#12292);
#10434=AXIS2_PLACEMENT_3D('',#15537,#12293,#12294);
#10435=AXIS2_PLACEMENT_3D('',#15538,#12295,#12296);
#10436=AXIS2_PLACEMENT_3D('',#15539,#12297,#12298);
#10437=AXIS2_PLACEMENT_3D('',#15540,#12299,#12300);
#10438=AXIS2_PLACEMENT_3D('',#15541,#12301,#12302);
#10439=AXIS2_PLACEMENT_3D('',#15542,#12303,#12304);
#10440=AXIS2_PLACEMENT_3D('',#15543,#12305,#12306);
#10441=AXIS2_PLACEMENT_3D('',#15544,#12307,#12308);
#10442=AXIS2_PLACEMENT_3D('',#15545,#12309,#12310);
#10443=AXIS2_PLACEMENT_3D('',#15554,#12315,#12316);
#10444=AXIS2_PLACEMENT_3D('',#15560,#12319,#12320);
#10445=AXIS2_PLACEMENT_3D('',#15562,#12322,#12323);
#10446=AXIS2_PLACEMENT_3D('',#15568,#12326,#12327);
#10447=AXIS2_PLACEMENT_3D('',#15570,#12329,#12330);
#10448=AXIS2_PLACEMENT_3D('',#15572,#12332,#12333);
#10449=AXIS2_PLACEMENT_3D('',#15574,#12335,#12336);
#10450=AXIS2_PLACEMENT_3D('',#15576,#12338,#12339);
#10451=AXIS2_PLACEMENT_3D('',#15577,#12340,#12341);
#10452=AXIS2_PLACEMENT_3D('',#15578,#12342,#12343);
#10453=AXIS2_PLACEMENT_3D('',#15579,#12344,#12345);
#10454=AXIS2_PLACEMENT_3D('',#15580,#12346,#12347);
#10455=AXIS2_PLACEMENT_3D('',#15581,#12348,#12349);
#10456=AXIS2_PLACEMENT_3D('',#15582,#12350,#12351);
#10457=AXIS2_PLACEMENT_3D('',#15583,#12352,#12353);
#10458=AXIS2_PLACEMENT_3D('',#15584,#12354,#12355);
#10459=AXIS2_PLACEMENT_3D('',#15585,#12356,#12357);
#10460=AXIS2_PLACEMENT_3D('',#15586,#12358,#12359);
#10461=AXIS2_PLACEMENT_3D('',#15587,#12360,#12361);
#10462=AXIS2_PLACEMENT_3D('',#15588,#12362,#12363);
#10463=AXIS2_PLACEMENT_3D('',#15589,#12364,#12365);
#10464=AXIS2_PLACEMENT_3D('',#15590,#12366,#12367);
#10465=AXIS2_PLACEMENT_3D('',#15591,#12368,#12369);
#10466=AXIS2_PLACEMENT_3D('',#15592,#12370,#12371);
#10467=AXIS2_PLACEMENT_3D('',#15601,#12376,#12377);
#10468=AXIS2_PLACEMENT_3D('',#15607,#12381,#12382);
#10469=AXIS2_PLACEMENT_3D('',#15613,#12386,#12387);
#10470=AXIS2_PLACEMENT_3D('',#15616,#12390,#12391);
#10471=AXIS2_PLACEMENT_3D('',#15617,#12392,#12393);
#10472=AXIS2_PLACEMENT_3D('',#15618,#12394,#12395);
#10473=AXIS2_PLACEMENT_3D('',#15619,#12396,#12397);
#10474=AXIS2_PLACEMENT_3D('',#15628,#12402,#12403);
#10475=AXIS2_PLACEMENT_3D('',#15634,#12407,#12408);
#10476=AXIS2_PLACEMENT_3D('',#15640,#12412,#12413);
#10477=AXIS2_PLACEMENT_3D('',#15643,#12416,#12417);
#10478=AXIS2_PLACEMENT_3D('',#15644,#12418,#12419);
#10479=AXIS2_PLACEMENT_3D('',#15645,#12420,#12421);
#10480=AXIS2_PLACEMENT_3D('',#15646,#12422,#12423);
#10481=AXIS2_PLACEMENT_3D('',#15647,#12424,#12425);
#10482=AXIS2_PLACEMENT_3D('',#15648,#12426,#12427);
#10483=AXIS2_PLACEMENT_3D('',#15649,#12428,#12429);
#10484=AXIS2_PLACEMENT_3D('',#15658,#12434,#12435);
#10485=AXIS2_PLACEMENT_3D('',#15664,#12439,#12440);
#10486=AXIS2_PLACEMENT_3D('',#15670,#12444,#12445);
#10487=AXIS2_PLACEMENT_3D('',#15673,#12448,#12449);
#10488=AXIS2_PLACEMENT_3D('',#15674,#12450,#12451);
#10489=AXIS2_PLACEMENT_3D('',#15675,#12452,#12453);
#10490=AXIS2_PLACEMENT_3D('',#15676,#12454,#12455);
#10491=AXIS2_PLACEMENT_3D('',#15685,#12460,#12461);
#10492=AXIS2_PLACEMENT_3D('',#15691,#12465,#12466);
#10493=AXIS2_PLACEMENT_3D('',#15697,#12470,#12471);
#10494=AXIS2_PLACEMENT_3D('',#15700,#12474,#12475);
#10495=AXIS2_PLACEMENT_3D('',#15701,#12476,#12477);
#10496=AXIS2_PLACEMENT_3D('',#15702,#12478,#12479);
#10497=AXIS2_PLACEMENT_3D('',#15703,#12480,#12481);
#10498=AXIS2_PLACEMENT_3D('',#15704,#12482,#12483);
#10499=AXIS2_PLACEMENT_3D('',#15705,#12484,#12485);
#10500=AXIS2_PLACEMENT_3D('',#15706,#12486,#12487);
#10501=AXIS2_PLACEMENT_3D('',#15715,#12492,#12493);
#10502=AXIS2_PLACEMENT_3D('',#15721,#12497,#12498);
#10503=AXIS2_PLACEMENT_3D('',#15727,#12502,#12503);
#10504=AXIS2_PLACEMENT_3D('',#15730,#12506,#12507);
#10505=AXIS2_PLACEMENT_3D('',#15731,#12508,#12509);
#10506=AXIS2_PLACEMENT_3D('',#15732,#12510,#12511);
#10507=AXIS2_PLACEMENT_3D('',#15733,#12512,#12513);
#10508=AXIS2_PLACEMENT_3D('',#15742,#12518,#12519);
#10509=AXIS2_PLACEMENT_3D('',#15748,#12523,#12524);
#10510=AXIS2_PLACEMENT_3D('',#15754,#12528,#12529);
#10511=AXIS2_PLACEMENT_3D('',#15757,#12532,#12533);
#10512=AXIS2_PLACEMENT_3D('',#15758,#12534,#12535);
#10513=AXIS2_PLACEMENT_3D('',#15759,#12536,#12537);
#10514=AXIS2_PLACEMENT_3D('',#15760,#12538,#12539);
#10515=AXIS2_PLACEMENT_3D('',#15761,#12540,#12541);
#10516=AXIS2_PLACEMENT_3D('',#15762,#12542,#12543);
#10517=AXIS2_PLACEMENT_3D('',#15763,#12544,#12545);
#10518=AXIS2_PLACEMENT_3D('',#15772,#12550,#12551);
#10519=AXIS2_PLACEMENT_3D('',#15778,#12555,#12556);
#10520=AXIS2_PLACEMENT_3D('',#15784,#12560,#12561);
#10521=AXIS2_PLACEMENT_3D('',#15787,#12564,#12565);
#10522=AXIS2_PLACEMENT_3D('',#15788,#12566,#12567);
#10523=AXIS2_PLACEMENT_3D('',#15789,#12568,#12569);
#10524=AXIS2_PLACEMENT_3D('',#15790,#12570,#12571);
#10525=AXIS2_PLACEMENT_3D('',#15799,#12576,#12577);
#10526=AXIS2_PLACEMENT_3D('',#15805,#12581,#12582);
#10527=AXIS2_PLACEMENT_3D('',#15811,#12586,#12587);
#10528=AXIS2_PLACEMENT_3D('',#15814,#12590,#12591);
#10529=AXIS2_PLACEMENT_3D('',#15815,#12592,#12593);
#10530=AXIS2_PLACEMENT_3D('',#15816,#12594,#12595);
#10531=AXIS2_PLACEMENT_3D('',#15817,#12596,#12597);
#10532=AXIS2_PLACEMENT_3D('',#15818,#12598,#12599);
#10533=AXIS2_PLACEMENT_3D('',#15819,#12600,#12601);
#10534=AXIS2_PLACEMENT_3D('',#15820,#12602,#12603);
#10535=AXIS2_PLACEMENT_3D('',#15829,#12608,#12609);
#10536=AXIS2_PLACEMENT_3D('',#15835,#12613,#12614);
#10537=AXIS2_PLACEMENT_3D('',#15841,#12618,#12619);
#10538=AXIS2_PLACEMENT_3D('',#15844,#12622,#12623);
#10539=AXIS2_PLACEMENT_3D('',#15845,#12624,#12625);
#10540=AXIS2_PLACEMENT_3D('',#15846,#12626,#12627);
#10541=AXIS2_PLACEMENT_3D('',#15847,#12628,#12629);
#10542=AXIS2_PLACEMENT_3D('',#15856,#12634,#12635);
#10543=AXIS2_PLACEMENT_3D('',#15862,#12639,#12640);
#10544=AXIS2_PLACEMENT_3D('',#15868,#12644,#12645);
#10545=AXIS2_PLACEMENT_3D('',#15871,#12648,#12649);
#10546=AXIS2_PLACEMENT_3D('',#15872,#12650,#12651);
#10547=AXIS2_PLACEMENT_3D('',#15873,#12652,#12653);
#10548=AXIS2_PLACEMENT_3D('',#15874,#12654,#12655);
#10549=AXIS2_PLACEMENT_3D('',#15875,#12656,#12657);
#10550=AXIS2_PLACEMENT_3D('',#15876,#12658,#12659);
#10551=AXIS2_PLACEMENT_3D('',#15877,#12660,#12661);
#10552=AXIS2_PLACEMENT_3D('',#15886,#12666,#12667);
#10553=AXIS2_PLACEMENT_3D('',#15892,#12671,#12672);
#10554=AXIS2_PLACEMENT_3D('',#15898,#12676,#12677);
#10555=AXIS2_PLACEMENT_3D('',#15901,#12680,#12681);
#10556=AXIS2_PLACEMENT_3D('',#15902,#12682,#12683);
#10557=AXIS2_PLACEMENT_3D('',#15903,#12684,#12685);
#10558=AXIS2_PLACEMENT_3D('',#15904,#12686,#12687);
#10559=AXIS2_PLACEMENT_3D('',#15913,#12692,#12693);
#10560=AXIS2_PLACEMENT_3D('',#15919,#12697,#12698);
#10561=AXIS2_PLACEMENT_3D('',#15925,#12702,#12703);
#10562=AXIS2_PLACEMENT_3D('',#15928,#12706,#12707);
#10563=AXIS2_PLACEMENT_3D('',#15929,#12708,#12709);
#10564=AXIS2_PLACEMENT_3D('',#15930,#12710,#12711);
#10565=AXIS2_PLACEMENT_3D('',#15931,#12712,#12713);
#10566=AXIS2_PLACEMENT_3D('',#15932,#12714,#12715);
#10567=AXIS2_PLACEMENT_3D('',#15933,#12716,#12717);
#10568=AXIS2_PLACEMENT_3D('',#15934,#12718,#12719);
#10569=AXIS2_PLACEMENT_3D('',#15943,#12724,#12725);
#10570=AXIS2_PLACEMENT_3D('',#15949,#12729,#12730);
#10571=AXIS2_PLACEMENT_3D('',#15955,#12734,#12735);
#10572=AXIS2_PLACEMENT_3D('',#15958,#12738,#12739);
#10573=AXIS2_PLACEMENT_3D('',#15959,#12740,#12741);
#10574=AXIS2_PLACEMENT_3D('',#15960,#12742,#12743);
#10575=AXIS2_PLACEMENT_3D('',#15961,#12744,#12745);
#10576=AXIS2_PLACEMENT_3D('',#15970,#12750,#12751);
#10577=AXIS2_PLACEMENT_3D('',#15976,#12755,#12756);
#10578=AXIS2_PLACEMENT_3D('',#15982,#12760,#12761);
#10579=AXIS2_PLACEMENT_3D('',#15985,#12764,#12765);
#10580=AXIS2_PLACEMENT_3D('',#15986,#12766,#12767);
#10581=AXIS2_PLACEMENT_3D('',#15987,#12768,#12769);
#10582=AXIS2_PLACEMENT_3D('',#15988,#12770,#12771);
#10583=AXIS2_PLACEMENT_3D('',#15989,#12772,#12773);
#10584=AXIS2_PLACEMENT_3D('',#15990,#12774,#12775);
#10585=AXIS2_PLACEMENT_3D('',#15991,#12776,#12777);
#10586=AXIS2_PLACEMENT_3D('',#16000,#12782,#12783);
#10587=AXIS2_PLACEMENT_3D('',#16006,#12787,#12788);
#10588=AXIS2_PLACEMENT_3D('',#16012,#12792,#12793);
#10589=AXIS2_PLACEMENT_3D('',#16015,#12796,#12797);
#10590=AXIS2_PLACEMENT_3D('',#16016,#12798,#12799);
#10591=AXIS2_PLACEMENT_3D('',#16017,#12800,#12801);
#10592=AXIS2_PLACEMENT_3D('',#16018,#12802,#12803);
#10593=AXIS2_PLACEMENT_3D('',#16027,#12808,#12809);
#10594=AXIS2_PLACEMENT_3D('',#16033,#12813,#12814);
#10595=AXIS2_PLACEMENT_3D('',#16039,#12818,#12819);
#10596=AXIS2_PLACEMENT_3D('',#16042,#12822,#12823);
#10597=AXIS2_PLACEMENT_3D('',#16043,#12824,#12825);
#10598=AXIS2_PLACEMENT_3D('',#16044,#12826,#12827);
#10599=AXIS2_PLACEMENT_3D('',#16045,#12828,#12829);
#10600=AXIS2_PLACEMENT_3D('',#16046,#12830,#12831);
#10601=AXIS2_PLACEMENT_3D('',#16047,#12832,#12833);
#10602=AXIS2_PLACEMENT_3D('',#16048,#12834,#12835);
#10603=AXIS2_PLACEMENT_3D('',#16057,#12840,#12841);
#10604=AXIS2_PLACEMENT_3D('',#16063,#12845,#12846);
#10605=AXIS2_PLACEMENT_3D('',#16069,#12850,#12851);
#10606=AXIS2_PLACEMENT_3D('',#16072,#12854,#12855);
#10607=AXIS2_PLACEMENT_3D('',#16073,#12856,#12857);
#10608=AXIS2_PLACEMENT_3D('',#16074,#12858,#12859);
#10609=AXIS2_PLACEMENT_3D('',#16075,#12860,#12861);
#10610=AXIS2_PLACEMENT_3D('',#16084,#12866,#12867);
#10611=AXIS2_PLACEMENT_3D('',#16090,#12871,#12872);
#10612=AXIS2_PLACEMENT_3D('',#16096,#12876,#12877);
#10613=AXIS2_PLACEMENT_3D('',#16099,#12880,#12881);
#10614=AXIS2_PLACEMENT_3D('',#16100,#12882,#12883);
#10615=AXIS2_PLACEMENT_3D('',#16101,#12884,#12885);
#10616=AXIS2_PLACEMENT_3D('',#16102,#12886,#12887);
#10617=AXIS2_PLACEMENT_3D('',#16103,#12888,#12889);
#10618=AXIS2_PLACEMENT_3D('',#16104,#12890,#12891);
#10619=AXIS2_PLACEMENT_3D('',#16105,#12892,#12893);
#10620=AXIS2_PLACEMENT_3D('',#16114,#12898,#12899);
#10621=AXIS2_PLACEMENT_3D('',#16120,#12903,#12904);
#10622=AXIS2_PLACEMENT_3D('',#16126,#12908,#12909);
#10623=AXIS2_PLACEMENT_3D('',#16129,#12912,#12913);
#10624=AXIS2_PLACEMENT_3D('',#16130,#12914,#12915);
#10625=AXIS2_PLACEMENT_3D('',#16131,#12916,#12917);
#10626=AXIS2_PLACEMENT_3D('',#16132,#12918,#12919);
#10627=AXIS2_PLACEMENT_3D('',#16141,#12924,#12925);
#10628=AXIS2_PLACEMENT_3D('',#16147,#12929,#12930);
#10629=AXIS2_PLACEMENT_3D('',#16153,#12934,#12935);
#10630=AXIS2_PLACEMENT_3D('',#16156,#12938,#12939);
#10631=AXIS2_PLACEMENT_3D('',#16157,#12940,#12941);
#10632=AXIS2_PLACEMENT_3D('',#16158,#12942,#12943);
#10633=AXIS2_PLACEMENT_3D('',#16159,#12944,#12945);
#10634=AXIS2_PLACEMENT_3D('',#16160,#12946,#12947);
#10635=AXIS2_PLACEMENT_3D('',#16161,#12948,#12949);
#10636=AXIS2_PLACEMENT_3D('',#16162,#12950,#12951);
#10637=AXIS2_PLACEMENT_3D('',#16171,#12956,#12957);
#10638=AXIS2_PLACEMENT_3D('',#16177,#12961,#12962);
#10639=AXIS2_PLACEMENT_3D('',#16183,#12966,#12967);
#10640=AXIS2_PLACEMENT_3D('',#16186,#12970,#12971);
#10641=AXIS2_PLACEMENT_3D('',#16187,#12972,#12973);
#10642=AXIS2_PLACEMENT_3D('',#16188,#12974,#12975);
#10643=AXIS2_PLACEMENT_3D('',#16189,#12976,#12977);
#10644=AXIS2_PLACEMENT_3D('',#16198,#12982,#12983);
#10645=AXIS2_PLACEMENT_3D('',#16204,#12987,#12988);
#10646=AXIS2_PLACEMENT_3D('',#16210,#12992,#12993);
#10647=AXIS2_PLACEMENT_3D('',#16213,#12996,#12997);
#10648=AXIS2_PLACEMENT_3D('',#16214,#12998,#12999);
#10649=AXIS2_PLACEMENT_3D('',#16215,#13000,#13001);
#10650=AXIS2_PLACEMENT_3D('',#16216,#13002,#13003);
#10651=AXIS2_PLACEMENT_3D('',#16217,#13004,#13005);
#10652=AXIS2_PLACEMENT_3D('',#16218,#13006,#13007);
#10653=AXIS2_PLACEMENT_3D('',#16219,#13008,#13009);
#10654=AXIS2_PLACEMENT_3D('',#16228,#13014,#13015);
#10655=AXIS2_PLACEMENT_3D('',#16234,#13019,#13020);
#10656=AXIS2_PLACEMENT_3D('',#16240,#13024,#13025);
#10657=AXIS2_PLACEMENT_3D('',#16243,#13028,#13029);
#10658=AXIS2_PLACEMENT_3D('',#16244,#13030,#13031);
#10659=AXIS2_PLACEMENT_3D('',#16245,#13032,#13033);
#10660=AXIS2_PLACEMENT_3D('',#16246,#13034,#13035);
#10661=AXIS2_PLACEMENT_3D('',#16255,#13040,#13041);
#10662=AXIS2_PLACEMENT_3D('',#16261,#13045,#13046);
#10663=AXIS2_PLACEMENT_3D('',#16267,#13050,#13051);
#10664=AXIS2_PLACEMENT_3D('',#16270,#13054,#13055);
#10665=AXIS2_PLACEMENT_3D('',#16271,#13056,#13057);
#10666=AXIS2_PLACEMENT_3D('',#16272,#13058,#13059);
#10667=AXIS2_PLACEMENT_3D('',#16273,#13060,#13061);
#10668=AXIS2_PLACEMENT_3D('',#16274,#13062,#13063);
#10669=AXIS2_PLACEMENT_3D('',#16275,#13064,#13065);
#10670=AXIS2_PLACEMENT_3D('',#16276,#13066,#13067);
#10671=AXIS2_PLACEMENT_3D('',#16285,#13072,#13073);
#10672=AXIS2_PLACEMENT_3D('',#16291,#13077,#13078);
#10673=AXIS2_PLACEMENT_3D('',#16297,#13082,#13083);
#10674=AXIS2_PLACEMENT_3D('',#16300,#13086,#13087);
#10675=AXIS2_PLACEMENT_3D('',#16301,#13088,#13089);
#10676=AXIS2_PLACEMENT_3D('',#16302,#13090,#13091);
#10677=AXIS2_PLACEMENT_3D('',#16303,#13092,#13093);
#10678=AXIS2_PLACEMENT_3D('',#16312,#13098,#13099);
#10679=AXIS2_PLACEMENT_3D('',#16318,#13103,#13104);
#10680=AXIS2_PLACEMENT_3D('',#16324,#13108,#13109);
#10681=AXIS2_PLACEMENT_3D('',#16327,#13112,#13113);
#10682=AXIS2_PLACEMENT_3D('',#16328,#13114,#13115);
#10683=AXIS2_PLACEMENT_3D('',#16329,#13116,#13117);
#10684=AXIS2_PLACEMENT_3D('',#16330,#13118,#13119);
#10685=AXIS2_PLACEMENT_3D('',#16331,#13120,#13121);
#10686=AXIS2_PLACEMENT_3D('',#16332,#13122,#13123);
#10687=AXIS2_PLACEMENT_3D('',#16333,#13124,#13125);
#10688=AXIS2_PLACEMENT_3D('',#16342,#13130,#13131);
#10689=AXIS2_PLACEMENT_3D('',#16348,#13135,#13136);
#10690=AXIS2_PLACEMENT_3D('',#16354,#13140,#13141);
#10691=AXIS2_PLACEMENT_3D('',#16357,#13144,#13145);
#10692=AXIS2_PLACEMENT_3D('',#16358,#13146,#13147);
#10693=AXIS2_PLACEMENT_3D('',#16359,#13148,#13149);
#10694=AXIS2_PLACEMENT_3D('',#16360,#13150,#13151);
#10695=AXIS2_PLACEMENT_3D('',#16369,#13156,#13157);
#10696=AXIS2_PLACEMENT_3D('',#16375,#13161,#13162);
#10697=AXIS2_PLACEMENT_3D('',#16381,#13166,#13167);
#10698=AXIS2_PLACEMENT_3D('',#16384,#13170,#13171);
#10699=AXIS2_PLACEMENT_3D('',#16385,#13172,#13173);
#10700=AXIS2_PLACEMENT_3D('',#16386,#13174,#13175);
#10701=AXIS2_PLACEMENT_3D('',#16387,#13176,#13177);
#10702=AXIS2_PLACEMENT_3D('',#16388,#13178,#13179);
#10703=AXIS2_PLACEMENT_3D('',#16389,#13180,#13181);
#10704=AXIS2_PLACEMENT_3D('',#16391,#13182,#13183);
#10705=AXIS2_PLACEMENT_3D('',#16393,#13184,#13185);
#10706=AXIS2_PLACEMENT_3D('',#16394,#13186,#13187);
#10707=AXIS2_PLACEMENT_3D('',#16396,#13188,#13189);
#10708=AXIS2_PLACEMENT_3D('',#16398,#13191,#13192);
#10709=AXIS2_PLACEMENT_3D('',#16400,#13193,#13194);
#10710=AXIS2_PLACEMENT_3D('',#16401,#13195,#13196);
#10711=AXIS2_PLACEMENT_3D('',#16403,#13198,#13199);
#10712=AXIS2_PLACEMENT_3D('',#16405,#13200,#13201);
#10713=AXIS2_PLACEMENT_3D('',#16407,#13202,#13203);
#10714=AXIS2_PLACEMENT_3D('',#16408,#13204,#13205);
#10715=AXIS2_PLACEMENT_3D('',#16410,#13206,#13207);
#10716=AXIS2_PLACEMENT_3D('',#16412,#13209,#13210);
#10717=AXIS2_PLACEMENT_3D('',#16414,#13211,#13212);
#10718=AXIS2_PLACEMENT_3D('',#16415,#13213,#13214);
#10719=AXIS2_PLACEMENT_3D('',#16417,#13216,#13217);
#10720=AXIS2_PLACEMENT_3D('',#16419,#13218,#13219);
#10721=AXIS2_PLACEMENT_3D('',#16421,#13220,#13221);
#10722=AXIS2_PLACEMENT_3D('',#16422,#13222,#13223);
#10723=AXIS2_PLACEMENT_3D('',#16424,#13224,#13225);
#10724=AXIS2_PLACEMENT_3D('',#16426,#13227,#13228);
#10725=AXIS2_PLACEMENT_3D('',#16428,#13229,#13230);
#10726=AXIS2_PLACEMENT_3D('',#16429,#13231,#13232);
#10727=AXIS2_PLACEMENT_3D('',#16431,#13234,#13235);
#10728=AXIS2_PLACEMENT_3D('',#16432,#13236,#13237);
#10729=AXIS2_PLACEMENT_3D('',#16441,#13242,#13243);
#10730=AXIS2_PLACEMENT_3D('',#16443,#13244,#13245);
#10731=AXIS2_PLACEMENT_3D('',#16447,#13247,#13248);
#10732=AXIS2_PLACEMENT_3D('',#16451,#13250,#13251);
#10733=AXIS2_PLACEMENT_3D('',#16455,#13253,#13254);
#10734=AXIS2_PLACEMENT_3D('',#16459,#13256,#13257);
#10735=AXIS2_PLACEMENT_3D('',#16463,#13259,#13260);
#10736=AXIS2_PLACEMENT_3D('',#16467,#13262,#13263);
#10737=AXIS2_PLACEMENT_3D('',#16471,#13265,#13266);
#10738=AXIS2_PLACEMENT_3D('',#16475,#13268,#13269);
#10739=AXIS2_PLACEMENT_3D('',#16479,#13271,#13272);
#10740=AXIS2_PLACEMENT_3D('',#16483,#13274,#13275);
#10741=AXIS2_PLACEMENT_3D('',#16487,#13277,#13278);
#10742=AXIS2_PLACEMENT_3D('',#16491,#13280,#13281);
#10743=AXIS2_PLACEMENT_3D('',#16495,#13283,#13284);
#10744=AXIS2_PLACEMENT_3D('',#16499,#13286,#13287);
#10745=AXIS2_PLACEMENT_3D('',#16503,#13289,#13290);
#10746=AXIS2_PLACEMENT_3D('',#16507,#13292,#13293);
#10747=AXIS2_PLACEMENT_3D('',#16511,#13295,#13296);
#10748=AXIS2_PLACEMENT_3D('',#16518,#13300,#13301);
#10749=AXIS2_PLACEMENT_3D('',#16519,#13302,#13303);
#10750=AXIS2_PLACEMENT_3D('',#16521,#13304,#13305);
#10751=AXIS2_PLACEMENT_3D('',#16523,#13307,#13308);
#10752=AXIS2_PLACEMENT_3D('',#16526,#13310,#13311);
#10753=AXIS2_PLACEMENT_3D('',#16527,#13312,#13313);
#10754=AXIS2_PLACEMENT_3D('',#16535,#13317,#13318);
#10755=AXIS2_PLACEMENT_3D('',#16539,#13320,#13321);
#10756=AXIS2_PLACEMENT_3D('',#16543,#13323,#13324);
#10757=AXIS2_PLACEMENT_3D('',#16547,#13326,#13327);
#10758=AXIS2_PLACEMENT_3D('',#16551,#13329,#13330);
#10759=AXIS2_PLACEMENT_3D('',#16555,#13332,#13333);
#10760=AXIS2_PLACEMENT_3D('',#16559,#13335,#13336);
#10761=AXIS2_PLACEMENT_3D('',#16563,#13338,#13339);
#10762=AXIS2_PLACEMENT_3D('',#16567,#13341,#13342);
#10763=AXIS2_PLACEMENT_3D('',#16571,#13344,#13345);
#10764=AXIS2_PLACEMENT_3D('',#16575,#13347,#13348);
#10765=AXIS2_PLACEMENT_3D('',#16579,#13350,#13351);
#10766=AXIS2_PLACEMENT_3D('',#16583,#13353,#13354);
#10767=AXIS2_PLACEMENT_3D('',#16587,#13356,#13357);
#10768=AXIS2_PLACEMENT_3D('',#16591,#13359,#13360);
#10769=AXIS2_PLACEMENT_3D('',#16595,#13362,#13363);
#10770=AXIS2_PLACEMENT_3D('',#16599,#13365,#13366);
#10771=AXIS2_PLACEMENT_3D('',#16601,#13368,#13369);
#10772=AXIS2_PLACEMENT_3D('',#16603,#13371,#13372);
#10773=AXIS2_PLACEMENT_3D('',#16605,#13374,#13375);
#10774=AXIS2_PLACEMENT_3D('',#16607,#13377,#13378);
#10775=AXIS2_PLACEMENT_3D('',#16609,#13380,#13381);
#10776=AXIS2_PLACEMENT_3D('',#16611,#13383,#13384);
#10777=AXIS2_PLACEMENT_3D('',#16613,#13386,#13387);
#10778=AXIS2_PLACEMENT_3D('',#16615,#13389,#13390);
#10779=AXIS2_PLACEMENT_3D('',#16617,#13392,#13393);
#10780=AXIS2_PLACEMENT_3D('',#16619,#13395,#13396);
#10781=AXIS2_PLACEMENT_3D('',#16621,#13398,#13399);
#10782=AXIS2_PLACEMENT_3D('',#16623,#13401,#13402);
#10783=AXIS2_PLACEMENT_3D('',#16625,#13404,#13405);
#10784=AXIS2_PLACEMENT_3D('',#16627,#13407,#13408);
#10785=AXIS2_PLACEMENT_3D('',#16629,#13410,#13411);
#10786=AXIS2_PLACEMENT_3D('',#16631,#13413,#13414);
#10787=AXIS2_PLACEMENT_3D('',#16633,#13416,#13417);
#10788=AXIS2_PLACEMENT_3D('',#16635,#13419,#13420);
#10789=AXIS2_PLACEMENT_3D('',#16637,#13422,#13423);
#10790=AXIS2_PLACEMENT_3D('',#16639,#13425,#13426);
#10791=AXIS2_PLACEMENT_3D('',#16641,#13428,#13429);
#10792=AXIS2_PLACEMENT_3D('',#16643,#13431,#13432);
#10793=AXIS2_PLACEMENT_3D('',#16645,#13434,#13435);
#10794=AXIS2_PLACEMENT_3D('',#16647,#13437,#13438);
#10795=AXIS2_PLACEMENT_3D('',#16649,#13440,#13441);
#10796=AXIS2_PLACEMENT_3D('',#16651,#13443,#13444);
#10797=AXIS2_PLACEMENT_3D('',#16653,#13446,#13447);
#10798=AXIS2_PLACEMENT_3D('',#16655,#13449,#13450);
#10799=AXIS2_PLACEMENT_3D('',#16657,#13452,#13453);
#10800=AXIS2_PLACEMENT_3D('',#16659,#13455,#13456);
#10801=AXIS2_PLACEMENT_3D('',#16661,#13458,#13459);
#10802=AXIS2_PLACEMENT_3D('',#16663,#13461,#13462);
#10803=AXIS2_PLACEMENT_3D('',#16665,#13464,#13465);
#10804=AXIS2_PLACEMENT_3D('',#16667,#13467,#13468);
#10805=AXIS2_PLACEMENT_3D('',#16669,#13470,#13471);
#10806=AXIS2_PLACEMENT_3D('',#16671,#13473,#13474);
#10807=AXIS2_PLACEMENT_3D('',#16673,#13476,#13477);
#10808=AXIS2_PLACEMENT_3D('',#16674,#13478,#13479);
#10809=AXIS2_PLACEMENT_3D('',#16675,#13480,#13481);
#10810=AXIS2_PLACEMENT_3D('',#16676,#13482,#13483);
#10811=AXIS2_PLACEMENT_3D('',#16677,#13484,#13485);
#10812=AXIS2_PLACEMENT_3D('',#16678,#13486,#13487);
#10813=AXIS2_PLACEMENT_3D('',#16679,#13488,#13489);
#10814=AXIS2_PLACEMENT_3D('',#16680,#13490,#13491);
#10815=AXIS2_PLACEMENT_3D('',#16681,#13492,#13493);
#10816=AXIS2_PLACEMENT_3D('',#16682,#13494,#13495);
#10817=AXIS2_PLACEMENT_3D('',#16683,#13496,#13497);
#10818=AXIS2_PLACEMENT_3D('',#16684,#13498,#13499);
#10819=AXIS2_PLACEMENT_3D('',#16685,#13500,#13501);
#10820=AXIS2_PLACEMENT_3D('',#16686,#13502,#13503);
#10821=AXIS2_PLACEMENT_3D('',#16687,#13504,#13505);
#10822=AXIS2_PLACEMENT_3D('',#16688,#13506,#13507);
#10823=AXIS2_PLACEMENT_3D('',#16689,#13508,#13509);
#10824=AXIS2_PLACEMENT_3D('',#16690,#13510,#13511);
#10825=AXIS2_PLACEMENT_3D('',#16691,#13512,#13513);
#10826=AXIS2_PLACEMENT_3D('',#16692,#13514,#13515);
#10827=AXIS2_PLACEMENT_3D('',#16693,#13516,#13517);
#10828=AXIS2_PLACEMENT_3D('',#16694,#13518,#13519);
#10829=DIRECTION('axis',(0.,0.,1.));
#10830=DIRECTION('refdir',(1.,0.,0.));
#10831=DIRECTION('axis',(0.,0.,1.));
#10832=DIRECTION('refdir',(1.,0.,0.));
#10833=DIRECTION('center_axis',(1.,0.,0.));
#10834=DIRECTION('ref_axis',(0.,-1.,0.));
#10835=DIRECTION('',(0.,0.,1.));
#10836=DIRECTION('',(0.,-1.,0.));
#10837=DIRECTION('',(0.,0.,1.));
#10838=DIRECTION('',(0.,-1.,0.));
#10839=DIRECTION('center_axis',(0.,-1.,0.));
#10840=DIRECTION('ref_axis',(-1.,0.,0.));
#10841=DIRECTION('',(0.,0.,1.));
#10842=DIRECTION('',(-1.,0.,0.));
#10843=DIRECTION('',(-1.,0.,0.));
#10844=DIRECTION('center_axis',(0.,1.,0.));
#10845=DIRECTION('ref_axis',(1.,0.,0.));
#10846=DIRECTION('',(1.,0.,0.));
#10847=DIRECTION('',(0.,0.,1.));
#10848=DIRECTION('',(1.,0.,0.));
#10849=DIRECTION('center_axis',(0.,0.,1.));
#10850=DIRECTION('ref_axis',(1.,0.,0.));
#10851=DIRECTION('',(0.,1.,0.));
#10852=DIRECTION('center_axis',(0.,0.,1.));
#10853=DIRECTION('ref_axis',(1.,0.,0.));
#10854=DIRECTION('center_axis',(0.,0.,1.));
#10855=DIRECTION('ref_axis',(1.,0.,0.));
#10856=DIRECTION('center_axis',(0.,0.,1.));
#10857=DIRECTION('ref_axis',(1.,0.,0.));
#10858=DIRECTION('center_axis',(0.,0.,1.));
#10859=DIRECTION('ref_axis',(1.,0.,0.));
#10860=DIRECTION('center_axis',(0.,0.,1.));
#10861=DIRECTION('ref_axis',(1.,0.,0.));
#10862=DIRECTION('center_axis',(0.,0.,1.));
#10863=DIRECTION('ref_axis',(1.,0.,0.));
#10864=DIRECTION('center_axis',(0.,0.,1.));
#10865=DIRECTION('ref_axis',(1.,0.,0.));
#10866=DIRECTION('center_axis',(0.,0.,1.));
#10867=DIRECTION('ref_axis',(1.,0.,0.));
#10868=DIRECTION('center_axis',(0.,0.,1.));
#10869=DIRECTION('ref_axis',(1.,0.,0.));
#10870=DIRECTION('center_axis',(0.,0.,1.));
#10871=DIRECTION('ref_axis',(1.,0.,0.));
#10872=DIRECTION('center_axis',(0.,0.,1.));
#10873=DIRECTION('ref_axis',(1.,0.,0.));
#10874=DIRECTION('center_axis',(0.,0.,1.));
#10875=DIRECTION('ref_axis',(1.,0.,0.));
#10876=DIRECTION('center_axis',(0.,0.,1.));
#10877=DIRECTION('ref_axis',(1.,0.,0.));
#10878=DIRECTION('center_axis',(0.,0.,1.));
#10879=DIRECTION('ref_axis',(1.,0.,0.));
#10880=DIRECTION('center_axis',(0.,0.,1.));
#10881=DIRECTION('ref_axis',(1.,0.,0.));
#10882=DIRECTION('center_axis',(0.,0.,1.));
#10883=DIRECTION('ref_axis',(1.,0.,0.));
#10884=DIRECTION('center_axis',(0.,0.,1.));
#10885=DIRECTION('ref_axis',(1.,0.,0.));
#10886=DIRECTION('center_axis',(0.,0.,1.));
#10887=DIRECTION('ref_axis',(1.,0.,0.));
#10888=DIRECTION('center_axis',(0.,0.,1.));
#10889=DIRECTION('ref_axis',(1.,0.,0.));
#10890=DIRECTION('center_axis',(0.,0.,1.));
#10891=DIRECTION('ref_axis',(1.,0.,0.));
#10892=DIRECTION('',(0.,1.,0.));
#10893=DIRECTION('center_axis',(0.,0.,1.));
#10894=DIRECTION('ref_axis',(1.,0.,0.));
#10895=DIRECTION('center_axis',(0.,0.,1.));
#10896=DIRECTION('ref_axis',(1.,0.,0.));
#10897=DIRECTION('center_axis',(0.,0.,1.));
#10898=DIRECTION('ref_axis',(1.,0.,0.));
#10899=DIRECTION('center_axis',(0.,0.,1.));
#10900=DIRECTION('ref_axis',(1.,0.,0.));
#10901=DIRECTION('center_axis',(0.,0.,1.));
#10902=DIRECTION('ref_axis',(1.,0.,0.));
#10903=DIRECTION('center_axis',(0.,0.,1.));
#10904=DIRECTION('ref_axis',(1.,0.,0.));
#10905=DIRECTION('center_axis',(0.,0.,1.));
#10906=DIRECTION('ref_axis',(1.,0.,0.));
#10907=DIRECTION('center_axis',(0.,0.,1.));
#10908=DIRECTION('ref_axis',(1.,0.,0.));
#10909=DIRECTION('center_axis',(0.,0.,1.));
#10910=DIRECTION('ref_axis',(1.,0.,0.));
#10911=DIRECTION('center_axis',(0.,0.,1.));
#10912=DIRECTION('ref_axis',(1.,0.,0.));
#10913=DIRECTION('center_axis',(0.,0.,1.));
#10914=DIRECTION('ref_axis',(1.,0.,0.));
#10915=DIRECTION('center_axis',(0.,0.,1.));
#10916=DIRECTION('ref_axis',(1.,0.,0.));
#10917=DIRECTION('center_axis',(0.,0.,1.));
#10918=DIRECTION('ref_axis',(1.,0.,0.));
#10919=DIRECTION('center_axis',(0.,0.,1.));
#10920=DIRECTION('ref_axis',(1.,0.,0.));
#10921=DIRECTION('center_axis',(0.,0.,1.));
#10922=DIRECTION('ref_axis',(1.,0.,0.));
#10923=DIRECTION('center_axis',(0.,0.,1.));
#10924=DIRECTION('ref_axis',(1.,0.,0.));
#10925=DIRECTION('center_axis',(0.,0.,1.));
#10926=DIRECTION('ref_axis',(1.,0.,0.));
#10927=DIRECTION('center_axis',(0.,0.,1.));
#10928=DIRECTION('ref_axis',(1.,0.,0.));
#10929=DIRECTION('center_axis',(0.,0.,1.));
#10930=DIRECTION('ref_axis',(1.,0.,0.));
#10931=DIRECTION('center_axis',(-1.,0.,0.));
#10932=DIRECTION('ref_axis',(0.,1.,0.));
#10933=DIRECTION('center_axis',(0.,0.,1.));
#10934=DIRECTION('ref_axis',(1.,0.,0.));
#10935=DIRECTION('',(0.,0.,1.));
#10936=DIRECTION('center_axis',(0.,0.,1.));
#10937=DIRECTION('ref_axis',(1.,0.,0.));
#10938=DIRECTION('',(0.,0.,1.));
#10939=DIRECTION('center_axis',(0.,0.,1.));
#10940=DIRECTION('ref_axis',(1.,0.,0.));
#10941=DIRECTION('',(0.,0.,1.));
#10942=DIRECTION('center_axis',(0.,0.,1.));
#10943=DIRECTION('ref_axis',(1.,0.,0.));
#10944=DIRECTION('',(0.,0.,1.));
#10945=DIRECTION('center_axis',(0.,0.,1.));
#10946=DIRECTION('ref_axis',(1.,0.,0.));
#10947=DIRECTION('',(0.,0.,1.));
#10948=DIRECTION('center_axis',(0.,0.,1.));
#10949=DIRECTION('ref_axis',(1.,0.,0.));
#10950=DIRECTION('',(0.,0.,1.));
#10951=DIRECTION('center_axis',(0.,0.,1.));
#10952=DIRECTION('ref_axis',(1.,0.,0.));
#10953=DIRECTION('',(0.,0.,1.));
#10954=DIRECTION('center_axis',(0.,0.,1.));
#10955=DIRECTION('ref_axis',(1.,0.,0.));
#10956=DIRECTION('',(0.,0.,1.));
#10957=DIRECTION('center_axis',(0.,0.,1.));
#10958=DIRECTION('ref_axis',(1.,0.,0.));
#10959=DIRECTION('',(0.,0.,1.));
#10960=DIRECTION('center_axis',(0.,0.,1.));
#10961=DIRECTION('ref_axis',(1.,0.,0.));
#10962=DIRECTION('',(0.,0.,1.));
#10963=DIRECTION('center_axis',(0.,0.,1.));
#10964=DIRECTION('ref_axis',(1.,0.,0.));
#10965=DIRECTION('',(0.,0.,1.));
#10966=DIRECTION('center_axis',(0.,0.,1.));
#10967=DIRECTION('ref_axis',(1.,0.,0.));
#10968=DIRECTION('',(0.,0.,1.));
#10969=DIRECTION('center_axis',(0.,0.,1.));
#10970=DIRECTION('ref_axis',(1.,0.,0.));
#10971=DIRECTION('',(0.,0.,1.));
#10972=DIRECTION('center_axis',(0.,0.,1.));
#10973=DIRECTION('ref_axis',(1.,0.,0.));
#10974=DIRECTION('',(0.,0.,1.));
#10975=DIRECTION('center_axis',(0.,0.,1.));
#10976=DIRECTION('ref_axis',(1.,0.,0.));
#10977=DIRECTION('',(0.,0.,1.));
#10978=DIRECTION('center_axis',(0.,0.,1.));
#10979=DIRECTION('ref_axis',(1.,0.,0.));
#10980=DIRECTION('',(0.,0.,1.));
#10981=DIRECTION('center_axis',(0.,0.,1.));
#10982=DIRECTION('ref_axis',(1.,0.,0.));
#10983=DIRECTION('',(0.,0.,1.));
#10984=DIRECTION('center_axis',(0.,0.,1.));
#10985=DIRECTION('ref_axis',(1.,0.,0.));
#10986=DIRECTION('',(0.,0.,1.));
#10987=DIRECTION('center_axis',(0.,0.,1.));
#10988=DIRECTION('ref_axis',(1.,0.,0.));
#10989=DIRECTION('',(0.,0.,1.));
#10990=DIRECTION('axis',(0.,0.,1.));
#10991=DIRECTION('refdir',(1.,0.,0.));
#10992=DIRECTION('axis',(0.,0.,1.));
#10993=DIRECTION('refdir',(1.,0.,0.));
#10994=DIRECTION('axis',(0.,0.,1.));
#10995=DIRECTION('refdir',(1.,0.,0.));
#10996=DIRECTION('center_axis',(0.,1.,0.));
#10997=DIRECTION('ref_axis',(1.,0.,0.));
#10998=DIRECTION('',(1.,0.,0.));
#10999=DIRECTION('',(0.,0.,1.));
#11000=DIRECTION('',(1.,0.,0.));
#11001=DIRECTION('',(0.,0.,1.));
#11002=DIRECTION('center_axis',(0.,0.,1.));
#11003=DIRECTION('ref_axis',(1.,0.,0.));
#11004=DIRECTION('',(0.707106781186548,-0.707106781186548,0.));
#11005=DIRECTION('',(0.,-1.,0.));
#11006=DIRECTION('',(-0.707106781186548,-0.707106781186548,0.));
#11007=DIRECTION('',(-1.,0.,0.));
#11008=DIRECTION('',(-0.707106781186548,0.707106781186548,0.));
#11009=DIRECTION('',(0.,1.,0.));
#11010=DIRECTION('',(-0.707106781186548,-0.707106781186548,0.));
#11011=DIRECTION('',(0.,1.,0.));
#11012=DIRECTION('',(-1.,0.,0.));
#11013=DIRECTION('',(0.,-1.,0.));
#11014=DIRECTION('',(1.,0.,0.));
#11015=DIRECTION('center_axis',(-0.707106781186548,0.707106781186548,0.));
#11016=DIRECTION('ref_axis',(0.,0.,-1.));
#11017=DIRECTION('',(0.,0.,1.));
#11018=DIRECTION('',(-0.707106781186548,-0.707106781186548,0.));
#11019=DIRECTION('center_axis',(0.707106781186548,0.707106781186548,0.));
#11020=DIRECTION('ref_axis',(0.,0.,1.));
#11021=DIRECTION('',(0.707106781186548,-0.707106781186548,0.));
#11022=DIRECTION('',(0.,0.,1.));
#11023=DIRECTION('center_axis',(0.,0.,1.));
#11024=DIRECTION('ref_axis',(1.,0.,0.));
#11025=DIRECTION('',(0.,1.,0.));
#11026=DIRECTION('',(-0.707106781186548,0.707106781186548,0.));
#11027=DIRECTION('',(-1.,0.,0.));
#11028=DIRECTION('',(-0.707106781186548,-0.707106781186548,0.));
#11029=DIRECTION('',(0.,-1.,0.));
#11030=DIRECTION('',(0.,1.,0.));
#11031=DIRECTION('',(1.,0.,0.));
#11032=DIRECTION('',(0.,-1.,0.));
#11033=DIRECTION('',(-1.,0.,0.));
#11034=DIRECTION('center_axis',(-1.,0.,0.));
#11035=DIRECTION('ref_axis',(0.,1.,0.));
#11036=DIRECTION('',(0.,0.,1.));
#11037=DIRECTION('center_axis',(1.,0.,0.));
#11038=DIRECTION('ref_axis',(0.,-1.,0.));
#11039=DIRECTION('',(0.,0.,1.));
#11040=DIRECTION('center_axis',(-0.707106781186548,-0.707106781186548,0.));
#11041=DIRECTION('ref_axis',(0.,0.,1.));
#11042=DIRECTION('',(0.,0.,1.));
#11043=DIRECTION('center_axis',(0.707106781186548,-0.707106781186548,0.));
#11044=DIRECTION('ref_axis',(0.,0.,1.));
#11045=DIRECTION('',(0.,0.,1.));
#11046=DIRECTION('center_axis',(0.,-1.,0.));
#11047=DIRECTION('ref_axis',(-1.,0.,0.));
#11048=DIRECTION('center_axis',(1.,0.,0.));
#11049=DIRECTION('ref_axis',(0.,1.,0.));
#11050=DIRECTION('',(0.,0.,-1.));
#11051=DIRECTION('',(0.,0.,-1.));
#11052=DIRECTION('center_axis',(0.,1.,0.));
#11053=DIRECTION('ref_axis',(-1.,0.,0.));
#11054=DIRECTION('',(0.,0.,-1.));
#11055=DIRECTION('center_axis',(-1.,0.,0.));
#11056=DIRECTION('ref_axis',(0.,-1.,0.));
#11057=DIRECTION('',(0.,0.,-1.));
#11058=DIRECTION('center_axis',(0.,-1.,0.));
#11059=DIRECTION('ref_axis',(1.,0.,0.));
#11060=DIRECTION('',(0.,0.,1.));
#11061=DIRECTION('',(1.,0.,0.));
#11062=DIRECTION('',(0.,0.,1.));
#11063=DIRECTION('',(1.,0.,0.));
#11064=DIRECTION('',(0.,0.,1.));
#11065=DIRECTION('',(1.,0.,0.));
#11066=DIRECTION('',(0.,0.,1.));
#11067=DIRECTION('',(1.,0.,0.));
#11068=DIRECTION('',(0.,0.,1.));
#11069=DIRECTION('',(1.,0.,0.));
#11070=DIRECTION('',(0.,0.,1.));
#11071=DIRECTION('',(1.,0.,0.));
#11072=DIRECTION('',(0.,0.,1.));
#11073=DIRECTION('',(1.,0.,0.));
#11074=DIRECTION('',(0.,0.,1.));
#11075=DIRECTION('',(1.,0.,0.));
#11076=DIRECTION('axis',(0.,0.,1.));
#11077=DIRECTION('refdir',(1.,0.,0.));
#11078=DIRECTION('axis',(0.,0.,1.));
#11079=DIRECTION('refdir',(1.,0.,0.));
#11080=DIRECTION('center_axis',(0.,1.,0.));
#11081=DIRECTION('ref_axis',(1.,0.,0.));
#11082=DIRECTION('',(0.,0.,1.));
#11083=DIRECTION('',(1.,0.,0.));
#11084=DIRECTION('',(0.,0.,1.));
#11085=DIRECTION('',(1.,0.,0.));
#11086=DIRECTION('center_axis',(-1.,0.,0.));
#11087=DIRECTION('ref_axis',(0.,1.,0.));
#11088=DIRECTION('',(0.,0.,1.));
#11089=DIRECTION('',(0.,1.,0.));
#11090=DIRECTION('',(0.,1.,0.));
#11091=DIRECTION('center_axis',(-3.47447400805797E-18,-0.928476690885259,
0.371390676354104));
#11092=DIRECTION('ref_axis',(-1.,3.22596812956844E-18,-1.29038725182758E-18));
#11093=DIRECTION('',(0.348155311911244,-0.348155311911244,-0.87038827977861));
#11094=DIRECTION('',(-0.348155311911244,-0.348155311911244,-0.87038827977861));
#11095=DIRECTION('',(1.,0.,0.));
#11096=DIRECTION('center_axis',(3.47447400805797E-18,0.928476690885259,
0.371390676354104));
#11097=DIRECTION('ref_axis',(-1.,3.22596812956844E-18,1.29038725182758E-18));
#11098=DIRECTION('',(0.348155311911244,-0.348155311911244,0.87038827977861));
#11099=DIRECTION('',(1.,0.,0.));
#11100=DIRECTION('',(-0.348155311911244,-0.348155311911244,0.87038827977861));
#11101=DIRECTION('center_axis',(1.,0.,0.));
#11102=DIRECTION('ref_axis',(0.,-1.,0.));
#11103=DIRECTION('',(0.,-1.,0.));
#11104=DIRECTION('',(0.,0.,1.));
#11105=DIRECTION('',(0.,-1.,0.));
#11106=DIRECTION('center_axis',(0.,-1.,0.));
#11107=DIRECTION('ref_axis',(-1.,0.,0.));
#11108=DIRECTION('',(-1.,0.,0.));
#11109=DIRECTION('',(-1.,0.,0.));
#11110=DIRECTION('center_axis',(0.928476690885259,-3.47447400805797E-18,
0.371390676354104));
#11111=DIRECTION('ref_axis',(-3.22596812956844E-18,-1.,-1.29038725182758E-18));
#11112=DIRECTION('',(0.348155311911244,0.348155311911244,-0.87038827977861));
#11113=DIRECTION('',(0.,1.,0.));
#11114=DIRECTION('center_axis',(-0.928476690885259,3.47447400805797E-18,
0.371390676354104));
#11115=DIRECTION('ref_axis',(-3.22596812956844E-18,-1.,1.29038725182758E-18));
#11116=DIRECTION('',(0.348155311911244,0.348155311911244,0.87038827977861));
#11117=DIRECTION('',(0.,1.,0.));
#11118=DIRECTION('center_axis',(0.,0.,1.));
#11119=DIRECTION('ref_axis',(1.,0.,0.));
#11120=DIRECTION('',(0.,-1.,0.));
#11121=DIRECTION('',(-1.,0.,0.));
#11122=DIRECTION('center_axis',(-0.928476690885259,3.47447400805797E-18,
0.371390676354104));
#11123=DIRECTION('ref_axis',(3.22596812956844E-18,1.,-1.29038725182758E-18));
#11124=DIRECTION('',(-0.348155311911244,0.348155311911244,-0.87038827977861));
#11125=DIRECTION('center_axis',(0.,0.,1.));
#11126=DIRECTION('ref_axis',(1.,0.,0.));
#11127=DIRECTION('',(-1.,0.,0.));
#11128=DIRECTION('',(0.,-1.,0.));
#11129=DIRECTION('center_axis',(0.928476690885259,-3.47447400805797E-18,
0.371390676354104));
#11130=DIRECTION('ref_axis',(3.22596812956844E-18,1.,1.29038725182758E-18));
#11131=DIRECTION('',(-0.348155311911244,0.348155311911244,0.87038827977861));
#11132=DIRECTION('center_axis',(3.47447400805797E-18,0.928476690885259,
0.371390676354104));
#11133=DIRECTION('ref_axis',(1.,-3.22596812956844E-18,-1.29038725182758E-18));
#11134=DIRECTION('center_axis',(-3.47447400805797E-18,-0.928476690885259,
0.371390676354104));
#11135=DIRECTION('ref_axis',(1.,-3.22596812956844E-18,1.29038725182758E-18));
#11136=DIRECTION('',(0.,0.,1.));
#11137=DIRECTION('',(1.,0.,0.));
#11138=DIRECTION('',(0.,0.,1.));
#11139=DIRECTION('',(1.,0.,0.));
#11140=DIRECTION('',(0.,0.,1.));
#11141=DIRECTION('',(1.,0.,0.));
#11142=DIRECTION('',(0.,0.,1.));
#11143=DIRECTION('',(1.,0.,0.));
#11144=DIRECTION('',(0.,0.,1.));
#11145=DIRECTION('',(1.,0.,0.));
#11146=DIRECTION('',(0.,0.,1.));
#11147=DIRECTION('',(1.,0.,0.));
#11148=DIRECTION('',(0.,0.,1.));
#11149=DIRECTION('',(1.,0.,0.));
#11150=DIRECTION('',(0.,0.,1.));
#11151=DIRECTION('',(1.,0.,0.));
#11152=DIRECTION('axis',(0.,0.,1.));
#11153=DIRECTION('refdir',(1.,0.,0.));
#11154=DIRECTION('axis',(0.,0.,1.));
#11155=DIRECTION('refdir',(1.,0.,0.));
#11156=DIRECTION('center_axis',(6.12323399573677E-17,2.22044604925E-16,
1.));
#11157=DIRECTION('ref_axis',(1.,0.,0.));
#11158=DIRECTION('center_axis',(0.,-2.22044604925E-16,-1.));
#11159=DIRECTION('ref_axis',(1.,0.,0.));
#11160=DIRECTION('center_axis',(1.22464679914735E-16,-1.,2.22044604925E-16));
#11161=DIRECTION('ref_axis',(-1.,-1.22464679914735E-16,0.));
#11162=DIRECTION('center_axis',(0.,-2.22044604925E-16,-1.));
#11163=DIRECTION('ref_axis',(1.,0.,0.));
#11164=DIRECTION('',(0.,0.,1.));
#11165=DIRECTION('',(1.,0.,0.));
#11166=DIRECTION('',(0.,0.,1.));
#11167=DIRECTION('',(1.,0.,0.));
#11168=DIRECTION('',(0.,0.,1.));
#11169=DIRECTION('',(1.,0.,0.));
#11170=DIRECTION('',(0.,0.,1.));
#11171=DIRECTION('',(1.,0.,0.));
#11172=DIRECTION('',(0.,0.,1.));
#11173=DIRECTION('',(1.,0.,0.));
#11174=DIRECTION('',(0.,0.,1.));
#11175=DIRECTION('',(1.,0.,0.));
#11176=DIRECTION('',(0.,0.,1.));
#11177=DIRECTION('',(1.,0.,0.));
#11178=DIRECTION('',(0.,0.,1.));
#11179=DIRECTION('',(1.,0.,0.));
#11180=DIRECTION('',(0.,0.,1.));
#11181=DIRECTION('',(1.,0.,0.));
#11182=DIRECTION('',(0.,0.,1.));
#11183=DIRECTION('',(1.,0.,0.));
#11184=DIRECTION('',(0.,0.,1.));
#11185=DIRECTION('',(1.,0.,0.));
#11186=DIRECTION('axis',(0.,0.,1.));
#11187=DIRECTION('refdir',(1.,0.,0.));
#11188=DIRECTION('axis',(0.,0.,1.));
#11189=DIRECTION('refdir',(1.,0.,0.));
#11190=DIRECTION('axis',(0.,0.,1.));
#11191=DIRECTION('refdir',(1.,0.,0.));
#11192=DIRECTION('center_axis',(0.,1.,0.));
#11193=DIRECTION('ref_axis',(1.,0.,0.));
#11194=DIRECTION('',(1.,0.,0.));
#11195=DIRECTION('',(0.,0.,1.));
#11196=DIRECTION('',(1.,0.,0.));
#11197=DIRECTION('',(0.,0.,1.));
#11198=DIRECTION('center_axis',(0.,0.,1.));
#11199=DIRECTION('ref_axis',(1.,0.,0.));
#11200=DIRECTION('',(0.707106781186548,-0.707106781186548,0.));
#11201=DIRECTION('',(0.,-1.,0.));
#11202=DIRECTION('',(-0.707106781186548,-0.707106781186548,0.));
#11203=DIRECTION('',(-1.,0.,0.));
#11204=DIRECTION('',(-0.707106781186548,0.707106781186548,0.));
#11205=DIRECTION('',(0.,1.,0.));
#11206=DIRECTION('',(-0.707106781186548,-0.707106781186548,0.));
#11207=DIRECTION('',(0.,1.,0.));
#11208=DIRECTION('',(-1.,0.,0.));
#11209=DIRECTION('',(0.,-1.,0.));
#11210=DIRECTION('',(1.,0.,0.));
#11211=DIRECTION('center_axis',(-0.707106781186548,0.707106781186548,0.));
#11212=DIRECTION('ref_axis',(0.,0.,-1.));
#11213=DIRECTION('',(0.,0.,1.));
#11214=DIRECTION('',(-0.707106781186548,-0.707106781186548,0.));
#11215=DIRECTION('center_axis',(0.707106781186548,0.707106781186548,0.));
#11216=DIRECTION('ref_axis',(0.,0.,1.));
#11217=DIRECTION('',(0.707106781186548,-0.707106781186548,0.));
#11218=DIRECTION('',(0.,0.,1.));
#11219=DIRECTION('center_axis',(0.,0.,1.));
#11220=DIRECTION('ref_axis',(1.,0.,0.));
#11221=DIRECTION('',(0.,1.,0.));
#11222=DIRECTION('',(-0.707106781186548,0.707106781186548,0.));
#11223=DIRECTION('',(-1.,0.,0.));
#11224=DIRECTION('',(-0.707106781186548,-0.707106781186548,0.));
#11225=DIRECTION('',(0.,-1.,0.));
#11226=DIRECTION('',(0.,1.,0.));
#11227=DIRECTION('',(1.,0.,0.));
#11228=DIRECTION('',(0.,-1.,0.));
#11229=DIRECTION('',(-1.,0.,0.));
#11230=DIRECTION('center_axis',(-1.,0.,0.));
#11231=DIRECTION('ref_axis',(0.,1.,0.));
#11232=DIRECTION('',(0.,0.,1.));
#11233=DIRECTION('center_axis',(1.,0.,0.));
#11234=DIRECTION('ref_axis',(0.,-1.,0.));
#11235=DIRECTION('',(0.,0.,1.));
#11236=DIRECTION('center_axis',(-0.707106781186548,-0.707106781186548,0.));
#11237=DIRECTION('ref_axis',(0.,0.,1.));
#11238=DIRECTION('',(0.,0.,1.));
#11239=DIRECTION('center_axis',(0.707106781186548,-0.707106781186548,0.));
#11240=DIRECTION('ref_axis',(0.,0.,1.));
#11241=DIRECTION('',(0.,0.,1.));
#11242=DIRECTION('center_axis',(0.,-1.,0.));
#11243=DIRECTION('ref_axis',(-1.,0.,0.));
#11244=DIRECTION('center_axis',(1.,0.,0.));
#11245=DIRECTION('ref_axis',(0.,1.,0.));
#11246=DIRECTION('',(0.,0.,-1.));
#11247=DIRECTION('',(0.,0.,-1.));
#11248=DIRECTION('center_axis',(0.,1.,0.));
#11249=DIRECTION('ref_axis',(-1.,0.,0.));
#11250=DIRECTION('',(0.,0.,-1.));
#11251=DIRECTION('center_axis',(-1.,0.,0.));
#11252=DIRECTION('ref_axis',(0.,-1.,0.));
#11253=DIRECTION('',(0.,0.,-1.));
#11254=DIRECTION('center_axis',(0.,-1.,0.));
#11255=DIRECTION('ref_axis',(1.,0.,0.));
#11256=DIRECTION('',(0.,0.,1.));
#11257=DIRECTION('',(1.,0.,0.));
#11258=DIRECTION('',(0.,0.,1.));
#11259=DIRECTION('',(1.,0.,0.));
#11260=DIRECTION('',(0.,0.,1.));
#11261=DIRECTION('',(1.,0.,0.));
#11262=DIRECTION('',(0.,0.,1.));
#11263=DIRECTION('',(1.,0.,0.));
#11264=DIRECTION('',(0.,0.,1.));
#11265=DIRECTION('',(1.,0.,0.));
#11266=DIRECTION('',(0.,0.,1.));
#11267=DIRECTION('',(1.,0.,0.));
#11268=DIRECTION('',(0.,0.,1.));
#11269=DIRECTION('',(1.,0.,0.));
#11270=DIRECTION('',(0.,0.,1.));
#11271=DIRECTION('',(1.,0.,0.));
#11272=DIRECTION('axis',(0.,0.,1.));
#11273=DIRECTION('refdir',(1.,0.,0.));
#11274=DIRECTION('axis',(0.,0.,1.));
#11275=DIRECTION('refdir',(1.,0.,0.));
#11276=DIRECTION('center_axis',(0.,1.,0.));
#11277=DIRECTION('ref_axis',(1.,0.,0.));
#11278=DIRECTION('',(0.,0.,1.));
#11279=DIRECTION('',(1.,0.,0.));
#11280=DIRECTION('',(0.,0.,1.));
#11281=DIRECTION('',(1.,0.,0.));
#11282=DIRECTION('center_axis',(-1.,0.,0.));
#11283=DIRECTION('ref_axis',(0.,1.,0.));
#11284=DIRECTION('',(0.,0.,1.));
#11285=DIRECTION('',(0.,1.,0.));
#11286=DIRECTION('',(0.,1.,0.));
#11287=DIRECTION('center_axis',(-3.47447400805797E-18,-0.928476690885259,
0.371390676354104));
#11288=DIRECTION('ref_axis',(-1.,3.22596812956844E-18,-1.29038725182758E-18));
#11289=DIRECTION('',(0.348155311911244,-0.348155311911244,-0.87038827977861));
#11290=DIRECTION('',(-0.348155311911244,-0.348155311911244,-0.87038827977861));
#11291=DIRECTION('',(1.,0.,0.));
#11292=DIRECTION('center_axis',(3.47447400805797E-18,0.928476690885259,
0.371390676354104));
#11293=DIRECTION('ref_axis',(-1.,3.22596812956844E-18,1.29038725182758E-18));
#11294=DIRECTION('',(0.348155311911244,-0.348155311911244,0.87038827977861));
#11295=DIRECTION('',(1.,0.,0.));
#11296=DIRECTION('',(-0.348155311911244,-0.348155311911244,0.87038827977861));
#11297=DIRECTION('center_axis',(1.,0.,0.));
#11298=DIRECTION('ref_axis',(0.,-1.,0.));
#11299=DIRECTION('',(0.,-1.,0.));
#11300=DIRECTION('',(0.,0.,1.));
#11301=DIRECTION('',(0.,-1.,0.));
#11302=DIRECTION('center_axis',(0.,-1.,0.));
#11303=DIRECTION('ref_axis',(-1.,0.,0.));
#11304=DIRECTION('',(-1.,0.,0.));
#11305=DIRECTION('',(-1.,0.,0.));
#11306=DIRECTION('center_axis',(0.928476690885259,-3.47447400805797E-18,
0.371390676354104));
#11307=DIRECTION('ref_axis',(-3.22596812956844E-18,-1.,-1.29038725182758E-18));
#11308=DIRECTION('',(0.348155311911244,0.348155311911244,-0.87038827977861));
#11309=DIRECTION('',(0.,1.,0.));
#11310=DIRECTION('center_axis',(-0.928476690885259,3.47447400805797E-18,
0.371390676354104));
#11311=DIRECTION('ref_axis',(-3.22596812956844E-18,-1.,1.29038725182758E-18));
#11312=DIRECTION('',(0.348155311911244,0.348155311911244,0.87038827977861));
#11313=DIRECTION('',(0.,1.,0.));
#11314=DIRECTION('center_axis',(0.,0.,1.));
#11315=DIRECTION('ref_axis',(1.,0.,0.));
#11316=DIRECTION('',(0.,-1.,0.));
#11317=DIRECTION('',(-1.,0.,0.));
#11318=DIRECTION('center_axis',(-0.928476690885259,3.47447400805797E-18,
0.371390676354104));
#11319=DIRECTION('ref_axis',(3.22596812956844E-18,1.,-1.29038725182758E-18));
#11320=DIRECTION('',(-0.348155311911244,0.348155311911244,-0.87038827977861));
#11321=DIRECTION('center_axis',(0.,0.,1.));
#11322=DIRECTION('ref_axis',(1.,0.,0.));
#11323=DIRECTION('',(-1.,0.,0.));
#11324=DIRECTION('',(0.,-1.,0.));
#11325=DIRECTION('center_axis',(0.928476690885259,-3.47447400805797E-18,
0.371390676354104));
#11326=DIRECTION('ref_axis',(3.22596812956844E-18,1.,1.29038725182758E-18));
#11327=DIRECTION('',(-0.348155311911244,0.348155311911244,0.87038827977861));
#11328=DIRECTION('center_axis',(3.47447400805797E-18,0.928476690885259,
0.371390676354104));
#11329=DIRECTION('ref_axis',(1.,-3.22596812956844E-18,-1.29038725182758E-18));
#11330=DIRECTION('center_axis',(-3.47447400805797E-18,-0.928476690885259,
0.371390676354104));
#11331=DIRECTION('ref_axis',(1.,-3.22596812956844E-18,1.29038725182758E-18));
#11332=DIRECTION('',(0.,0.,1.));
#11333=DIRECTION('',(1.,0.,0.));
#11334=DIRECTION('',(0.,0.,1.));
#11335=DIRECTION('',(1.,0.,0.));
#11336=DIRECTION('',(0.,0.,1.));
#11337=DIRECTION('',(1.,0.,0.));
#11338=DIRECTION('',(0.,0.,1.));
#11339=DIRECTION('',(1.,0.,0.));
#11340=DIRECTION('',(0.,0.,1.));
#11341=DIRECTION('',(1.,0.,0.));
#11342=DIRECTION('',(0.,0.,1.));
#11343=DIRECTION('',(1.,0.,0.));
#11344=DIRECTION('',(0.,0.,1.));
#11345=DIRECTION('',(1.,0.,0.));
#11346=DIRECTION('',(0.,0.,1.));
#11347=DIRECTION('',(1.,0.,0.));
#11348=DIRECTION('axis',(0.,0.,1.));
#11349=DIRECTION('refdir',(1.,0.,0.));
#11350=DIRECTION('axis',(0.,0.,1.));
#11351=DIRECTION('refdir',(1.,0.,0.));
#11352=DIRECTION('center_axis',(6.12323399573677E-17,2.22044604925E-16,
1.));
#11353=DIRECTION('ref_axis',(1.,0.,0.));
#11354=DIRECTION('center_axis',(0.,-2.22044604925E-16,-1.));
#11355=DIRECTION('ref_axis',(1.,0.,0.));
#11356=DIRECTION('center_axis',(1.22464679914735E-16,-1.,2.22044604925E-16));
#11357=DIRECTION('ref_axis',(-1.,-1.22464679914735E-16,0.));
#11358=DIRECTION('center_axis',(0.,-2.22044604925E-16,-1.));
#11359=DIRECTION('ref_axis',(1.,0.,0.));
#11360=DIRECTION('',(0.,0.,1.));
#11361=DIRECTION('',(1.,0.,0.));
#11362=DIRECTION('',(0.,0.,1.));
#11363=DIRECTION('',(1.,0.,0.));
#11364=DIRECTION('',(0.,0.,1.));
#11365=DIRECTION('',(1.,0.,0.));
#11366=DIRECTION('',(0.,0.,1.));
#11367=DIRECTION('',(1.,0.,0.));
#11368=DIRECTION('',(0.,0.,1.));
#11369=DIRECTION('',(1.,0.,0.));
#11370=DIRECTION('',(0.,0.,1.));
#11371=DIRECTION('',(1.,0.,0.));
#11372=DIRECTION('',(0.,0.,1.));
#11373=DIRECTION('',(1.,0.,0.));
#11374=DIRECTION('',(0.,0.,1.));
#11375=DIRECTION('',(1.,0.,0.));
#11376=DIRECTION('',(0.,0.,1.));
#11377=DIRECTION('',(1.,0.,0.));
#11378=DIRECTION('',(0.,0.,1.));
#11379=DIRECTION('',(1.,0.,0.));
#11380=DIRECTION('',(0.,0.,1.));
#11381=DIRECTION('',(1.,0.,0.));
#11382=DIRECTION('axis',(0.,0.,1.));
#11383=DIRECTION('refdir',(1.,0.,0.));
#11384=DIRECTION('axis',(0.,0.,1.));
#11385=DIRECTION('refdir',(1.,0.,0.));
#11386=DIRECTION('center_axis',(0.,1.,0.));
#11387=DIRECTION('ref_axis',(1.,0.,0.));
#11388=DIRECTION('',(0.,0.,1.));
#11389=DIRECTION('',(1.,0.,0.));
#11390=DIRECTION('',(0.,0.,1.));
#11391=DIRECTION('',(1.,0.,0.));
#11392=DIRECTION('center_axis',(1.,0.,0.));
#11393=DIRECTION('ref_axis',(0.,-1.,0.));
#11394=DIRECTION('',(0.,-1.,0.));
#11395=DIRECTION('',(0.,0.,1.));
#11396=DIRECTION('',(0.,-1.,0.));
#11397=DIRECTION('center_axis',(0.,-1.,0.));
#11398=DIRECTION('ref_axis',(-1.,0.,0.));
#11399=DIRECTION('',(-1.,0.,0.));
#11400=DIRECTION('',(0.,0.,1.));
#11401=DIRECTION('',(-1.,0.,0.));
#11402=DIRECTION('center_axis',(-1.,0.,0.));
#11403=DIRECTION('ref_axis',(0.,1.,0.));
#11404=DIRECTION('',(0.,1.,0.));
#11405=DIRECTION('',(0.,1.,0.));
#11406=DIRECTION('center_axis',(0.,0.,1.));
#11407=DIRECTION('ref_axis',(1.,0.,0.));
#11408=DIRECTION('center_axis',(0.,0.,1.));
#11409=DIRECTION('ref_axis',(1.,0.,0.));
#11410=DIRECTION('axis',(0.,0.,1.));
#11411=DIRECTION('refdir',(1.,0.,0.));
#11412=DIRECTION('center_axis',(0.,1.,0.));
#11413=DIRECTION('ref_axis',(1.,0.,0.));
#11414=DIRECTION('',(0.,0.,1.));
#11415=DIRECTION('',(1.,0.,0.));
#11416=DIRECTION('',(0.,0.,1.));
#11417=DIRECTION('',(1.,0.,0.));
#11418=DIRECTION('center_axis',(1.,0.,0.));
#11419=DIRECTION('ref_axis',(0.,-1.,0.));
#11420=DIRECTION('',(0.,-1.,0.));
#11421=DIRECTION('',(0.,0.,1.));
#11422=DIRECTION('',(0.,-1.,0.));
#11423=DIRECTION('center_axis',(0.,-1.,0.));
#11424=DIRECTION('ref_axis',(-1.,0.,0.));
#11425=DIRECTION('',(-1.,0.,0.));
#11426=DIRECTION('',(0.,0.,1.));
#11427=DIRECTION('',(-1.,0.,0.));
#11428=DIRECTION('center_axis',(-1.,0.,0.));
#11429=DIRECTION('ref_axis',(0.,1.,0.));
#11430=DIRECTION('',(0.,1.,0.));
#11431=DIRECTION('',(0.,1.,0.));
#11432=DIRECTION('center_axis',(0.,0.,1.));
#11433=DIRECTION('ref_axis',(1.,0.,0.));
#11434=DIRECTION('center_axis',(0.,0.,1.));
#11435=DIRECTION('ref_axis',(1.,0.,0.));
#11436=DIRECTION('axis',(0.,0.,1.));
#11437=DIRECTION('refdir',(1.,0.,0.));
#11438=DIRECTION('center_axis',(0.,1.,0.));
#11439=DIRECTION('ref_axis',(1.,0.,0.));
#11440=DIRECTION('',(0.,0.,1.));
#11441=DIRECTION('',(1.,0.,0.));
#11442=DIRECTION('',(0.,0.,1.));
#11443=DIRECTION('',(1.,0.,0.));
#11444=DIRECTION('center_axis',(1.,0.,0.));
#11445=DIRECTION('ref_axis',(0.,-1.,0.));
#11446=DIRECTION('',(0.,-1.,0.));
#11447=DIRECTION('',(0.,0.,1.));
#11448=DIRECTION('',(0.,-1.,0.));
#11449=DIRECTION('center_axis',(0.,-1.,0.));
#11450=DIRECTION('ref_axis',(-1.,0.,0.));
#11451=DIRECTION('',(-1.,0.,0.));
#11452=DIRECTION('',(0.,0.,1.));
#11453=DIRECTION('',(-1.,0.,0.));
#11454=DIRECTION('center_axis',(-1.,0.,0.));
#11455=DIRECTION('ref_axis',(0.,1.,0.));
#11456=DIRECTION('',(0.,1.,0.));
#11457=DIRECTION('',(0.,1.,0.));
#11458=DIRECTION('center_axis',(0.,0.,1.));
#11459=DIRECTION('ref_axis',(1.,0.,0.));
#11460=DIRECTION('center_axis',(0.,0.,1.));
#11461=DIRECTION('ref_axis',(1.,0.,0.));
#11462=DIRECTION('axis',(0.,0.,1.));
#11463=DIRECTION('refdir',(1.,0.,0.));
#11464=DIRECTION('center_axis',(0.,1.,0.));
#11465=DIRECTION('ref_axis',(1.,0.,0.));
#11466=DIRECTION('',(0.,0.,1.));
#11467=DIRECTION('',(1.,0.,0.));
#11468=DIRECTION('',(0.,0.,1.));
#11469=DIRECTION('',(1.,0.,0.));
#11470=DIRECTION('center_axis',(1.,0.,0.));
#11471=DIRECTION('ref_axis',(0.,-1.,0.));
#11472=DIRECTION('',(0.,-1.,0.));
#11473=DIRECTION('',(0.,0.,1.));
#11474=DIRECTION('',(0.,-1.,0.));
#11475=DIRECTION('center_axis',(0.,-1.,0.));
#11476=DIRECTION('ref_axis',(-1.,0.,0.));
#11477=DIRECTION('',(-1.,0.,0.));
#11478=DIRECTION('',(0.,0.,1.));
#11479=DIRECTION('',(-1.,0.,0.));
#11480=DIRECTION('center_axis',(-1.,0.,0.));
#11481=DIRECTION('ref_axis',(0.,1.,0.));
#11482=DIRECTION('',(0.,1.,0.));
#11483=DIRECTION('',(0.,1.,0.));
#11484=DIRECTION('center_axis',(0.,0.,1.));
#11485=DIRECTION('ref_axis',(1.,0.,0.));
#11486=DIRECTION('center_axis',(0.,0.,1.));
#11487=DIRECTION('ref_axis',(1.,0.,0.));
#11488=DIRECTION('axis',(0.,0.,1.));
#11489=DIRECTION('refdir',(1.,0.,0.));
#11490=DIRECTION('center_axis',(0.,0.,1.));
#11491=DIRECTION('ref_axis',(1.,0.,0.));
#11492=DIRECTION('center_axis',(0.,0.,1.));
#11493=DIRECTION('ref_axis',(1.,0.,0.));
#11494=DIRECTION('',(-1.,0.,0.));
#11495=DIRECTION('',(0.,-1.,0.));
#11496=DIRECTION('',(1.,3.513552959688E-16,0.));
#11497=DIRECTION('center_axis',(0.,0.,1.));
#11498=DIRECTION('ref_axis',(1.,0.,0.));
#11499=DIRECTION('',(1.,0.,0.));
#11500=DIRECTION('',(0.,1.,0.));
#11501=DIRECTION('',(-1.,-3.513552959688E-16,0.));
#11502=DIRECTION('center_axis',(0.,0.,1.));
#11503=DIRECTION('ref_axis',(1.,0.,0.));
#11504=DIRECTION('center_axis',(0.,0.,1.));
#11505=DIRECTION('ref_axis',(1.,0.,0.));
#11506=DIRECTION('center_axis',(0.,0.,1.));
#11507=DIRECTION('ref_axis',(1.,0.,0.));
#11508=DIRECTION('center_axis',(0.,0.,1.));
#11509=DIRECTION('ref_axis',(1.,0.,0.));
#11510=DIRECTION('',(-0.70710678118623,-8.65956056235105E-17,0.707106781186865));
#11511=DIRECTION('center_axis',(0.,0.,1.));
#11512=DIRECTION('ref_axis',(1.,0.,0.));
#11513=DIRECTION('center_axis',(0.,0.,1.));
#11514=DIRECTION('ref_axis',(1.,0.,0.));
#11515=DIRECTION('center_axis',(0.,0.,-1.));
#11516=DIRECTION('ref_axis',(1.,0.,0.));
#11517=DIRECTION('center_axis',(0.,0.,-1.));
#11518=DIRECTION('ref_axis',(1.,0.,0.));
#11519=DIRECTION('',(0.,0.,1.));
#11520=DIRECTION('',(0.,0.,1.));
#11521=DIRECTION('center_axis',(3.513552959688E-16,-1.,0.));
#11522=DIRECTION('ref_axis',(-1.,-3.513552959688E-16,0.));
#11523=DIRECTION('',(-1.,-3.513552959688E-16,0.));
#11524=DIRECTION('',(0.,0.,1.));
#11525=DIRECTION('',(-1.,-3.513552959688E-16,0.));
#11526=DIRECTION('',(0.,0.,1.));
#11527=DIRECTION('center_axis',(0.,-1.,0.));
#11528=DIRECTION('ref_axis',(-1.,0.,0.));
#11529=DIRECTION('',(-1.,0.,0.));
#11530=DIRECTION('',(0.,0.,1.));
#11531=DIRECTION('',(-1.,0.,0.));
#11532=DIRECTION('',(0.,0.,-1.));
#11533=DIRECTION('center_axis',(-1.,0.,0.));
#11534=DIRECTION('ref_axis',(0.,1.,0.));
#11535=DIRECTION('',(0.,0.,1.));
#11536=DIRECTION('',(0.,1.,0.));
#11537=DIRECTION('center_axis',(1.,0.,0.));
#11538=DIRECTION('ref_axis',(0.,-1.,0.));
#11539=DIRECTION('',(0.,0.,1.));
#11540=DIRECTION('',(0.,-1.,0.));
#11541=DIRECTION('center_axis',(0.,1.,0.));
#11542=DIRECTION('ref_axis',(1.,0.,0.));
#11543=DIRECTION('',(1.,0.,0.));
#11544=DIRECTION('',(0.,0.,1.));
#11545=DIRECTION('',(1.,0.,0.));
#11546=DIRECTION('',(0.,0.,-1.));
#11547=DIRECTION('center_axis',(-3.513552959688E-16,1.,0.));
#11548=DIRECTION('ref_axis',(1.,3.513552959688E-16,0.));
#11549=DIRECTION('',(1.,3.513552959688E-16,0.));
#11550=DIRECTION('',(0.,0.,1.));
#11551=DIRECTION('',(1.,3.513552959688E-16,0.));
#11552=DIRECTION('',(0.,0.,1.));
#11553=DIRECTION('center_axis',(0.,0.,-1.));
#11554=DIRECTION('ref_axis',(1.,0.,0.));
#11555=DIRECTION('center_axis',(0.,0.,-1.));
#11556=DIRECTION('ref_axis',(1.,0.,0.));
#11557=DIRECTION('center_axis',(-1.,0.,0.));
#11558=DIRECTION('ref_axis',(0.,-1.,0.));
#11559=DIRECTION('',(0.,0.,-1.));
#11560=DIRECTION('',(0.,0.,-1.));
#11561=DIRECTION('center_axis',(-5.488486087034E-16,-1.,0.));
#11562=DIRECTION('ref_axis',(1.,-5.488486087034E-16,0.));
#11563=DIRECTION('',(0.,0.,-1.));
#11564=DIRECTION('',(0.,0.,-1.));
#11565=DIRECTION('',(1.,-5.488486087034E-16,0.));
#11566=DIRECTION('center_axis',(0.,0.,1.));
#11567=DIRECTION('ref_axis',(1.,0.,0.));
#11568=DIRECTION('',(0.,0.,-1.));
#11569=DIRECTION('center_axis',(0.,0.,1.));
#11570=DIRECTION('ref_axis',(1.,0.,0.));
#11571=DIRECTION('center_axis',(-1.,0.,0.));
#11572=DIRECTION('ref_axis',(0.,-1.,0.));
#11573=DIRECTION('',(0.,0.,-1.));
#11574=DIRECTION('',(0.,-1.,0.));
#11575=DIRECTION('',(0.,0.,-1.));
#11576=DIRECTION('center_axis',(0.,-1.,0.));
#11577=DIRECTION('ref_axis',(1.,0.,0.));
#11578=DIRECTION('',(0.,0.,-1.));
#11579=DIRECTION('center_axis',(1.,2.744243043517E-16,0.));
#11580=DIRECTION('ref_axis',(-2.744243043517E-16,1.,0.));
#11581=DIRECTION('',(0.,0.,-1.));
#11582=DIRECTION('',(0.,0.,-1.));
#11583=DIRECTION('',(-2.744243043517E-16,1.,0.));
#11584=DIRECTION('center_axis',(0.,0.,1.));
#11585=DIRECTION('ref_axis',(1.,0.,0.));
#11586=DIRECTION('',(0.,0.,-1.));
#11587=DIRECTION('center_axis',(0.,0.,1.));
#11588=DIRECTION('ref_axis',(1.,0.,0.));
#11589=DIRECTION('center_axis',(0.,-1.,0.));
#11590=DIRECTION('ref_axis',(1.,0.,0.));
#11591=DIRECTION('',(0.,0.,-1.));
#11592=DIRECTION('',(1.,0.,0.));
#11593=DIRECTION('',(0.,0.,-1.));
#11594=DIRECTION('center_axis',(1.,0.,0.));
#11595=DIRECTION('ref_axis',(0.,1.,0.));
#11596=DIRECTION('',(0.,0.,-1.));
#11597=DIRECTION('center_axis',(1.372121521758E-16,1.,0.));
#11598=DIRECTION('ref_axis',(-1.,1.372121521758E-16,0.));
#11599=DIRECTION('',(0.,0.,-1.));
#11600=DIRECTION('',(0.,0.,-1.));
#11601=DIRECTION('',(-1.,1.372121521758E-16,0.));
#11602=DIRECTION('center_axis',(0.,0.,1.));
#11603=DIRECTION('ref_axis',(1.,0.,0.));
#11604=DIRECTION('',(0.,0.,-1.));
#11605=DIRECTION('center_axis',(0.,0.,1.));
#11606=DIRECTION('ref_axis',(1.,0.,0.));
#11607=DIRECTION('center_axis',(1.,0.,0.));
#11608=DIRECTION('ref_axis',(0.,1.,0.));
#11609=DIRECTION('',(0.,0.,-1.));
#11610=DIRECTION('',(0.,1.,0.));
#11611=DIRECTION('',(0.,0.,-1.));
#11612=DIRECTION('center_axis',(0.,1.,0.));
#11613=DIRECTION('ref_axis',(-1.,0.,0.));
#11614=DIRECTION('',(0.,0.,-1.));
#11615=DIRECTION('center_axis',(-1.,-4.116364565275E-16,0.));
#11616=DIRECTION('ref_axis',(4.116364565275E-16,-1.,0.));
#11617=DIRECTION('',(0.,0.,-1.));
#11618=DIRECTION('',(0.,0.,-1.));
#11619=DIRECTION('',(4.116364565275E-16,-1.,0.));
#11620=DIRECTION('center_axis',(0.,0.,1.));
#11621=DIRECTION('ref_axis',(1.,0.,0.));
#11622=DIRECTION('',(0.,0.,-1.));
#11623=DIRECTION('center_axis',(0.,0.,1.));
#11624=DIRECTION('ref_axis',(1.,0.,0.));
#11625=DIRECTION('center_axis',(0.,1.,0.));
#11626=DIRECTION('ref_axis',(-1.,0.,0.));
#11627=DIRECTION('',(-1.,0.,0.));
#11628=DIRECTION('',(0.,0.,-1.));
#11629=DIRECTION('center_axis',(0.,0.,1.));
#11630=DIRECTION('ref_axis',(1.,0.,0.));
#11631=DIRECTION('',(0.,-1.,0.));
#11632=DIRECTION('',(0.,1.,0.));
#11633=DIRECTION('center_axis',(0.,0.,-1.));
#11634=DIRECTION('ref_axis',(1.,0.,0.));
#11635=DIRECTION('center_axis',(1.,0.,0.));
#11636=DIRECTION('ref_axis',(0.,-1.,0.));
#11637=DIRECTION('',(0.,-1.,0.));
#11638=DIRECTION('center_axis',(0.,0.,1.));
#11639=DIRECTION('ref_axis',(1.,0.,0.));
#11640=DIRECTION('center_axis',(0.,0.,1.));
#11641=DIRECTION('ref_axis',(1.,0.,0.));
#11642=DIRECTION('',(0.,1.,0.));
#11643=DIRECTION('center_axis',(-1.,0.,0.));
#11644=DIRECTION('ref_axis',(0.,1.,0.));
#11645=DIRECTION('center_axis',(0.,0.,1.));
#11646=DIRECTION('ref_axis',(1.,0.,0.));
#11647=DIRECTION('center_axis',(0.,0.,-1.));
#11648=DIRECTION('ref_axis',(1.,0.,0.));
#11649=DIRECTION('',(0.70710678118623,8.65956056235105E-17,-0.707106781186865));
#11650=DIRECTION('center_axis',(0.,0.,-1.));
#11651=DIRECTION('ref_axis',(1.,0.,0.));
#11652=DIRECTION('center_axis',(0.,0.,-1.));
#11653=DIRECTION('ref_axis',(1.,0.,0.));
#11654=DIRECTION('center_axis',(0.,0.,-1.));
#11655=DIRECTION('ref_axis',(1.,0.,0.));
#11656=DIRECTION('center_axis',(0.,0.,-1.));
#11657=DIRECTION('ref_axis',(1.,0.,0.));
#11658=DIRECTION('center_axis',(0.,0.,1.));
#11659=DIRECTION('ref_axis',(1.,0.,0.));
#11660=DIRECTION('center_axis',(0.,0.,1.));
#11661=DIRECTION('ref_axis',(1.,0.,0.));
#11662=DIRECTION('center_axis',(0.,0.,1.));
#11663=DIRECTION('ref_axis',(1.,0.,0.));
#11664=DIRECTION('center_axis',(0.,0.,1.));
#11665=DIRECTION('ref_axis',(1.,0.,0.));
#11666=DIRECTION('center_axis',(0.,0.,1.));
#11667=DIRECTION('ref_axis',(1.,0.,0.));
#11668=DIRECTION('center_axis',(0.,0.,1.));
#11669=DIRECTION('ref_axis',(1.,0.,0.));
#11670=DIRECTION('center_axis',(0.,0.,1.));
#11671=DIRECTION('ref_axis',(1.,0.,0.));
#11672=DIRECTION('center_axis',(0.,0.,1.));
#11673=DIRECTION('ref_axis',(1.,0.,0.));
#11674=DIRECTION('center_axis',(0.,0.,1.));
#11675=DIRECTION('ref_axis',(1.,0.,0.));
#11676=DIRECTION('center_axis',(0.,0.,1.));
#11677=DIRECTION('ref_axis',(1.,0.,0.));
#11678=DIRECTION('center_axis',(0.,0.,1.));
#11679=DIRECTION('ref_axis',(1.,0.,0.));
#11680=DIRECTION('center_axis',(0.,0.,1.));
#11681=DIRECTION('ref_axis',(1.,0.,0.));
#11682=DIRECTION('center_axis',(0.,0.,1.));
#11683=DIRECTION('ref_axis',(1.,0.,0.));
#11684=DIRECTION('center_axis',(0.,0.,1.));
#11685=DIRECTION('ref_axis',(1.,0.,0.));
#11686=DIRECTION('center_axis',(0.,0.,1.));
#11687=DIRECTION('ref_axis',(-1.,1.22464679914735E-16,0.));
#11688=DIRECTION('center_axis',(0.,0.,1.));
#11689=DIRECTION('ref_axis',(1.,0.,0.));
#11690=DIRECTION('center_axis',(0.,0.,1.));
#11691=DIRECTION('ref_axis',(1.,0.,0.));
#11692=DIRECTION('',(0.,0.,-1.));
#11693=DIRECTION('center_axis',(0.,0.,1.));
#11694=DIRECTION('ref_axis',(1.,0.,0.));
#11695=DIRECTION('',(0.,0.,1.));
#11696=DIRECTION('',(0.,0.,1.));
#11697=DIRECTION('',(1.,0.,0.));
#11698=DIRECTION('',(0.,0.,1.));
#11699=DIRECTION('',(1.,0.,0.));
#11700=DIRECTION('',(0.,0.,1.));
#11701=DIRECTION('',(-1.,1.224646799147E-16,0.));
#11702=DIRECTION('',(0.,0.,1.));
#11703=DIRECTION('',(-1.,1.224646799147E-16,0.));
#11704=DIRECTION('',(0.,0.,1.));
#11705=DIRECTION('',(1.,0.,0.));
#11706=DIRECTION('axis',(0.,0.,1.));
#11707=DIRECTION('refdir',(1.,0.,0.));
#11708=DIRECTION('axis',(0.,0.,1.));
#11709=DIRECTION('refdir',(1.,0.,0.));
#11710=DIRECTION('center_axis',(1.,0.,0.));
#11711=DIRECTION('ref_axis',(0.,-1.,0.));
#11712=DIRECTION('',(0.,-1.,0.));
#11713=DIRECTION('',(0.,0.,1.));
#11714=DIRECTION('',(-1.110223024625E-16,1.,0.));
#11715=DIRECTION('',(0.,0.,1.));
#11716=DIRECTION('',(0.,-1.,0.));
#11717=DIRECTION('',(0.,0.,1.));
#11718=DIRECTION('',(-1.110223024625E-16,1.,0.));
#11719=DIRECTION('',(0.,0.,1.));
#11720=DIRECTION('',(0.,-1.,0.));
#11721=DIRECTION('',(0.,0.,1.));
#11722=DIRECTION('',(-1.110223024625E-16,1.,0.));
#11723=DIRECTION('',(0.,0.,1.));
#11724=DIRECTION('',(0.,-1.,0.));
#11725=DIRECTION('',(0.,0.,1.));
#11726=DIRECTION('',(-1.110223024625E-16,1.,0.));
#11727=DIRECTION('',(0.,0.,1.));
#11728=DIRECTION('',(0.,-1.,0.));
#11729=DIRECTION('',(0.,0.,1.));
#11730=DIRECTION('',(-1.110223024625E-16,1.,0.));
#11731=DIRECTION('',(0.,0.,1.));
#11732=DIRECTION('',(0.,-1.,0.));
#11733=DIRECTION('',(0.,0.,1.));
#11734=DIRECTION('',(-1.110223024625E-16,1.,0.));
#11735=DIRECTION('',(0.,0.,1.));
#11736=DIRECTION('',(0.,-1.,0.));
#11737=DIRECTION('',(0.,0.,1.));
#11738=DIRECTION('',(-1.110223024625E-16,1.,0.));
#11739=DIRECTION('',(0.,0.,1.));
#11740=DIRECTION('',(0.,-1.,0.));
#11741=DIRECTION('',(0.,0.,1.));
#11742=DIRECTION('',(0.,-1.,0.));
#11743=DIRECTION('',(0.,0.,1.));
#11744=DIRECTION('center_axis',(0.,0.,1.));
#11745=DIRECTION('ref_axis',(1.,0.,0.));
#11746=DIRECTION('',(0.,1.,0.));
#11747=DIRECTION('',(1.,2.22044604925E-16,0.));
#11748=DIRECTION('',(-2.22044604925E-16,1.,0.));
#11749=DIRECTION('',(-1.,-2.22044604925E-16,0.));
#11750=DIRECTION('',(0.,1.,0.));
#11751=DIRECTION('',(1.,2.22044604925E-16,0.));
#11752=DIRECTION('',(-2.22044604925E-16,1.,0.));
#11753=DIRECTION('',(-1.,-2.22044604925E-16,0.));
#11754=DIRECTION('',(0.,1.,0.));
#11755=DIRECTION('',(1.,2.22044604925E-16,0.));
#11756=DIRECTION('',(-2.22044604925E-16,1.,0.));
#11757=DIRECTION('',(-1.,-2.22044604925E-16,0.));
#11758=DIRECTION('',(0.,1.,0.));
#11759=DIRECTION('',(1.,2.22044604925E-16,0.));
#11760=DIRECTION('',(-2.22044604925E-16,1.,0.));
#11761=DIRECTION('',(-1.,-2.22044604925E-16,0.));
#11762=DIRECTION('',(0.,1.,0.));
#11763=DIRECTION('',(1.,2.22044604925E-16,0.));
#11764=DIRECTION('',(-2.22044604925E-16,1.,0.));
#11765=DIRECTION('',(-1.,-2.22044604925E-16,0.));
#11766=DIRECTION('',(0.,1.,0.));
#11767=DIRECTION('',(1.,2.22044604925E-16,0.));
#11768=DIRECTION('',(-2.22044604925E-16,1.,0.));
#11769=DIRECTION('',(-1.,-2.22044604925E-16,0.));
#11770=DIRECTION('',(0.,1.,0.));
#11771=DIRECTION('',(1.,2.22044604925E-16,0.));
#11772=DIRECTION('',(-2.22044604925E-16,1.,0.));
#11773=DIRECTION('',(-1.,-2.22044604925E-16,0.));
#11774=DIRECTION('',(0.,1.,0.));
#11775=DIRECTION('',(1.,0.,0.));
#11776=DIRECTION('',(0.,-1.,0.));
#11777=DIRECTION('',(1.,0.,0.));
#11778=DIRECTION('',(0.,1.,0.));
#11779=DIRECTION('',(1.,0.,0.));
#11780=DIRECTION('',(0.,-1.,0.));
#11781=DIRECTION('',(1.,0.,0.));
#11782=DIRECTION('',(0.,1.,0.));
#11783=DIRECTION('',(1.,0.,0.));
#11784=DIRECTION('',(0.,-1.,0.));
#11785=DIRECTION('',(1.,0.,0.));
#11786=DIRECTION('',(0.,1.,0.));
#11787=DIRECTION('',(1.,0.,0.));
#11788=DIRECTION('',(0.,-1.,0.));
#11789=DIRECTION('',(1.,0.,0.));
#11790=DIRECTION('',(0.,1.,0.));
#11791=DIRECTION('',(1.,0.,0.));
#11792=DIRECTION('',(0.,-1.,0.));
#11793=DIRECTION('',(1.,0.,0.));
#11794=DIRECTION('',(0.,1.,0.));
#11795=DIRECTION('',(1.,0.,0.));
#11796=DIRECTION('',(0.,-1.,0.));
#11797=DIRECTION('',(1.,0.,0.));
#11798=DIRECTION('',(0.,1.,0.));
#11799=DIRECTION('',(1.,0.,0.));
#11800=DIRECTION('',(0.,-1.,0.));
#11801=DIRECTION('',(1.,0.,0.));
#11802=DIRECTION('',(0.,1.,0.));
#11803=DIRECTION('',(1.,0.,0.));
#11804=DIRECTION('',(-1.,-1.110223024625E-16,0.));
#11805=DIRECTION('',(1.110223024625E-16,-1.,0.));
#11806=DIRECTION('',(1.,1.110223024625E-16,0.));
#11807=DIRECTION('',(-1.,-1.110223024625E-16,0.));
#11808=DIRECTION('',(1.110223024625E-16,-1.,0.));
#11809=DIRECTION('',(1.,1.110223024625E-16,0.));
#11810=DIRECTION('',(-1.,-1.110223024625E-16,0.));
#11811=DIRECTION('',(1.110223024625E-16,-1.,0.));
#11812=DIRECTION('',(1.,1.110223024625E-16,0.));
#11813=DIRECTION('',(-1.,-1.110223024625E-16,0.));
#11814=DIRECTION('',(1.110223024625E-16,-1.,0.));
#11815=DIRECTION('',(1.,1.110223024625E-16,0.));
#11816=DIRECTION('',(-1.,-1.110223024625E-16,0.));
#11817=DIRECTION('',(1.110223024625E-16,-1.,0.));
#11818=DIRECTION('',(1.,1.110223024625E-16,0.));
#11819=DIRECTION('',(-1.,-1.110223024625E-16,0.));
#11820=DIRECTION('',(1.110223024625E-16,-1.,0.));
#11821=DIRECTION('',(1.,1.110223024625E-16,0.));
#11822=DIRECTION('',(-1.,-1.110223024625E-16,0.));
#11823=DIRECTION('',(1.110223024625E-16,-1.,0.));
#11824=DIRECTION('',(1.,1.110223024625E-16,0.));
#11825=DIRECTION('',(-1.,0.,0.));
#11826=DIRECTION('',(-1.224646799147E-16,1.,0.));
#11827=DIRECTION('',(-1.,-1.224646799147E-16,0.));
#11828=DIRECTION('',(1.224646799147E-16,-1.,0.));
#11829=DIRECTION('',(-1.,0.,0.));
#11830=DIRECTION('',(-1.224646799147E-16,1.,0.));
#11831=DIRECTION('',(-1.,-1.224646799147E-16,0.));
#11832=DIRECTION('',(1.224646799147E-16,-1.,0.));
#11833=DIRECTION('',(-1.,0.,0.));
#11834=DIRECTION('',(-1.224646799147E-16,1.,0.));
#11835=DIRECTION('',(-1.,-1.224646799147E-16,0.));
#11836=DIRECTION('',(1.224646799147E-16,-1.,0.));
#11837=DIRECTION('',(-1.,0.,0.));
#11838=DIRECTION('',(-1.224646799147E-16,1.,0.));
#11839=DIRECTION('',(-1.,-1.224646799147E-16,0.));
#11840=DIRECTION('',(1.224646799147E-16,-1.,0.));
#11841=DIRECTION('',(-1.,0.,0.));
#11842=DIRECTION('',(-1.224646799147E-16,1.,0.));
#11843=DIRECTION('',(-1.,-1.224646799147E-16,0.));
#11844=DIRECTION('',(1.224646799147E-16,-1.,0.));
#11845=DIRECTION('',(-1.,0.,0.));
#11846=DIRECTION('',(-1.224646799147E-16,1.,0.));
#11847=DIRECTION('',(-1.,-1.224646799147E-16,0.));
#11848=DIRECTION('',(1.224646799147E-16,-1.,0.));
#11849=DIRECTION('',(-1.,0.,0.));
#11850=DIRECTION('',(-1.224646799147E-16,1.,0.));
#11851=DIRECTION('',(-1.,-1.224646799147E-16,0.));
#11852=DIRECTION('',(1.224646799147E-16,-1.,0.));
#11853=DIRECTION('',(-1.,0.,0.));
#11854=DIRECTION('center_axis',(-1.110223024625E-16,1.,0.));
#11855=DIRECTION('ref_axis',(1.,1.110223024625E-16,0.));
#11856=DIRECTION('',(0.,0.,1.));
#11857=DIRECTION('',(1.,1.110223024625E-16,0.));
#11858=DIRECTION('center_axis',(0.,0.,1.));
#11859=DIRECTION('ref_axis',(1.110223024625E-16,-1.,0.));
#11860=DIRECTION('',(1.110223024625E-16,-1.,0.));
#11861=DIRECTION('',(-1.,-1.110223024625E-16,0.));
#11862=DIRECTION('center_axis',(1.110223024625E-16,-1.,0.));
#11863=DIRECTION('ref_axis',(-1.,-1.110223024625E-16,0.));
#11864=DIRECTION('',(0.,0.,1.));
#11865=DIRECTION('center_axis',(-1.110223024625E-16,1.,0.));
#11866=DIRECTION('ref_axis',(1.,1.110223024625E-16,0.));
#11867=DIRECTION('',(0.,0.,1.));
#11868=DIRECTION('',(1.,1.110223024625E-16,0.));
#11869=DIRECTION('center_axis',(0.,0.,1.));
#11870=DIRECTION('ref_axis',(1.110223024625E-16,-1.,0.));
#11871=DIRECTION('',(1.110223024625E-16,-1.,0.));
#11872=DIRECTION('',(-1.,-1.110223024625E-16,0.));
#11873=DIRECTION('center_axis',(1.110223024625E-16,-1.,0.));
#11874=DIRECTION('ref_axis',(-1.,-1.110223024625E-16,0.));
#11875=DIRECTION('',(0.,0.,1.));
#11876=DIRECTION('center_axis',(-1.110223024625E-16,1.,0.));
#11877=DIRECTION('ref_axis',(1.,1.110223024625E-16,0.));
#11878=DIRECTION('',(0.,0.,1.));
#11879=DIRECTION('',(1.,1.110223024625E-16,0.));
#11880=DIRECTION('center_axis',(0.,0.,1.));
#11881=DIRECTION('ref_axis',(1.110223024625E-16,-1.,0.));
#11882=DIRECTION('',(1.110223024625E-16,-1.,0.));
#11883=DIRECTION('',(-1.,-1.110223024625E-16,0.));
#11884=DIRECTION('center_axis',(1.110223024625E-16,-1.,0.));
#11885=DIRECTION('ref_axis',(-1.,-1.110223024625E-16,0.));
#11886=DIRECTION('',(0.,0.,1.));
#11887=DIRECTION('center_axis',(-1.110223024625E-16,1.,0.));
#11888=DIRECTION('ref_axis',(1.,1.110223024625E-16,0.));
#11889=DIRECTION('',(0.,0.,1.));
#11890=DIRECTION('',(1.,1.110223024625E-16,0.));
#11891=DIRECTION('center_axis',(0.,0.,1.));
#11892=DIRECTION('ref_axis',(1.110223024625E-16,-1.,0.));
#11893=DIRECTION('',(1.110223024625E-16,-1.,0.));
#11894=DIRECTION('',(-1.,-1.110223024625E-16,0.));
#11895=DIRECTION('center_axis',(1.110223024625E-16,-1.,0.));
#11896=DIRECTION('ref_axis',(-1.,-1.110223024625E-16,0.));
#11897=DIRECTION('',(0.,0.,1.));
#11898=DIRECTION('center_axis',(-1.110223024625E-16,1.,0.));
#11899=DIRECTION('ref_axis',(1.,1.110223024625E-16,0.));
#11900=DIRECTION('',(0.,0.,1.));
#11901=DIRECTION('',(1.,1.110223024625E-16,0.));
#11902=DIRECTION('center_axis',(0.,0.,1.));
#11903=DIRECTION('ref_axis',(1.110223024625E-16,-1.,0.));
#11904=DIRECTION('',(1.110223024625E-16,-1.,0.));
#11905=DIRECTION('',(-1.,-1.110223024625E-16,0.));
#11906=DIRECTION('center_axis',(1.110223024625E-16,-1.,0.));
#11907=DIRECTION('ref_axis',(-1.,-1.110223024625E-16,0.));
#11908=DIRECTION('',(0.,0.,1.));
#11909=DIRECTION('center_axis',(-1.110223024625E-16,1.,0.));
#11910=DIRECTION('ref_axis',(1.,1.110223024625E-16,0.));
#11911=DIRECTION('',(0.,0.,1.));
#11912=DIRECTION('',(1.,1.110223024625E-16,0.));
#11913=DIRECTION('center_axis',(0.,0.,1.));
#11914=DIRECTION('ref_axis',(1.110223024625E-16,-1.,0.));
#11915=DIRECTION('',(1.110223024625E-16,-1.,0.));
#11916=DIRECTION('',(-1.,-1.110223024625E-16,0.));
#11917=DIRECTION('center_axis',(1.110223024625E-16,-1.,0.));
#11918=DIRECTION('ref_axis',(-1.,-1.110223024625E-16,0.));
#11919=DIRECTION('',(0.,0.,1.));
#11920=DIRECTION('center_axis',(-1.110223024625E-16,1.,0.));
#11921=DIRECTION('ref_axis',(1.,1.110223024625E-16,0.));
#11922=DIRECTION('',(0.,0.,1.));
#11923=DIRECTION('',(1.,1.110223024625E-16,0.));
#11924=DIRECTION('center_axis',(0.,0.,1.));
#11925=DIRECTION('ref_axis',(1.110223024625E-16,-1.,0.));
#11926=DIRECTION('',(1.110223024625E-16,-1.,0.));
#11927=DIRECTION('',(-1.,-1.110223024625E-16,0.));
#11928=DIRECTION('center_axis',(1.110223024625E-16,-1.,0.));
#11929=DIRECTION('ref_axis',(-1.,-1.110223024625E-16,0.));
#11930=DIRECTION('',(0.,0.,1.));
#11931=DIRECTION('center_axis',(0.,1.,0.));
#11932=DIRECTION('ref_axis',(1.,0.,0.));
#11933=DIRECTION('',(0.,0.,1.));
#11934=DIRECTION('',(-1.,0.,0.));
#11935=DIRECTION('',(0.,0.,1.));
#11936=DIRECTION('',(0.,0.,1.));
#11937=DIRECTION('',(-1.,0.,0.));
#11938=DIRECTION('',(0.,0.,1.));
#11939=DIRECTION('',(0.,0.,1.));
#11940=DIRECTION('',(-1.,0.,0.));
#11941=DIRECTION('',(0.,0.,1.));
#11942=DIRECTION('',(0.,0.,1.));
#11943=DIRECTION('',(-1.,0.,0.));
#11944=DIRECTION('',(0.,0.,1.));
#11945=DIRECTION('',(0.,0.,1.));
#11946=DIRECTION('',(-1.,0.,0.));
#11947=DIRECTION('',(0.,0.,1.));
#11948=DIRECTION('',(0.,0.,1.));
#11949=DIRECTION('',(-1.,0.,0.));
#11950=DIRECTION('',(0.,0.,1.));
#11951=DIRECTION('',(0.,0.,1.));
#11952=DIRECTION('',(-1.,0.,0.));
#11953=DIRECTION('',(0.,0.,1.));
#11954=DIRECTION('',(0.,0.,1.));
#11955=DIRECTION('',(1.,0.,0.));
#11956=DIRECTION('center_axis',(0.,0.,1.));
#11957=DIRECTION('ref_axis',(1.,0.,0.));
#11958=DIRECTION('',(0.,1.,0.));
#11959=DIRECTION('',(-1.,0.,0.));
#11960=DIRECTION('center_axis',(0.,0.,1.));
#11961=DIRECTION('ref_axis',(1.,0.,0.));
#11962=DIRECTION('center_axis',(0.,-1.,0.));
#11963=DIRECTION('ref_axis',(-1.,0.,0.));
#11964=DIRECTION('',(0.,0.,1.));
#11965=DIRECTION('',(1.,1.224646799147E-16,0.));
#11966=DIRECTION('',(0.,0.,1.));
#11967=DIRECTION('',(0.,0.,1.));
#11968=DIRECTION('',(1.,1.224646799147E-16,0.));
#11969=DIRECTION('',(0.,0.,1.));
#11970=DIRECTION('',(0.,0.,1.));
#11971=DIRECTION('',(1.,1.224646799147E-16,0.));
#11972=DIRECTION('',(0.,0.,1.));
#11973=DIRECTION('',(0.,0.,1.));
#11974=DIRECTION('',(1.,1.224646799147E-16,0.));
#11975=DIRECTION('',(0.,0.,1.));
#11976=DIRECTION('',(0.,0.,1.));
#11977=DIRECTION('',(1.,1.224646799147E-16,0.));
#11978=DIRECTION('',(0.,0.,1.));
#11979=DIRECTION('',(0.,0.,1.));
#11980=DIRECTION('',(1.,1.224646799147E-16,0.));
#11981=DIRECTION('',(0.,0.,1.));
#11982=DIRECTION('',(0.,0.,1.));
#11983=DIRECTION('',(1.,1.224646799147E-16,0.));
#11984=DIRECTION('',(0.,0.,1.));
#11985=DIRECTION('',(0.,0.,1.));
#11986=DIRECTION('center_axis',(-1.,0.,0.));
#11987=DIRECTION('ref_axis',(0.,1.,0.));
#11988=DIRECTION('',(0.,0.,1.));
#11989=DIRECTION('',(2.22044604925E-16,-1.,0.));
#11990=DIRECTION('',(0.,0.,1.));
#11991=DIRECTION('',(0.,0.,1.));
#11992=DIRECTION('',(2.22044604925E-16,-1.,0.));
#11993=DIRECTION('',(0.,0.,1.));
#11994=DIRECTION('',(0.,0.,1.));
#11995=DIRECTION('',(2.22044604925E-16,-1.,0.));
#11996=DIRECTION('',(0.,0.,1.));
#11997=DIRECTION('',(0.,0.,1.));
#11998=DIRECTION('',(2.22044604925E-16,-1.,0.));
#11999=DIRECTION('',(0.,0.,1.));
#12000=DIRECTION('',(0.,0.,1.));
#12001=DIRECTION('',(2.22044604925E-16,-1.,0.));
#12002=DIRECTION('',(0.,0.,1.));
#12003=DIRECTION('',(0.,0.,1.));
#12004=DIRECTION('',(2.22044604925E-16,-1.,0.));
#12005=DIRECTION('',(0.,0.,1.));
#12006=DIRECTION('',(0.,0.,1.));
#12007=DIRECTION('',(2.22044604925E-16,-1.,0.));
#12008=DIRECTION('',(0.,0.,1.));
#12009=DIRECTION('center_axis',(-2.22044604925E-16,1.,0.));
#12010=DIRECTION('ref_axis',(1.,2.22044604925E-16,0.));
#12011=DIRECTION('',(0.,0.,1.));
#12012=DIRECTION('',(1.,2.22044604925E-16,0.));
#12013=DIRECTION('center_axis',(-1.,-2.22044604925E-16,0.));
#12014=DIRECTION('ref_axis',(-2.22044604925E-16,1.,0.));
#12015=DIRECTION('',(0.,0.,1.));
#12016=DIRECTION('',(-2.22044604925E-16,1.,0.));
#12017=DIRECTION('center_axis',(2.22044604925E-16,-1.,0.));
#12018=DIRECTION('ref_axis',(-1.,-2.22044604925E-16,0.));
#12019=DIRECTION('',(-1.,-2.22044604925E-16,0.));
#12020=DIRECTION('center_axis',(-2.22044604925E-16,1.,0.));
#12021=DIRECTION('ref_axis',(1.,2.22044604925E-16,0.));
#12022=DIRECTION('',(0.,0.,1.));
#12023=DIRECTION('',(1.,2.22044604925E-16,0.));
#12024=DIRECTION('center_axis',(-1.,-2.22044604925E-16,0.));
#12025=DIRECTION('ref_axis',(-2.22044604925E-16,1.,0.));
#12026=DIRECTION('',(0.,0.,1.));
#12027=DIRECTION('',(-2.22044604925E-16,1.,0.));
#12028=DIRECTION('center_axis',(2.22044604925E-16,-1.,0.));
#12029=DIRECTION('ref_axis',(-1.,-2.22044604925E-16,0.));
#12030=DIRECTION('',(-1.,-2.22044604925E-16,0.));
#12031=DIRECTION('center_axis',(-2.22044604925E-16,1.,0.));
#12032=DIRECTION('ref_axis',(1.,2.22044604925E-16,0.));
#12033=DIRECTION('',(0.,0.,1.));
#12034=DIRECTION('',(1.,2.22044604925E-16,0.));
#12035=DIRECTION('center_axis',(-1.,-2.22044604925E-16,0.));
#12036=DIRECTION('ref_axis',(-2.22044604925E-16,1.,0.));
#12037=DIRECTION('',(0.,0.,1.));
#12038=DIRECTION('',(-2.22044604925E-16,1.,0.));
#12039=DIRECTION('center_axis',(2.22044604925E-16,-1.,0.));
#12040=DIRECTION('ref_axis',(-1.,-2.22044604925E-16,0.));
#12041=DIRECTION('',(-1.,-2.22044604925E-16,0.));
#12042=DIRECTION('center_axis',(-2.22044604925E-16,1.,0.));
#12043=DIRECTION('ref_axis',(1.,2.22044604925E-16,0.));
#12044=DIRECTION('',(0.,0.,1.));
#12045=DIRECTION('',(1.,2.22044604925E-16,0.));
#12046=DIRECTION('center_axis',(-1.,-2.22044604925E-16,0.));
#12047=DIRECTION('ref_axis',(-2.22044604925E-16,1.,0.));
#12048=DIRECTION('',(0.,0.,1.));
#12049=DIRECTION('',(-2.22044604925E-16,1.,0.));
#12050=DIRECTION('center_axis',(2.22044604925E-16,-1.,0.));
#12051=DIRECTION('ref_axis',(-1.,-2.22044604925E-16,0.));
#12052=DIRECTION('',(-1.,-2.22044604925E-16,0.));
#12053=DIRECTION('center_axis',(-2.22044604925E-16,1.,0.));
#12054=DIRECTION('ref_axis',(1.,2.22044604925E-16,0.));
#12055=DIRECTION('',(0.,0.,1.));
#12056=DIRECTION('',(1.,2.22044604925E-16,0.));
#12057=DIRECTION('center_axis',(-1.,-2.22044604925E-16,0.));
#12058=DIRECTION('ref_axis',(-2.22044604925E-16,1.,0.));
#12059=DIRECTION('',(0.,0.,1.));
#12060=DIRECTION('',(-2.22044604925E-16,1.,0.));
#12061=DIRECTION('center_axis',(2.22044604925E-16,-1.,0.));
#12062=DIRECTION('ref_axis',(-1.,-2.22044604925E-16,0.));
#12063=DIRECTION('',(-1.,-2.22044604925E-16,0.));
#12064=DIRECTION('center_axis',(-2.22044604925E-16,1.,0.));
#12065=DIRECTION('ref_axis',(1.,2.22044604925E-16,0.));
#12066=DIRECTION('',(0.,0.,1.));
#12067=DIRECTION('',(1.,2.22044604925E-16,0.));
#12068=DIRECTION('center_axis',(-1.,-2.22044604925E-16,0.));
#12069=DIRECTION('ref_axis',(-2.22044604925E-16,1.,0.));
#12070=DIRECTION('',(0.,0.,1.));
#12071=DIRECTION('',(-2.22044604925E-16,1.,0.));
#12072=DIRECTION('center_axis',(2.22044604925E-16,-1.,0.));
#12073=DIRECTION('ref_axis',(-1.,-2.22044604925E-16,0.));
#12074=DIRECTION('',(-1.,-2.22044604925E-16,0.));
#12075=DIRECTION('center_axis',(-2.22044604925E-16,1.,0.));
#12076=DIRECTION('ref_axis',(1.,2.22044604925E-16,0.));
#12077=DIRECTION('',(0.,0.,1.));
#12078=DIRECTION('',(1.,2.22044604925E-16,0.));
#12079=DIRECTION('center_axis',(-1.,-2.22044604925E-16,0.));
#12080=DIRECTION('ref_axis',(-2.22044604925E-16,1.,0.));
#12081=DIRECTION('',(0.,0.,1.));
#12082=DIRECTION('',(-2.22044604925E-16,1.,0.));
#12083=DIRECTION('center_axis',(2.22044604925E-16,-1.,0.));
#12084=DIRECTION('ref_axis',(-1.,-2.22044604925E-16,0.));
#12085=DIRECTION('',(-1.,-2.22044604925E-16,0.));
#12086=DIRECTION('center_axis',(1.,0.,0.));
#12087=DIRECTION('ref_axis',(0.,-1.,0.));
#12088=DIRECTION('',(0.,0.,1.));
#12089=DIRECTION('',(0.,-1.,0.));
#12090=DIRECTION('center_axis',(0.,1.,0.));
#12091=DIRECTION('ref_axis',(1.,0.,0.));
#12092=DIRECTION('',(0.,0.,1.));
#12093=DIRECTION('',(1.,0.,0.));
#12094=DIRECTION('center_axis',(-1.,0.,0.));
#12095=DIRECTION('ref_axis',(0.,1.,0.));
#12096=DIRECTION('',(0.,1.,0.));
#12097=DIRECTION('center_axis',(1.,0.,0.));
#12098=DIRECTION('ref_axis',(0.,-1.,0.));
#12099=DIRECTION('',(0.,0.,1.));
#12100=DIRECTION('',(0.,-1.,0.));
#12101=DIRECTION('center_axis',(0.,1.,0.));
#12102=DIRECTION('ref_axis',(1.,0.,0.));
#12103=DIRECTION('',(0.,0.,1.));
#12104=DIRECTION('',(1.,0.,0.));
#12105=DIRECTION('center_axis',(-1.,0.,0.));
#12106=DIRECTION('ref_axis',(0.,1.,0.));
#12107=DIRECTION('',(0.,1.,0.));
#12108=DIRECTION('center_axis',(1.,0.,0.));
#12109=DIRECTION('ref_axis',(0.,-1.,0.));
#12110=DIRECTION('',(0.,0.,1.));
#12111=DIRECTION('',(0.,-1.,0.));
#12112=DIRECTION('center_axis',(0.,1.,0.));
#12113=DIRECTION('ref_axis',(1.,0.,0.));
#12114=DIRECTION('',(0.,0.,1.));
#12115=DIRECTION('',(1.,0.,0.));
#12116=DIRECTION('center_axis',(-1.,0.,0.));
#12117=DIRECTION('ref_axis',(0.,1.,0.));
#12118=DIRECTION('',(0.,1.,0.));
#12119=DIRECTION('center_axis',(1.,0.,0.));
#12120=DIRECTION('ref_axis',(0.,-1.,0.));
#12121=DIRECTION('',(0.,0.,1.));
#12122=DIRECTION('',(0.,-1.,0.));
#12123=DIRECTION('center_axis',(0.,1.,0.));
#12124=DIRECTION('ref_axis',(1.,0.,0.));
#12125=DIRECTION('',(0.,0.,1.));
#12126=DIRECTION('',(1.,0.,0.));
#12127=DIRECTION('center_axis',(-1.,0.,0.));
#12128=DIRECTION('ref_axis',(0.,1.,0.));
#12129=DIRECTION('',(0.,1.,0.));
#12130=DIRECTION('center_axis',(1.,0.,0.));
#12131=DIRECTION('ref_axis',(0.,-1.,0.));
#12132=DIRECTION('',(0.,0.,1.));
#12133=DIRECTION('',(0.,-1.,0.));
#12134=DIRECTION('center_axis',(0.,1.,0.));
#12135=DIRECTION('ref_axis',(1.,0.,0.));
#12136=DIRECTION('',(0.,0.,1.));
#12137=DIRECTION('',(1.,0.,0.));
#12138=DIRECTION('center_axis',(-1.,0.,0.));
#12139=DIRECTION('ref_axis',(0.,1.,0.));
#12140=DIRECTION('',(0.,1.,0.));
#12141=DIRECTION('center_axis',(1.,0.,0.));
#12142=DIRECTION('ref_axis',(0.,-1.,0.));
#12143=DIRECTION('',(0.,0.,1.));
#12144=DIRECTION('',(0.,-1.,0.));
#12145=DIRECTION('center_axis',(0.,1.,0.));
#12146=DIRECTION('ref_axis',(1.,0.,0.));
#12147=DIRECTION('',(0.,0.,1.));
#12148=DIRECTION('',(1.,0.,0.));
#12149=DIRECTION('center_axis',(-1.,0.,0.));
#12150=DIRECTION('ref_axis',(0.,1.,0.));
#12151=DIRECTION('',(0.,1.,0.));
#12152=DIRECTION('center_axis',(1.,0.,0.));
#12153=DIRECTION('ref_axis',(0.,-1.,0.));
#12154=DIRECTION('',(0.,0.,1.));
#12155=DIRECTION('',(0.,-1.,0.));
#12156=DIRECTION('center_axis',(0.,1.,0.));
#12157=DIRECTION('ref_axis',(1.,0.,0.));
#12158=DIRECTION('',(0.,0.,1.));
#12159=DIRECTION('',(1.,0.,0.));
#12160=DIRECTION('center_axis',(-1.,0.,0.));
#12161=DIRECTION('ref_axis',(0.,1.,0.));
#12162=DIRECTION('',(0.,1.,0.));
#12163=DIRECTION('center_axis',(1.,1.110223024625E-16,0.));
#12164=DIRECTION('ref_axis',(1.110223024625E-16,-1.,0.));
#12165=DIRECTION('center_axis',(1.,1.110223024625E-16,0.));
#12166=DIRECTION('ref_axis',(1.110223024625E-16,-1.,0.));
#12167=DIRECTION('center_axis',(1.,1.110223024625E-16,0.));
#12168=DIRECTION('ref_axis',(1.110223024625E-16,-1.,0.));
#12169=DIRECTION('center_axis',(1.,1.110223024625E-16,0.));
#12170=DIRECTION('ref_axis',(1.110223024625E-16,-1.,0.));
#12171=DIRECTION('center_axis',(1.,1.110223024625E-16,0.));
#12172=DIRECTION('ref_axis',(1.110223024625E-16,-1.,0.));
#12173=DIRECTION('center_axis',(1.,1.110223024625E-16,0.));
#12174=DIRECTION('ref_axis',(1.110223024625E-16,-1.,0.));
#12175=DIRECTION('center_axis',(1.,1.110223024625E-16,0.));
#12176=DIRECTION('ref_axis',(1.110223024625E-16,-1.,0.));
#12177=DIRECTION('center_axis',(-1.,-1.224646799147E-16,0.));
#12178=DIRECTION('ref_axis',(-1.224646799147E-16,1.,0.));
#12179=DIRECTION('',(0.,0.,1.));
#12180=DIRECTION('',(-1.224646799147E-16,1.,0.));
#12181=DIRECTION('center_axis',(1.224646799147E-16,-1.,0.));
#12182=DIRECTION('ref_axis',(-1.,-1.224646799147E-16,0.));
#12183=DIRECTION('',(0.,0.,1.));
#12184=DIRECTION('',(-1.,-1.224646799147E-16,0.));
#12185=DIRECTION('center_axis',(1.,1.224646799147E-16,0.));
#12186=DIRECTION('ref_axis',(1.224646799147E-16,-1.,0.));
#12187=DIRECTION('',(1.224646799147E-16,-1.,0.));
#12188=DIRECTION('center_axis',(-1.,-1.224646799147E-16,0.));
#12189=DIRECTION('ref_axis',(-1.224646799147E-16,1.,0.));
#12190=DIRECTION('',(0.,0.,1.));
#12191=DIRECTION('',(-1.224646799147E-16,1.,0.));
#12192=DIRECTION('center_axis',(1.224646799147E-16,-1.,0.));
#12193=DIRECTION('ref_axis',(-1.,-1.224646799147E-16,0.));
#12194=DIRECTION('',(0.,0.,1.));
#12195=DIRECTION('',(-1.,-1.224646799147E-16,0.));
#12196=DIRECTION('center_axis',(1.,1.224646799147E-16,0.));
#12197=DIRECTION('ref_axis',(1.224646799147E-16,-1.,0.));
#12198=DIRECTION('',(1.224646799147E-16,-1.,0.));
#12199=DIRECTION('center_axis',(-1.,-1.224646799147E-16,0.));
#12200=DIRECTION('ref_axis',(-1.224646799147E-16,1.,0.));
#12201=DIRECTION('',(0.,0.,1.));
#12202=DIRECTION('',(-1.224646799147E-16,1.,0.));
#12203=DIRECTION('center_axis',(1.224646799147E-16,-1.,0.));
#12204=DIRECTION('ref_axis',(-1.,-1.224646799147E-16,0.));
#12205=DIRECTION('',(0.,0.,1.));
#12206=DIRECTION('',(-1.,-1.224646799147E-16,0.));
#12207=DIRECTION('center_axis',(1.,1.224646799147E-16,0.));
#12208=DIRECTION('ref_axis',(1.224646799147E-16,-1.,0.));
#12209=DIRECTION('',(1.224646799147E-16,-1.,0.));
#12210=DIRECTION('center_axis',(-1.,-1.224646799147E-16,0.));
#12211=DIRECTION('ref_axis',(-1.224646799147E-16,1.,0.));
#12212=DIRECTION('',(0.,0.,1.));
#12213=DIRECTION('',(-1.224646799147E-16,1.,0.));
#12214=DIRECTION('center_axis',(1.224646799147E-16,-1.,0.));
#12215=DIRECTION('ref_axis',(-1.,-1.224646799147E-16,0.));
#12216=DIRECTION('',(0.,0.,1.));
#12217=DIRECTION('',(-1.,-1.224646799147E-16,0.));
#12218=DIRECTION('center_axis',(1.,1.224646799147E-16,0.));
#12219=DIRECTION('ref_axis',(1.224646799147E-16,-1.,0.));
#12220=DIRECTION('',(1.224646799147E-16,-1.,0.));
#12221=DIRECTION('center_axis',(-1.,-1.224646799147E-16,0.));
#12222=DIRECTION('ref_axis',(-1.224646799147E-16,1.,0.));
#12223=DIRECTION('',(0.,0.,1.));
#12224=DIRECTION('',(-1.224646799147E-16,1.,0.));
#12225=DIRECTION('center_axis',(1.224646799147E-16,-1.,0.));
#12226=DIRECTION('ref_axis',(-1.,-1.224646799147E-16,0.));
#12227=DIRECTION('',(0.,0.,1.));
#12228=DIRECTION('',(-1.,-1.224646799147E-16,0.));
#12229=DIRECTION('center_axis',(1.,1.224646799147E-16,0.));
#12230=DIRECTION('ref_axis',(1.224646799147E-16,-1.,0.));
#12231=DIRECTION('',(1.224646799147E-16,-1.,0.));
#12232=DIRECTION('center_axis',(-1.,-1.224646799147E-16,0.));
#12233=DIRECTION('ref_axis',(-1.224646799147E-16,1.,0.));
#12234=DIRECTION('',(0.,0.,1.));
#12235=DIRECTION('',(-1.224646799147E-16,1.,0.));
#12236=DIRECTION('center_axis',(1.224646799147E-16,-1.,0.));
#12237=DIRECTION('ref_axis',(-1.,-1.224646799147E-16,0.));
#12238=DIRECTION('',(0.,0.,1.));
#12239=DIRECTION('',(-1.,-1.224646799147E-16,0.));
#12240=DIRECTION('center_axis',(1.,1.224646799147E-16,0.));
#12241=DIRECTION('ref_axis',(1.224646799147E-16,-1.,0.));
#12242=DIRECTION('',(1.224646799147E-16,-1.,0.));
#12243=DIRECTION('center_axis',(-1.,-1.224646799147E-16,0.));
#12244=DIRECTION('ref_axis',(-1.224646799147E-16,1.,0.));
#12245=DIRECTION('',(0.,0.,1.));
#12246=DIRECTION('',(-1.224646799147E-16,1.,0.));
#12247=DIRECTION('center_axis',(1.224646799147E-16,-1.,0.));
#12248=DIRECTION('ref_axis',(-1.,-1.224646799147E-16,0.));
#12249=DIRECTION('',(0.,0.,1.));
#12250=DIRECTION('',(-1.,-1.224646799147E-16,0.));
#12251=DIRECTION('center_axis',(1.,1.224646799147E-16,0.));
#12252=DIRECTION('ref_axis',(1.224646799147E-16,-1.,0.));
#12253=DIRECTION('',(1.224646799147E-16,-1.,0.));
#12254=DIRECTION('center_axis',(0.,0.,1.));
#12255=DIRECTION('ref_axis',(1.,0.,0.));
#12256=DIRECTION('center_axis',(0.,0.,1.));
#12257=DIRECTION('ref_axis',(1.,0.,0.));
#12258=DIRECTION('center_axis',(0.,0.,1.));
#12259=DIRECTION('ref_axis',(1.,0.,0.));
#12260=DIRECTION('center_axis',(0.,0.,1.));
#12261=DIRECTION('ref_axis',(1.,0.,0.));
#12262=DIRECTION('center_axis',(0.,0.,1.));
#12263=DIRECTION('ref_axis',(1.,0.,0.));
#12264=DIRECTION('center_axis',(0.,0.,1.));
#12265=DIRECTION('ref_axis',(1.,0.,0.));
#12266=DIRECTION('center_axis',(0.,0.,1.));
#12267=DIRECTION('ref_axis',(1.,0.,0.));
#12268=DIRECTION('center_axis',(0.,0.,1.));
#12269=DIRECTION('ref_axis',(1.,0.,0.));
#12270=DIRECTION('center_axis',(0.,0.,1.));
#12271=DIRECTION('ref_axis',(1.,0.,0.));
#12272=DIRECTION('',(0.,0.,1.));
#12273=DIRECTION('center_axis',(0.,0.,1.));
#12274=DIRECTION('ref_axis',(-1.,-1.224646799147E-16,0.));
#12275=DIRECTION('center_axis',(0.,0.,1.));
#12276=DIRECTION('ref_axis',(-1.,-1.224646799147E-16,0.));
#12277=DIRECTION('center_axis',(0.,0.,1.));
#12278=DIRECTION('ref_axis',(-1.,-1.224646799147E-16,0.));
#12279=DIRECTION('center_axis',(0.,0.,1.));
#12280=DIRECTION('ref_axis',(-1.,-1.224646799147E-16,0.));
#12281=DIRECTION('center_axis',(0.,0.,1.));
#12282=DIRECTION('ref_axis',(-1.,-1.224646799147E-16,0.));
#12283=DIRECTION('center_axis',(0.,0.,1.));
#12284=DIRECTION('ref_axis',(-1.,-1.224646799147E-16,0.));
#12285=DIRECTION('center_axis',(0.,0.,1.));
#12286=DIRECTION('ref_axis',(-1.,-1.224646799147E-16,0.));
#12287=DIRECTION('center_axis',(0.,0.,1.));
#12288=DIRECTION('ref_axis',(-2.22044604925E-16,1.,0.));
#12289=DIRECTION('center_axis',(0.,0.,1.));
#12290=DIRECTION('ref_axis',(-2.22044604925E-16,1.,0.));
#12291=DIRECTION('center_axis',(0.,0.,1.));
#12292=DIRECTION('ref_axis',(-2.22044604925E-16,1.,0.));
#12293=DIRECTION('center_axis',(0.,0.,1.));
#12294=DIRECTION('ref_axis',(-2.22044604925E-16,1.,0.));
#12295=DIRECTION('center_axis',(0.,0.,1.));
#12296=DIRECTION('ref_axis',(-2.22044604925E-16,1.,0.));
#12297=DIRECTION('center_axis',(0.,0.,1.));
#12298=DIRECTION('ref_axis',(-2.22044604925E-16,1.,0.));
#12299=DIRECTION('center_axis',(0.,0.,1.));
#12300=DIRECTION('ref_axis',(-2.22044604925E-16,1.,0.));
#12301=DIRECTION('center_axis',(0.,0.,1.));
#12302=DIRECTION('ref_axis',(1.,0.,0.));
#12303=DIRECTION('axis',(0.,0.,1.));
#12304=DIRECTION('refdir',(1.,0.,0.));
#12305=DIRECTION('axis',(0.,0.,1.));
#12306=DIRECTION('refdir',(1.,0.,0.));
#12307=DIRECTION('axis',(0.,0.,1.));
#12308=DIRECTION('refdir',(1.,0.,0.));
#12309=DIRECTION('center_axis',(1.,0.,0.));
#12310=DIRECTION('ref_axis',(0.,-1.,0.));
#12311=DIRECTION('',(0.,0.,1.));
#12312=DIRECTION('',(0.,-1.,0.));
#12313=DIRECTION('',(0.,0.,1.));
#12314=DIRECTION('',(0.,-1.,0.));
#12315=DIRECTION('center_axis',(0.,-1.,0.));
#12316=DIRECTION('ref_axis',(-1.,0.,0.));
#12317=DIRECTION('',(-1.,0.,0.));
#12318=DIRECTION('',(-1.,0.,0.));
#12319=DIRECTION('center_axis',(0.,-1.,2.22044604925E-16));
#12320=DIRECTION('ref_axis',(1.,0.,0.));
#12321=DIRECTION('',(0.,0.,1.));
#12322=DIRECTION('center_axis',(0.,1.,0.));
#12323=DIRECTION('ref_axis',(1.,0.,0.));
#12324=DIRECTION('',(1.,0.,0.));
#12325=DIRECTION('',(0.,0.,1.));
#12326=DIRECTION('center_axis',(0.,-1.,2.22044604925E-16));
#12327=DIRECTION('ref_axis',(1.,0.,0.));
#12328=DIRECTION('',(1.,0.,0.));
#12329=DIRECTION('center_axis',(0.,0.,1.));
#12330=DIRECTION('ref_axis',(1.,0.,0.));
#12331=DIRECTION('',(0.,1.,0.));
#12332=DIRECTION('center_axis',(0.,0.,1.));
#12333=DIRECTION('ref_axis',(1.,0.,0.));
#12334=DIRECTION('',(0.,1.,-2.22044604925E-16));
#12335=DIRECTION('center_axis',(0.,-1.,2.22044604925E-16));
#12336=DIRECTION('ref_axis',(1.,0.,0.));
#12337=DIRECTION('',(0.,1.,-2.22044604925E-16));
#12338=DIRECTION('center_axis',(-1.,0.,0.));
#12339=DIRECTION('ref_axis',(0.,1.,0.));
#12340=DIRECTION('',(0.,0.,1.));
#12341=DIRECTION('',(1.,0.,0.));
#12342=DIRECTION('',(0.,0.,1.));
#12343=DIRECTION('',(1.,0.,0.));
#12344=DIRECTION('',(0.,0.,1.));
#12345=DIRECTION('',(1.,0.,0.));
#12346=DIRECTION('',(0.,0.,1.));
#12347=DIRECTION('',(1.,0.,0.));
#12348=DIRECTION('',(0.,0.,1.));
#12349=DIRECTION('',(1.,0.,0.));
#12350=DIRECTION('',(0.,0.,1.));
#12351=DIRECTION('',(1.,0.,0.));
#12352=DIRECTION('',(0.,0.,1.));
#12353=DIRECTION('',(1.,0.,0.));
#12354=DIRECTION('',(0.,0.,1.));
#12355=DIRECTION('',(-2.22044604925E-16,1.,0.));
#12356=DIRECTION('',(0.,0.,1.));
#12357=DIRECTION('',(-1.,0.,0.));
#12358=DIRECTION('',(0.,0.,1.));
#12359=DIRECTION('',(-2.22044604925E-16,-1.,0.));
#12360=DIRECTION('',(0.,0.,1.));
#12361=DIRECTION('',(1.,0.,0.));
#12362=DIRECTION('',(0.,0.,1.));
#12363=DIRECTION('',(1.,0.,0.));
#12364=DIRECTION('',(0.,0.,1.));
#12365=DIRECTION('',(1.,0.,0.));
#12366=DIRECTION('axis',(0.,0.,1.));
#12367=DIRECTION('refdir',(1.,0.,0.));
#12368=DIRECTION('axis',(0.,0.,1.));
#12369=DIRECTION('refdir',(1.,0.,0.));
#12370=DIRECTION('center_axis',(0.,1.,0.));
#12371=DIRECTION('ref_axis',(1.,0.,0.));
#12372=DIRECTION('',(0.,0.,1.));
#12373=DIRECTION('',(1.,0.,0.));
#12374=DIRECTION('',(0.,0.,1.));
#12375=DIRECTION('',(1.,0.,0.));
#12376=DIRECTION('center_axis',(1.,0.,0.));
#12377=DIRECTION('ref_axis',(0.,-1.,0.));
#12378=DIRECTION('',(0.,-1.,0.));
#12379=DIRECTION('',(0.,0.,1.));
#12380=DIRECTION('',(0.,-1.,0.));
#12381=DIRECTION('center_axis',(0.,-1.,0.));
#12382=DIRECTION('ref_axis',(-1.,0.,0.));
#12383=DIRECTION('',(-1.,0.,0.));
#12384=DIRECTION('',(0.,0.,1.));
#12385=DIRECTION('',(-1.,0.,0.));
#12386=DIRECTION('center_axis',(-1.,0.,0.));
#12387=DIRECTION('ref_axis',(0.,1.,0.));
#12388=DIRECTION('',(0.,1.,0.));
#12389=DIRECTION('',(0.,1.,0.));
#12390=DIRECTION('center_axis',(0.,0.,1.));
#12391=DIRECTION('ref_axis',(1.,0.,0.));
#12392=DIRECTION('center_axis',(0.,0.,1.));
#12393=DIRECTION('ref_axis',(1.,0.,0.));
#12394=DIRECTION('axis',(0.,0.,1.));
#12395=DIRECTION('refdir',(1.,0.,0.));
#12396=DIRECTION('center_axis',(0.,1.,0.));
#12397=DIRECTION('ref_axis',(1.,0.,0.));
#12398=DIRECTION('',(0.,0.,1.));
#12399=DIRECTION('',(-1.,0.,0.));
#12400=DIRECTION('',(0.,0.,1.));
#12401=DIRECTION('',(-1.,0.,0.));
#12402=DIRECTION('center_axis',(-1.,0.,0.));
#12403=DIRECTION('ref_axis',(0.,1.,0.));
#12404=DIRECTION('',(0.,-1.,0.));
#12405=DIRECTION('',(0.,0.,1.));
#12406=DIRECTION('',(0.,-1.,0.));
#12407=DIRECTION('center_axis',(0.,-1.,0.));
#12408=DIRECTION('ref_axis',(-1.,0.,0.));
#12409=DIRECTION('',(1.,0.,0.));
#12410=DIRECTION('',(0.,0.,1.));
#12411=DIRECTION('',(1.,0.,0.));
#12412=DIRECTION('center_axis',(1.,0.,0.));
#12413=DIRECTION('ref_axis',(0.,-1.,0.));
#12414=DIRECTION('',(0.,1.,0.));
#12415=DIRECTION('',(0.,1.,0.));
#12416=DIRECTION('center_axis',(0.,0.,1.));
#12417=DIRECTION('ref_axis',(1.,0.,0.));
#12418=DIRECTION('center_axis',(0.,0.,1.));
#12419=DIRECTION('ref_axis',(1.,0.,0.));
#12420=DIRECTION('',(0.,0.,1.));
#12421=DIRECTION('',(1.,0.,0.));
#12422=DIRECTION('',(0.,0.,1.));
#12423=DIRECTION('',(1.,0.,0.));
#12424=DIRECTION('axis',(0.,0.,1.));
#12425=DIRECTION('refdir',(1.,0.,0.));
#12426=DIRECTION('axis',(0.,0.,1.));
#12427=DIRECTION('refdir',(1.,0.,0.));
#12428=DIRECTION('center_axis',(0.,1.,0.));
#12429=DIRECTION('ref_axis',(1.,0.,0.));
#12430=DIRECTION('',(0.,0.,1.));
#12431=DIRECTION('',(1.,0.,0.));
#12432=DIRECTION('',(0.,0.,1.));
#12433=DIRECTION('',(1.,0.,0.));
#12434=DIRECTION('center_axis',(1.,0.,0.));
#12435=DIRECTION('ref_axis',(0.,-1.,0.));
#12436=DIRECTION('',(0.,-1.,0.));
#12437=DIRECTION('',(0.,0.,1.));
#12438=DIRECTION('',(0.,-1.,0.));
#12439=DIRECTION('center_axis',(0.,-1.,0.));
#12440=DIRECTION('ref_axis',(-1.,0.,0.));
#12441=DIRECTION('',(-1.,0.,0.));
#12442=DIRECTION('',(0.,0.,1.));
#12443=DIRECTION('',(-1.,0.,0.));
#12444=DIRECTION('center_axis',(-1.,0.,0.));
#12445=DIRECTION('ref_axis',(0.,1.,0.));
#12446=DIRECTION('',(0.,1.,0.));
#12447=DIRECTION('',(0.,1.,0.));
#12448=DIRECTION('center_axis',(0.,0.,1.));
#12449=DIRECTION('ref_axis',(1.,0.,0.));
#12450=DIRECTION('center_axis',(0.,0.,1.));
#12451=DIRECTION('ref_axis',(1.,0.,0.));
#12452=DIRECTION('axis',(0.,0.,1.));
#12453=DIRECTION('refdir',(1.,0.,0.));
#12454=DIRECTION('center_axis',(0.,1.,0.));
#12455=DIRECTION('ref_axis',(1.,0.,0.));
#12456=DIRECTION('',(0.,0.,1.));
#12457=DIRECTION('',(-1.,0.,0.));
#12458=DIRECTION('',(0.,0.,1.));
#12459=DIRECTION('',(-1.,0.,0.));
#12460=DIRECTION('center_axis',(-1.,0.,0.));
#12461=DIRECTION('ref_axis',(0.,1.,0.));
#12462=DIRECTION('',(0.,-1.,0.));
#12463=DIRECTION('',(0.,0.,1.));
#12464=DIRECTION('',(0.,-1.,0.));
#12465=DIRECTION('center_axis',(0.,-1.,0.));
#12466=DIRECTION('ref_axis',(-1.,0.,0.));
#12467=DIRECTION('',(1.,0.,0.));
#12468=DIRECTION('',(0.,0.,1.));
#12469=DIRECTION('',(1.,0.,0.));
#12470=DIRECTION('center_axis',(1.,0.,0.));
#12471=DIRECTION('ref_axis',(0.,-1.,0.));
#12472=DIRECTION('',(0.,1.,0.));
#12473=DIRECTION('',(0.,1.,0.));
#12474=DIRECTION('center_axis',(0.,0.,1.));
#12475=DIRECTION('ref_axis',(1.,0.,0.));
#12476=DIRECTION('center_axis',(0.,0.,1.));
#12477=DIRECTION('ref_axis',(1.,0.,0.));
#12478=DIRECTION('',(0.,0.,1.));
#12479=DIRECTION('',(1.,0.,0.));
#12480=DIRECTION('',(0.,0.,1.));
#12481=DIRECTION('',(1.,0.,0.));
#12482=DIRECTION('axis',(0.,0.,1.));
#12483=DIRECTION('refdir',(1.,0.,0.));
#12484=DIRECTION('axis',(0.,0.,1.));
#12485=DIRECTION('refdir',(1.,0.,0.));
#12486=DIRECTION('center_axis',(0.,1.,0.));
#12487=DIRECTION('ref_axis',(1.,0.,0.));
#12488=DIRECTION('',(0.,0.,1.));
#12489=DIRECTION('',(1.,0.,0.));
#12490=DIRECTION('',(0.,0.,1.));
#12491=DIRECTION('',(1.,0.,0.));
#12492=DIRECTION('center_axis',(1.,0.,0.));
#12493=DIRECTION('ref_axis',(0.,-1.,0.));
#12494=DIRECTION('',(0.,-1.,0.));
#12495=DIRECTION('',(0.,0.,1.));
#12496=DIRECTION('',(0.,-1.,0.));
#12497=DIRECTION('center_axis',(0.,-1.,0.));
#12498=DIRECTION('ref_axis',(-1.,0.,0.));
#12499=DIRECTION('',(-1.,0.,0.));
#12500=DIRECTION('',(0.,0.,1.));
#12501=DIRECTION('',(-1.,0.,0.));
#12502=DIRECTION('center_axis',(-1.,0.,0.));
#12503=DIRECTION('ref_axis',(0.,1.,0.));
#12504=DIRECTION('',(0.,1.,0.));
#12505=DIRECTION('',(0.,1.,0.));
#12506=DIRECTION('center_axis',(0.,0.,1.));
#12507=DIRECTION('ref_axis',(1.,0.,0.));
#12508=DIRECTION('center_axis',(0.,0.,1.));
#12509=DIRECTION('ref_axis',(1.,0.,0.));
#12510=DIRECTION('axis',(0.,0.,1.));
#12511=DIRECTION('refdir',(1.,0.,0.));
#12512=DIRECTION('center_axis',(0.,1.,0.));
#12513=DIRECTION('ref_axis',(1.,0.,0.));
#12514=DIRECTION('',(0.,0.,1.));
#12515=DIRECTION('',(-1.,0.,0.));
#12516=DIRECTION('',(0.,0.,1.));
#12517=DIRECTION('',(-1.,0.,0.));
#12518=DIRECTION('center_axis',(-1.,0.,0.));
#12519=DIRECTION('ref_axis',(0.,1.,0.));
#12520=DIRECTION('',(0.,-1.,0.));
#12521=DIRECTION('',(0.,0.,1.));
#12522=DIRECTION('',(0.,-1.,0.));
#12523=DIRECTION('center_axis',(0.,-1.,0.));
#12524=DIRECTION('ref_axis',(-1.,0.,0.));
#12525=DIRECTION('',(1.,0.,0.));
#12526=DIRECTION('',(0.,0.,1.));
#12527=DIRECTION('',(1.,0.,0.));
#12528=DIRECTION('center_axis',(1.,0.,0.));
#12529=DIRECTION('ref_axis',(0.,-1.,0.));
#12530=DIRECTION('',(0.,1.,0.));
#12531=DIRECTION('',(0.,1.,0.));
#12532=DIRECTION('center_axis',(0.,0.,1.));
#12533=DIRECTION('ref_axis',(1.,0.,0.));
#12534=DIRECTION('center_axis',(0.,0.,1.));
#12535=DIRECTION('ref_axis',(1.,0.,0.));
#12536=DIRECTION('',(0.,0.,1.));
#12537=DIRECTION('',(1.,0.,0.));
#12538=DIRECTION('',(0.,0.,1.));
#12539=DIRECTION('',(1.,0.,0.));
#12540=DIRECTION('axis',(0.,0.,1.));
#12541=DIRECTION('refdir',(1.,0.,0.));
#12542=DIRECTION('axis',(0.,0.,1.));
#12543=DIRECTION('refdir',(1.,0.,0.));
#12544=DIRECTION('center_axis',(0.,1.,0.));
#12545=DIRECTION('ref_axis',(1.,0.,0.));
#12546=DIRECTION('',(0.,0.,1.));
#12547=DIRECTION('',(1.,0.,0.));
#12548=DIRECTION('',(0.,0.,1.));
#12549=DIRECTION('',(1.,0.,0.));
#12550=DIRECTION('center_axis',(1.,0.,0.));
#12551=DIRECTION('ref_axis',(0.,-1.,0.));
#12552=DIRECTION('',(0.,-1.,0.));
#12553=DIRECTION('',(0.,0.,1.));
#12554=DIRECTION('',(0.,-1.,0.));
#12555=DIRECTION('center_axis',(0.,-1.,0.));
#12556=DIRECTION('ref_axis',(-1.,0.,0.));
#12557=DIRECTION('',(-1.,0.,0.));
#12558=DIRECTION('',(0.,0.,1.));
#12559=DIRECTION('',(-1.,0.,0.));
#12560=DIRECTION('center_axis',(-1.,0.,0.));
#12561=DIRECTION('ref_axis',(0.,1.,0.));
#12562=DIRECTION('',(0.,1.,0.));
#12563=DIRECTION('',(0.,1.,0.));
#12564=DIRECTION('center_axis',(0.,0.,1.));
#12565=DIRECTION('ref_axis',(1.,0.,0.));
#12566=DIRECTION('center_axis',(0.,0.,1.));
#12567=DIRECTION('ref_axis',(1.,0.,0.));
#12568=DIRECTION('axis',(0.,0.,1.));
#12569=DIRECTION('refdir',(1.,0.,0.));
#12570=DIRECTION('center_axis',(0.,1.,0.));
#12571=DIRECTION('ref_axis',(1.,0.,0.));
#12572=DIRECTION('',(0.,0.,1.));
#12573=DIRECTION('',(-1.,0.,0.));
#12574=DIRECTION('',(0.,0.,1.));
#12575=DIRECTION('',(-1.,0.,0.));
#12576=DIRECTION('center_axis',(-1.,0.,0.));
#12577=DIRECTION('ref_axis',(0.,1.,0.));
#12578=DIRECTION('',(0.,-1.,0.));
#12579=DIRECTION('',(0.,0.,1.));
#12580=DIRECTION('',(0.,-1.,0.));
#12581=DIRECTION('center_axis',(0.,-1.,0.));
#12582=DIRECTION('ref_axis',(-1.,0.,0.));
#12583=DIRECTION('',(1.,0.,0.));
#12584=DIRECTION('',(0.,0.,1.));
#12585=DIRECTION('',(1.,0.,0.));
#12586=DIRECTION('center_axis',(1.,0.,0.));
#12587=DIRECTION('ref_axis',(0.,-1.,0.));
#12588=DIRECTION('',(0.,1.,0.));
#12589=DIRECTION('',(0.,1.,0.));
#12590=DIRECTION('center_axis',(0.,0.,1.));
#12591=DIRECTION('ref_axis',(1.,0.,0.));
#12592=DIRECTION('center_axis',(0.,0.,1.));
#12593=DIRECTION('ref_axis',(1.,0.,0.));
#12594=DIRECTION('',(0.,0.,1.));
#12595=DIRECTION('',(1.,0.,0.));
#12596=DIRECTION('',(0.,0.,1.));
#12597=DIRECTION('',(1.,0.,0.));
#12598=DIRECTION('axis',(0.,0.,1.));
#12599=DIRECTION('refdir',(1.,0.,0.));
#12600=DIRECTION('axis',(0.,0.,1.));
#12601=DIRECTION('refdir',(1.,0.,0.));
#12602=DIRECTION('center_axis',(0.,1.,0.));
#12603=DIRECTION('ref_axis',(1.,0.,0.));
#12604=DIRECTION('',(0.,0.,1.));
#12605=DIRECTION('',(1.,0.,0.));
#12606=DIRECTION('',(0.,0.,1.));
#12607=DIRECTION('',(1.,0.,0.));
#12608=DIRECTION('center_axis',(1.,0.,0.));
#12609=DIRECTION('ref_axis',(0.,-1.,0.));
#12610=DIRECTION('',(0.,-1.,0.));
#12611=DIRECTION('',(0.,0.,1.));
#12612=DIRECTION('',(0.,-1.,0.));
#12613=DIRECTION('center_axis',(0.,-1.,0.));
#12614=DIRECTION('ref_axis',(-1.,0.,0.));
#12615=DIRECTION('',(-1.,0.,0.));
#12616=DIRECTION('',(0.,0.,1.));
#12617=DIRECTION('',(-1.,0.,0.));
#12618=DIRECTION('center_axis',(-1.,0.,0.));
#12619=DIRECTION('ref_axis',(0.,1.,0.));
#12620=DIRECTION('',(0.,1.,0.));
#12621=DIRECTION('',(0.,1.,0.));
#12622=DIRECTION('center_axis',(0.,0.,1.));
#12623=DIRECTION('ref_axis',(1.,0.,0.));
#12624=DIRECTION('center_axis',(0.,0.,1.));
#12625=DIRECTION('ref_axis',(1.,0.,0.));
#12626=DIRECTION('axis',(0.,0.,1.));
#12627=DIRECTION('refdir',(1.,0.,0.));
#12628=DIRECTION('center_axis',(0.,1.,0.));
#12629=DIRECTION('ref_axis',(1.,0.,0.));
#12630=DIRECTION('',(0.,0.,1.));
#12631=DIRECTION('',(-1.,0.,0.));
#12632=DIRECTION('',(0.,0.,1.));
#12633=DIRECTION('',(-1.,0.,0.));
#12634=DIRECTION('center_axis',(-1.,0.,0.));
#12635=DIRECTION('ref_axis',(0.,1.,0.));
#12636=DIRECTION('',(0.,-1.,0.));
#12637=DIRECTION('',(0.,0.,1.));
#12638=DIRECTION('',(0.,-1.,0.));
#12639=DIRECTION('center_axis',(0.,-1.,0.));
#12640=DIRECTION('ref_axis',(-1.,0.,0.));
#12641=DIRECTION('',(1.,0.,0.));
#12642=DIRECTION('',(0.,0.,1.));
#12643=DIRECTION('',(1.,0.,0.));
#12644=DIRECTION('center_axis',(1.,0.,0.));
#12645=DIRECTION('ref_axis',(0.,-1.,0.));
#12646=DIRECTION('',(0.,1.,0.));
#12647=DIRECTION('',(0.,1.,0.));
#12648=DIRECTION('center_axis',(0.,0.,1.));
#12649=DIRECTION('ref_axis',(1.,0.,0.));
#12650=DIRECTION('center_axis',(0.,0.,1.));
#12651=DIRECTION('ref_axis',(1.,0.,0.));
#12652=DIRECTION('',(0.,0.,1.));
#12653=DIRECTION('',(1.,0.,0.));
#12654=DIRECTION('',(0.,0.,1.));
#12655=DIRECTION('',(1.,0.,0.));
#12656=DIRECTION('axis',(0.,0.,1.));
#12657=DIRECTION('refdir',(1.,0.,0.));
#12658=DIRECTION('axis',(0.,0.,1.));
#12659=DIRECTION('refdir',(1.,0.,0.));
#12660=DIRECTION('center_axis',(0.,1.,0.));
#12661=DIRECTION('ref_axis',(1.,0.,0.));
#12662=DIRECTION('',(0.,0.,1.));
#12663=DIRECTION('',(1.,0.,0.));
#12664=DIRECTION('',(0.,0.,1.));
#12665=DIRECTION('',(1.,0.,0.));
#12666=DIRECTION('center_axis',(1.,0.,0.));
#12667=DIRECTION('ref_axis',(0.,-1.,0.));
#12668=DIRECTION('',(0.,-1.,0.));
#12669=DIRECTION('',(0.,0.,1.));
#12670=DIRECTION('',(0.,-1.,0.));
#12671=DIRECTION('center_axis',(0.,-1.,0.));
#12672=DIRECTION('ref_axis',(-1.,0.,0.));
#12673=DIRECTION('',(-1.,0.,0.));
#12674=DIRECTION('',(0.,0.,1.));
#12675=DIRECTION('',(-1.,0.,0.));
#12676=DIRECTION('center_axis',(-1.,0.,0.));
#12677=DIRECTION('ref_axis',(0.,1.,0.));
#12678=DIRECTION('',(0.,1.,0.));
#12679=DIRECTION('',(0.,1.,0.));
#12680=DIRECTION('center_axis',(0.,0.,1.));
#12681=DIRECTION('ref_axis',(1.,0.,0.));
#12682=DIRECTION('center_axis',(0.,0.,1.));
#12683=DIRECTION('ref_axis',(1.,0.,0.));
#12684=DIRECTION('axis',(0.,0.,1.));
#12685=DIRECTION('refdir',(1.,0.,0.));
#12686=DIRECTION('center_axis',(0.,1.,0.));
#12687=DIRECTION('ref_axis',(1.,0.,0.));
#12688=DIRECTION('',(0.,0.,1.));
#12689=DIRECTION('',(-1.,0.,0.));
#12690=DIRECTION('',(0.,0.,1.));
#12691=DIRECTION('',(-1.,0.,0.));
#12692=DIRECTION('center_axis',(-1.,0.,0.));
#12693=DIRECTION('ref_axis',(0.,1.,0.));
#12694=DIRECTION('',(0.,-1.,0.));
#12695=DIRECTION('',(0.,0.,1.));
#12696=DIRECTION('',(0.,-1.,0.));
#12697=DIRECTION('center_axis',(0.,-1.,0.));
#12698=DIRECTION('ref_axis',(-1.,0.,0.));
#12699=DIRECTION('',(1.,0.,0.));
#12700=DIRECTION('',(0.,0.,1.));
#12701=DIRECTION('',(1.,0.,0.));
#12702=DIRECTION('center_axis',(1.,0.,0.));
#12703=DIRECTION('ref_axis',(0.,-1.,0.));
#12704=DIRECTION('',(0.,1.,0.));
#12705=DIRECTION('',(0.,1.,0.));
#12706=DIRECTION('center_axis',(0.,0.,1.));
#12707=DIRECTION('ref_axis',(1.,0.,0.));
#12708=DIRECTION('center_axis',(0.,0.,1.));
#12709=DIRECTION('ref_axis',(1.,0.,0.));
#12710=DIRECTION('',(0.,0.,1.));
#12711=DIRECTION('',(1.,0.,0.));
#12712=DIRECTION('',(0.,0.,1.));
#12713=DIRECTION('',(1.,0.,0.));
#12714=DIRECTION('axis',(0.,0.,1.));
#12715=DIRECTION('refdir',(1.,0.,0.));
#12716=DIRECTION('axis',(0.,0.,1.));
#12717=DIRECTION('refdir',(1.,0.,0.));
#12718=DIRECTION('center_axis',(0.,1.,0.));
#12719=DIRECTION('ref_axis',(1.,0.,0.));
#12720=DIRECTION('',(0.,0.,1.));
#12721=DIRECTION('',(1.,0.,0.));
#12722=DIRECTION('',(0.,0.,1.));
#12723=DIRECTION('',(1.,0.,0.));
#12724=DIRECTION('center_axis',(1.,0.,0.));
#12725=DIRECTION('ref_axis',(0.,-1.,0.));
#12726=DIRECTION('',(0.,-1.,0.));
#12727=DIRECTION('',(0.,0.,1.));
#12728=DIRECTION('',(0.,-1.,0.));
#12729=DIRECTION('center_axis',(0.,-1.,0.));
#12730=DIRECTION('ref_axis',(-1.,0.,0.));
#12731=DIRECTION('',(-1.,0.,0.));
#12732=DIRECTION('',(0.,0.,1.));
#12733=DIRECTION('',(-1.,0.,0.));
#12734=DIRECTION('center_axis',(-1.,0.,0.));
#12735=DIRECTION('ref_axis',(0.,1.,0.));
#12736=DIRECTION('',(0.,1.,0.));
#12737=DIRECTION('',(0.,1.,0.));
#12738=DIRECTION('center_axis',(0.,0.,1.));
#12739=DIRECTION('ref_axis',(1.,0.,0.));
#12740=DIRECTION('center_axis',(0.,0.,1.));
#12741=DIRECTION('ref_axis',(1.,0.,0.));
#12742=DIRECTION('axis',(0.,0.,1.));
#12743=DIRECTION('refdir',(1.,0.,0.));
#12744=DIRECTION('center_axis',(0.,1.,0.));
#12745=DIRECTION('ref_axis',(1.,0.,0.));
#12746=DIRECTION('',(0.,0.,1.));
#12747=DIRECTION('',(-1.,0.,0.));
#12748=DIRECTION('',(0.,0.,1.));
#12749=DIRECTION('',(-1.,0.,0.));
#12750=DIRECTION('center_axis',(-1.,0.,0.));
#12751=DIRECTION('ref_axis',(0.,1.,0.));
#12752=DIRECTION('',(0.,-1.,0.));
#12753=DIRECTION('',(0.,0.,1.));
#12754=DIRECTION('',(0.,-1.,0.));
#12755=DIRECTION('center_axis',(0.,-1.,0.));
#12756=DIRECTION('ref_axis',(-1.,0.,0.));
#12757=DIRECTION('',(1.,0.,0.));
#12758=DIRECTION('',(0.,0.,1.));
#12759=DIRECTION('',(1.,0.,0.));
#12760=DIRECTION('center_axis',(1.,0.,0.));
#12761=DIRECTION('ref_axis',(0.,-1.,0.));
#12762=DIRECTION('',(0.,1.,0.));
#12763=DIRECTION('',(0.,1.,0.));
#12764=DIRECTION('center_axis',(0.,0.,1.));
#12765=DIRECTION('ref_axis',(1.,0.,0.));
#12766=DIRECTION('center_axis',(0.,0.,1.));
#12767=DIRECTION('ref_axis',(1.,0.,0.));
#12768=DIRECTION('',(0.,0.,1.));
#12769=DIRECTION('',(1.,0.,0.));
#12770=DIRECTION('',(0.,0.,1.));
#12771=DIRECTION('',(1.,0.,0.));
#12772=DIRECTION('axis',(0.,0.,1.));
#12773=DIRECTION('refdir',(1.,0.,0.));
#12774=DIRECTION('axis',(0.,0.,1.));
#12775=DIRECTION('refdir',(1.,0.,0.));
#12776=DIRECTION('center_axis',(0.,1.,0.));
#12777=DIRECTION('ref_axis',(1.,0.,0.));
#12778=DIRECTION('',(0.,0.,1.));
#12779=DIRECTION('',(1.,0.,0.));
#12780=DIRECTION('',(0.,0.,1.));
#12781=DIRECTION('',(1.,0.,0.));
#12782=DIRECTION('center_axis',(1.,0.,0.));
#12783=DIRECTION('ref_axis',(0.,-1.,0.));
#12784=DIRECTION('',(0.,-1.,0.));
#12785=DIRECTION('',(0.,0.,1.));
#12786=DIRECTION('',(0.,-1.,0.));
#12787=DIRECTION('center_axis',(0.,-1.,0.));
#12788=DIRECTION('ref_axis',(-1.,0.,0.));
#12789=DIRECTION('',(-1.,0.,0.));
#12790=DIRECTION('',(0.,0.,1.));
#12791=DIRECTION('',(-1.,0.,0.));
#12792=DIRECTION('center_axis',(-1.,0.,0.));
#12793=DIRECTION('ref_axis',(0.,1.,0.));
#12794=DIRECTION('',(0.,1.,0.));
#12795=DIRECTION('',(0.,1.,0.));
#12796=DIRECTION('center_axis',(0.,0.,1.));
#12797=DIRECTION('ref_axis',(1.,0.,0.));
#12798=DIRECTION('center_axis',(0.,0.,1.));
#12799=DIRECTION('ref_axis',(1.,0.,0.));
#12800=DIRECTION('axis',(0.,0.,1.));
#12801=DIRECTION('refdir',(1.,0.,0.));
#12802=DIRECTION('center_axis',(0.,1.,0.));
#12803=DIRECTION('ref_axis',(1.,0.,0.));
#12804=DIRECTION('',(0.,0.,1.));
#12805=DIRECTION('',(-1.,0.,0.));
#12806=DIRECTION('',(0.,0.,1.));
#12807=DIRECTION('',(-1.,0.,0.));
#12808=DIRECTION('center_axis',(-1.,0.,0.));
#12809=DIRECTION('ref_axis',(0.,1.,0.));
#12810=DIRECTION('',(0.,-1.,0.));
#12811=DIRECTION('',(0.,0.,1.));
#12812=DIRECTION('',(0.,-1.,0.));
#12813=DIRECTION('center_axis',(0.,-1.,0.));
#12814=DIRECTION('ref_axis',(-1.,0.,0.));
#12815=DIRECTION('',(1.,0.,0.));
#12816=DIRECTION('',(0.,0.,1.));
#12817=DIRECTION('',(1.,0.,0.));
#12818=DIRECTION('center_axis',(1.,0.,0.));
#12819=DIRECTION('ref_axis',(0.,-1.,0.));
#12820=DIRECTION('',(0.,1.,0.));
#12821=DIRECTION('',(0.,1.,0.));
#12822=DIRECTION('center_axis',(0.,0.,1.));
#12823=DIRECTION('ref_axis',(1.,0.,0.));
#12824=DIRECTION('center_axis',(0.,0.,1.));
#12825=DIRECTION('ref_axis',(1.,0.,0.));
#12826=DIRECTION('',(0.,0.,1.));
#12827=DIRECTION('',(1.,0.,0.));
#12828=DIRECTION('',(0.,0.,1.));
#12829=DIRECTION('',(1.,0.,0.));
#12830=DIRECTION('axis',(0.,0.,1.));
#12831=DIRECTION('refdir',(1.,0.,0.));
#12832=DIRECTION('axis',(0.,0.,1.));
#12833=DIRECTION('refdir',(1.,0.,0.));
#12834=DIRECTION('center_axis',(0.,1.,0.));
#12835=DIRECTION('ref_axis',(1.,0.,0.));
#12836=DIRECTION('',(0.,0.,1.));
#12837=DIRECTION('',(1.,0.,0.));
#12838=DIRECTION('',(0.,0.,1.));
#12839=DIRECTION('',(1.,0.,0.));
#12840=DIRECTION('center_axis',(1.,0.,0.));
#12841=DIRECTION('ref_axis',(0.,-1.,0.));
#12842=DIRECTION('',(0.,-1.,0.));
#12843=DIRECTION('',(0.,0.,1.));
#12844=DIRECTION('',(0.,-1.,0.));
#12845=DIRECTION('center_axis',(0.,-1.,0.));
#12846=DIRECTION('ref_axis',(-1.,0.,0.));
#12847=DIRECTION('',(-1.,0.,0.));
#12848=DIRECTION('',(0.,0.,1.));
#12849=DIRECTION('',(-1.,0.,0.));
#12850=DIRECTION('center_axis',(-1.,0.,0.));
#12851=DIRECTION('ref_axis',(0.,1.,0.));
#12852=DIRECTION('',(0.,1.,0.));
#12853=DIRECTION('',(0.,1.,0.));
#12854=DIRECTION('center_axis',(0.,0.,1.));
#12855=DIRECTION('ref_axis',(1.,0.,0.));
#12856=DIRECTION('center_axis',(0.,0.,1.));
#12857=DIRECTION('ref_axis',(1.,0.,0.));
#12858=DIRECTION('axis',(0.,0.,1.));
#12859=DIRECTION('refdir',(1.,0.,0.));
#12860=DIRECTION('center_axis',(0.,1.,0.));
#12861=DIRECTION('ref_axis',(1.,0.,0.));
#12862=DIRECTION('',(0.,0.,1.));
#12863=DIRECTION('',(-1.,0.,0.));
#12864=DIRECTION('',(0.,0.,1.));
#12865=DIRECTION('',(-1.,0.,0.));
#12866=DIRECTION('center_axis',(-1.,0.,0.));
#12867=DIRECTION('ref_axis',(0.,1.,0.));
#12868=DIRECTION('',(0.,-1.,0.));
#12869=DIRECTION('',(0.,0.,1.));
#12870=DIRECTION('',(0.,-1.,0.));
#12871=DIRECTION('center_axis',(0.,-1.,0.));
#12872=DIRECTION('ref_axis',(-1.,0.,0.));
#12873=DIRECTION('',(1.,0.,0.));
#12874=DIRECTION('',(0.,0.,1.));
#12875=DIRECTION('',(1.,0.,0.));
#12876=DIRECTION('center_axis',(1.,0.,0.));
#12877=DIRECTION('ref_axis',(0.,-1.,0.));
#12878=DIRECTION('',(0.,1.,0.));
#12879=DIRECTION('',(0.,1.,0.));
#12880=DIRECTION('center_axis',(0.,0.,1.));
#12881=DIRECTION('ref_axis',(1.,0.,0.));
#12882=DIRECTION('center_axis',(0.,0.,1.));
#12883=DIRECTION('ref_axis',(1.,0.,0.));
#12884=DIRECTION('',(0.,0.,1.));
#12885=DIRECTION('',(1.,0.,0.));
#12886=DIRECTION('',(0.,0.,1.));
#12887=DIRECTION('',(1.,0.,0.));
#12888=DIRECTION('axis',(0.,0.,1.));
#12889=DIRECTION('refdir',(1.,0.,0.));
#12890=DIRECTION('axis',(0.,0.,1.));
#12891=DIRECTION('refdir',(1.,0.,0.));
#12892=DIRECTION('center_axis',(0.,1.,0.));
#12893=DIRECTION('ref_axis',(1.,0.,0.));
#12894=DIRECTION('',(0.,0.,1.));
#12895=DIRECTION('',(1.,0.,0.));
#12896=DIRECTION('',(0.,0.,1.));
#12897=DIRECTION('',(1.,0.,0.));
#12898=DIRECTION('center_axis',(1.,0.,0.));
#12899=DIRECTION('ref_axis',(0.,-1.,0.));
#12900=DIRECTION('',(0.,-1.,0.));
#12901=DIRECTION('',(0.,0.,1.));
#12902=DIRECTION('',(0.,-1.,0.));
#12903=DIRECTION('center_axis',(0.,-1.,0.));
#12904=DIRECTION('ref_axis',(-1.,0.,0.));
#12905=DIRECTION('',(-1.,0.,0.));
#12906=DIRECTION('',(0.,0.,1.));
#12907=DIRECTION('',(-1.,0.,0.));
#12908=DIRECTION('center_axis',(-1.,0.,0.));
#12909=DIRECTION('ref_axis',(0.,1.,0.));
#12910=DIRECTION('',(0.,1.,0.));
#12911=DIRECTION('',(0.,1.,0.));
#12912=DIRECTION('center_axis',(0.,0.,1.));
#12913=DIRECTION('ref_axis',(1.,0.,0.));
#12914=DIRECTION('center_axis',(0.,0.,1.));
#12915=DIRECTION('ref_axis',(1.,0.,0.));
#12916=DIRECTION('axis',(0.,0.,1.));
#12917=DIRECTION('refdir',(1.,0.,0.));
#12918=DIRECTION('center_axis',(0.,1.,0.));
#12919=DIRECTION('ref_axis',(1.,0.,0.));
#12920=DIRECTION('',(0.,0.,1.));
#12921=DIRECTION('',(-1.,0.,0.));
#12922=DIRECTION('',(0.,0.,1.));
#12923=DIRECTION('',(-1.,0.,0.));
#12924=DIRECTION('center_axis',(-1.,0.,0.));
#12925=DIRECTION('ref_axis',(0.,1.,0.));
#12926=DIRECTION('',(0.,-1.,0.));
#12927=DIRECTION('',(0.,0.,1.));
#12928=DIRECTION('',(0.,-1.,0.));
#12929=DIRECTION('center_axis',(0.,-1.,0.));
#12930=DIRECTION('ref_axis',(-1.,0.,0.));
#12931=DIRECTION('',(1.,0.,0.));
#12932=DIRECTION('',(0.,0.,1.));
#12933=DIRECTION('',(1.,0.,0.));
#12934=DIRECTION('center_axis',(1.,0.,0.));
#12935=DIRECTION('ref_axis',(0.,-1.,0.));
#12936=DIRECTION('',(0.,1.,0.));
#12937=DIRECTION('',(0.,1.,0.));
#12938=DIRECTION('center_axis',(0.,0.,1.));
#12939=DIRECTION('ref_axis',(1.,0.,0.));
#12940=DIRECTION('center_axis',(0.,0.,1.));
#12941=DIRECTION('ref_axis',(1.,0.,0.));
#12942=DIRECTION('',(0.,0.,1.));
#12943=DIRECTION('',(1.,0.,0.));
#12944=DIRECTION('',(0.,0.,1.));
#12945=DIRECTION('',(1.,0.,0.));
#12946=DIRECTION('axis',(0.,0.,1.));
#12947=DIRECTION('refdir',(1.,0.,0.));
#12948=DIRECTION('axis',(0.,0.,1.));
#12949=DIRECTION('refdir',(1.,0.,0.));
#12950=DIRECTION('center_axis',(0.,1.,0.));
#12951=DIRECTION('ref_axis',(1.,0.,0.));
#12952=DIRECTION('',(0.,0.,1.));
#12953=DIRECTION('',(1.,0.,0.));
#12954=DIRECTION('',(0.,0.,1.));
#12955=DIRECTION('',(1.,0.,0.));
#12956=DIRECTION('center_axis',(1.,0.,0.));
#12957=DIRECTION('ref_axis',(0.,-1.,0.));
#12958=DIRECTION('',(0.,-1.,0.));
#12959=DIRECTION('',(0.,0.,1.));
#12960=DIRECTION('',(0.,-1.,0.));
#12961=DIRECTION('center_axis',(0.,-1.,0.));
#12962=DIRECTION('ref_axis',(-1.,0.,0.));
#12963=DIRECTION('',(-1.,0.,0.));
#12964=DIRECTION('',(0.,0.,1.));
#12965=DIRECTION('',(-1.,0.,0.));
#12966=DIRECTION('center_axis',(-1.,0.,0.));
#12967=DIRECTION('ref_axis',(0.,1.,0.));
#12968=DIRECTION('',(0.,1.,0.));
#12969=DIRECTION('',(0.,1.,0.));
#12970=DIRECTION('center_axis',(0.,0.,1.));
#12971=DIRECTION('ref_axis',(1.,0.,0.));
#12972=DIRECTION('center_axis',(0.,0.,1.));
#12973=DIRECTION('ref_axis',(1.,0.,0.));
#12974=DIRECTION('axis',(0.,0.,1.));
#12975=DIRECTION('refdir',(1.,0.,0.));
#12976=DIRECTION('center_axis',(0.,1.,0.));
#12977=DIRECTION('ref_axis',(1.,0.,0.));
#12978=DIRECTION('',(0.,0.,1.));
#12979=DIRECTION('',(-1.,0.,0.));
#12980=DIRECTION('',(0.,0.,1.));
#12981=DIRECTION('',(-1.,0.,0.));
#12982=DIRECTION('center_axis',(-1.,0.,0.));
#12983=DIRECTION('ref_axis',(0.,1.,0.));
#12984=DIRECTION('',(0.,-1.,0.));
#12985=DIRECTION('',(0.,0.,1.));
#12986=DIRECTION('',(0.,-1.,0.));
#12987=DIRECTION('center_axis',(0.,-1.,0.));
#12988=DIRECTION('ref_axis',(-1.,0.,0.));
#12989=DIRECTION('',(1.,0.,0.));
#12990=DIRECTION('',(0.,0.,1.));
#12991=DIRECTION('',(1.,0.,0.));
#12992=DIRECTION('center_axis',(1.,0.,0.));
#12993=DIRECTION('ref_axis',(0.,-1.,0.));
#12994=DIRECTION('',(0.,1.,0.));
#12995=DIRECTION('',(0.,1.,0.));
#12996=DIRECTION('center_axis',(0.,0.,1.));
#12997=DIRECTION('ref_axis',(1.,0.,0.));
#12998=DIRECTION('center_axis',(0.,0.,1.));
#12999=DIRECTION('ref_axis',(1.,0.,0.));
#13000=DIRECTION('',(0.,0.,1.));
#13001=DIRECTION('',(1.,0.,0.));
#13002=DIRECTION('',(0.,0.,1.));
#13003=DIRECTION('',(1.,0.,0.));
#13004=DIRECTION('axis',(0.,0.,1.));
#13005=DIRECTION('refdir',(1.,0.,0.));
#13006=DIRECTION('axis',(0.,0.,1.));
#13007=DIRECTION('refdir',(1.,0.,0.));
#13008=DIRECTION('center_axis',(0.,1.,0.));
#13009=DIRECTION('ref_axis',(1.,0.,0.));
#13010=DIRECTION('',(0.,0.,1.));
#13011=DIRECTION('',(1.,0.,0.));
#13012=DIRECTION('',(0.,0.,1.));
#13013=DIRECTION('',(1.,0.,0.));
#13014=DIRECTION('center_axis',(1.,0.,0.));
#13015=DIRECTION('ref_axis',(0.,-1.,0.));
#13016=DIRECTION('',(0.,-1.,0.));
#13017=DIRECTION('',(0.,0.,1.));
#13018=DIRECTION('',(0.,-1.,0.));
#13019=DIRECTION('center_axis',(0.,-1.,0.));
#13020=DIRECTION('ref_axis',(-1.,0.,0.));
#13021=DIRECTION('',(-1.,0.,0.));
#13022=DIRECTION('',(0.,0.,1.));
#13023=DIRECTION('',(-1.,0.,0.));
#13024=DIRECTION('center_axis',(-1.,0.,0.));
#13025=DIRECTION('ref_axis',(0.,1.,0.));
#13026=DIRECTION('',(0.,1.,0.));
#13027=DIRECTION('',(0.,1.,0.));
#13028=DIRECTION('center_axis',(0.,0.,1.));
#13029=DIRECTION('ref_axis',(1.,0.,0.));
#13030=DIRECTION('center_axis',(0.,0.,1.));
#13031=DIRECTION('ref_axis',(1.,0.,0.));
#13032=DIRECTION('axis',(0.,0.,1.));
#13033=DIRECTION('refdir',(1.,0.,0.));
#13034=DIRECTION('center_axis',(0.,1.,0.));
#13035=DIRECTION('ref_axis',(1.,0.,0.));
#13036=DIRECTION('',(0.,0.,1.));
#13037=DIRECTION('',(-1.,0.,0.));
#13038=DIRECTION('',(0.,0.,1.));
#13039=DIRECTION('',(-1.,0.,0.));
#13040=DIRECTION('center_axis',(-1.,0.,0.));
#13041=DIRECTION('ref_axis',(0.,1.,0.));
#13042=DIRECTION('',(0.,-1.,0.));
#13043=DIRECTION('',(0.,0.,1.));
#13044=DIRECTION('',(0.,-1.,0.));
#13045=DIRECTION('center_axis',(0.,-1.,0.));
#13046=DIRECTION('ref_axis',(-1.,0.,0.));
#13047=DIRECTION('',(1.,0.,0.));
#13048=DIRECTION('',(0.,0.,1.));
#13049=DIRECTION('',(1.,0.,0.));
#13050=DIRECTION('center_axis',(1.,0.,0.));
#13051=DIRECTION('ref_axis',(0.,-1.,0.));
#13052=DIRECTION('',(0.,1.,0.));
#13053=DIRECTION('',(0.,1.,0.));
#13054=DIRECTION('center_axis',(0.,0.,1.));
#13055=DIRECTION('ref_axis',(1.,0.,0.));
#13056=DIRECTION('center_axis',(0.,0.,1.));
#13057=DIRECTION('ref_axis',(1.,0.,0.));
#13058=DIRECTION('',(0.,0.,1.));
#13059=DIRECTION('',(1.,0.,0.));
#13060=DIRECTION('',(0.,0.,1.));
#13061=DIRECTION('',(1.,0.,0.));
#13062=DIRECTION('axis',(0.,0.,1.));
#13063=DIRECTION('refdir',(1.,0.,0.));
#13064=DIRECTION('axis',(0.,0.,1.));
#13065=DIRECTION('refdir',(1.,0.,0.));
#13066=DIRECTION('center_axis',(0.,1.,0.));
#13067=DIRECTION('ref_axis',(1.,0.,0.));
#13068=DIRECTION('',(0.,0.,1.));
#13069=DIRECTION('',(1.,0.,0.));
#13070=DIRECTION('',(0.,0.,1.));
#13071=DIRECTION('',(1.,0.,0.));
#13072=DIRECTION('center_axis',(1.,0.,0.));
#13073=DIRECTION('ref_axis',(0.,-1.,0.));
#13074=DIRECTION('',(0.,-1.,0.));
#13075=DIRECTION('',(0.,0.,1.));
#13076=DIRECTION('',(0.,-1.,0.));
#13077=DIRECTION('center_axis',(0.,-1.,0.));
#13078=DIRECTION('ref_axis',(-1.,0.,0.));
#13079=DIRECTION('',(-1.,0.,0.));
#13080=DIRECTION('',(0.,0.,1.));
#13081=DIRECTION('',(-1.,0.,0.));
#13082=DIRECTION('center_axis',(-1.,0.,0.));
#13083=DIRECTION('ref_axis',(0.,1.,0.));
#13084=DIRECTION('',(0.,1.,0.));
#13085=DIRECTION('',(0.,1.,0.));
#13086=DIRECTION('center_axis',(0.,0.,1.));
#13087=DIRECTION('ref_axis',(1.,0.,0.));
#13088=DIRECTION('center_axis',(0.,0.,1.));
#13089=DIRECTION('ref_axis',(1.,0.,0.));
#13090=DIRECTION('axis',(0.,0.,1.));
#13091=DIRECTION('refdir',(1.,0.,0.));
#13092=DIRECTION('center_axis',(0.,1.,0.));
#13093=DIRECTION('ref_axis',(1.,0.,0.));
#13094=DIRECTION('',(0.,0.,1.));
#13095=DIRECTION('',(-1.,0.,0.));
#13096=DIRECTION('',(0.,0.,1.));
#13097=DIRECTION('',(-1.,0.,0.));
#13098=DIRECTION('center_axis',(-1.,0.,0.));
#13099=DIRECTION('ref_axis',(0.,1.,0.));
#13100=DIRECTION('',(0.,-1.,0.));
#13101=DIRECTION('',(0.,0.,1.));
#13102=DIRECTION('',(0.,-1.,0.));
#13103=DIRECTION('center_axis',(0.,-1.,0.));
#13104=DIRECTION('ref_axis',(-1.,0.,0.));
#13105=DIRECTION('',(1.,0.,0.));
#13106=DIRECTION('',(0.,0.,1.));
#13107=DIRECTION('',(1.,0.,0.));
#13108=DIRECTION('center_axis',(1.,0.,0.));
#13109=DIRECTION('ref_axis',(0.,-1.,0.));
#13110=DIRECTION('',(0.,1.,0.));
#13111=DIRECTION('',(0.,1.,0.));
#13112=DIRECTION('center_axis',(0.,0.,1.));
#13113=DIRECTION('ref_axis',(1.,0.,0.));
#13114=DIRECTION('center_axis',(0.,0.,1.));
#13115=DIRECTION('ref_axis',(1.,0.,0.));
#13116=DIRECTION('',(0.,0.,1.));
#13117=DIRECTION('',(1.,0.,0.));
#13118=DIRECTION('',(0.,0.,1.));
#13119=DIRECTION('',(1.,0.,0.));
#13120=DIRECTION('axis',(0.,0.,1.));
#13121=DIRECTION('refdir',(1.,0.,0.));
#13122=DIRECTION('axis',(0.,0.,1.));
#13123=DIRECTION('refdir',(1.,0.,0.));
#13124=DIRECTION('center_axis',(0.,1.,0.));
#13125=DIRECTION('ref_axis',(1.,0.,0.));
#13126=DIRECTION('',(0.,0.,1.));
#13127=DIRECTION('',(1.,0.,0.));
#13128=DIRECTION('',(0.,0.,1.));
#13129=DIRECTION('',(1.,0.,0.));
#13130=DIRECTION('center_axis',(1.,0.,0.));
#13131=DIRECTION('ref_axis',(0.,-1.,0.));
#13132=DIRECTION('',(0.,-1.,0.));
#13133=DIRECTION('',(0.,0.,1.));
#13134=DIRECTION('',(0.,-1.,0.));
#13135=DIRECTION('center_axis',(0.,-1.,0.));
#13136=DIRECTION('ref_axis',(-1.,0.,0.));
#13137=DIRECTION('',(-1.,0.,0.));
#13138=DIRECTION('',(0.,0.,1.));
#13139=DIRECTION('',(-1.,0.,0.));
#13140=DIRECTION('center_axis',(-1.,0.,0.));
#13141=DIRECTION('ref_axis',(0.,1.,0.));
#13142=DIRECTION('',(0.,1.,0.));
#13143=DIRECTION('',(0.,1.,0.));
#13144=DIRECTION('center_axis',(0.,0.,1.));
#13145=DIRECTION('ref_axis',(1.,0.,0.));
#13146=DIRECTION('center_axis',(0.,0.,1.));
#13147=DIRECTION('ref_axis',(1.,0.,0.));
#13148=DIRECTION('axis',(0.,0.,1.));
#13149=DIRECTION('refdir',(1.,0.,0.));
#13150=DIRECTION('center_axis',(0.,1.,0.));
#13151=DIRECTION('ref_axis',(1.,0.,0.));
#13152=DIRECTION('',(0.,0.,1.));
#13153=DIRECTION('',(-1.,0.,0.));
#13154=DIRECTION('',(0.,0.,1.));
#13155=DIRECTION('',(-1.,0.,0.));
#13156=DIRECTION('center_axis',(-1.,0.,0.));
#13157=DIRECTION('ref_axis',(0.,1.,0.));
#13158=DIRECTION('',(0.,-1.,0.));
#13159=DIRECTION('',(0.,0.,1.));
#13160=DIRECTION('',(0.,-1.,0.));
#13161=DIRECTION('center_axis',(0.,-1.,0.));
#13162=DIRECTION('ref_axis',(-1.,0.,0.));
#13163=DIRECTION('',(1.,0.,0.));
#13164=DIRECTION('',(0.,0.,1.));
#13165=DIRECTION('',(1.,0.,0.));
#13166=DIRECTION('center_axis',(1.,0.,0.));
#13167=DIRECTION('ref_axis',(0.,-1.,0.));
#13168=DIRECTION('',(0.,1.,0.));
#13169=DIRECTION('',(0.,1.,0.));
#13170=DIRECTION('center_axis',(0.,0.,1.));
#13171=DIRECTION('ref_axis',(1.,0.,0.));
#13172=DIRECTION('center_axis',(0.,0.,1.));
#13173=DIRECTION('ref_axis',(1.,0.,0.));
#13174=DIRECTION('',(0.,0.,1.));
#13175=DIRECTION('',(1.,0.,0.));
#13176=DIRECTION('',(0.,0.,1.));
#13177=DIRECTION('',(1.,0.,0.));
#13178=DIRECTION('axis',(0.,0.,1.));
#13179=DIRECTION('refdir',(1.,0.,0.));
#13180=DIRECTION('center_axis',(3.330669073875E-16,-1.110223024625E-16,
-1.));
#13181=DIRECTION('ref_axis',(-4.930380657631E-32,1.,-1.110223024625E-16));
#13182=DIRECTION('center_axis',(3.330669073875E-16,-1.110223024625E-16,
-1.));
#13183=DIRECTION('ref_axis',(-4.930380657631E-32,1.,-1.110223024625E-16));
#13184=DIRECTION('center_axis',(3.330669073875E-16,-1.110223024625E-16,
-1.));
#13185=DIRECTION('ref_axis',(-4.930380657631E-32,1.,-1.110223024625E-16));
#13186=DIRECTION('center_axis',(-3.330669073875E-16,1.110223024625E-16,
1.));
#13187=DIRECTION('ref_axis',(-4.930380657631E-32,1.,-1.110223024625E-16));
#13188=DIRECTION('center_axis',(3.330669073875E-16,-1.110223024625E-16,
-1.));
#13189=DIRECTION('ref_axis',(-6.162975822039E-32,1.,-1.110223024625E-16));
#13190=DIRECTION('',(3.330669073875E-16,-1.110223024625E-16,-1.));
#13191=DIRECTION('center_axis',(-3.330669073875E-16,1.110223024625E-16,
1.));
#13192=DIRECTION('ref_axis',(6.162975822039E-32,-1.,1.110223024625E-16));
#13193=DIRECTION('center_axis',(3.330669073875E-16,-1.110223024625E-16,
-1.));
#13194=DIRECTION('ref_axis',(0.,1.,-1.110223024625E-16));
#13195=DIRECTION('center_axis',(3.330669073875E-16,-1.110223024625E-16,
-1.));
#13196=DIRECTION('ref_axis',(0.,1.,-1.110223024625E-16));
#13197=DIRECTION('',(3.330669073875E-16,-1.110223024625E-16,-1.));
#13198=DIRECTION('center_axis',(3.330669073875E-16,-1.110223024625E-16,
-1.));
#13199=DIRECTION('ref_axis',(-4.930380657631E-32,1.,-1.110223024625E-16));
#13200=DIRECTION('center_axis',(3.330669073875E-16,-1.110223024625E-16,
-1.));
#13201=DIRECTION('ref_axis',(-4.930380657631E-32,1.,-1.110223024625E-16));
#13202=DIRECTION('center_axis',(3.330669073875E-16,-1.110223024625E-16,
-1.));
#13203=DIRECTION('ref_axis',(-4.930380657631E-32,1.,-1.110223024625E-16));
#13204=DIRECTION('center_axis',(-3.330669073875E-16,1.110223024625E-16,
1.));
#13205=DIRECTION('ref_axis',(-4.930380657631E-32,1.,-1.110223024625E-16));
#13206=DIRECTION('center_axis',(3.330669073875E-16,-1.110223024625E-16,
-1.));
#13207=DIRECTION('ref_axis',(-6.162975822039E-32,1.,-1.110223024625E-16));
#13208=DIRECTION('',(3.330669073875E-16,-1.110223024625E-16,-1.));
#13209=DIRECTION('center_axis',(-3.330669073875E-16,1.110223024625E-16,
1.));
#13210=DIRECTION('ref_axis',(6.162975822039E-32,-1.,1.110223024625E-16));
#13211=DIRECTION('center_axis',(3.330669073875E-16,-1.110223024625E-16,
-1.));
#13212=DIRECTION('ref_axis',(0.,1.,-1.110223024625E-16));
#13213=DIRECTION('center_axis',(3.330669073875E-16,-1.110223024625E-16,
-1.));
#13214=DIRECTION('ref_axis',(0.,1.,-1.110223024625E-16));
#13215=DIRECTION('',(3.330669073875E-16,-1.110223024625E-16,-1.));
#13216=DIRECTION('center_axis',(3.330669073875E-16,-1.110223024625E-16,
-1.));
#13217=DIRECTION('ref_axis',(-4.930380657631E-32,1.,-1.110223024625E-16));
#13218=DIRECTION('center_axis',(3.330669073875E-16,-1.110223024625E-16,
-1.));
#13219=DIRECTION('ref_axis',(-4.930380657631E-32,1.,-1.110223024625E-16));
#13220=DIRECTION('center_axis',(3.330669073875E-16,-1.110223024625E-16,
-1.));
#13221=DIRECTION('ref_axis',(-4.930380657631E-32,1.,-1.110223024625E-16));
#13222=DIRECTION('center_axis',(-3.330669073875E-16,1.110223024625E-16,
1.));
#13223=DIRECTION('ref_axis',(-4.930380657631E-32,1.,-1.110223024625E-16));
#13224=DIRECTION('center_axis',(3.330669073875E-16,-1.110223024625E-16,
-1.));
#13225=DIRECTION('ref_axis',(-6.162975822039E-32,1.,-1.110223024625E-16));
#13226=DIRECTION('',(3.330669073875E-16,-1.110223024625E-16,-1.));
#13227=DIRECTION('center_axis',(-3.330669073875E-16,1.110223024625E-16,
1.));
#13228=DIRECTION('ref_axis',(6.162975822039E-32,-1.,1.110223024625E-16));
#13229=DIRECTION('center_axis',(3.330669073875E-16,-1.110223024625E-16,
-1.));
#13230=DIRECTION('ref_axis',(0.,1.,-1.110223024625E-16));
#13231=DIRECTION('center_axis',(3.330669073875E-16,-1.110223024625E-16,
-1.));
#13232=DIRECTION('ref_axis',(0.,1.,-1.110223024625E-16));
#13233=DIRECTION('',(3.330669073875E-16,-1.110223024625E-16,-1.));
#13234=DIRECTION('axis',(0.,0.,1.));
#13235=DIRECTION('refdir',(1.,0.,0.));
#13236=DIRECTION('center_axis',(-1.110223024625E-16,3.330669073875E-16,
1.));
#13237=DIRECTION('ref_axis',(2.465190328816E-32,1.,-3.330669073875E-16));
#13238=DIRECTION('',(-2.22044604925E-16,1.,-5.551115123126E-16));
#13239=DIRECTION('',(1.,-2.22044604925E-16,1.110223024625E-16));
#13240=DIRECTION('',(-2.22044604925E-16,1.,-5.551115123126E-16));
#13241=DIRECTION('',(1.,-2.22044604925E-16,1.110223024625E-16));
#13242=DIRECTION('center_axis',(1.,-4.440892098501E-16,-1.110223024625E-16));
#13243=DIRECTION('ref_axis',(1.110223024625E-16,-1.110223024625E-16,1.));
#13244=DIRECTION('center_axis',(-1.,2.22044604925E-16,-1.110223024625E-16));
#13245=DIRECTION('ref_axis',(-2.22044604925E-16,-1.,1.110223024625E-16));
#13246=DIRECTION('',(5.551115123126E-16,1.110223024625E-16,-1.));
#13247=DIRECTION('center_axis',(-1.,2.22044604925E-16,-1.110223024625E-16));
#13248=DIRECTION('ref_axis',(-2.22044604925E-16,-1.,1.110223024625E-16));
#13249=DIRECTION('',(2.22044604925E-16,-1.,5.551115123126E-16));
#13250=DIRECTION('center_axis',(-1.,2.22044604925E-16,-1.110223024625E-16));
#13251=DIRECTION('ref_axis',(-2.22044604925E-16,-1.,1.110223024625E-16));
#13252=DIRECTION('',(-5.551115123126E-16,-1.110223024625E-16,1.));
#13253=DIRECTION('center_axis',(1.,2.22044604925E-16,5.551115123126E-16));
#13254=DIRECTION('ref_axis',(-2.22044604925E-16,1.,-5.551115123126E-16));
#13255=DIRECTION('',(5.551115123126E-16,1.110223024625E-16,-1.));
#13256=DIRECTION('center_axis',(1.,2.22044604925E-16,5.551115123126E-16));
#13257=DIRECTION('ref_axis',(-2.22044604925E-16,1.,-5.551115123126E-16));
#13258=DIRECTION('',(5.551115123126E-16,1.110223024625E-16,-1.));
#13259=DIRECTION('center_axis',(1.,2.22044604925E-16,5.551115123126E-16));
#13260=DIRECTION('ref_axis',(-2.22044604925E-16,1.,-5.551115123126E-16));
#13261=DIRECTION('',(5.551115123126E-16,1.110223024625E-16,-1.));
#13262=DIRECTION('center_axis',(1.,2.22044604925E-16,5.551115123126E-16));
#13263=DIRECTION('ref_axis',(-2.22044604925E-16,1.,-5.551115123126E-16));
#13264=DIRECTION('',(5.551115123126E-16,1.110223024625E-16,-1.));
#13265=DIRECTION('center_axis',(1.,2.22044604925E-16,5.551115123126E-16));
#13266=DIRECTION('ref_axis',(-2.22044604925E-16,1.,-5.551115123126E-16));
#13267=DIRECTION('',(5.551115123126E-16,1.110223024625E-16,-1.));
#13268=DIRECTION('center_axis',(1.,2.22044604925E-16,5.551115123126E-16));
#13269=DIRECTION('ref_axis',(-2.22044604925E-16,1.,-5.551115123126E-16));
#13270=DIRECTION('',(5.551115123126E-16,1.110223024625E-16,-1.));
#13271=DIRECTION('center_axis',(1.,2.22044604925E-16,5.551115123126E-16));
#13272=DIRECTION('ref_axis',(-2.22044604925E-16,1.,-5.551115123126E-16));
#13273=DIRECTION('',(5.551115123126E-16,1.110223024625E-16,-1.));
#13274=DIRECTION('center_axis',(1.,2.22044604925E-16,5.551115123126E-16));
#13275=DIRECTION('ref_axis',(-2.22044604925E-16,1.,-5.551115123126E-16));
#13276=DIRECTION('',(5.551115123126E-16,1.110223024625E-16,-1.));
#13277=DIRECTION('center_axis',(1.,2.22044604925E-16,5.551115123126E-16));
#13278=DIRECTION('ref_axis',(-2.22044604925E-16,1.,-5.551115123126E-16));
#13279=DIRECTION('',(5.551115123126E-16,1.110223024625E-16,-1.));
#13280=DIRECTION('center_axis',(1.,2.22044604925E-16,5.551115123126E-16));
#13281=DIRECTION('ref_axis',(-2.22044604925E-16,1.,-5.551115123126E-16));
#13282=DIRECTION('',(5.551115123126E-16,1.110223024625E-16,-1.));
#13283=DIRECTION('center_axis',(1.,2.22044604925E-16,5.551115123126E-16));
#13284=DIRECTION('ref_axis',(-2.22044604925E-16,1.,-5.551115123126E-16));
#13285=DIRECTION('',(-5.551115123126E-16,-1.110223024625E-16,1.));
#13286=DIRECTION('center_axis',(1.,-2.22044604925E-16,1.110223024625E-16));
#13287=DIRECTION('ref_axis',(-2.22044604925E-16,-1.,1.110223024625E-16));
#13288=DIRECTION('',(-2.22044604925E-16,1.,-5.551115123126E-16));
#13289=DIRECTION('center_axis',(1.,-2.22044604925E-16,1.110223024625E-16));
#13290=DIRECTION('ref_axis',(-2.22044604925E-16,-1.,1.110223024625E-16));
#13291=DIRECTION('',(-5.551115123126E-16,-1.110223024625E-16,1.));
#13292=DIRECTION('center_axis',(1.,-2.22044604925E-16,1.110223024625E-16));
#13293=DIRECTION('ref_axis',(-2.22044604925E-16,-1.,1.110223024625E-16));
#13294=DIRECTION('',(-2.22044604925E-16,1.,-5.551115123126E-16));
#13295=DIRECTION('center_axis',(-1.,2.22044604925E-16,-1.110223024625E-16));
#13296=DIRECTION('ref_axis',(-2.22044604925E-16,-1.,1.110223024625E-16));
#13297=DIRECTION('',(-5.551115123126E-16,-1.110223024625E-16,1.));
#13298=DIRECTION('',(-2.22044604925E-16,1.,-5.551115123126E-16));
#13299=DIRECTION('',(5.551115123126E-16,1.110223024625E-16,-1.));
#13300=DIRECTION('center_axis',(-1.,2.22044604925E-16,-1.110223024625E-16));
#13301=DIRECTION('ref_axis',(-2.22044604925E-16,-1.,1.110223024625E-16));
#13302=DIRECTION('center_axis',(1.,-2.22044604925E-16,1.110223024625E-16));
#13303=DIRECTION('ref_axis',(1.110223024625E-16,-3.330669073875E-16,-1.));
#13304=DIRECTION('center_axis',(-1.,2.22044604925E-16,-1.110223024625E-16));
#13305=DIRECTION('ref_axis',(-2.22044604925E-16,-1.,1.110223024625E-16));
#13306=DIRECTION('',(1.,-2.22044604925E-16,1.110223024625E-16));
#13307=DIRECTION('center_axis',(1.,-2.22044604925E-16,1.110223024625E-16));
#13308=DIRECTION('ref_axis',(-1.110223024625E-16,3.330669073875E-16,1.));
#13309=DIRECTION('',(1.,-2.22044604925E-16,1.110223024625E-16));
#13310=DIRECTION('center_axis',(-1.,2.22044604925E-16,-1.110223024625E-16));
#13311=DIRECTION('ref_axis',(-2.22044604925E-16,-1.,1.110223024625E-16));
#13312=DIRECTION('center_axis',(1.,-4.440892098501E-16,-1.110223024625E-16));
#13313=DIRECTION('ref_axis',(1.110223024625E-16,-1.110223024625E-16,1.));
#13314=DIRECTION('',(5.551115123126E-16,1.110223024625E-16,-1.));
#13315=DIRECTION('',(-2.22044604925E-16,1.,-5.551115123126E-16));
#13316=DIRECTION('',(-5.551115123126E-16,-1.110223024625E-16,1.));
#13317=DIRECTION('center_axis',(-1.,2.22044604925E-16,-1.110223024625E-16));
#13318=DIRECTION('ref_axis',(-2.22044604925E-16,-1.,1.110223024625E-16));
#13319=DIRECTION('',(-2.22044604925E-16,1.,-5.551115123126E-16));
#13320=DIRECTION('center_axis',(1.,-2.22044604925E-16,1.110223024625E-16));
#13321=DIRECTION('ref_axis',(-2.22044604925E-16,-1.,1.110223024625E-16));
#13322=DIRECTION('',(-5.551115123126E-16,-1.110223024625E-16,1.));
#13323=DIRECTION('center_axis',(1.,-2.22044604925E-16,1.110223024625E-16));
#13324=DIRECTION('ref_axis',(-2.22044604925E-16,-1.,1.110223024625E-16));
#13325=DIRECTION('',(-2.22044604925E-16,1.,-5.551115123126E-16));
#13326=DIRECTION('center_axis',(1.,-2.22044604925E-16,1.110223024625E-16));
#13327=DIRECTION('ref_axis',(-2.22044604925E-16,-1.,1.110223024625E-16));
#13328=DIRECTION('',(-5.551115123126E-16,-1.110223024625E-16,1.));
#13329=DIRECTION('center_axis',(1.,2.22044604925E-16,5.551115123126E-16));
#13330=DIRECTION('ref_axis',(-2.22044604925E-16,1.,-5.551115123126E-16));
#13331=DIRECTION('',(5.551115123126E-16,1.110223024625E-16,-1.));
#13332=DIRECTION('center_axis',(1.,2.22044604925E-16,5.551115123126E-16));
#13333=DIRECTION('ref_axis',(-2.22044604925E-16,1.,-5.551115123126E-16));
#13334=DIRECTION('',(5.551115123126E-16,1.110223024625E-16,-1.));
#13335=DIRECTION('center_axis',(1.,2.22044604925E-16,5.551115123126E-16));
#13336=DIRECTION('ref_axis',(-2.22044604925E-16,1.,-5.551115123126E-16));
#13337=DIRECTION('',(5.551115123126E-16,1.110223024625E-16,-1.));
#13338=DIRECTION('center_axis',(1.,2.22044604925E-16,5.551115123126E-16));
#13339=DIRECTION('ref_axis',(-2.22044604925E-16,1.,-5.551115123126E-16));
#13340=DIRECTION('',(5.551115123126E-16,1.110223024625E-16,-1.));
#13341=DIRECTION('center_axis',(1.,2.22044604925E-16,5.551115123126E-16));
#13342=DIRECTION('ref_axis',(-2.22044604925E-16,1.,-5.551115123126E-16));
#13343=DIRECTION('',(5.551115123126E-16,1.110223024625E-16,-1.));
#13344=DIRECTION('center_axis',(1.,2.22044604925E-16,5.551115123126E-16));
#13345=DIRECTION('ref_axis',(-2.22044604925E-16,1.,-5.551115123126E-16));
#13346=DIRECTION('',(5.551115123126E-16,1.110223024625E-16,-1.));
#13347=DIRECTION('center_axis',(1.,2.22044604925E-16,5.551115123126E-16));
#13348=DIRECTION('ref_axis',(-2.22044604925E-16,1.,-5.551115123126E-16));
#13349=DIRECTION('',(5.551115123126E-16,1.110223024625E-16,-1.));
#13350=DIRECTION('center_axis',(1.,2.22044604925E-16,5.551115123126E-16));
#13351=DIRECTION('ref_axis',(-2.22044604925E-16,1.,-5.551115123126E-16));
#13352=DIRECTION('',(5.551115123126E-16,1.110223024625E-16,-1.));
#13353=DIRECTION('center_axis',(1.,2.22044604925E-16,5.551115123126E-16));
#13354=DIRECTION('ref_axis',(-2.22044604925E-16,1.,-5.551115123126E-16));
#13355=DIRECTION('',(5.551115123126E-16,1.110223024625E-16,-1.));
#13356=DIRECTION('center_axis',(1.,2.22044604925E-16,5.551115123126E-16));
#13357=DIRECTION('ref_axis',(-2.22044604925E-16,1.,-5.551115123126E-16));
#13358=DIRECTION('',(5.551115123126E-16,1.110223024625E-16,-1.));
#13359=DIRECTION('center_axis',(1.,2.22044604925E-16,5.551115123126E-16));
#13360=DIRECTION('ref_axis',(-2.22044604925E-16,1.,-5.551115123126E-16));
#13361=DIRECTION('',(-5.551115123126E-16,-1.110223024625E-16,1.));
#13362=DIRECTION('center_axis',(-1.,2.22044604925E-16,-1.110223024625E-16));
#13363=DIRECTION('ref_axis',(-2.22044604925E-16,-1.,1.110223024625E-16));
#13364=DIRECTION('',(2.22044604925E-16,-1.,5.551115123126E-16));
#13365=DIRECTION('center_axis',(-1.,2.22044604925E-16,-1.110223024625E-16));
#13366=DIRECTION('ref_axis',(-2.22044604925E-16,-1.,1.110223024625E-16));
#13367=DIRECTION('',(5.551115123126E-16,1.110223024625E-16,-1.));
#13368=DIRECTION('center_axis',(2.22044604925E-16,1.,-1.110223024625E-16));
#13369=DIRECTION('ref_axis',(3.330669073875E-16,-1.110223024625E-16,-1.));
#13370=DIRECTION('',(1.,-2.22044604925E-16,1.110223024625E-16));
#13371=DIRECTION('center_axis',(2.22044604925E-16,1.,-1.110223024625E-16));
#13372=DIRECTION('ref_axis',(3.330669073875E-16,-1.110223024625E-16,-1.));
#13373=DIRECTION('',(1.,-2.22044604925E-16,1.110223024625E-16));
#13374=DIRECTION('center_axis',(1.,-2.22044604925E-16,1.110223024625E-16));
#13375=DIRECTION('ref_axis',(-2.22044604925E-16,-1.,1.110223024625E-16));
#13376=DIRECTION('',(1.,-2.22044604925E-16,1.110223024625E-16));
#13377=DIRECTION('center_axis',(-1.110223024625E-16,3.330669073875E-16,
1.));
#13378=DIRECTION('ref_axis',(2.465190328816E-32,1.,-3.330669073875E-16));
#13379=DIRECTION('',(1.,-2.22044604925E-16,1.110223024625E-16));
#13380=DIRECTION('center_axis',(1.110223024625E-16,-3.330669073875E-16,
-1.));
#13381=DIRECTION('ref_axis',(-2.465190328816E-32,-1.,3.330669073875E-16));
#13382=DIRECTION('',(1.,-2.22044604925E-16,1.110223024625E-16));
#13383=DIRECTION('center_axis',(-2.22044604925E-16,-1.,1.110223024625E-16));
#13384=DIRECTION('ref_axis',(-3.330669073875E-16,1.110223024625E-16,1.));
#13385=DIRECTION('',(1.,-2.22044604925E-16,1.110223024625E-16));
#13386=DIRECTION('center_axis',(1.,-2.22044604925E-16,1.110223024625E-16));
#13387=DIRECTION('ref_axis',(-1.110223024625E-16,3.330669073875E-16,1.));
#13388=DIRECTION('',(1.,-2.22044604925E-16,1.110223024625E-16));
#13389=DIRECTION('center_axis',(1.,-2.22044604925E-16,1.110223024625E-16));
#13390=DIRECTION('ref_axis',(-2.22044604925E-16,-1.,1.110223024625E-16));
#13391=DIRECTION('',(1.,-2.22044604925E-16,1.110223024625E-16));
#13392=DIRECTION('center_axis',(-2.22044604925E-16,-1.,1.110223024625E-16));
#13393=DIRECTION('ref_axis',(-3.330669073875E-16,1.110223024625E-16,1.));
#13394=DIRECTION('',(1.,-2.22044604925E-16,1.110223024625E-16));
#13395=DIRECTION('center_axis',(-1.110223024625E-16,3.330669073875E-16,
1.));
#13396=DIRECTION('ref_axis',(2.465190328816E-32,1.,-3.330669073875E-16));
#13397=DIRECTION('',(1.,-2.22044604925E-16,1.110223024625E-16));
#13398=DIRECTION('center_axis',(-1.,-8.628166150855E-32,-3.330669073875E-16));
#13399=DIRECTION('ref_axis',(2.46519032881235E-32,1.,-3.330669073875E-16));
#13400=DIRECTION('',(1.,-2.22044604925E-16,1.110223024625E-16));
#13401=DIRECTION('center_axis',(1.,-2.22044604925E-16,1.110223024625E-16));
#13402=DIRECTION('ref_axis',(1.110223024625E-16,-3.330669073875E-16,-1.));
#13403=DIRECTION('',(1.,-2.22044604925E-16,1.110223024625E-16));
#13404=DIRECTION('center_axis',(2.22044604925E-16,1.,-1.110223024625E-16));
#13405=DIRECTION('ref_axis',(3.330669073875E-16,-1.110223024625E-16,-1.));
#13406=DIRECTION('',(1.,-2.22044604925E-16,1.110223024625E-16));
#13407=DIRECTION('center_axis',(-2.22044604925E-16,-1.,1.110223024625E-16));
#13408=DIRECTION('ref_axis',(-3.330669073875E-16,1.110223024625E-16,1.));
#13409=DIRECTION('',(1.,-2.22044604925E-16,1.110223024625E-16));
#13410=DIRECTION('center_axis',(-1.,-8.628166150855E-32,-3.330669073875E-16));
#13411=DIRECTION('ref_axis',(2.46519032881235E-32,1.,-3.330669073875E-16));
#13412=DIRECTION('',(1.,-2.22044604925E-16,1.110223024625E-16));
#13413=DIRECTION('center_axis',(1.,-2.22044604925E-16,1.110223024625E-16));
#13414=DIRECTION('ref_axis',(2.22044604925E-16,1.,-1.110223024625E-16));
#13415=DIRECTION('',(1.,-2.22044604925E-16,1.110223024625E-16));
#13416=DIRECTION('center_axis',(2.22044604925E-16,1.,-1.110223024625E-16));
#13417=DIRECTION('ref_axis',(3.330669073875E-16,-1.110223024625E-16,-1.));
#13418=DIRECTION('',(1.,-2.22044604925E-16,1.110223024625E-16));
#13419=DIRECTION('center_axis',(-1.110223024625E-16,3.330669073875E-16,
1.));
#13420=DIRECTION('ref_axis',(2.465190328816E-32,1.,-3.330669073875E-16));
#13421=DIRECTION('',(1.,-2.22044604925E-16,1.110223024625E-16));
#13422=DIRECTION('center_axis',(-1.,-8.628166150855E-32,-3.330669073875E-16));
#13423=DIRECTION('ref_axis',(2.46519032881235E-32,1.,-3.330669073875E-16));
#13424=DIRECTION('',(1.,-2.22044604925E-16,1.110223024625E-16));
#13425=DIRECTION('center_axis',(1.,-2.22044604925E-16,1.110223024625E-16));
#13426=DIRECTION('ref_axis',(-1.110223024625E-16,3.330669073875E-16,1.));
#13427=DIRECTION('',(1.,-2.22044604925E-16,1.110223024625E-16));
#13428=DIRECTION('center_axis',(2.22044604925E-16,1.,-1.110223024625E-16));
#13429=DIRECTION('ref_axis',(3.330669073875E-16,-1.110223024625E-16,-1.));
#13430=DIRECTION('',(1.,-2.22044604925E-16,1.110223024625E-16));
#13431=DIRECTION('center_axis',(-2.22044604925E-16,-1.,1.110223024625E-16));
#13432=DIRECTION('ref_axis',(-3.330669073875E-16,1.110223024625E-16,1.));
#13433=DIRECTION('',(1.,-2.22044604925E-16,1.110223024625E-16));
#13434=DIRECTION('center_axis',(-1.,-8.628166150855E-32,-3.330669073875E-16));
#13435=DIRECTION('ref_axis',(2.46519032881235E-32,1.,-3.330669073875E-16));
#13436=DIRECTION('',(1.,-2.22044604925E-16,1.110223024625E-16));
#13437=DIRECTION('center_axis',(-1.,-8.628166150855E-32,-3.330669073875E-16));
#13438=DIRECTION('ref_axis',(2.46519032881235E-32,1.,-3.330669073875E-16));
#13439=DIRECTION('',(1.,-2.22044604925E-16,1.110223024625E-16));
#13440=DIRECTION('center_axis',(2.22044604925E-16,1.,-1.110223024625E-16));
#13441=DIRECTION('ref_axis',(3.330669073875E-16,-1.110223024625E-16,-1.));
#13442=DIRECTION('',(1.,-2.22044604925E-16,1.110223024625E-16));
#13443=DIRECTION('center_axis',(2.22044604925E-16,1.,-1.110223024625E-16));
#13444=DIRECTION('ref_axis',(3.330669073875E-16,-1.110223024625E-16,-1.));
#13445=DIRECTION('',(1.,-2.22044604925E-16,1.110223024625E-16));
#13446=DIRECTION('center_axis',(-1.,-8.628166150855E-32,-3.330669073875E-16));
#13447=DIRECTION('ref_axis',(2.46519032881235E-32,1.,-3.330669073875E-16));
#13448=DIRECTION('',(1.,-2.22044604925E-16,1.110223024625E-16));
#13449=DIRECTION('center_axis',(-1.,-8.628166150855E-32,-3.330669073875E-16));
#13450=DIRECTION('ref_axis',(2.46519032881235E-32,1.,-3.330669073875E-16));
#13451=DIRECTION('',(1.,-2.22044604925E-16,1.110223024625E-16));
#13452=DIRECTION('center_axis',(2.22044604925E-16,1.,-1.110223024625E-16));
#13453=DIRECTION('ref_axis',(3.330669073875E-16,-1.110223024625E-16,-1.));
#13454=DIRECTION('',(1.,-2.22044604925E-16,1.110223024625E-16));
#13455=DIRECTION('center_axis',(2.22044604925E-16,1.,-1.110223024625E-16));
#13456=DIRECTION('ref_axis',(3.330669073875E-16,-1.110223024625E-16,-1.));
#13457=DIRECTION('',(1.,-2.22044604925E-16,1.110223024625E-16));
#13458=DIRECTION('center_axis',(-1.,-8.628166150855E-32,-3.330669073875E-16));
#13459=DIRECTION('ref_axis',(2.46519032881235E-32,1.,-3.330669073875E-16));
#13460=DIRECTION('',(1.,-2.22044604925E-16,1.110223024625E-16));
#13461=DIRECTION('center_axis',(-1.,-8.628166150855E-32,-3.330669073875E-16));
#13462=DIRECTION('ref_axis',(2.46519032881235E-32,1.,-3.330669073875E-16));
#13463=DIRECTION('',(1.,-2.22044604925E-16,1.110223024625E-16));
#13464=DIRECTION('center_axis',(2.22044604925E-16,1.,-1.110223024625E-16));
#13465=DIRECTION('ref_axis',(3.330669073875E-16,-1.110223024625E-16,-1.));
#13466=DIRECTION('',(1.,-2.22044604925E-16,1.110223024625E-16));
#13467=DIRECTION('center_axis',(2.22044604925E-16,1.,-1.110223024625E-16));
#13468=DIRECTION('ref_axis',(3.330669073875E-16,-1.110223024625E-16,-1.));
#13469=DIRECTION('',(1.,-2.22044604925E-16,1.110223024625E-16));
#13470=DIRECTION('center_axis',(-1.,-8.628166150855E-32,-3.330669073875E-16));
#13471=DIRECTION('ref_axis',(2.46519032881235E-32,1.,-3.330669073875E-16));
#13472=DIRECTION('',(1.,-2.22044604925E-16,1.110223024625E-16));
#13473=DIRECTION('center_axis',(-1.,-8.628166150855E-32,-3.330669073875E-16));
#13474=DIRECTION('ref_axis',(2.46519032881235E-32,1.,-3.330669073875E-16));
#13475=DIRECTION('',(1.,-2.22044604925E-16,1.110223024625E-16));
#13476=DIRECTION('center_axis',(2.22044604925E-16,1.,-1.110223024625E-16));
#13477=DIRECTION('ref_axis',(3.330669073875E-16,-1.110223024625E-16,-1.));
#13478=DIRECTION('',(0.,0.,1.));
#13479=DIRECTION('',(1.94289029309402E-16,-1.,0.));
#13480=DIRECTION('',(7.39557098644698E-32,-1.224646799147E-16,-1.));
#13481=DIRECTION('',(-1.94289029309402E-16,1.,-1.224646799147E-16));
#13482=DIRECTION('',(7.39557098644698E-32,-1.224646799147E-16,-1.));
#13483=DIRECTION('',(-1.94289029309402E-16,1.,-1.224646799147E-16));
#13484=DIRECTION('',(0.,0.,1.));
#13485=DIRECTION('',(-1.,2.77555756156289E-17,0.));
#13486=DIRECTION('',(-1.224646799147E-16,-7.39557098644699E-32,-1.));
#13487=DIRECTION('',(1.,5.20417042793041E-16,-1.224646799147E-16));
#13488=DIRECTION('',(-1.224646799147E-16,-7.39557098644699E-32,-1.));
#13489=DIRECTION('',(1.,5.20417042793041E-16,-1.224646799147E-16));
#13490=DIRECTION('',(8.65956056235501E-17,8.65956056235502E-17,-1.));
#13491=DIRECTION('',(-6.31439345255557E-16,1.,8.65956056235499E-17));
#13492=DIRECTION('',(9.86076131526265E-32,-1.224646799147E-16,-1.));
#13493=DIRECTION('',(-6.31439345255557E-16,1.,-1.224646799147E-16));
#13494=DIRECTION('',(9.86076131526265E-32,-1.224646799147E-16,-1.));
#13495=DIRECTION('',(-6.31439345255557E-16,1.,-1.224646799147E-16));
#13496=DIRECTION('',(9.86076131526265E-32,-1.224646799147E-16,-1.));
#13497=DIRECTION('',(-6.31439345255557E-16,1.,-1.224646799147E-16));
#13498=DIRECTION('',(-1.224646799147E-16,-7.39557098644698E-32,-1.));
#13499=DIRECTION('',(1.94289029309402E-16,-1.,0.));
#13500=DIRECTION('',(-1.224646799147E-16,-7.39557098644698E-32,-1.));
#13501=DIRECTION('',(1.94289029309402E-16,-1.,0.));
#13502=DIRECTION('',(-1.224646799147E-16,-7.39557098644698E-32,-1.));
#13503=DIRECTION('',(1.94289029309402E-16,-1.,0.));
#13504=DIRECTION('',(-1.224646799147E-16,-7.39557098644698E-32,-1.));
#13505=DIRECTION('',(1.94289029309402E-16,-1.,0.));
#13506=DIRECTION('',(-1.224646799147E-16,-7.39557098644698E-32,-1.));
#13507=DIRECTION('',(1.94289029309402E-16,-1.,0.));
#13508=DIRECTION('',(-1.224646799147E-16,-7.39557098644698E-32,-1.));
#13509=DIRECTION('',(1.94289029309402E-16,-1.,0.));
#13510=DIRECTION('',(-1.224646799147E-16,-7.39557098644699E-32,-1.));
#13511=DIRECTION('',(1.,5.20417042793041E-16,-1.224646799147E-16));
#13512=DIRECTION('',(8.65956056235501E-17,8.65956056235502E-17,-1.));
#13513=DIRECTION('',(1.,5.20417042793041E-16,8.65956056235499E-17));
#13514=DIRECTION('',(-1.224646799147E-16,-7.39557098644699E-32,-1.));
#13515=DIRECTION('',(1.,5.20417042793041E-16,-1.224646799147E-16));
#13516=DIRECTION('',(0.,0.,1.));
#13517=DIRECTION('',(1.94289029309402E-16,-1.,0.));
#13518=DIRECTION('',(0.,0.,1.));
#13519=DIRECTION('',(1.94289029309402E-16,-1.,0.));
#13520=CARTESIAN_POINT('',(0.,0.,0.));
#13521=CARTESIAN_POINT('',(0.,0.,0.));
#13522=CARTESIAN_POINT('Origin',(-10.16,7.62,0.));
#13523=CARTESIAN_POINT('',(-10.16,7.62,0.));
#13524=CARTESIAN_POINT('',(-10.16,7.62,1.6));
#13525=CARTESIAN_POINT('',(-10.16,7.62,0.));
#13526=CARTESIAN_POINT('',(-10.16,-7.62,0.));
#13527=CARTESIAN_POINT('',(-10.16,7.62,0.));
#13528=CARTESIAN_POINT('',(-10.16,-7.62,1.6));
#13529=CARTESIAN_POINT('',(-10.16,-7.62,0.));
#13530=CARTESIAN_POINT('',(-10.16,7.62,1.6));
#13531=CARTESIAN_POINT('Origin',(10.16,7.62,0.));
#13532=CARTESIAN_POINT('',(10.16,7.62,0.));
#13533=CARTESIAN_POINT('',(10.16,7.62,1.6));
#13534=CARTESIAN_POINT('',(10.16,7.62,0.));
#13535=CARTESIAN_POINT('',(10.16,7.62,0.));
#13536=CARTESIAN_POINT('',(10.16,7.62,1.6));
#13537=CARTESIAN_POINT('Origin',(-10.16,-7.62,0.));
#13538=CARTESIAN_POINT('',(10.16,-7.62,0.));
#13539=CARTESIAN_POINT('',(-10.16,-7.62,0.));
#13540=CARTESIAN_POINT('',(10.16,-7.62,1.6));
#13541=CARTESIAN_POINT('',(10.16,-7.62,0.));
#13542=CARTESIAN_POINT('',(-10.16,-7.62,1.6));
#13543=CARTESIAN_POINT('Origin',(-3.996303350732E-16,0.,0.));
#13544=CARTESIAN_POINT('',(10.16,-7.62,0.));
#13545=CARTESIAN_POINT('',(-9.34,-6.35,0.));
#13546=CARTESIAN_POINT('Origin',(-8.89,-6.35,0.));
#13547=CARTESIAN_POINT('',(-6.8,-6.35,0.));
#13548=CARTESIAN_POINT('Origin',(-6.35,-6.35,0.));
#13549=CARTESIAN_POINT('',(-4.26,-6.35,0.));
#13550=CARTESIAN_POINT('Origin',(-3.81,-6.35,0.));
#13551=CARTESIAN_POINT('',(-1.72,-6.35,0.));
#13552=CARTESIAN_POINT('Origin',(-1.27,-6.35,0.));
#13553=CARTESIAN_POINT('',(0.82,-6.35,0.));
#13554=CARTESIAN_POINT('Origin',(1.27,-6.35,0.));
#13555=CARTESIAN_POINT('',(3.36,-6.35,0.));
#13556=CARTESIAN_POINT('Origin',(3.81,-6.35,0.));
#13557=CARTESIAN_POINT('',(5.9,-6.35,0.));
#13558=CARTESIAN_POINT('Origin',(6.35,-6.35,0.));
#13559=CARTESIAN_POINT('',(8.44,-6.35,0.));
#13560=CARTESIAN_POINT('Origin',(8.89,-6.35,0.));
#13561=CARTESIAN_POINT('',(-9.34,6.35,0.));
#13562=CARTESIAN_POINT('Origin',(-8.89,6.35,0.));
#13563=CARTESIAN_POINT('',(-6.8,6.35,0.));
#13564=CARTESIAN_POINT('Origin',(-6.35,6.35,0.));
#13565=CARTESIAN_POINT('',(-4.26,6.35,0.));
#13566=CARTESIAN_POINT('Origin',(-3.81,6.35,0.));
#13567=CARTESIAN_POINT('',(-1.72,6.35,0.));
#13568=CARTESIAN_POINT('Origin',(-1.27,6.35,0.));
#13569=CARTESIAN_POINT('',(8.09,1.27,0.));
#13570=CARTESIAN_POINT('Origin',(8.89,1.27,0.));
#13571=CARTESIAN_POINT('',(6.44,2.539999999999,0.));
#13572=CARTESIAN_POINT('Origin',(7.24,2.539999999999,0.));
#13573=CARTESIAN_POINT('',(0.82,6.35,0.));
#13574=CARTESIAN_POINT('Origin',(1.27,6.35,0.));
#13575=CARTESIAN_POINT('',(3.36,6.35,0.));
#13576=CARTESIAN_POINT('Origin',(3.81,6.35,0.));
#13577=CARTESIAN_POINT('',(8.09,3.81,0.));
#13578=CARTESIAN_POINT('Origin',(8.89,3.81,0.));
#13579=CARTESIAN_POINT('',(5.9,6.35,0.));
#13580=CARTESIAN_POINT('Origin',(6.35,6.35,0.));
#13581=CARTESIAN_POINT('',(8.44,6.35,0.));
#13582=CARTESIAN_POINT('Origin',(8.89,6.35,0.));
#13583=CARTESIAN_POINT('Origin',(-3.996303350732E-16,0.,1.6));
#13584=CARTESIAN_POINT('',(10.16,-7.62,1.6));
#13585=CARTESIAN_POINT('',(-9.34,-6.35,1.6));
#13586=CARTESIAN_POINT('Origin',(-8.89,-6.35,1.6));
#13587=CARTESIAN_POINT('',(-6.8,-6.35,1.6));
#13588=CARTESIAN_POINT('Origin',(-6.35,-6.35,1.6));
#13589=CARTESIAN_POINT('',(-4.26,-6.35,1.6));
#13590=CARTESIAN_POINT('Origin',(-3.81,-6.35,1.6));
#13591=CARTESIAN_POINT('',(-1.72,-6.35,1.6));
#13592=CARTESIAN_POINT('Origin',(-1.27,-6.35,1.6));
#13593=CARTESIAN_POINT('',(0.82,-6.35,1.6));
#13594=CARTESIAN_POINT('Origin',(1.27,-6.35,1.6));
#13595=CARTESIAN_POINT('',(3.36,-6.35,1.6));
#13596=CARTESIAN_POINT('Origin',(3.81,-6.35,1.6));
#13597=CARTESIAN_POINT('',(5.9,-6.35,1.6));
#13598=CARTESIAN_POINT('Origin',(6.35,-6.35,1.6));
#13599=CARTESIAN_POINT('',(8.44,-6.35,1.6));
#13600=CARTESIAN_POINT('Origin',(8.89,-6.35,1.6));
#13601=CARTESIAN_POINT('',(-9.34,6.35,1.6));
#13602=CARTESIAN_POINT('Origin',(-8.89,6.35,1.6));
#13603=CARTESIAN_POINT('',(-6.8,6.35,1.6));
#13604=CARTESIAN_POINT('Origin',(-6.35,6.35,1.6));
#13605=CARTESIAN_POINT('',(-4.26,6.35,1.6));
#13606=CARTESIAN_POINT('Origin',(-3.81,6.35,1.6));
#13607=CARTESIAN_POINT('',(-1.72,6.35,1.6));
#13608=CARTESIAN_POINT('Origin',(-1.27,6.35,1.6));
#13609=CARTESIAN_POINT('',(8.09,1.27,1.6));
#13610=CARTESIAN_POINT('Origin',(8.89,1.27,1.6));
#13611=CARTESIAN_POINT('',(6.44,2.539999999999,1.6));
#13612=CARTESIAN_POINT('Origin',(7.24,2.539999999999,1.6));
#13613=CARTESIAN_POINT('',(0.82,6.35,1.6));
#13614=CARTESIAN_POINT('Origin',(1.27,6.35,1.6));
#13615=CARTESIAN_POINT('',(3.36,6.35,1.6));
#13616=CARTESIAN_POINT('Origin',(3.81,6.35,1.6));
#13617=CARTESIAN_POINT('',(8.09,3.81,1.6));
#13618=CARTESIAN_POINT('Origin',(8.89,3.81,1.6));
#13619=CARTESIAN_POINT('',(5.9,6.35,1.6));
#13620=CARTESIAN_POINT('Origin',(6.35,6.35,1.6));
#13621=CARTESIAN_POINT('',(8.44,6.35,1.6));
#13622=CARTESIAN_POINT('Origin',(8.89,6.35,1.6));
#13623=CARTESIAN_POINT('Origin',(10.16,-7.62,0.));
#13624=CARTESIAN_POINT('Origin',(-8.89,-6.35,1.6));
#13625=CARTESIAN_POINT('',(-9.34,-6.35,1.6));
#13626=CARTESIAN_POINT('Origin',(-6.35,-6.35,1.6));
#13627=CARTESIAN_POINT('',(-6.8,-6.35,1.6));
#13628=CARTESIAN_POINT('Origin',(-3.81,-6.35,1.6));
#13629=CARTESIAN_POINT('',(-4.26,-6.35,1.6));
#13630=CARTESIAN_POINT('Origin',(-1.27,-6.35,1.6));
#13631=CARTESIAN_POINT('',(-1.72,-6.35,1.6));
#13632=CARTESIAN_POINT('Origin',(1.27,-6.35,1.6));
#13633=CARTESIAN_POINT('',(0.82,-6.35,1.6));
#13634=CARTESIAN_POINT('Origin',(3.81,-6.35,1.6));
#13635=CARTESIAN_POINT('',(3.36,-6.35,1.6));
#13636=CARTESIAN_POINT('Origin',(6.35,-6.35,1.6));
#13637=CARTESIAN_POINT('',(5.9,-6.35,1.6));
#13638=CARTESIAN_POINT('Origin',(8.89,-6.35,1.6));
#13639=CARTESIAN_POINT('',(8.44,-6.35,1.6));
#13640=CARTESIAN_POINT('Origin',(-8.89,6.35,1.6));
#13641=CARTESIAN_POINT('',(-9.34,6.35,1.6));
#13642=CARTESIAN_POINT('Origin',(-6.35,6.35,1.6));
#13643=CARTESIAN_POINT('',(-6.8,6.35,1.6));
#13644=CARTESIAN_POINT('Origin',(-3.81,6.35,1.6));
#13645=CARTESIAN_POINT('',(-4.26,6.35,1.6));
#13646=CARTESIAN_POINT('Origin',(-1.27,6.35,1.6));
#13647=CARTESIAN_POINT('',(-1.72,6.35,1.6));
#13648=CARTESIAN_POINT('Origin',(8.89,1.27,1.6));
#13649=CARTESIAN_POINT('',(8.09,1.27,1.6));
#13650=CARTESIAN_POINT('Origin',(7.24,2.539999999999,1.6));
#13651=CARTESIAN_POINT('',(6.44,2.539999999999,1.6));
#13652=CARTESIAN_POINT('Origin',(1.27,6.35,1.6));
#13653=CARTESIAN_POINT('',(0.82,6.35,1.6));
#13654=CARTESIAN_POINT('Origin',(3.81,6.35,1.6));
#13655=CARTESIAN_POINT('',(3.36,6.35,1.6));
#13656=CARTESIAN_POINT('Origin',(8.89,3.81,1.6));
#13657=CARTESIAN_POINT('',(8.09,3.81,1.6));
#13658=CARTESIAN_POINT('Origin',(6.35,6.35,1.6));
#13659=CARTESIAN_POINT('',(5.9,6.35,1.6));
#13660=CARTESIAN_POINT('Origin',(8.89,6.35,1.6));
#13661=CARTESIAN_POINT('',(8.44,6.35,1.6));
#13662=CARTESIAN_POINT('',(0.,0.,0.));
#13663=CARTESIAN_POINT('',(0.,0.,0.));
#13664=CARTESIAN_POINT('',(0.,0.,0.));
#13665=CARTESIAN_POINT('Origin',(-1.27,1.27,0.));
#13666=CARTESIAN_POINT('',(-0.77,1.27,0.));
#13667=CARTESIAN_POINT('',(0.77,1.27,0.));
#13668=CARTESIAN_POINT('',(-1.27,1.27,0.));
#13669=CARTESIAN_POINT('',(-0.77,1.27,3.));
#13670=CARTESIAN_POINT('',(-0.77,1.27,0.));
#13671=CARTESIAN_POINT('',(0.77,1.27,3.));
#13672=CARTESIAN_POINT('',(-1.27,1.27,3.));
#13673=CARTESIAN_POINT('',(0.77,1.27,0.));
#13674=CARTESIAN_POINT('Origin',(4.370956789863E-17,4.370956789863E-17,
0.));
#13675=CARTESIAN_POINT('',(1.27,0.77,0.));
#13676=CARTESIAN_POINT('',(1.02,1.02,0.));
#13677=CARTESIAN_POINT('',(1.27,-0.77,0.));
#13678=CARTESIAN_POINT('',(1.27,1.27,0.));
#13679=CARTESIAN_POINT('',(0.77,-1.27,0.));
#13680=CARTESIAN_POINT('',(1.02,-1.02,0.));
#13681=CARTESIAN_POINT('',(-0.77,-1.27,0.));
#13682=CARTESIAN_POINT('',(1.27,-1.27,0.));
#13683=CARTESIAN_POINT('',(-1.27,-0.77,0.));
#13684=CARTESIAN_POINT('',(-1.02,-1.02,0.));
#13685=CARTESIAN_POINT('',(-1.27,0.77,0.));
#13686=CARTESIAN_POINT('',(-1.27,-1.27,0.));
#13687=CARTESIAN_POINT('',(-1.02,1.02,0.));
#13688=CARTESIAN_POINT('',(-0.3175,-0.3175,0.));
#13689=CARTESIAN_POINT('',(-0.3175,0.3175,0.));
#13690=CARTESIAN_POINT('',(-0.3175,-0.15875,0.));
#13691=CARTESIAN_POINT('',(0.3175,-0.3175,0.));
#13692=CARTESIAN_POINT('',(0.15875,-0.3175,0.));
#13693=CARTESIAN_POINT('',(0.3175,0.3175,0.));
#13694=CARTESIAN_POINT('',(0.3175,0.15875,0.));
#13695=CARTESIAN_POINT('',(-0.15875,0.3175,0.));
#13696=CARTESIAN_POINT('Origin',(-1.02,1.02,0.));
#13697=CARTESIAN_POINT('',(-1.27,0.77,3.));
#13698=CARTESIAN_POINT('',(-1.27,0.77,0.));
#13699=CARTESIAN_POINT('',(-1.02,1.02,3.));
#13700=CARTESIAN_POINT('Origin',(1.02,1.02,0.));
#13701=CARTESIAN_POINT('',(1.27,0.77,3.));
#13702=CARTESIAN_POINT('',(1.02,1.02,3.));
#13703=CARTESIAN_POINT('',(1.27,0.77,0.));
#13704=CARTESIAN_POINT('Origin',(4.370956789863E-17,4.370956789863E-17,
3.));
#13705=CARTESIAN_POINT('',(-1.27,-0.77,3.));
#13706=CARTESIAN_POINT('',(-1.27,-1.27,3.));
#13707=CARTESIAN_POINT('',(-0.77,-1.27,3.));
#13708=CARTESIAN_POINT('',(-1.02,-1.02,3.));
#13709=CARTESIAN_POINT('',(0.77,-1.27,3.));
#13710=CARTESIAN_POINT('',(1.27,-1.27,3.));
#13711=CARTESIAN_POINT('',(1.27,-0.77,3.));
#13712=CARTESIAN_POINT('',(1.02,-1.02,3.));
#13713=CARTESIAN_POINT('',(1.27,1.27,3.));
#13714=CARTESIAN_POINT('',(-0.3175,-0.3175,3.));
#13715=CARTESIAN_POINT('',(-0.3175,0.3175,3.));
#13716=CARTESIAN_POINT('',(-0.3175,-0.3175,3.));
#13717=CARTESIAN_POINT('',(0.3175,0.3175,3.));
#13718=CARTESIAN_POINT('',(-0.3175,0.3175,3.));
#13719=CARTESIAN_POINT('',(0.3175,-0.3175,3.));
#13720=CARTESIAN_POINT('',(0.3175,0.3175,3.));
#13721=CARTESIAN_POINT('',(0.3175,-0.3175,3.));
#13722=CARTESIAN_POINT('Origin',(-1.27,-1.27,0.));
#13723=CARTESIAN_POINT('',(-1.27,-0.77,0.));
#13724=CARTESIAN_POINT('Origin',(1.27,1.27,0.));
#13725=CARTESIAN_POINT('',(1.27,-0.77,0.));
#13726=CARTESIAN_POINT('Origin',(-1.02,-1.02,0.));
#13727=CARTESIAN_POINT('',(-0.77,-1.27,0.));
#13728=CARTESIAN_POINT('Origin',(1.02,-1.02,0.));
#13729=CARTESIAN_POINT('',(0.77,-1.27,0.));
#13730=CARTESIAN_POINT('Origin',(1.27,-1.27,0.));
#13731=CARTESIAN_POINT('Origin',(-0.3175,-0.3175,3.));
#13732=CARTESIAN_POINT('',(-0.3175,-0.3175,3.));
#13733=CARTESIAN_POINT('',(-0.3175,0.3175,3.));
#13734=CARTESIAN_POINT('Origin',(0.3175,-0.3175,3.));
#13735=CARTESIAN_POINT('',(0.3175,-0.3175,3.));
#13736=CARTESIAN_POINT('Origin',(0.3175,0.3175,3.));
#13737=CARTESIAN_POINT('',(0.3175,0.3175,3.));
#13738=CARTESIAN_POINT('Origin',(-0.3175,0.3175,3.));
#13739=CARTESIAN_POINT('',(0.,0.,0.));
#13740=CARTESIAN_POINT('',(2.54,0.,0.));
#13741=CARTESIAN_POINT('',(5.08,0.,0.));
#13742=CARTESIAN_POINT('',(7.62,0.,0.));
#13743=CARTESIAN_POINT('',(10.16,0.,0.));
#13744=CARTESIAN_POINT('',(12.7,0.,0.));
#13745=CARTESIAN_POINT('',(15.24,0.,0.));
#13746=CARTESIAN_POINT('',(17.78,0.,0.));
#13747=CARTESIAN_POINT('',(0.,0.,0.));
#13748=CARTESIAN_POINT('',(0.,0.,0.));
#13749=CARTESIAN_POINT('Origin',(-0.3175,0.3175,0.));
#13750=CARTESIAN_POINT('',(-0.3175,0.3175,0.5));
#13751=CARTESIAN_POINT('',(-0.3175,0.3175,10.7));
#13752=CARTESIAN_POINT('',(-0.3175,0.3175,0.));
#13753=CARTESIAN_POINT('',(0.3175,0.3175,10.7));
#13754=CARTESIAN_POINT('',(-0.3175,0.3175,10.7));
#13755=CARTESIAN_POINT('',(0.3175,0.3175,0.5));
#13756=CARTESIAN_POINT('',(0.3175,0.3175,0.));
#13757=CARTESIAN_POINT('',(-0.3175,0.3175,0.5));
#13758=CARTESIAN_POINT('Origin',(-0.3175,-0.3175,0.));
#13759=CARTESIAN_POINT('',(-0.3175,-0.3175,0.5));
#13760=CARTESIAN_POINT('',(-0.3175,-0.3175,10.7));
#13761=CARTESIAN_POINT('',(-0.3175,-0.3175,0.));
#13762=CARTESIAN_POINT('',(-0.3175,-0.3175,10.7));
#13763=CARTESIAN_POINT('',(-0.3175,-0.3175,0.5));
#13764=CARTESIAN_POINT('Origin',(-0.3175,0.2175,0.25));
#13765=CARTESIAN_POINT('',(-0.1175,0.1175,-5.551115123126E-17));
#13766=CARTESIAN_POINT('',(-0.191136363636,0.191136363636,0.184090909091));
#13767=CARTESIAN_POINT('',(0.1175,0.1175,-5.551115123126E-17));
#13768=CARTESIAN_POINT('',(0.191136363636,0.191136363636,0.184090909091));
#13769=CARTESIAN_POINT('',(-0.3175,0.1175,0.));
#13770=CARTESIAN_POINT('Origin',(-0.3175,0.2175,10.95));
#13771=CARTESIAN_POINT('',(-0.1175,0.1175,11.2));
#13772=CARTESIAN_POINT('',(-0.191136363636,0.191136363636,11.015909090909));
#13773=CARTESIAN_POINT('',(0.1175,0.1175,11.2));
#13774=CARTESIAN_POINT('',(-0.3175,0.1175,11.2));
#13775=CARTESIAN_POINT('',(0.191136363636,0.191136363636,11.015909090909));
#13776=CARTESIAN_POINT('Origin',(0.3175,0.3175,0.));
#13777=CARTESIAN_POINT('',(0.3175,-0.3175,10.7));
#13778=CARTESIAN_POINT('',(0.3175,0.3175,10.7));
#13779=CARTESIAN_POINT('',(0.3175,-0.3175,0.5));
#13780=CARTESIAN_POINT('',(0.3175,-0.3175,0.));
#13781=CARTESIAN_POINT('',(0.3175,0.3175,0.5));
#13782=CARTESIAN_POINT('Origin',(0.3175,-0.3175,0.));
#13783=CARTESIAN_POINT('',(0.3175,-0.3175,10.7));
#13784=CARTESIAN_POINT('',(0.3175,-0.3175,0.5));
#13785=CARTESIAN_POINT('Origin',(-0.2175,-0.3175,0.25));
#13786=CARTESIAN_POINT('',(-0.1175,-0.1175,-5.551115123126E-17));
#13787=CARTESIAN_POINT('',(-0.191136363636,-0.191136363636,0.184090909091));
#13788=CARTESIAN_POINT('',(-0.1175,-0.3175,0.));
#13789=CARTESIAN_POINT('Origin',(-0.2175,-0.3175,10.95));
#13790=CARTESIAN_POINT('',(-0.1175,-0.1175,11.2));
#13791=CARTESIAN_POINT('',(-0.191136363636,-0.191136363636,11.015909090909));
#13792=CARTESIAN_POINT('',(-0.1175,-0.3175,11.2));
#13793=CARTESIAN_POINT('Origin',(1.092739197466E-17,1.092739197466E-17,
0.));
#13794=CARTESIAN_POINT('',(0.1175,-0.1175,-5.551115123126E-17));
#13795=CARTESIAN_POINT('',(0.1175,0.3175,0.));
#13796=CARTESIAN_POINT('',(0.3175,-0.1175,0.));
#13797=CARTESIAN_POINT('Origin',(0.2175,0.3175,0.25));
#13798=CARTESIAN_POINT('',(0.191136363636,-0.191136363636,0.184090909091));
#13799=CARTESIAN_POINT('Origin',(1.092739197466E-17,1.092739197466E-17,
11.2));
#13800=CARTESIAN_POINT('',(0.1175,-0.1175,11.2));
#13801=CARTESIAN_POINT('',(0.3175,-0.1175,11.2));
#13802=CARTESIAN_POINT('',(0.1175,0.3175,11.2));
#13803=CARTESIAN_POINT('Origin',(0.2175,0.3175,10.95));
#13804=CARTESIAN_POINT('',(0.191136363636,-0.191136363636,11.015909090909));
#13805=CARTESIAN_POINT('Origin',(0.3175,-0.2175,0.25));
#13806=CARTESIAN_POINT('Origin',(0.3175,-0.2175,10.95));
#13807=CARTESIAN_POINT('',(0.,0.,-2.54));
#13808=CARTESIAN_POINT('',(2.54,0.,-2.54));
#13809=CARTESIAN_POINT('',(5.08,0.,-2.54));
#13810=CARTESIAN_POINT('',(7.62,0.,-2.54));
#13811=CARTESIAN_POINT('',(10.16,0.,-2.54));
#13812=CARTESIAN_POINT('',(12.7,0.,-2.54));
#13813=CARTESIAN_POINT('',(15.24,0.,-2.54));
#13814=CARTESIAN_POINT('',(17.78,0.,-2.54));
#13815=CARTESIAN_POINT('',(0.,0.,0.));
#13816=CARTESIAN_POINT('',(0.,0.,0.));
#13817=CARTESIAN_POINT('Origin',(0.,-3.314808744956E-16,-1.492857142859));
#13818=CARTESIAN_POINT('',(-0.799999999999,-4.53243111811231E-16,-1.599999999998));
#13819=CARTESIAN_POINT('Origin',(0.,-3.552713678796E-16,-1.599999999998));
#13820=CARTESIAN_POINT('',(-4.94232458226187E-17,-5.10702591327509E-16,
-2.3));
#13821=CARTESIAN_POINT('Origin',(0.,-3.314808744956E-16,-1.492857142859));
#13822=CARTESIAN_POINT('Origin',(0.,-3.552713678796E-16,-1.599999999998));
#13823=CARTESIAN_POINT('',(0.,0.,0.));
#13824=CARTESIAN_POINT('',(2.54,0.,0.));
#13825=CARTESIAN_POINT('',(5.08,0.,0.));
#13826=CARTESIAN_POINT('',(7.62,0.,0.));
#13827=CARTESIAN_POINT('',(10.16,0.,0.));
#13828=CARTESIAN_POINT('',(12.7,0.,0.));
#13829=CARTESIAN_POINT('',(15.24,0.,0.));
#13830=CARTESIAN_POINT('',(17.78,0.,0.));
#13831=CARTESIAN_POINT('',(0.,0.,0.));
#13832=CARTESIAN_POINT('',(0.,0.,0.));
#13833=CARTESIAN_POINT('',(0.,0.,0.));
#13834=CARTESIAN_POINT('',(0.,0.,0.));
#13835=CARTESIAN_POINT('',(0.,0.,0.));
#13836=CARTESIAN_POINT('',(0.,0.,0.));
#13837=CARTESIAN_POINT('Origin',(-1.27,1.27,0.));
#13838=CARTESIAN_POINT('',(-0.77,1.27,0.));
#13839=CARTESIAN_POINT('',(0.77,1.27,0.));
#13840=CARTESIAN_POINT('',(-1.27,1.27,0.));
#13841=CARTESIAN_POINT('',(-0.77,1.27,3.));
#13842=CARTESIAN_POINT('',(-0.77,1.27,0.));
#13843=CARTESIAN_POINT('',(0.77,1.27,3.));
#13844=CARTESIAN_POINT('',(-1.27,1.27,3.));
#13845=CARTESIAN_POINT('',(0.77,1.27,0.));
#13846=CARTESIAN_POINT('Origin',(4.370956789863E-17,4.370956789863E-17,
0.));
#13847=CARTESIAN_POINT('',(1.27,0.77,0.));
#13848=CARTESIAN_POINT('',(1.02,1.02,0.));
#13849=CARTESIAN_POINT('',(1.27,-0.77,0.));
#13850=CARTESIAN_POINT('',(1.27,1.27,0.));
#13851=CARTESIAN_POINT('',(0.77,-1.27,0.));
#13852=CARTESIAN_POINT('',(1.02,-1.02,0.));
#13853=CARTESIAN_POINT('',(-0.77,-1.27,0.));
#13854=CARTESIAN_POINT('',(1.27,-1.27,0.));
#13855=CARTESIAN_POINT('',(-1.27,-0.77,0.));
#13856=CARTESIAN_POINT('',(-1.02,-1.02,0.));
#13857=CARTESIAN_POINT('',(-1.27,0.77,0.));
#13858=CARTESIAN_POINT('',(-1.27,-1.27,0.));
#13859=CARTESIAN_POINT('',(-1.02,1.02,0.));
#13860=CARTESIAN_POINT('',(-0.3175,-0.3175,0.));
#13861=CARTESIAN_POINT('',(-0.3175,0.3175,0.));
#13862=CARTESIAN_POINT('',(-0.3175,-0.15875,0.));
#13863=CARTESIAN_POINT('',(0.3175,-0.3175,0.));
#13864=CARTESIAN_POINT('',(0.15875,-0.3175,0.));
#13865=CARTESIAN_POINT('',(0.3175,0.3175,0.));
#13866=CARTESIAN_POINT('',(0.3175,0.15875,0.));
#13867=CARTESIAN_POINT('',(-0.15875,0.3175,0.));
#13868=CARTESIAN_POINT('Origin',(-1.02,1.02,0.));
#13869=CARTESIAN_POINT('',(-1.27,0.77,3.));
#13870=CARTESIAN_POINT('',(-1.27,0.77,0.));
#13871=CARTESIAN_POINT('',(-1.02,1.02,3.));
#13872=CARTESIAN_POINT('Origin',(1.02,1.02,0.));
#13873=CARTESIAN_POINT('',(1.27,0.77,3.));
#13874=CARTESIAN_POINT('',(1.02,1.02,3.));
#13875=CARTESIAN_POINT('',(1.27,0.77,0.));
#13876=CARTESIAN_POINT('Origin',(4.370956789863E-17,4.370956789863E-17,
3.));
#13877=CARTESIAN_POINT('',(-1.27,-0.77,3.));
#13878=CARTESIAN_POINT('',(-1.27,-1.27,3.));
#13879=CARTESIAN_POINT('',(-0.77,-1.27,3.));
#13880=CARTESIAN_POINT('',(-1.02,-1.02,3.));
#13881=CARTESIAN_POINT('',(0.77,-1.27,3.));
#13882=CARTESIAN_POINT('',(1.27,-1.27,3.));
#13883=CARTESIAN_POINT('',(1.27,-0.77,3.));
#13884=CARTESIAN_POINT('',(1.02,-1.02,3.));
#13885=CARTESIAN_POINT('',(1.27,1.27,3.));
#13886=CARTESIAN_POINT('',(-0.3175,-0.3175,3.));
#13887=CARTESIAN_POINT('',(-0.3175,0.3175,3.));
#13888=CARTESIAN_POINT('',(-0.3175,-0.3175,3.));
#13889=CARTESIAN_POINT('',(0.3175,0.3175,3.));
#13890=CARTESIAN_POINT('',(-0.3175,0.3175,3.));
#13891=CARTESIAN_POINT('',(0.3175,-0.3175,3.));
#13892=CARTESIAN_POINT('',(0.3175,0.3175,3.));
#13893=CARTESIAN_POINT('',(0.3175,-0.3175,3.));
#13894=CARTESIAN_POINT('Origin',(-1.27,-1.27,0.));
#13895=CARTESIAN_POINT('',(-1.27,-0.77,0.));
#13896=CARTESIAN_POINT('Origin',(1.27,1.27,0.));
#13897=CARTESIAN_POINT('',(1.27,-0.77,0.));
#13898=CARTESIAN_POINT('Origin',(-1.02,-1.02,0.));
#13899=CARTESIAN_POINT('',(-0.77,-1.27,0.));
#13900=CARTESIAN_POINT('Origin',(1.02,-1.02,0.));
#13901=CARTESIAN_POINT('',(0.77,-1.27,0.));
#13902=CARTESIAN_POINT('Origin',(1.27,-1.27,0.));
#13903=CARTESIAN_POINT('Origin',(-0.3175,-0.3175,3.));
#13904=CARTESIAN_POINT('',(-0.3175,-0.3175,3.));
#13905=CARTESIAN_POINT('',(-0.3175,0.3175,3.));
#13906=CARTESIAN_POINT('Origin',(0.3175,-0.3175,3.));
#13907=CARTESIAN_POINT('',(0.3175,-0.3175,3.));
#13908=CARTESIAN_POINT('Origin',(0.3175,0.3175,3.));
#13909=CARTESIAN_POINT('',(0.3175,0.3175,3.));
#13910=CARTESIAN_POINT('Origin',(-0.3175,0.3175,3.));
#13911=CARTESIAN_POINT('',(0.,0.,0.));
#13912=CARTESIAN_POINT('',(2.54,0.,0.));
#13913=CARTESIAN_POINT('',(5.08,0.,0.));
#13914=CARTESIAN_POINT('',(7.62,0.,0.));
#13915=CARTESIAN_POINT('',(10.16,0.,0.));
#13916=CARTESIAN_POINT('',(12.7,0.,0.));
#13917=CARTESIAN_POINT('',(15.24,0.,0.));
#13918=CARTESIAN_POINT('',(17.78,0.,0.));
#13919=CARTESIAN_POINT('',(0.,0.,0.));
#13920=CARTESIAN_POINT('',(0.,0.,0.));
#13921=CARTESIAN_POINT('Origin',(-0.3175,0.3175,0.));
#13922=CARTESIAN_POINT('',(-0.3175,0.3175,0.5));
#13923=CARTESIAN_POINT('',(-0.3175,0.3175,10.7));
#13924=CARTESIAN_POINT('',(-0.3175,0.3175,0.));
#13925=CARTESIAN_POINT('',(0.3175,0.3175,10.7));
#13926=CARTESIAN_POINT('',(-0.3175,0.3175,10.7));
#13927=CARTESIAN_POINT('',(0.3175,0.3175,0.5));
#13928=CARTESIAN_POINT('',(0.3175,0.3175,0.));
#13929=CARTESIAN_POINT('',(-0.3175,0.3175,0.5));
#13930=CARTESIAN_POINT('Origin',(-0.3175,-0.3175,0.));
#13931=CARTESIAN_POINT('',(-0.3175,-0.3175,0.5));
#13932=CARTESIAN_POINT('',(-0.3175,-0.3175,10.7));
#13933=CARTESIAN_POINT('',(-0.3175,-0.3175,0.));
#13934=CARTESIAN_POINT('',(-0.3175,-0.3175,10.7));
#13935=CARTESIAN_POINT('',(-0.3175,-0.3175,0.5));
#13936=CARTESIAN_POINT('Origin',(-0.3175,0.2175,0.25));
#13937=CARTESIAN_POINT('',(-0.1175,0.1175,-5.551115123126E-17));
#13938=CARTESIAN_POINT('',(-0.191136363636,0.191136363636,0.184090909091));
#13939=CARTESIAN_POINT('',(0.1175,0.1175,-5.551115123126E-17));
#13940=CARTESIAN_POINT('',(0.191136363636,0.191136363636,0.184090909091));
#13941=CARTESIAN_POINT('',(-0.3175,0.1175,0.));
#13942=CARTESIAN_POINT('Origin',(-0.3175,0.2175,10.95));
#13943=CARTESIAN_POINT('',(-0.1175,0.1175,11.2));
#13944=CARTESIAN_POINT('',(-0.191136363636,0.191136363636,11.015909090909));
#13945=CARTESIAN_POINT('',(0.1175,0.1175,11.2));
#13946=CARTESIAN_POINT('',(-0.3175,0.1175,11.2));
#13947=CARTESIAN_POINT('',(0.191136363636,0.191136363636,11.015909090909));
#13948=CARTESIAN_POINT('Origin',(0.3175,0.3175,0.));
#13949=CARTESIAN_POINT('',(0.3175,-0.3175,10.7));
#13950=CARTESIAN_POINT('',(0.3175,0.3175,10.7));
#13951=CARTESIAN_POINT('',(0.3175,-0.3175,0.5));
#13952=CARTESIAN_POINT('',(0.3175,-0.3175,0.));
#13953=CARTESIAN_POINT('',(0.3175,0.3175,0.5));
#13954=CARTESIAN_POINT('Origin',(0.3175,-0.3175,0.));
#13955=CARTESIAN_POINT('',(0.3175,-0.3175,10.7));
#13956=CARTESIAN_POINT('',(0.3175,-0.3175,0.5));
#13957=CARTESIAN_POINT('Origin',(-0.2175,-0.3175,0.25));
#13958=CARTESIAN_POINT('',(-0.1175,-0.1175,-5.551115123126E-17));
#13959=CARTESIAN_POINT('',(-0.191136363636,-0.191136363636,0.184090909091));
#13960=CARTESIAN_POINT('',(-0.1175,-0.3175,0.));
#13961=CARTESIAN_POINT('Origin',(-0.2175,-0.3175,10.95));
#13962=CARTESIAN_POINT('',(-0.1175,-0.1175,11.2));
#13963=CARTESIAN_POINT('',(-0.191136363636,-0.191136363636,11.015909090909));
#13964=CARTESIAN_POINT('',(-0.1175,-0.3175,11.2));
#13965=CARTESIAN_POINT('Origin',(1.092739197466E-17,1.092739197466E-17,
0.));
#13966=CARTESIAN_POINT('',(0.1175,-0.1175,-5.551115123126E-17));
#13967=CARTESIAN_POINT('',(0.1175,0.3175,0.));
#13968=CARTESIAN_POINT('',(0.3175,-0.1175,0.));
#13969=CARTESIAN_POINT('Origin',(0.2175,0.3175,0.25));
#13970=CARTESIAN_POINT('',(0.191136363636,-0.191136363636,0.184090909091));
#13971=CARTESIAN_POINT('Origin',(1.092739197466E-17,1.092739197466E-17,
11.2));
#13972=CARTESIAN_POINT('',(0.1175,-0.1175,11.2));
#13973=CARTESIAN_POINT('',(0.3175,-0.1175,11.2));
#13974=CARTESIAN_POINT('',(0.1175,0.3175,11.2));
#13975=CARTESIAN_POINT('Origin',(0.2175,0.3175,10.95));
#13976=CARTESIAN_POINT('',(0.191136363636,-0.191136363636,11.015909090909));
#13977=CARTESIAN_POINT('Origin',(0.3175,-0.2175,0.25));
#13978=CARTESIAN_POINT('Origin',(0.3175,-0.2175,10.95));
#13979=CARTESIAN_POINT('',(0.,0.,-2.54));
#13980=CARTESIAN_POINT('',(2.54,0.,-2.54));
#13981=CARTESIAN_POINT('',(5.08,0.,-2.54));
#13982=CARTESIAN_POINT('',(7.62,0.,-2.54));
#13983=CARTESIAN_POINT('',(10.16,0.,-2.54));
#13984=CARTESIAN_POINT('',(12.7,0.,-2.54));
#13985=CARTESIAN_POINT('',(15.24,0.,-2.54));
#13986=CARTESIAN_POINT('',(17.78,0.,-2.54));
#13987=CARTESIAN_POINT('',(0.,0.,0.));
#13988=CARTESIAN_POINT('',(0.,0.,0.));
#13989=CARTESIAN_POINT('Origin',(0.,-3.314808744956E-16,-1.492857142859));
#13990=CARTESIAN_POINT('',(-0.799999999999,-4.53243111811231E-16,-1.599999999998));
#13991=CARTESIAN_POINT('Origin',(0.,-3.552713678796E-16,-1.599999999998));
#13992=CARTESIAN_POINT('',(-4.94232458226187E-17,-5.10702591327509E-16,
-2.3));
#13993=CARTESIAN_POINT('Origin',(0.,-3.314808744956E-16,-1.492857142859));
#13994=CARTESIAN_POINT('Origin',(0.,-3.552713678796E-16,-1.599999999998));
#13995=CARTESIAN_POINT('',(0.,0.,0.));
#13996=CARTESIAN_POINT('',(2.54,0.,0.));
#13997=CARTESIAN_POINT('',(5.08,0.,0.));
#13998=CARTESIAN_POINT('',(7.62,0.,0.));
#13999=CARTESIAN_POINT('',(10.16,0.,0.));
#14000=CARTESIAN_POINT('',(12.7,0.,0.));
#14001=CARTESIAN_POINT('',(15.24,0.,0.));
#14002=CARTESIAN_POINT('',(17.78,0.,0.));
#14003=CARTESIAN_POINT('',(0.,0.,0.));
#14004=CARTESIAN_POINT('',(0.,0.,0.));
#14005=CARTESIAN_POINT('',(0.,0.,0.));
#14006=CARTESIAN_POINT('',(0.,0.,0.));
#14007=CARTESIAN_POINT('',(0.,0.,0.));
#14008=CARTESIAN_POINT('Origin',(-1.75,1.5,0.));
#14009=CARTESIAN_POINT('',(-1.75,1.5,0.));
#14010=CARTESIAN_POINT('',(-1.75,1.5,0.2));
#14011=CARTESIAN_POINT('',(-1.75,1.5,0.));
#14012=CARTESIAN_POINT('',(1.75,1.5,0.2));
#14013=CARTESIAN_POINT('',(-1.75,1.5,0.2));
#14014=CARTESIAN_POINT('',(1.75,1.5,0.));
#14015=CARTESIAN_POINT('',(1.75,1.5,0.));
#14016=CARTESIAN_POINT('',(-1.75,1.5,0.));
#14017=CARTESIAN_POINT('Origin',(1.75,1.5,0.));
#14018=CARTESIAN_POINT('',(1.75,-1.5,0.2));
#14019=CARTESIAN_POINT('',(1.75,1.5,0.2));
#14020=CARTESIAN_POINT('',(1.75,-1.5,0.));
#14021=CARTESIAN_POINT('',(1.75,-1.5,0.));
#14022=CARTESIAN_POINT('',(1.75,1.5,0.));
#14023=CARTESIAN_POINT('Origin',(1.75,-1.5,0.));
#14024=CARTESIAN_POINT('',(-1.75,-1.5,0.2));
#14025=CARTESIAN_POINT('',(1.75,-1.5,0.2));
#14026=CARTESIAN_POINT('',(-1.75,-1.5,0.));
#14027=CARTESIAN_POINT('',(-1.75,-1.5,0.));
#14028=CARTESIAN_POINT('',(1.75,-1.5,0.));
#14029=CARTESIAN_POINT('Origin',(-1.75,-1.5,0.));
#14030=CARTESIAN_POINT('',(-1.75,-1.5,0.2));
#14031=CARTESIAN_POINT('',(-1.75,-1.5,0.));
#14032=CARTESIAN_POINT('Origin',(0.,0.,0.));
#14033=CARTESIAN_POINT('Origin',(0.,0.,0.2));
#14034=CARTESIAN_POINT('',(0.,0.,0.));
#14035=CARTESIAN_POINT('Origin',(0.9,0.25,0.));
#14036=CARTESIAN_POINT('',(0.9,0.25,0.));
#14037=CARTESIAN_POINT('',(0.9,0.25,0.3));
#14038=CARTESIAN_POINT('',(0.9,0.25,0.));
#14039=CARTESIAN_POINT('',(1.9,0.25,0.3));
#14040=CARTESIAN_POINT('',(0.9,0.25,0.3));
#14041=CARTESIAN_POINT('',(1.9,0.25,0.));
#14042=CARTESIAN_POINT('',(1.9,0.25,0.));
#14043=CARTESIAN_POINT('',(0.9,0.25,0.));
#14044=CARTESIAN_POINT('Origin',(1.9,0.25,0.));
#14045=CARTESIAN_POINT('',(1.9,-0.25,0.3));
#14046=CARTESIAN_POINT('',(1.9,0.25,0.3));
#14047=CARTESIAN_POINT('',(1.9,-0.25,0.));
#14048=CARTESIAN_POINT('',(1.9,-0.25,0.));
#14049=CARTESIAN_POINT('',(1.9,0.25,0.));
#14050=CARTESIAN_POINT('Origin',(1.9,-0.25,0.));
#14051=CARTESIAN_POINT('',(0.9,-0.25,0.3));
#14052=CARTESIAN_POINT('',(1.9,-0.25,0.3));
#14053=CARTESIAN_POINT('',(0.9,-0.25,0.));
#14054=CARTESIAN_POINT('',(0.9,-0.25,0.));
#14055=CARTESIAN_POINT('',(1.9,-0.25,0.));
#14056=CARTESIAN_POINT('Origin',(0.9,-0.25,0.));
#14057=CARTESIAN_POINT('',(0.9,-0.25,0.3));
#14058=CARTESIAN_POINT('',(0.9,-0.25,0.));
#14059=CARTESIAN_POINT('Origin',(1.4,0.,0.));
#14060=CARTESIAN_POINT('Origin',(1.4,0.,0.3));
#14061=CARTESIAN_POINT('',(0.,0.,0.));
#14062=CARTESIAN_POINT('Origin',(0.9,0.25,0.));
#14063=CARTESIAN_POINT('',(0.9,0.25,0.));
#14064=CARTESIAN_POINT('',(0.9,0.25,0.3));
#14065=CARTESIAN_POINT('',(0.9,0.25,0.));
#14066=CARTESIAN_POINT('',(1.9,0.25,0.3));
#14067=CARTESIAN_POINT('',(0.9,0.25,0.3));
#14068=CARTESIAN_POINT('',(1.9,0.25,0.));
#14069=CARTESIAN_POINT('',(1.9,0.25,0.));
#14070=CARTESIAN_POINT('',(0.9,0.25,0.));
#14071=CARTESIAN_POINT('Origin',(1.9,0.25,0.));
#14072=CARTESIAN_POINT('',(1.9,-0.25,0.3));
#14073=CARTESIAN_POINT('',(1.9,0.25,0.3));
#14074=CARTESIAN_POINT('',(1.9,-0.25,0.));
#14075=CARTESIAN_POINT('',(1.9,-0.25,0.));
#14076=CARTESIAN_POINT('',(1.9,0.25,0.));
#14077=CARTESIAN_POINT('Origin',(1.9,-0.25,0.));
#14078=CARTESIAN_POINT('',(0.9,-0.25,0.3));
#14079=CARTESIAN_POINT('',(1.9,-0.25,0.3));
#14080=CARTESIAN_POINT('',(0.9,-0.25,0.));
#14081=CARTESIAN_POINT('',(0.9,-0.25,0.));
#14082=CARTESIAN_POINT('',(1.9,-0.25,0.));
#14083=CARTESIAN_POINT('Origin',(0.9,-0.25,0.));
#14084=CARTESIAN_POINT('',(0.9,-0.25,0.3));
#14085=CARTESIAN_POINT('',(0.9,-0.25,0.));
#14086=CARTESIAN_POINT('Origin',(1.4,0.,0.));
#14087=CARTESIAN_POINT('Origin',(1.4,0.,0.3));
#14088=CARTESIAN_POINT('',(0.,0.,0.));
#14089=CARTESIAN_POINT('Origin',(0.9,0.25,0.));
#14090=CARTESIAN_POINT('',(0.9,0.25,0.));
#14091=CARTESIAN_POINT('',(0.9,0.25,0.3));
#14092=CARTESIAN_POINT('',(0.9,0.25,0.));
#14093=CARTESIAN_POINT('',(1.9,0.25,0.3));
#14094=CARTESIAN_POINT('',(0.9,0.25,0.3));
#14095=CARTESIAN_POINT('',(1.9,0.25,0.));
#14096=CARTESIAN_POINT('',(1.9,0.25,0.));
#14097=CARTESIAN_POINT('',(0.9,0.25,0.));
#14098=CARTESIAN_POINT('Origin',(1.9,0.25,0.));
#14099=CARTESIAN_POINT('',(1.9,-0.25,0.3));
#14100=CARTESIAN_POINT('',(1.9,0.25,0.3));
#14101=CARTESIAN_POINT('',(1.9,-0.25,0.));
#14102=CARTESIAN_POINT('',(1.9,-0.25,0.));
#14103=CARTESIAN_POINT('',(1.9,0.25,0.));
#14104=CARTESIAN_POINT('Origin',(1.9,-0.25,0.));
#14105=CARTESIAN_POINT('',(0.9,-0.25,0.3));
#14106=CARTESIAN_POINT('',(1.9,-0.25,0.3));
#14107=CARTESIAN_POINT('',(0.9,-0.25,0.));
#14108=CARTESIAN_POINT('',(0.9,-0.25,0.));
#14109=CARTESIAN_POINT('',(1.9,-0.25,0.));
#14110=CARTESIAN_POINT('Origin',(0.9,-0.25,0.));
#14111=CARTESIAN_POINT('',(0.9,-0.25,0.3));
#14112=CARTESIAN_POINT('',(0.9,-0.25,0.));
#14113=CARTESIAN_POINT('Origin',(1.4,0.,0.));
#14114=CARTESIAN_POINT('Origin',(1.4,0.,0.3));
#14115=CARTESIAN_POINT('',(0.,0.,0.));
#14116=CARTESIAN_POINT('Origin',(-7.717634778796E-17,-4.823521736747E-18,
1.));
#14117=CARTESIAN_POINT('',(-1.11803398875,-1.,1.));
#14118=CARTESIAN_POINT('',(1.11803398875,-1.,1.));
#14119=CARTESIAN_POINT('Origin',(0.,0.,1.));
#14120=CARTESIAN_POINT('',(1.75,-1.,1.));
#14121=CARTESIAN_POINT('',(1.75,-1.,1.));
#14122=CARTESIAN_POINT('',(1.75,1.,1.));
#14123=CARTESIAN_POINT('',(1.75,1.,1.));
#14124=CARTESIAN_POINT('',(1.11803398875,1.,1.));
#14125=CARTESIAN_POINT('',(1.11803398875,1.,1.));
#14126=CARTESIAN_POINT('',(-1.11803398875,1.,1.));
#14127=CARTESIAN_POINT('Origin',(0.,0.,1.));
#14128=CARTESIAN_POINT('',(-1.75,1.,1.));
#14129=CARTESIAN_POINT('',(-1.75,1.,1.));
#14130=CARTESIAN_POINT('',(-1.75,-1.,1.));
#14131=CARTESIAN_POINT('',(-1.75,-1.,1.));
#14132=CARTESIAN_POINT('',(-1.11803398875,-1.,1.));
#14133=CARTESIAN_POINT('',(-1.18999999999974,-1.45732969098503E-16,1.00000000000026));
#14134=CARTESIAN_POINT('Origin',(0.,0.,1.));
#14135=CARTESIAN_POINT('Origin',(0.,0.,0.41));
#14136=CARTESIAN_POINT('',(0.95,-0.25,0.792344135219));
#14137=CARTESIAN_POINT('',(0.95,0.25,0.792344135219));
#14138=CARTESIAN_POINT('Ctrl Pts',(0.95,-0.249999999999814,0.79234413521972));
#14139=CARTESIAN_POINT('Ctrl Pts',(0.95,1.94289029309402E-16,0.728720810399844));
#14140=CARTESIAN_POINT('Ctrl Pts',(0.95,0.249999999999814,0.792344135219721));
#14141=CARTESIAN_POINT('',(0.545435605732,-0.25,0.41));
#14142=CARTESIAN_POINT('Ctrl Pts',(0.949999999996496,-0.25,0.792344135222623));
#14143=CARTESIAN_POINT('Ctrl Pts',(0.929200219256961,-0.25,0.772229196888776));
#14144=CARTESIAN_POINT('Ctrl Pts',(0.909545291858914,-0.25,0.753264095005991));
#14145=CARTESIAN_POINT('Ctrl Pts',(0.890861143331608,-0.25,0.735274865491481));
#14146=CARTESIAN_POINT('Ctrl Pts',(0.870975342330058,-0.25,0.71612867652954));
#14147=CARTESIAN_POINT('Ctrl Pts',(0.852189522198049,-0.25,0.698088238118148));
#14148=CARTESIAN_POINT('Ctrl Pts',(0.834335193410082,-0.25,0.68098519790757));
#14149=CARTESIAN_POINT('Ctrl Pts',(0.814760209721729,-0.25,0.662233905875303));
#14150=CARTESIAN_POINT('Ctrl Pts',(0.796305051515277,-0.25,0.644609539446691));
#14151=CARTESIAN_POINT('Ctrl Pts',(0.778792305505255,-0.25,0.627934872178053));
#14152=CARTESIAN_POINT('Ctrl Pts',(0.760189738546182,-0.25,0.610222537732753));
#14153=CARTESIAN_POINT('Ctrl Pts',(0.742650906089899,-0.25,0.593582159807408));
#14154=CARTESIAN_POINT('Ctrl Pts',(0.726006649387723,-0.25,0.577844811772048));
#14155=CARTESIAN_POINT('Ctrl Pts',(0.708315957945499,-0.25,0.561118046906902));
#14156=CARTESIAN_POINT('Ctrl Pts',(0.691636225575557,-0.25,0.54541179155844));
#14157=CARTESIAN_POINT('Ctrl Pts',(0.675805987736846,-0.25,0.530564870827325));
#14158=CARTESIAN_POINT('Ctrl Pts',(0.658523810901911,-0.25,0.514356200297945));
#14159=CARTESIAN_POINT('Ctrl Pts',(0.642254307135672,-0.25,0.499171930475276));
#14160=CARTESIAN_POINT('Ctrl Pts',(0.62683109019305,-0.25,0.484846068108435));
#14161=CARTESIAN_POINT('Ctrl Pts',(0.610015272602648,-0.25,0.469226687969894));
#14162=CARTESIAN_POINT('Ctrl Pts',(0.594205714540745,-0.25,0.454627975191082));
#14163=CARTESIAN_POINT('Ctrl Pts',(0.579232734549886,-0.25,0.440880781750679));
#14164=CARTESIAN_POINT('Ctrl Pts',(0.567472046408104,-0.25,0.430082900836122));
#14165=CARTESIAN_POINT('Ctrl Pts',(0.556228513778544,-0.25,0.419811393903304));
#14166=CARTESIAN_POINT('Ctrl Pts',(0.545435605728673,-0.25,0.41000000000366));
#14167=CARTESIAN_POINT('',(0.25,-0.545435605732,0.41));
#14168=CARTESIAN_POINT('Origin',(0.,0.,0.41));
#14169=CARTESIAN_POINT('',(0.25,-0.95,0.792344135219));
#14170=CARTESIAN_POINT('Ctrl Pts',(0.25,-0.54543560573073,0.410000000001397));
#14171=CARTESIAN_POINT('Ctrl Pts',(0.25,-0.559277980008329,0.422583539666162));
#14172=CARTESIAN_POINT('Ctrl Pts',(0.25,-0.573860484291715,0.435922816153186));
#14173=CARTESIAN_POINT('Ctrl Pts',(0.25,-0.589327218049831,0.450161362421483));
#14174=CARTESIAN_POINT('Ctrl Pts',(0.25,-0.603799240724134,0.463484185951421));
#14175=CARTESIAN_POINT('Ctrl Pts',(0.25,-0.619045149195829,0.477594063555938));
#14176=CARTESIAN_POINT('Ctrl Pts',(0.25,-0.635213892171643,0.492639501355571));
#14177=CARTESIAN_POINT('Ctrl Pts',(0.25,-0.650355751003275,0.506729396628378));
#14178=CARTESIAN_POINT('Ctrl Pts',(0.25,-0.666306674437684,0.521639517331805));
#14179=CARTESIAN_POINT('Ctrl Pts',(0.25,-0.683220751852557,0.53752360495401));
#14180=CARTESIAN_POINT('Ctrl Pts',(0.25,-0.699073767319038,0.55241124443734));
#14181=CARTESIAN_POINT('Ctrl Pts',(0.25,-0.715772604708269,0.568154204857252));
#14182=CARTESIAN_POINT('Ctrl Pts',(0.25,-0.733476802759494,0.584911749936584));
#14183=CARTESIAN_POINT('Ctrl Pts',(0.25,-0.749544715049789,0.60012050233284));
#14184=CARTESIAN_POINT('Ctrl Pts',(0.25,-0.7664406594063,0.616164884706969));
#14185=CARTESIAN_POINT('Ctrl Pts',(0.25,-0.784313807159284,0.63319387030296));
#14186=CARTESIAN_POINT('Ctrl Pts',(0.25,-0.801266340288228,0.649345722593228));
#14187=CARTESIAN_POINT('Ctrl Pts',(0.25,-0.819097697576148,0.666383056264177));
#14188=CARTESIAN_POINT('Ctrl Pts',(0.25,-0.837966397661478,0.684464226606));
#14189=CARTESIAN_POINT('Ctrl Pts',(0.25,-0.855264651806273,0.701040497276145));
#14190=CARTESIAN_POINT('Ctrl Pts',(0.25,-0.873434649427805,0.718493969378421));
#14191=CARTESIAN_POINT('Ctrl Pts',(0.25,-0.892627999675725,0.736976130118338));
#14192=CARTESIAN_POINT('Ctrl Pts',(0.25,-0.910783678039586,0.754459068819957));
#14193=CARTESIAN_POINT('Ctrl Pts',(0.25,-0.929854783760624,0.772862209548871));
#14194=CARTESIAN_POINT('Ctrl Pts',(0.25,-0.949999999998693,0.792344135220351));
#14195=CARTESIAN_POINT('',(-0.25,-0.95,0.792344135219));
#14196=CARTESIAN_POINT('Ctrl Pts',(0.249999999999325,-0.95,0.792344135221655));
#14197=CARTESIAN_POINT('Ctrl Pts',(0.217852816059861,-0.95,0.784162892318341));
#14198=CARTESIAN_POINT('Ctrl Pts',(0.186309324265352,-0.95,0.7776075251706));
#14199=CARTESIAN_POINT('Ctrl Pts',(0.155130973528444,-0.95,0.772582785505931));
#14200=CARTESIAN_POINT('Ctrl Pts',(0.121138770999145,-0.95,0.767104562177838));
#14201=CARTESIAN_POINT('Ctrl Pts',(0.0875812986061776,-0.95,0.763445320826637));
#14202=CARTESIAN_POINT('Ctrl Pts',(0.0541728917882473,-0.95,0.761543326501237));
#14203=CARTESIAN_POINT('Ctrl Pts',(0.0217473814854261,-0.95,0.759697290055074));
#14204=CARTESIAN_POINT('Ctrl Pts',(-0.010536723994621,-0.95,0.759507055773074));
#14205=CARTESIAN_POINT('Ctrl Pts',(-0.0429329076176806,-0.95,0.760969628621672));
#14206=CARTESIAN_POINT('Ctrl Pts',(-0.0748560735264625,-0.95,0.762410846397282));
#14207=CARTESIAN_POINT('Ctrl Pts',(-0.106887232800454,-0.95,0.765456967760705));
#14208=CARTESIAN_POINT('Ctrl Pts',(-0.139274477370177,-0.95,0.770154872950807));
#14209=CARTESIAN_POINT('Ctrl Pts',(-0.17020321761927,-0.95,0.774641215993258));
#14210=CARTESIAN_POINT('Ctrl Pts',(-0.201456037628494,-0.95,0.780633957608513));
#14211=CARTESIAN_POINT('Ctrl Pts',(-0.233264656157097,-0.95,0.788218993792677));
#14212=CARTESIAN_POINT('Ctrl Pts',(-0.23882562427386,-0.95,0.789545054034705));
#14213=CARTESIAN_POINT('Ctrl Pts',(-0.24440363428205,-0.95,0.790919897646289));
#14214=CARTESIAN_POINT('Ctrl Pts',(-0.249999999999324,-0.95,0.792344135221655));
#14215=CARTESIAN_POINT('',(-0.25,-0.545435605732,0.41));
#14216=CARTESIAN_POINT('Ctrl Pts',(-0.25,-0.949999999996496,0.792344135222623));
#14217=CARTESIAN_POINT('Ctrl Pts',(-0.25,-0.929200219256961,0.772229196888776));
#14218=CARTESIAN_POINT('Ctrl Pts',(-0.25,-0.909545291858914,0.753264095005991));
#14219=CARTESIAN_POINT('Ctrl Pts',(-0.25,-0.890861143331608,0.735274865491481));
#14220=CARTESIAN_POINT('Ctrl Pts',(-0.25,-0.870975342330058,0.71612867652954));
#14221=CARTESIAN_POINT('Ctrl Pts',(-0.25,-0.852189522198049,0.698088238118148));
#14222=CARTESIAN_POINT('Ctrl Pts',(-0.25,-0.834335193410082,0.68098519790757));
#14223=CARTESIAN_POINT('Ctrl Pts',(-0.25,-0.814760209721729,0.662233905875303));
#14224=CARTESIAN_POINT('Ctrl Pts',(-0.25,-0.796305051515277,0.644609539446691));
#14225=CARTESIAN_POINT('Ctrl Pts',(-0.25,-0.778792305505255,0.627934872178053));
#14226=CARTESIAN_POINT('Ctrl Pts',(-0.25,-0.760189738546182,0.610222537732753));
#14227=CARTESIAN_POINT('Ctrl Pts',(-0.25,-0.742650906089899,0.593582159807408));
#14228=CARTESIAN_POINT('Ctrl Pts',(-0.25,-0.726006649387723,0.577844811772048));
#14229=CARTESIAN_POINT('Ctrl Pts',(-0.25,-0.708315957945499,0.561118046906902));
#14230=CARTESIAN_POINT('Ctrl Pts',(-0.25,-0.691636225575557,0.54541179155844));
#14231=CARTESIAN_POINT('Ctrl Pts',(-0.25,-0.675805987736846,0.530564870827325));
#14232=CARTESIAN_POINT('Ctrl Pts',(-0.25,-0.658523810901911,0.514356200297945));
#14233=CARTESIAN_POINT('Ctrl Pts',(-0.25,-0.642254307135672,0.499171930475276));
#14234=CARTESIAN_POINT('Ctrl Pts',(-0.25,-0.62683109019305,0.484846068108435));
#14235=CARTESIAN_POINT('Ctrl Pts',(-0.25,-0.610015272602648,0.469226687969894));
#14236=CARTESIAN_POINT('Ctrl Pts',(-0.25,-0.594205714540745,0.454627975191082));
#14237=CARTESIAN_POINT('Ctrl Pts',(-0.25,-0.579232734549886,0.440880781750679));
#14238=CARTESIAN_POINT('Ctrl Pts',(-0.25,-0.567472046408104,0.430082900836122));
#14239=CARTESIAN_POINT('Ctrl Pts',(-0.25,-0.556228513778544,0.419811393903304));
#14240=CARTESIAN_POINT('Ctrl Pts',(-0.25,-0.545435605728673,0.41000000000366));
#14241=CARTESIAN_POINT('',(-0.545435605732,-0.25,0.41));
#14242=CARTESIAN_POINT('Origin',(0.,0.,0.41));
#14243=CARTESIAN_POINT('',(-0.95,-0.25,0.792344135219));
#14244=CARTESIAN_POINT('Ctrl Pts',(-0.54543560573073,-0.25,0.410000000001397));
#14245=CARTESIAN_POINT('Ctrl Pts',(-0.559277980008329,-0.25,0.422583539666162));
#14246=CARTESIAN_POINT('Ctrl Pts',(-0.573860484291715,-0.25,0.435922816153186));
#14247=CARTESIAN_POINT('Ctrl Pts',(-0.589327218049831,-0.25,0.450161362421483));
#14248=CARTESIAN_POINT('Ctrl Pts',(-0.603799240724134,-0.25,0.463484185951421));
#14249=CARTESIAN_POINT('Ctrl Pts',(-0.619045149195829,-0.25,0.477594063555938));
#14250=CARTESIAN_POINT('Ctrl Pts',(-0.635213892171643,-0.25,0.492639501355571));
#14251=CARTESIAN_POINT('Ctrl Pts',(-0.650355751003275,-0.25,0.506729396628378));
#14252=CARTESIAN_POINT('Ctrl Pts',(-0.666306674437684,-0.25,0.521639517331805));
#14253=CARTESIAN_POINT('Ctrl Pts',(-0.683220751852557,-0.25,0.53752360495401));
#14254=CARTESIAN_POINT('Ctrl Pts',(-0.699073767319038,-0.25,0.55241124443734));
#14255=CARTESIAN_POINT('Ctrl Pts',(-0.715772604708269,-0.25,0.568154204857252));
#14256=CARTESIAN_POINT('Ctrl Pts',(-0.733476802759494,-0.25,0.584911749936584));
#14257=CARTESIAN_POINT('Ctrl Pts',(-0.749544715049789,-0.25,0.60012050233284));
#14258=CARTESIAN_POINT('Ctrl Pts',(-0.7664406594063,-0.25,0.616164884706969));
#14259=CARTESIAN_POINT('Ctrl Pts',(-0.784313807159284,-0.25,0.63319387030296));
#14260=CARTESIAN_POINT('Ctrl Pts',(-0.801266340288228,-0.25,0.649345722593228));
#14261=CARTESIAN_POINT('Ctrl Pts',(-0.819097697576148,-0.25,0.666383056264177));
#14262=CARTESIAN_POINT('Ctrl Pts',(-0.837966397661478,-0.25,0.684464226606));
#14263=CARTESIAN_POINT('Ctrl Pts',(-0.855264651806273,-0.25,0.701040497276145));
#14264=CARTESIAN_POINT('Ctrl Pts',(-0.873434649427805,-0.25,0.718493969378421));
#14265=CARTESIAN_POINT('Ctrl Pts',(-0.892627999675725,-0.25,0.736976130118338));
#14266=CARTESIAN_POINT('Ctrl Pts',(-0.910783678039586,-0.25,0.754459068819957));
#14267=CARTESIAN_POINT('Ctrl Pts',(-0.929854783760624,-0.25,0.772862209548871));
#14268=CARTESIAN_POINT('Ctrl Pts',(-0.949999999998693,-0.25,0.792344135220351));
#14269=CARTESIAN_POINT('',(-0.95,-9.28651924790354E-17,0.760000000002274));
#14270=CARTESIAN_POINT('Ctrl Pts',(-0.95,-0.249999999999376,0.792344135221452));
#14271=CARTESIAN_POINT('Ctrl Pts',(-0.95,-0.21785281605992,0.784162892318133));
#14272=CARTESIAN_POINT('Ctrl Pts',(-0.95,-0.18630932426542,0.777607525170388));
#14273=CARTESIAN_POINT('Ctrl Pts',(-0.95,-0.155130973528522,0.772582785505716));
#14274=CARTESIAN_POINT('Ctrl Pts',(-0.95,-0.122477870273612,0.767320372991207));
#14275=CARTESIAN_POINT('Ctrl Pts',(-0.95,-0.0902260085750007,0.763736810198634));
#14276=CARTESIAN_POINT('Ctrl Pts',(-0.95,-0.0581219117176896,0.761776316487027));
#14277=CARTESIAN_POINT('Ctrl Pts',(-0.95,-0.0387117155626968,0.760590998374137));
#14278=CARTESIAN_POINT('Ctrl Pts',(-0.95,-0.019355874699242,0.760000000002037));
#14279=CARTESIAN_POINT('Ctrl Pts',(-0.95,-1.38777878078145E-16,0.760000000002037));
#14280=CARTESIAN_POINT('',(-0.6,-7.34788079488412E-17,0.41));
#14281=CARTESIAN_POINT('',(-0.95,0.25,0.792344135219));
#14282=CARTESIAN_POINT('Ctrl Pts',(-0.95,2.36199948489002E-13,0.760000000002037));
#14283=CARTESIAN_POINT('Ctrl Pts',(-0.95,0.0321566786587213,0.760000000002045));
#14284=CARTESIAN_POINT('Ctrl Pts',(-0.95,0.0643129276832234,0.761628471880271));
#14285=CARTESIAN_POINT('Ctrl Pts',(-0.95,0.0967193755208181,0.764910800863132));
#14286=CARTESIAN_POINT('Ctrl Pts',(-0.95,0.127736798795414,0.768052440696603));
#14287=CARTESIAN_POINT('Ctrl Pts',(-0.95,0.158982738274384,0.772709309311587));
#14288=CARTESIAN_POINT('Ctrl Pts',(-0.95,0.190688087587794,0.778948887584889));
#14289=CARTESIAN_POINT('Ctrl Pts',(-0.95,0.210263874704461,0.782801381205715));
#14290=CARTESIAN_POINT('Ctrl Pts',(-0.95,0.230015048993329,0.78725809910396));
#14291=CARTESIAN_POINT('Ctrl Pts',(-0.95,0.249999999999379,0.79234413522144));
#14292=CARTESIAN_POINT('',(-0.545435605732,0.25,0.41));
#14293=CARTESIAN_POINT('Ctrl Pts',(-0.949999999996496,0.25,0.792344135222623));
#14294=CARTESIAN_POINT('Ctrl Pts',(-0.929200219256961,0.25,0.772229196888776));
#14295=CARTESIAN_POINT('Ctrl Pts',(-0.909545291858914,0.25,0.753264095005991));
#14296=CARTESIAN_POINT('Ctrl Pts',(-0.890861143331608,0.25,0.735274865491481));
#14297=CARTESIAN_POINT('Ctrl Pts',(-0.870975342330058,0.25,0.71612867652954));
#14298=CARTESIAN_POINT('Ctrl Pts',(-0.852189522198049,0.25,0.698088238118148));
#14299=CARTESIAN_POINT('Ctrl Pts',(-0.834335193410082,0.25,0.68098519790757));
#14300=CARTESIAN_POINT('Ctrl Pts',(-0.814760209721729,0.25,0.662233905875303));
#14301=CARTESIAN_POINT('Ctrl Pts',(-0.796305051515277,0.25,0.644609539446691));
#14302=CARTESIAN_POINT('Ctrl Pts',(-0.778792305505255,0.25,0.627934872178053));
#14303=CARTESIAN_POINT('Ctrl Pts',(-0.760189738546182,0.25,0.610222537732753));
#14304=CARTESIAN_POINT('Ctrl Pts',(-0.742650906089899,0.25,0.593582159807408));
#14305=CARTESIAN_POINT('Ctrl Pts',(-0.726006649387723,0.25,0.577844811772048));
#14306=CARTESIAN_POINT('Ctrl Pts',(-0.708315957945499,0.25,0.561118046906902));
#14307=CARTESIAN_POINT('Ctrl Pts',(-0.691636225575557,0.25,0.54541179155844));
#14308=CARTESIAN_POINT('Ctrl Pts',(-0.675805987736846,0.25,0.530564870827325));
#14309=CARTESIAN_POINT('Ctrl Pts',(-0.658523810901911,0.25,0.514356200297945));
#14310=CARTESIAN_POINT('Ctrl Pts',(-0.642254307135672,0.25,0.499171930475276));
#14311=CARTESIAN_POINT('Ctrl Pts',(-0.62683109019305,0.25,0.484846068108435));
#14312=CARTESIAN_POINT('Ctrl Pts',(-0.610015272602648,0.25,0.469226687969894));
#14313=CARTESIAN_POINT('Ctrl Pts',(-0.594205714540745,0.25,0.454627975191082));
#14314=CARTESIAN_POINT('Ctrl Pts',(-0.579232734549886,0.25,0.440880781750679));
#14315=CARTESIAN_POINT('Ctrl Pts',(-0.567472046408104,0.25,0.430082900836122));
#14316=CARTESIAN_POINT('Ctrl Pts',(-0.556228513778544,0.25,0.419811393903304));
#14317=CARTESIAN_POINT('Ctrl Pts',(-0.545435605728673,0.25,0.41000000000366));
#14318=CARTESIAN_POINT('',(-0.25,0.545435605732,0.41));
#14319=CARTESIAN_POINT('Origin',(0.,0.,0.41));
#14320=CARTESIAN_POINT('',(-0.25,0.95,0.792344135219));
#14321=CARTESIAN_POINT('Ctrl Pts',(-0.25,0.54543560573073,0.410000000001397));
#14322=CARTESIAN_POINT('Ctrl Pts',(-0.25,0.559277980008329,0.422583539666162));
#14323=CARTESIAN_POINT('Ctrl Pts',(-0.25,0.573860484291715,0.435922816153186));
#14324=CARTESIAN_POINT('Ctrl Pts',(-0.25,0.589327218049831,0.450161362421483));
#14325=CARTESIAN_POINT('Ctrl Pts',(-0.25,0.603799240724134,0.463484185951421));
#14326=CARTESIAN_POINT('Ctrl Pts',(-0.25,0.619045149195829,0.477594063555938));
#14327=CARTESIAN_POINT('Ctrl Pts',(-0.25,0.635213892171643,0.492639501355571));
#14328=CARTESIAN_POINT('Ctrl Pts',(-0.25,0.650355751003275,0.506729396628378));
#14329=CARTESIAN_POINT('Ctrl Pts',(-0.25,0.666306674437684,0.521639517331805));
#14330=CARTESIAN_POINT('Ctrl Pts',(-0.25,0.683220751852557,0.53752360495401));
#14331=CARTESIAN_POINT('Ctrl Pts',(-0.25,0.699073767319038,0.55241124443734));
#14332=CARTESIAN_POINT('Ctrl Pts',(-0.25,0.715772604708269,0.568154204857252));
#14333=CARTESIAN_POINT('Ctrl Pts',(-0.25,0.733476802759494,0.584911749936584));
#14334=CARTESIAN_POINT('Ctrl Pts',(-0.25,0.749544715049789,0.60012050233284));
#14335=CARTESIAN_POINT('Ctrl Pts',(-0.25,0.7664406594063,0.616164884706969));
#14336=CARTESIAN_POINT('Ctrl Pts',(-0.25,0.784313807159284,0.63319387030296));
#14337=CARTESIAN_POINT('Ctrl Pts',(-0.25,0.801266340288228,0.649345722593228));
#14338=CARTESIAN_POINT('Ctrl Pts',(-0.25,0.819097697576148,0.666383056264177));
#14339=CARTESIAN_POINT('Ctrl Pts',(-0.25,0.837966397661478,0.684464226606));
#14340=CARTESIAN_POINT('Ctrl Pts',(-0.25,0.855264651806273,0.701040497276145));
#14341=CARTESIAN_POINT('Ctrl Pts',(-0.25,0.873434649427805,0.718493969378421));
#14342=CARTESIAN_POINT('Ctrl Pts',(-0.25,0.892627999675725,0.736976130118338));
#14343=CARTESIAN_POINT('Ctrl Pts',(-0.25,0.910783678039586,0.754459068819957));
#14344=CARTESIAN_POINT('Ctrl Pts',(-0.25,0.929854783760624,0.772862209548871));
#14345=CARTESIAN_POINT('Ctrl Pts',(-0.25,0.949999999998693,0.792344135220351));
#14346=CARTESIAN_POINT('',(0.25,0.95,0.792344135219));
#14347=CARTESIAN_POINT('Ctrl Pts',(-0.249999999999325,0.95,0.792344135221655));
#14348=CARTESIAN_POINT('Ctrl Pts',(-0.217852816059861,0.95,0.784162892318341));
#14349=CARTESIAN_POINT('Ctrl Pts',(-0.186309324265352,0.95,0.7776075251706));
#14350=CARTESIAN_POINT('Ctrl Pts',(-0.155130973528444,0.95,0.772582785505931));
#14351=CARTESIAN_POINT('Ctrl Pts',(-0.121138770999145,0.95,0.767104562177838));
#14352=CARTESIAN_POINT('Ctrl Pts',(-0.0875812986061776,0.95,0.763445320826637));
#14353=CARTESIAN_POINT('Ctrl Pts',(-0.0541728917882473,0.95,0.761543326501237));
#14354=CARTESIAN_POINT('Ctrl Pts',(-0.0217473814854261,0.95,0.759697290055074));
#14355=CARTESIAN_POINT('Ctrl Pts',(0.010536723994621,0.95,0.759507055773074));
#14356=CARTESIAN_POINT('Ctrl Pts',(0.0429329076176806,0.95,0.760969628621672));
#14357=CARTESIAN_POINT('Ctrl Pts',(0.0748560735264625,0.95,0.762410846397282));
#14358=CARTESIAN_POINT('Ctrl Pts',(0.106887232800454,0.95,0.765456967760705));
#14359=CARTESIAN_POINT('Ctrl Pts',(0.139274477370177,0.95,0.770154872950807));
#14360=CARTESIAN_POINT('Ctrl Pts',(0.17020321761927,0.95,0.774641215993258));
#14361=CARTESIAN_POINT('Ctrl Pts',(0.201456037628494,0.95,0.780633957608513));
#14362=CARTESIAN_POINT('Ctrl Pts',(0.233264656157097,0.95,0.788218993792677));
#14363=CARTESIAN_POINT('Ctrl Pts',(0.23882562427386,0.95,0.789545054034705));
#14364=CARTESIAN_POINT('Ctrl Pts',(0.24440363428205,0.95,0.790919897646289));
#14365=CARTESIAN_POINT('Ctrl Pts',(0.249999999999324,0.95,0.792344135221655));
#14366=CARTESIAN_POINT('',(0.25,0.545435605732,0.41));
#14367=CARTESIAN_POINT('Ctrl Pts',(0.25,0.949999999996496,0.792344135222623));
#14368=CARTESIAN_POINT('Ctrl Pts',(0.25,0.929200219256961,0.772229196888776));
#14369=CARTESIAN_POINT('Ctrl Pts',(0.25,0.909545291858914,0.753264095005991));
#14370=CARTESIAN_POINT('Ctrl Pts',(0.25,0.890861143331608,0.735274865491481));
#14371=CARTESIAN_POINT('Ctrl Pts',(0.25,0.870975342330058,0.71612867652954));
#14372=CARTESIAN_POINT('Ctrl Pts',(0.25,0.852189522198049,0.698088238118148));
#14373=CARTESIAN_POINT('Ctrl Pts',(0.25,0.834335193410082,0.68098519790757));
#14374=CARTESIAN_POINT('Ctrl Pts',(0.25,0.814760209721729,0.662233905875303));
#14375=CARTESIAN_POINT('Ctrl Pts',(0.25,0.796305051515277,0.644609539446691));
#14376=CARTESIAN_POINT('Ctrl Pts',(0.25,0.778792305505255,0.627934872178053));
#14377=CARTESIAN_POINT('Ctrl Pts',(0.25,0.760189738546182,0.610222537732753));
#14378=CARTESIAN_POINT('Ctrl Pts',(0.25,0.742650906089899,0.593582159807408));
#14379=CARTESIAN_POINT('Ctrl Pts',(0.25,0.726006649387723,0.577844811772048));
#14380=CARTESIAN_POINT('Ctrl Pts',(0.25,0.708315957945499,0.561118046906902));
#14381=CARTESIAN_POINT('Ctrl Pts',(0.25,0.691636225575557,0.54541179155844));
#14382=CARTESIAN_POINT('Ctrl Pts',(0.25,0.675805987736846,0.530564870827325));
#14383=CARTESIAN_POINT('Ctrl Pts',(0.25,0.658523810901911,0.514356200297945));
#14384=CARTESIAN_POINT('Ctrl Pts',(0.25,0.642254307135672,0.499171930475276));
#14385=CARTESIAN_POINT('Ctrl Pts',(0.25,0.62683109019305,0.484846068108435));
#14386=CARTESIAN_POINT('Ctrl Pts',(0.25,0.610015272602648,0.469226687969894));
#14387=CARTESIAN_POINT('Ctrl Pts',(0.25,0.594205714540745,0.454627975191082));
#14388=CARTESIAN_POINT('Ctrl Pts',(0.25,0.579232734549886,0.440880781750679));
#14389=CARTESIAN_POINT('Ctrl Pts',(0.25,0.567472046408104,0.430082900836122));
#14390=CARTESIAN_POINT('Ctrl Pts',(0.25,0.556228513778544,0.419811393903304));
#14391=CARTESIAN_POINT('Ctrl Pts',(0.25,0.545435605728673,0.41000000000366));
#14392=CARTESIAN_POINT('',(0.545435605732,0.25,0.41));
#14393=CARTESIAN_POINT('Origin',(0.,0.,0.41));
#14394=CARTESIAN_POINT('Ctrl Pts',(0.54543560573073,0.25,0.410000000001397));
#14395=CARTESIAN_POINT('Ctrl Pts',(0.559277980008329,0.25,0.422583539666162));
#14396=CARTESIAN_POINT('Ctrl Pts',(0.573860484291715,0.25,0.435922816153186));
#14397=CARTESIAN_POINT('Ctrl Pts',(0.589327218049831,0.25,0.450161362421483));
#14398=CARTESIAN_POINT('Ctrl Pts',(0.603799240724134,0.25,0.463484185951421));
#14399=CARTESIAN_POINT('Ctrl Pts',(0.619045149195829,0.25,0.477594063555938));
#14400=CARTESIAN_POINT('Ctrl Pts',(0.635213892171643,0.25,0.492639501355571));
#14401=CARTESIAN_POINT('Ctrl Pts',(0.650355751003275,0.25,0.506729396628378));
#14402=CARTESIAN_POINT('Ctrl Pts',(0.666306674437684,0.25,0.521639517331805));
#14403=CARTESIAN_POINT('Ctrl Pts',(0.683220751852557,0.25,0.53752360495401));
#14404=CARTESIAN_POINT('Ctrl Pts',(0.699073767319038,0.25,0.55241124443734));
#14405=CARTESIAN_POINT('Ctrl Pts',(0.715772604708269,0.25,0.568154204857252));
#14406=CARTESIAN_POINT('Ctrl Pts',(0.733476802759494,0.25,0.584911749936584));
#14407=CARTESIAN_POINT('Ctrl Pts',(0.749544715049789,0.25,0.60012050233284));
#14408=CARTESIAN_POINT('Ctrl Pts',(0.7664406594063,0.25,0.616164884706969));
#14409=CARTESIAN_POINT('Ctrl Pts',(0.784313807159284,0.25,0.63319387030296));
#14410=CARTESIAN_POINT('Ctrl Pts',(0.801266340288228,0.25,0.649345722593228));
#14411=CARTESIAN_POINT('Ctrl Pts',(0.819097697576148,0.25,0.666383056264177));
#14412=CARTESIAN_POINT('Ctrl Pts',(0.837966397661478,0.25,0.684464226606));
#14413=CARTESIAN_POINT('Ctrl Pts',(0.855264651806273,0.25,0.701040497276145));
#14414=CARTESIAN_POINT('Ctrl Pts',(0.873434649427805,0.25,0.718493969378421));
#14415=CARTESIAN_POINT('Ctrl Pts',(0.892627999675725,0.25,0.736976130118338));
#14416=CARTESIAN_POINT('Ctrl Pts',(0.910783678039586,0.25,0.754459068819957));
#14417=CARTESIAN_POINT('Ctrl Pts',(0.929854783760624,0.25,0.772862209548871));
#14418=CARTESIAN_POINT('Ctrl Pts',(0.949999999998693,0.25,0.792344135220351));
#14419=CARTESIAN_POINT('Origin',(0.,0.,0.));
#14420=CARTESIAN_POINT('',(1.11803398875,-1.,0.8));
#14421=CARTESIAN_POINT('',(-1.11803398875,-1.,0.8));
#14422=CARTESIAN_POINT('Origin',(0.,0.,0.8));
#14423=CARTESIAN_POINT('',(1.11803398875,-1.,0.));
#14424=CARTESIAN_POINT('',(-1.11803398875,-1.,0.));
#14425=CARTESIAN_POINT('Origin',(-1.11803398875,-1.,0.));
#14426=CARTESIAN_POINT('',(-1.5,-1.,0.8));
#14427=CARTESIAN_POINT('',(-0.559016994375,-1.,0.8));
#14428=CARTESIAN_POINT('',(-1.75,-1.,0.));
#14429=CARTESIAN_POINT('',(-1.75,-1.,0.));
#14430=CARTESIAN_POINT('',(-1.5,-1.,0.));
#14431=CARTESIAN_POINT('',(-1.11803398875,-1.,0.));
#14432=CARTESIAN_POINT('',(-1.5,-1.,0.));
#14433=CARTESIAN_POINT('Origin',(1.75,-1.,0.));
#14434=CARTESIAN_POINT('',(1.75,-1.,0.));
#14435=CARTESIAN_POINT('',(1.5,-1.,0.));
#14436=CARTESIAN_POINT('',(1.75,-1.,0.));
#14437=CARTESIAN_POINT('',(1.75,-1.,0.));
#14438=CARTESIAN_POINT('',(1.5,-1.,0.8));
#14439=CARTESIAN_POINT('',(0.875,-1.,0.8));
#14440=CARTESIAN_POINT('',(1.5,-1.,0.));
#14441=CARTESIAN_POINT('Origin',(-1.75,-1.,0.));
#14442=CARTESIAN_POINT('',(-1.75,1.,0.));
#14443=CARTESIAN_POINT('',(-1.75,1.,0.));
#14444=CARTESIAN_POINT('',(-1.75,-1.,0.));
#14445=CARTESIAN_POINT('Origin',(1.75,1.,0.));
#14446=CARTESIAN_POINT('',(1.75,1.,0.));
#14447=CARTESIAN_POINT('',(1.75,1.,0.));
#14448=CARTESIAN_POINT('',(1.75,1.,0.));
#14449=CARTESIAN_POINT('Origin',(-1.75,1.,0.));
#14450=CARTESIAN_POINT('',(-1.5,1.,0.));
#14451=CARTESIAN_POINT('',(-1.75,1.,0.));
#14452=CARTESIAN_POINT('',(-1.11803398875,1.,0.8));
#14453=CARTESIAN_POINT('',(-1.11803398875,1.,0.));
#14454=CARTESIAN_POINT('',(-1.5,1.,0.8));
#14455=CARTESIAN_POINT('',(-0.875,1.,0.8));
#14456=CARTESIAN_POINT('',(-1.5,1.,0.));
#14457=CARTESIAN_POINT('Origin',(1.11803398875,1.,0.));
#14458=CARTESIAN_POINT('',(1.11803398875,1.,0.8));
#14459=CARTESIAN_POINT('',(1.5,1.,0.8));
#14460=CARTESIAN_POINT('',(0.559016994375,1.,0.8));
#14461=CARTESIAN_POINT('',(1.11803398875,1.,0.));
#14462=CARTESIAN_POINT('',(1.5,1.,0.));
#14463=CARTESIAN_POINT('',(1.11803398875,1.,0.));
#14464=CARTESIAN_POINT('',(1.5,1.,0.));
#14465=CARTESIAN_POINT('Origin',(0.,0.,0.));
#14466=CARTESIAN_POINT('Origin',(0.,0.,0.8));
#14467=CARTESIAN_POINT('Origin',(0.95,0.25,1.));
#14468=CARTESIAN_POINT('',(0.95,0.25,0.522344135219));
#14469=CARTESIAN_POINT('',(0.95,0.25,1.));
#14470=CARTESIAN_POINT('',(0.95,-0.25,0.522344135219));
#14471=CARTESIAN_POINT('Ctrl Pts',(0.95,0.249999999999953,0.522344135219173));
#14472=CARTESIAN_POINT('Ctrl Pts',(0.95,3.88578058618805E-16,0.458720810399229));
#14473=CARTESIAN_POINT('Ctrl Pts',(0.95,-0.249999999999952,0.522344135219173));
#14474=CARTESIAN_POINT('',(0.95,-0.25,1.));
#14475=CARTESIAN_POINT('Origin',(0.545435605732,0.25,1.));
#14476=CARTESIAN_POINT('',(0.545435605732,0.25,0.4));
#14477=CARTESIAN_POINT('',(0.545435605732,0.25,1.));
#14478=CARTESIAN_POINT('',(0.545435605732,0.25,0.2));
#14479=CARTESIAN_POINT('',(0.545435605732,0.25,1.));
#14480=CARTESIAN_POINT('',(0.610819122163,0.25,0.2));
#14481=CARTESIAN_POINT('',(0.272717802866,0.25,0.2));
#14482=CARTESIAN_POINT('Ctrl Pts',(0.610819122161372,0.25,0.20000000000176));
#14483=CARTESIAN_POINT('Ctrl Pts',(0.625603544631832,0.25,0.213682739327666));
#14484=CARTESIAN_POINT('Ctrl Pts',(0.641178339085718,0.25,0.228168019471414));
#14485=CARTESIAN_POINT('Ctrl Pts',(0.657694853354231,0.25,0.243606793694686));
#14486=CARTESIAN_POINT('Ctrl Pts',(0.673168536175453,0.25,0.258070783589625));
#14487=CARTESIAN_POINT('Ctrl Pts',(0.689468498641476,0.25,0.273371387708624));
#14488=CARTESIAN_POINT('Ctrl Pts',(0.706751373232351,0.25,0.289664927531525));
#14489=CARTESIAN_POINT('Ctrl Pts',(0.722713960201784,0.25,0.304713757811199));
#14490=CARTESIAN_POINT('Ctrl Pts',(0.739514835970177,0.25,0.320609427666988));
#14491=CARTESIAN_POINT('Ctrl Pts',(0.757308794808337,0.25,0.337506495709885));
#14492=CARTESIAN_POINT('Ctrl Pts',(0.77378943338295,0.25,0.353156440385964));
#14493=CARTESIAN_POINT('Ctrl Pts',(0.791121790667768,0.25,0.369665236864537));
#14494=CARTESIAN_POINT('Ctrl Pts',(0.809459382832045,0.25,0.387186220650824));
#14495=CARTESIAN_POINT('Ctrl Pts',(0.82685517947261,0.25,0.403807348886115));
#14496=CARTESIAN_POINT('Ctrl Pts',(0.84515529274708,0.25,0.421339050446028));
#14497=CARTESIAN_POINT('Ctrl Pts',(0.864522974464769,0.25,0.439944427941868));
#14498=CARTESIAN_POINT('Ctrl Pts',(0.882436024085224,0.25,0.457152427079208));
#14499=CARTESIAN_POINT('Ctrl Pts',(0.901262135920792,0.25,0.475278713013892));
#14500=CARTESIAN_POINT('Ctrl Pts',(0.921161830937384,0.25,0.494483692255946));
#14501=CARTESIAN_POINT('Ctrl Pts',(0.930529607581719,0.25,0.503524431616455));
#14502=CARTESIAN_POINT('Ctrl Pts',(0.940135780001971,0.25,0.512804699232857));
#14503=CARTESIAN_POINT('Ctrl Pts',(0.949999999998046,0.25,0.52234413522102));
#14504=CARTESIAN_POINT('Origin',(0.,0.,1.));
#14505=CARTESIAN_POINT('',(0.25,0.545435605732,0.4));
#14506=CARTESIAN_POINT('',(0.25,0.545435605732,1.));
#14507=CARTESIAN_POINT('Origin',(0.,0.,0.4));
#14508=CARTESIAN_POINT('Origin',(0.25,0.95,1.));
#14509=CARTESIAN_POINT('',(0.25,0.95,0.522344135219));
#14510=CARTESIAN_POINT('',(0.25,0.95,1.));
#14511=CARTESIAN_POINT('',(0.25,0.610819122163,0.2));
#14512=CARTESIAN_POINT('Ctrl Pts',(0.25,0.949999999998046,0.522344135221021));
#14513=CARTESIAN_POINT('Ctrl Pts',(0.25,0.928742709452434,0.501786750803159));
#14514=CARTESIAN_POINT('Ctrl Pts',(0.25,0.908681047072652,0.482430199275011));
#14515=CARTESIAN_POINT('Ctrl Pts',(0.25,0.889629631460357,0.464089217109843));
#14516=CARTESIAN_POINT('Ctrl Pts',(0.25,0.869422848608649,0.444635951723128));
#14517=CARTESIAN_POINT('Ctrl Pts',(0.25,0.850352940589778,0.42632554886133));
#14518=CARTESIAN_POINT('Ctrl Pts',(0.25,0.832243066005905,0.408981312181609));
#14519=CARTESIAN_POINT('Ctrl Pts',(0.25,0.813023988204728,0.390574766481595));
#14520=CARTESIAN_POINT('Ctrl Pts',(0.25,0.794886509412987,0.373256726716304));
#14521=CARTESIAN_POINT('Ctrl Pts',(0.25,0.77766175929047,0.356858501742073));
#14522=CARTESIAN_POINT('Ctrl Pts',(0.25,0.75880345988038,0.338905112917361));
#14523=CARTESIAN_POINT('Ctrl Pts',(0.25,0.74103939119198,0.322054448578442));
#14524=CARTESIAN_POINT('Ctrl Pts',(0.25,0.724193226715331,0.306130425988633));
#14525=CARTESIAN_POINT('Ctrl Pts',(0.25,0.706426650175025,0.289336373754157));
#14526=CARTESIAN_POINT('Ctrl Pts',(0.25,0.689681455471501,0.273573421615874));
#14527=CARTESIAN_POINT('Ctrl Pts',(0.25,0.67379360327912,0.25867782755881));
#14528=CARTESIAN_POINT('Ctrl Pts',(0.25,0.656636667434609,0.242592409057405));
#14529=CARTESIAN_POINT('Ctrl Pts',(0.25,0.640479784561417,0.227518722788463));
#14530=CARTESIAN_POINT('Ctrl Pts',(0.25,0.625159373810883,0.213293578365376));
#14531=CARTESIAN_POINT('Ctrl Pts',(0.25,0.620296214115273,0.208778089182412));
#14532=CARTESIAN_POINT('Ctrl Pts',(0.25,0.61551762584438,0.204348387721663));
#14533=CARTESIAN_POINT('Ctrl Pts',(0.25,0.610819122161372,0.200000000001759));
#14534=CARTESIAN_POINT('',(0.25,0.545435605732,0.2));
#14535=CARTESIAN_POINT('',(0.25,0.475,0.2));
#14536=CARTESIAN_POINT('',(0.25,0.545435605732,1.));
#14537=CARTESIAN_POINT('Origin',(-0.25,0.95,1.));
#14538=CARTESIAN_POINT('',(-0.25,0.95,0.522344135219));
#14539=CARTESIAN_POINT('',(-0.25,0.95,1.));
#14540=CARTESIAN_POINT('Ctrl Pts',(-0.249999999999786,0.95,0.522344135219848));
#14541=CARTESIAN_POINT('Ctrl Pts',(-0.217852816060373,0.95,0.514162892316483));
#14542=CARTESIAN_POINT('Ctrl Pts',(-0.186309324265921,0.95,0.50760752516869));
#14543=CARTESIAN_POINT('Ctrl Pts',(-0.155130973529072,0.95,0.502582785503966));
#14544=CARTESIAN_POINT('Ctrl Pts',(-0.121138770999653,0.95,0.497104562175782));
#14545=CARTESIAN_POINT('Ctrl Pts',(-0.0875812986065763,0.95,0.493445320824507));
#14546=CARTESIAN_POINT('Ctrl Pts',(-0.0541728917885413,0.95,0.491543326499048));
#14547=CARTESIAN_POINT('Ctrl Pts',(-0.0217473814857601,0.95,0.489697290052835));
#14548=CARTESIAN_POINT('Ctrl Pts',(0.0105367239942431,0.95,0.489507055770784));
#14549=CARTESIAN_POINT('Ctrl Pts',(0.0429329076172548,0.95,0.490969628619329));
#14550=CARTESIAN_POINT('Ctrl Pts',(0.0748560735259911,0.95,0.492410846394887));
#14551=CARTESIAN_POINT('Ctrl Pts',(0.106887232799933,0.95,0.495456967758258));
#14552=CARTESIAN_POINT('Ctrl Pts',(0.139274477369603,0.95,0.500154872948305));
#14553=CARTESIAN_POINT('Ctrl Pts',(0.170203217618653,0.95,0.504641215990704));
#14554=CARTESIAN_POINT('Ctrl Pts',(0.20145603762783,0.95,0.510633957605906));
#14555=CARTESIAN_POINT('Ctrl Pts',(0.233264656156383,0.95,0.518218993790015));
#14556=CARTESIAN_POINT('Ctrl Pts',(0.238825624273581,0.95,0.519545054032139));
#14557=CARTESIAN_POINT('Ctrl Pts',(0.244403634282208,0.95,0.520919897643826));
#14558=CARTESIAN_POINT('Ctrl Pts',(0.249999999999923,0.95,0.522344135219305));
#14559=CARTESIAN_POINT('Origin',(-0.25,0.545435605732,1.));
#14560=CARTESIAN_POINT('',(-0.25,0.545435605732,0.4));
#14561=CARTESIAN_POINT('',(-0.25,0.545435605732,1.));
#14562=CARTESIAN_POINT('',(-0.25,0.545435605732,0.2));
#14563=CARTESIAN_POINT('',(-0.25,0.545435605732,1.));
#14564=CARTESIAN_POINT('',(-0.25,0.610819122163,0.2));
#14565=CARTESIAN_POINT('',(-0.25,0.272717802866,0.2));
#14566=CARTESIAN_POINT('Ctrl Pts',(-0.25,0.610819122161372,0.20000000000176));
#14567=CARTESIAN_POINT('Ctrl Pts',(-0.25,0.625603544631832,0.213682739327666));
#14568=CARTESIAN_POINT('Ctrl Pts',(-0.25,0.641178339085718,0.228168019471414));
#14569=CARTESIAN_POINT('Ctrl Pts',(-0.25,0.657694853354231,0.243606793694686));
#14570=CARTESIAN_POINT('Ctrl Pts',(-0.25,0.673168536175453,0.258070783589625));
#14571=CARTESIAN_POINT('Ctrl Pts',(-0.25,0.689468498641476,0.273371387708624));
#14572=CARTESIAN_POINT('Ctrl Pts',(-0.25,0.706751373232351,0.289664927531525));
#14573=CARTESIAN_POINT('Ctrl Pts',(-0.25,0.722713960201784,0.304713757811199));
#14574=CARTESIAN_POINT('Ctrl Pts',(-0.25,0.739514835970177,0.320609427666988));
#14575=CARTESIAN_POINT('Ctrl Pts',(-0.25,0.757308794808337,0.337506495709885));
#14576=CARTESIAN_POINT('Ctrl Pts',(-0.25,0.77378943338295,0.353156440385964));
#14577=CARTESIAN_POINT('Ctrl Pts',(-0.25,0.791121790667768,0.369665236864537));
#14578=CARTESIAN_POINT('Ctrl Pts',(-0.25,0.809459382832045,0.387186220650824));
#14579=CARTESIAN_POINT('Ctrl Pts',(-0.25,0.82685517947261,0.403807348886115));
#14580=CARTESIAN_POINT('Ctrl Pts',(-0.25,0.84515529274708,0.421339050446028));
#14581=CARTESIAN_POINT('Ctrl Pts',(-0.25,0.864522974464769,0.439944427941868));
#14582=CARTESIAN_POINT('Ctrl Pts',(-0.25,0.882436024085224,0.457152427079208));
#14583=CARTESIAN_POINT('Ctrl Pts',(-0.25,0.901262135920792,0.475278713013892));
#14584=CARTESIAN_POINT('Ctrl Pts',(-0.25,0.921161830937384,0.494483692255946));
#14585=CARTESIAN_POINT('Ctrl Pts',(-0.25,0.930529607581719,0.503524431616455));
#14586=CARTESIAN_POINT('Ctrl Pts',(-0.25,0.940135780001971,0.512804699232857));
#14587=CARTESIAN_POINT('Ctrl Pts',(-0.25,0.949999999998046,0.52234413522102));
#14588=CARTESIAN_POINT('Origin',(0.,0.,1.));
#14589=CARTESIAN_POINT('',(-0.545435605732,0.25,0.4));
#14590=CARTESIAN_POINT('',(-0.545435605732,0.25,1.));
#14591=CARTESIAN_POINT('Origin',(0.,0.,0.4));
#14592=CARTESIAN_POINT('Origin',(-0.95,0.25,1.));
#14593=CARTESIAN_POINT('',(-0.95,0.25,0.522344135219));
#14594=CARTESIAN_POINT('',(-0.95,0.25,1.));
#14595=CARTESIAN_POINT('',(-0.610819122163,0.25,0.2));
#14596=CARTESIAN_POINT('Ctrl Pts',(-0.949999999998046,0.25,0.522344135221021));
#14597=CARTESIAN_POINT('Ctrl Pts',(-0.928742709452434,0.25,0.501786750803159));
#14598=CARTESIAN_POINT('Ctrl Pts',(-0.908681047072652,0.25,0.482430199275011));
#14599=CARTESIAN_POINT('Ctrl Pts',(-0.889629631460357,0.25,0.464089217109843));
#14600=CARTESIAN_POINT('Ctrl Pts',(-0.869422848608649,0.25,0.444635951723128));
#14601=CARTESIAN_POINT('Ctrl Pts',(-0.850352940589778,0.25,0.42632554886133));
#14602=CARTESIAN_POINT('Ctrl Pts',(-0.832243066005905,0.25,0.408981312181609));
#14603=CARTESIAN_POINT('Ctrl Pts',(-0.813023988204728,0.25,0.390574766481595));
#14604=CARTESIAN_POINT('Ctrl Pts',(-0.794886509412987,0.25,0.373256726716304));
#14605=CARTESIAN_POINT('Ctrl Pts',(-0.77766175929047,0.25,0.356858501742073));
#14606=CARTESIAN_POINT('Ctrl Pts',(-0.75880345988038,0.25,0.338905112917361));
#14607=CARTESIAN_POINT('Ctrl Pts',(-0.74103939119198,0.25,0.322054448578442));
#14608=CARTESIAN_POINT('Ctrl Pts',(-0.724193226715331,0.25,0.306130425988633));
#14609=CARTESIAN_POINT('Ctrl Pts',(-0.706426650175025,0.25,0.289336373754157));
#14610=CARTESIAN_POINT('Ctrl Pts',(-0.689681455471501,0.25,0.273573421615874));
#14611=CARTESIAN_POINT('Ctrl Pts',(-0.67379360327912,0.25,0.25867782755881));
#14612=CARTESIAN_POINT('Ctrl Pts',(-0.656636667434609,0.25,0.242592409057405));
#14613=CARTESIAN_POINT('Ctrl Pts',(-0.640479784561417,0.25,0.227518722788463));
#14614=CARTESIAN_POINT('Ctrl Pts',(-0.625159373810883,0.25,0.213293578365376));
#14615=CARTESIAN_POINT('Ctrl Pts',(-0.620296214115273,0.25,0.208778089182412));
#14616=CARTESIAN_POINT('Ctrl Pts',(-0.61551762584438,0.25,0.204348387721663));
#14617=CARTESIAN_POINT('Ctrl Pts',(-0.610819122161372,0.25,0.200000000001759));
#14618=CARTESIAN_POINT('',(-0.545435605732,0.25,0.2));
#14619=CARTESIAN_POINT('',(-0.475,0.25,0.2));
#14620=CARTESIAN_POINT('',(-0.545435605732,0.25,1.));
#14621=CARTESIAN_POINT('Origin',(-0.95,-0.25,1.));
#14622=CARTESIAN_POINT('',(-0.95,-0.25,0.522344135219));
#14623=CARTESIAN_POINT('',(-0.95,-0.25,1.));
#14624=CARTESIAN_POINT('',(-0.95,1.84690563677254E-16,0.49));
#14625=CARTESIAN_POINT('Ctrl Pts',(-0.95,-0.249999999999881,0.522344135219469));
#14626=CARTESIAN_POINT('Ctrl Pts',(-0.95,-0.217852816060484,0.514162892316096));
#14627=CARTESIAN_POINT('Ctrl Pts',(-0.95,-0.186309324266048,0.507607525168296));
#14628=CARTESIAN_POINT('Ctrl Pts',(-0.95,-0.155130973529218,0.502582785503564));
#14629=CARTESIAN_POINT('Ctrl Pts',(-0.95,-0.122477870274363,0.497320372988991));
#14630=CARTESIAN_POINT('Ctrl Pts',(-0.95,-0.0902260085758119,0.493736810196352));
#14631=CARTESIAN_POINT('Ctrl Pts',(-0.95,-0.0581219117185673,0.491776316484676));
#14632=CARTESIAN_POINT('Ctrl Pts',(-0.95,-0.0387117155632786,0.490590998371724));
#14633=CARTESIAN_POINT('Ctrl Pts',(-0.95,-0.0193558746995321,0.489999999999582));
#14634=CARTESIAN_POINT('Ctrl Pts',(-0.95,1.66533453693773E-16,0.489999999999559));
#14635=CARTESIAN_POINT('Ctrl Pts',(-0.95,4.413136522885E-13,0.489999999999559));
#14636=CARTESIAN_POINT('Ctrl Pts',(-0.95,0.0321566786588831,0.489999999999535));
#14637=CARTESIAN_POINT('Ctrl Pts',(-0.95,0.0643129276833391,0.491628471877728));
#14638=CARTESIAN_POINT('Ctrl Pts',(-0.95,0.0967193755208852,0.494910800860556));
#14639=CARTESIAN_POINT('Ctrl Pts',(-0.95,0.127736798795436,0.498052440693994));
#14640=CARTESIAN_POINT('Ctrl Pts',(-0.95,0.158982738274358,0.502709309308945));
#14641=CARTESIAN_POINT('Ctrl Pts',(-0.95,0.190688087587718,0.508948887582212));
#14642=CARTESIAN_POINT('Ctrl Pts',(-0.95,0.210263874704621,0.512801381203069));
#14643=CARTESIAN_POINT('Ctrl Pts',(-0.95,0.230015048993728,0.51725809910136));
#14644=CARTESIAN_POINT('Ctrl Pts',(-0.95,0.250000000000024,0.522344135218904));
#14645=CARTESIAN_POINT('Origin',(-0.545435605732,-0.25,1.));
#14646=CARTESIAN_POINT('',(-0.545435605732,-0.25,0.4));
#14647=CARTESIAN_POINT('',(-0.545435605732,-0.25,1.));
#14648=CARTESIAN_POINT('',(-0.545435605732,-0.25,0.2));
#14649=CARTESIAN_POINT('',(-0.545435605732,-0.25,1.));
#14650=CARTESIAN_POINT('',(-0.610819122163,-0.25,0.2));
#14651=CARTESIAN_POINT('',(-0.272717802866,-0.25,0.2));
#14652=CARTESIAN_POINT('Ctrl Pts',(-0.610819122161372,-0.25,0.20000000000176));
#14653=CARTESIAN_POINT('Ctrl Pts',(-0.625603544631832,-0.25,0.213682739327666));
#14654=CARTESIAN_POINT('Ctrl Pts',(-0.641178339085718,-0.25,0.228168019471414));
#14655=CARTESIAN_POINT('Ctrl Pts',(-0.657694853354231,-0.25,0.243606793694686));
#14656=CARTESIAN_POINT('Ctrl Pts',(-0.673168536175453,-0.25,0.258070783589625));
#14657=CARTESIAN_POINT('Ctrl Pts',(-0.689468498641476,-0.25,0.273371387708624));
#14658=CARTESIAN_POINT('Ctrl Pts',(-0.706751373232351,-0.25,0.289664927531525));
#14659=CARTESIAN_POINT('Ctrl Pts',(-0.722713960201784,-0.25,0.304713757811199));
#14660=CARTESIAN_POINT('Ctrl Pts',(-0.739514835970177,-0.25,0.320609427666988));
#14661=CARTESIAN_POINT('Ctrl Pts',(-0.757308794808337,-0.25,0.337506495709885));
#14662=CARTESIAN_POINT('Ctrl Pts',(-0.77378943338295,-0.25,0.353156440385964));
#14663=CARTESIAN_POINT('Ctrl Pts',(-0.791121790667768,-0.25,0.369665236864537));
#14664=CARTESIAN_POINT('Ctrl Pts',(-0.809459382832045,-0.25,0.387186220650824));
#14665=CARTESIAN_POINT('Ctrl Pts',(-0.82685517947261,-0.25,0.403807348886115));
#14666=CARTESIAN_POINT('Ctrl Pts',(-0.84515529274708,-0.25,0.421339050446028));
#14667=CARTESIAN_POINT('Ctrl Pts',(-0.864522974464769,-0.25,0.439944427941868));
#14668=CARTESIAN_POINT('Ctrl Pts',(-0.882436024085224,-0.25,0.457152427079208));
#14669=CARTESIAN_POINT('Ctrl Pts',(-0.901262135920792,-0.25,0.475278713013892));
#14670=CARTESIAN_POINT('Ctrl Pts',(-0.921161830937384,-0.25,0.494483692255946));
#14671=CARTESIAN_POINT('Ctrl Pts',(-0.930529607581719,-0.25,0.503524431616455));
#14672=CARTESIAN_POINT('Ctrl Pts',(-0.940135780001971,-0.25,0.512804699232857));
#14673=CARTESIAN_POINT('Ctrl Pts',(-0.949999999998046,-0.25,0.52234413522102));
#14674=CARTESIAN_POINT('Origin',(0.,0.,1.));
#14675=CARTESIAN_POINT('',(-0.25,-0.545435605732,0.4));
#14676=CARTESIAN_POINT('',(-0.25,-0.545435605732,1.));
#14677=CARTESIAN_POINT('Origin',(0.,0.,0.4));
#14678=CARTESIAN_POINT('Origin',(-0.25,-0.95,1.));
#14679=CARTESIAN_POINT('',(-0.25,-0.95,0.522344135219));
#14680=CARTESIAN_POINT('',(-0.25,-0.95,1.));
#14681=CARTESIAN_POINT('',(-0.25,-0.610819122163,0.2));
#14682=CARTESIAN_POINT('Ctrl Pts',(-0.25,-0.949999999998046,0.522344135221021));
#14683=CARTESIAN_POINT('Ctrl Pts',(-0.25,-0.928742709452434,0.501786750803159));
#14684=CARTESIAN_POINT('Ctrl Pts',(-0.25,-0.908681047072652,0.482430199275011));
#14685=CARTESIAN_POINT('Ctrl Pts',(-0.25,-0.889629631460357,0.464089217109843));
#14686=CARTESIAN_POINT('Ctrl Pts',(-0.25,-0.869422848608649,0.444635951723128));
#14687=CARTESIAN_POINT('Ctrl Pts',(-0.25,-0.850352940589778,0.42632554886133));
#14688=CARTESIAN_POINT('Ctrl Pts',(-0.25,-0.832243066005905,0.408981312181609));
#14689=CARTESIAN_POINT('Ctrl Pts',(-0.25,-0.813023988204728,0.390574766481595));
#14690=CARTESIAN_POINT('Ctrl Pts',(-0.25,-0.794886509412987,0.373256726716304));
#14691=CARTESIAN_POINT('Ctrl Pts',(-0.25,-0.77766175929047,0.356858501742073));
#14692=CARTESIAN_POINT('Ctrl Pts',(-0.25,-0.75880345988038,0.338905112917361));
#14693=CARTESIAN_POINT('Ctrl Pts',(-0.25,-0.74103939119198,0.322054448578442));
#14694=CARTESIAN_POINT('Ctrl Pts',(-0.25,-0.724193226715331,0.306130425988633));
#14695=CARTESIAN_POINT('Ctrl Pts',(-0.25,-0.706426650175025,0.289336373754157));
#14696=CARTESIAN_POINT('Ctrl Pts',(-0.25,-0.689681455471501,0.273573421615874));
#14697=CARTESIAN_POINT('Ctrl Pts',(-0.25,-0.67379360327912,0.25867782755881));
#14698=CARTESIAN_POINT('Ctrl Pts',(-0.25,-0.656636667434609,0.242592409057405));
#14699=CARTESIAN_POINT('Ctrl Pts',(-0.25,-0.640479784561417,0.227518722788463));
#14700=CARTESIAN_POINT('Ctrl Pts',(-0.25,-0.625159373810883,0.213293578365376));
#14701=CARTESIAN_POINT('Ctrl Pts',(-0.25,-0.620296214115273,0.208778089182412));
#14702=CARTESIAN_POINT('Ctrl Pts',(-0.25,-0.61551762584438,0.204348387721663));
#14703=CARTESIAN_POINT('Ctrl Pts',(-0.25,-0.610819122161372,0.200000000001759));
#14704=CARTESIAN_POINT('',(-0.25,-0.545435605732,0.2));
#14705=CARTESIAN_POINT('',(-0.25,-0.475,0.2));
#14706=CARTESIAN_POINT('',(-0.25,-0.545435605732,1.));
#14707=CARTESIAN_POINT('Origin',(0.25,-0.95,1.));
#14708=CARTESIAN_POINT('',(0.25,-0.95,0.522344135219));
#14709=CARTESIAN_POINT('',(0.25,-0.95,1.));
#14710=CARTESIAN_POINT('Ctrl Pts',(0.249999999999786,-0.95,0.522344135219848));
#14711=CARTESIAN_POINT('Ctrl Pts',(0.217852816060373,-0.95,0.514162892316483));
#14712=CARTESIAN_POINT('Ctrl Pts',(0.186309324265921,-0.95,0.50760752516869));
#14713=CARTESIAN_POINT('Ctrl Pts',(0.155130973529072,-0.95,0.502582785503966));
#14714=CARTESIAN_POINT('Ctrl Pts',(0.121138770999653,-0.95,0.497104562175782));
#14715=CARTESIAN_POINT('Ctrl Pts',(0.0875812986065763,-0.95,0.493445320824507));
#14716=CARTESIAN_POINT('Ctrl Pts',(0.0541728917885413,-0.95,0.491543326499048));
#14717=CARTESIAN_POINT('Ctrl Pts',(0.0217473814857601,-0.95,0.489697290052835));
#14718=CARTESIAN_POINT('Ctrl Pts',(-0.0105367239942431,-0.95,0.489507055770784));
#14719=CARTESIAN_POINT('Ctrl Pts',(-0.0429329076172548,-0.95,0.490969628619329));
#14720=CARTESIAN_POINT('Ctrl Pts',(-0.0748560735259911,-0.95,0.492410846394887));
#14721=CARTESIAN_POINT('Ctrl Pts',(-0.106887232799933,-0.95,0.495456967758258));
#14722=CARTESIAN_POINT('Ctrl Pts',(-0.139274477369603,-0.95,0.500154872948305));
#14723=CARTESIAN_POINT('Ctrl Pts',(-0.170203217618653,-0.95,0.504641215990704));
#14724=CARTESIAN_POINT('Ctrl Pts',(-0.20145603762783,-0.95,0.510633957605906));
#14725=CARTESIAN_POINT('Ctrl Pts',(-0.233264656156383,-0.95,0.518218993790015));
#14726=CARTESIAN_POINT('Ctrl Pts',(-0.238825624273581,-0.95,0.519545054032139));
#14727=CARTESIAN_POINT('Ctrl Pts',(-0.244403634282208,-0.95,0.520919897643826));
#14728=CARTESIAN_POINT('Ctrl Pts',(-0.249999999999923,-0.95,0.522344135219305));
#14729=CARTESIAN_POINT('Origin',(0.25,-0.545435605732,1.));
#14730=CARTESIAN_POINT('',(0.25,-0.545435605732,0.4));
#14731=CARTESIAN_POINT('',(0.25,-0.545435605732,1.));
#14732=CARTESIAN_POINT('',(0.25,-0.545435605732,0.2));
#14733=CARTESIAN_POINT('',(0.25,-0.545435605732,1.));
#14734=CARTESIAN_POINT('',(0.25,-0.610819122163,0.2));
#14735=CARTESIAN_POINT('',(0.25,-0.272717802866,0.2));
#14736=CARTESIAN_POINT('Ctrl Pts',(0.25,-0.610819122161372,0.20000000000176));
#14737=CARTESIAN_POINT('Ctrl Pts',(0.25,-0.625603544631832,0.213682739327666));
#14738=CARTESIAN_POINT('Ctrl Pts',(0.25,-0.641178339085718,0.228168019471414));
#14739=CARTESIAN_POINT('Ctrl Pts',(0.25,-0.657694853354231,0.243606793694686));
#14740=CARTESIAN_POINT('Ctrl Pts',(0.25,-0.673168536175453,0.258070783589625));
#14741=CARTESIAN_POINT('Ctrl Pts',(0.25,-0.689468498641476,0.273371387708624));
#14742=CARTESIAN_POINT('Ctrl Pts',(0.25,-0.706751373232351,0.289664927531525));
#14743=CARTESIAN_POINT('Ctrl Pts',(0.25,-0.722713960201784,0.304713757811199));
#14744=CARTESIAN_POINT('Ctrl Pts',(0.25,-0.739514835970177,0.320609427666988));
#14745=CARTESIAN_POINT('Ctrl Pts',(0.25,-0.757308794808337,0.337506495709885));
#14746=CARTESIAN_POINT('Ctrl Pts',(0.25,-0.77378943338295,0.353156440385964));
#14747=CARTESIAN_POINT('Ctrl Pts',(0.25,-0.791121790667768,0.369665236864537));
#14748=CARTESIAN_POINT('Ctrl Pts',(0.25,-0.809459382832045,0.387186220650824));
#14749=CARTESIAN_POINT('Ctrl Pts',(0.25,-0.82685517947261,0.403807348886115));
#14750=CARTESIAN_POINT('Ctrl Pts',(0.25,-0.84515529274708,0.421339050446028));
#14751=CARTESIAN_POINT('Ctrl Pts',(0.25,-0.864522974464769,0.439944427941868));
#14752=CARTESIAN_POINT('Ctrl Pts',(0.25,-0.882436024085224,0.457152427079208));
#14753=CARTESIAN_POINT('Ctrl Pts',(0.25,-0.901262135920792,0.475278713013892));
#14754=CARTESIAN_POINT('Ctrl Pts',(0.25,-0.921161830937384,0.494483692255946));
#14755=CARTESIAN_POINT('Ctrl Pts',(0.25,-0.930529607581719,0.503524431616455));
#14756=CARTESIAN_POINT('Ctrl Pts',(0.25,-0.940135780001971,0.512804699232857));
#14757=CARTESIAN_POINT('Ctrl Pts',(0.25,-0.949999999998046,0.52234413522102));
#14758=CARTESIAN_POINT('Origin',(0.,0.,1.));
#14759=CARTESIAN_POINT('',(0.545435605732,-0.25,0.4));
#14760=CARTESIAN_POINT('',(0.545435605732,-0.25,1.));
#14761=CARTESIAN_POINT('Origin',(0.,0.,0.4));
#14762=CARTESIAN_POINT('Origin',(0.95,-0.25,1.));
#14763=CARTESIAN_POINT('',(0.610819122163,-0.25,0.2));
#14764=CARTESIAN_POINT('Ctrl Pts',(0.949999999998046,-0.25,0.522344135221021));
#14765=CARTESIAN_POINT('Ctrl Pts',(0.928742709452434,-0.25,0.501786750803159));
#14766=CARTESIAN_POINT('Ctrl Pts',(0.908681047072652,-0.25,0.482430199275011));
#14767=CARTESIAN_POINT('Ctrl Pts',(0.889629631460357,-0.25,0.464089217109843));
#14768=CARTESIAN_POINT('Ctrl Pts',(0.869422848608649,-0.25,0.444635951723128));
#14769=CARTESIAN_POINT('Ctrl Pts',(0.850352940589778,-0.25,0.42632554886133));
#14770=CARTESIAN_POINT('Ctrl Pts',(0.832243066005905,-0.25,0.408981312181609));
#14771=CARTESIAN_POINT('Ctrl Pts',(0.813023988204728,-0.25,0.390574766481595));
#14772=CARTESIAN_POINT('Ctrl Pts',(0.794886509412987,-0.25,0.373256726716304));
#14773=CARTESIAN_POINT('Ctrl Pts',(0.77766175929047,-0.25,0.356858501742073));
#14774=CARTESIAN_POINT('Ctrl Pts',(0.75880345988038,-0.25,0.338905112917361));
#14775=CARTESIAN_POINT('Ctrl Pts',(0.74103939119198,-0.25,0.322054448578442));
#14776=CARTESIAN_POINT('Ctrl Pts',(0.724193226715331,-0.25,0.306130425988633));
#14777=CARTESIAN_POINT('Ctrl Pts',(0.706426650175025,-0.25,0.289336373754157));
#14778=CARTESIAN_POINT('Ctrl Pts',(0.689681455471501,-0.25,0.273573421615874));
#14779=CARTESIAN_POINT('Ctrl Pts',(0.67379360327912,-0.25,0.25867782755881));
#14780=CARTESIAN_POINT('Ctrl Pts',(0.656636667434609,-0.25,0.242592409057405));
#14781=CARTESIAN_POINT('Ctrl Pts',(0.640479784561417,-0.25,0.227518722788463));
#14782=CARTESIAN_POINT('Ctrl Pts',(0.625159373810883,-0.25,0.213293578365376));
#14783=CARTESIAN_POINT('Ctrl Pts',(0.620296214115273,-0.25,0.208778089182412));
#14784=CARTESIAN_POINT('Ctrl Pts',(0.61551762584438,-0.25,0.204348387721663));
#14785=CARTESIAN_POINT('Ctrl Pts',(0.610819122161372,-0.25,0.200000000001759));
#14786=CARTESIAN_POINT('',(0.545435605732,-0.25,0.2));
#14787=CARTESIAN_POINT('',(0.475,-0.25,0.2));
#14788=CARTESIAN_POINT('',(0.545435605732,-0.25,1.));
#14789=CARTESIAN_POINT('Origin',(0.,0.,0.8));
#14790=CARTESIAN_POINT('',(-1.5,1.6,0.8));
#14791=CARTESIAN_POINT('',(1.5,-1.6,0.8));
#14792=CARTESIAN_POINT('',(-1.25,-1.53080849893419E-16,0.8));
#14793=CARTESIAN_POINT('Origin',(0.,0.,0.8));
#14794=CARTESIAN_POINT('Origin',(-1.5,1.6,0.));
#14795=CARTESIAN_POINT('',(-1.5,1.6,0.));
#14796=CARTESIAN_POINT('Origin',(-7.717634778796E-17,-4.823521736747E-18,
0.));
#14797=CARTESIAN_POINT('Origin',(-7.717634778796E-17,-4.823521736747E-18,
0.));
#14798=CARTESIAN_POINT('',(1.5,-1.6,0.));
#14799=CARTESIAN_POINT('Origin',(1.5,-1.6,0.));
#14800=CARTESIAN_POINT('Origin',(0.,0.,0.79));
#14801=CARTESIAN_POINT('',(-1.25,-1.53080849893419E-16,0.79));
#14802=CARTESIAN_POINT('Origin',(0.,0.,0.79));
#14803=CARTESIAN_POINT('',(-1.25,-1.53080849893419E-16,0.79));
#14804=CARTESIAN_POINT('Origin',(0.,0.,0.2));
#14805=CARTESIAN_POINT('Origin',(0.,0.,0.2));
#14806=CARTESIAN_POINT('Origin',(0.,0.,0.2));
#14807=CARTESIAN_POINT('Origin',(0.,0.,0.2));
#14808=CARTESIAN_POINT('Origin',(-6.837200662697E-17,-1.73450566625E-17,
0.2));
#14809=CARTESIAN_POINT('Origin',(0.,0.,0.2));
#14810=CARTESIAN_POINT('Origin',(0.,0.,0.2));
#14811=CARTESIAN_POINT('Origin',(0.,0.,0.2));
#14812=CARTESIAN_POINT('Origin',(0.,0.,0.2));
#14813=CARTESIAN_POINT('',(-0.25,-3.06161699786838E-17,0.2));
#14814=CARTESIAN_POINT('Origin',(0.,0.,0.2));
#14815=CARTESIAN_POINT('Origin',(0.,0.,1.));
#14816=CARTESIAN_POINT('Origin',(0.,0.,0.4));
#14817=CARTESIAN_POINT('Origin',(-7.122084023643E-17,1.111748413527E-17,
0.4));
#14818=CARTESIAN_POINT('Origin',(0.,0.,0.4));
#14819=CARTESIAN_POINT('Origin',(0.,0.,0.4));
#14820=CARTESIAN_POINT('Origin',(0.,0.,0.4));
#14821=CARTESIAN_POINT('',(-0.25,-3.06161699786838E-17,0.4));
#14822=CARTESIAN_POINT('Origin',(0.,0.,0.4));
#14823=CARTESIAN_POINT('Origin',(0.,0.,1.));
#14824=CARTESIAN_POINT('Origin',(0.,0.,1.));
#14825=CARTESIAN_POINT('Origin',(0.,0.,1.));
#14826=CARTESIAN_POINT('Origin',(0.,0.,0.8));
#14827=CARTESIAN_POINT('',(-1.25,-1.53080849893419E-16,0.8));
#14828=CARTESIAN_POINT('Origin',(0.,0.,1.));
#14829=CARTESIAN_POINT('',(-0.25,-3.06161699786838E-17,1.));
#14830=CARTESIAN_POINT('',(0.,0.,0.));
#14831=CARTESIAN_POINT('',(0.,0.,0.));
#14832=CARTESIAN_POINT('',(-1.E-16,-1.,0.));
#14833=CARTESIAN_POINT('',(0.,1.,0.));
#14834=CARTESIAN_POINT('',(0.,0.,0.3));
#14835=CARTESIAN_POINT('',(0.,0.,0.));
#14836=CARTESIAN_POINT('',(0.,0.,0.));
#14837=CARTESIAN_POINT('Origin',(-2.5,2.5,0.));
#14838=CARTESIAN_POINT('',(-2.5,2.5,0.));
#14839=CARTESIAN_POINT('',(-2.5,1.55,0.));
#14840=CARTESIAN_POINT('',(-2.5,2.5,0.));
#14841=CARTESIAN_POINT('',(-2.5,1.55,0.35));
#14842=CARTESIAN_POINT('',(-2.5,1.55,0.));
#14843=CARTESIAN_POINT('',(-2.5,1.3,0.35));
#14844=CARTESIAN_POINT('',(-2.5,1.3,0.35));
#14845=CARTESIAN_POINT('',(-2.5,1.3,0.));
#14846=CARTESIAN_POINT('',(-2.5,1.3,0.));
#14847=CARTESIAN_POINT('',(-2.5,1.05,0.));
#14848=CARTESIAN_POINT('',(-2.5,2.5,0.));
#14849=CARTESIAN_POINT('',(-2.5,1.05,0.35));
#14850=CARTESIAN_POINT('',(-2.5,1.05,0.));
#14851=CARTESIAN_POINT('',(-2.5,0.8,0.35));
#14852=CARTESIAN_POINT('',(-2.5,0.8,0.35));
#14853=CARTESIAN_POINT('',(-2.5,0.8,0.));
#14854=CARTESIAN_POINT('',(-2.5,0.8,0.));
#14855=CARTESIAN_POINT('',(-2.5,0.55,0.));
#14856=CARTESIAN_POINT('',(-2.5,2.5,0.));
#14857=CARTESIAN_POINT('',(-2.5,0.55,0.35));
#14858=CARTESIAN_POINT('',(-2.5,0.55,0.));
#14859=CARTESIAN_POINT('',(-2.5,0.3,0.35));
#14860=CARTESIAN_POINT('',(-2.5,0.3,0.35));
#14861=CARTESIAN_POINT('',(-2.5,0.3,0.));
#14862=CARTESIAN_POINT('',(-2.5,0.3,0.));
#14863=CARTESIAN_POINT('',(-2.5,0.05,0.));
#14864=CARTESIAN_POINT('',(-2.5,2.5,0.));
#14865=CARTESIAN_POINT('',(-2.5,0.05,0.35));
#14866=CARTESIAN_POINT('',(-2.5,0.05,0.));
#14867=CARTESIAN_POINT('',(-2.5,-0.2,0.35));
#14868=CARTESIAN_POINT('',(-2.5,-0.2,0.35));
#14869=CARTESIAN_POINT('',(-2.5,-0.2,0.));
#14870=CARTESIAN_POINT('',(-2.5,-0.2,0.));
#14871=CARTESIAN_POINT('',(-2.5,-0.45,0.));
#14872=CARTESIAN_POINT('',(-2.5,2.5,0.));
#14873=CARTESIAN_POINT('',(-2.5,-0.45,0.35));
#14874=CARTESIAN_POINT('',(-2.5,-0.45,0.));
#14875=CARTESIAN_POINT('',(-2.5,-0.7,0.35));
#14876=CARTESIAN_POINT('',(-2.5,-0.7,0.35));
#14877=CARTESIAN_POINT('',(-2.5,-0.7,0.));
#14878=CARTESIAN_POINT('',(-2.5,-0.7,0.));
#14879=CARTESIAN_POINT('',(-2.5,-0.95,0.));
#14880=CARTESIAN_POINT('',(-2.5,2.5,0.));
#14881=CARTESIAN_POINT('',(-2.5,-0.95,0.35));
#14882=CARTESIAN_POINT('',(-2.5,-0.95,0.));
#14883=CARTESIAN_POINT('',(-2.5,-1.2,0.35));
#14884=CARTESIAN_POINT('',(-2.5,-1.2,0.35));
#14885=CARTESIAN_POINT('',(-2.5,-1.2,0.));
#14886=CARTESIAN_POINT('',(-2.5,-1.2,0.));
#14887=CARTESIAN_POINT('',(-2.5,-1.45,0.));
#14888=CARTESIAN_POINT('',(-2.5,2.5,0.));
#14889=CARTESIAN_POINT('',(-2.5,-1.45,0.35));
#14890=CARTESIAN_POINT('',(-2.5,-1.45,0.));
#14891=CARTESIAN_POINT('',(-2.5,-1.7,0.35));
#14892=CARTESIAN_POINT('',(-2.5,-1.7,0.35));
#14893=CARTESIAN_POINT('',(-2.5,-1.7,0.));
#14894=CARTESIAN_POINT('',(-2.5,-1.7,0.));
#14895=CARTESIAN_POINT('',(-2.5,-2.5,0.));
#14896=CARTESIAN_POINT('',(-2.5,2.5,0.));
#14897=CARTESIAN_POINT('',(-2.5,-2.5,0.85));
#14898=CARTESIAN_POINT('',(-2.5,-2.5,0.));
#14899=CARTESIAN_POINT('',(-2.5,2.5,0.85));
#14900=CARTESIAN_POINT('',(-2.5,2.5,0.85));
#14901=CARTESIAN_POINT('',(-2.5,2.5,0.));
#14902=CARTESIAN_POINT('Origin',(-8.881784197001E-17,-5.329070518201E-16,
0.));
#14903=CARTESIAN_POINT('',(2.5,1.7,0.));
#14904=CARTESIAN_POINT('',(2.5,2.5,0.));
#14905=CARTESIAN_POINT('',(2.5,-2.5,0.));
#14906=CARTESIAN_POINT('',(2.1,1.7,0.));
#14907=CARTESIAN_POINT('',(2.1,1.7,0.));
#14908=CARTESIAN_POINT('',(2.1,1.45,0.));
#14909=CARTESIAN_POINT('',(2.1,1.45,0.));
#14910=CARTESIAN_POINT('',(2.5,1.45,0.));
#14911=CARTESIAN_POINT('',(2.5,1.45,0.));
#14912=CARTESIAN_POINT('',(2.5,1.2,0.));
#14913=CARTESIAN_POINT('',(2.5,-2.5,0.));
#14914=CARTESIAN_POINT('',(2.1,1.2,0.));
#14915=CARTESIAN_POINT('',(2.1,1.2,0.));
#14916=CARTESIAN_POINT('',(2.1,0.95,0.));
#14917=CARTESIAN_POINT('',(2.1,0.95,0.));
#14918=CARTESIAN_POINT('',(2.5,0.95,0.));
#14919=CARTESIAN_POINT('',(2.5,0.95,0.));
#14920=CARTESIAN_POINT('',(2.5,0.7,0.));
#14921=CARTESIAN_POINT('',(2.5,-2.5,0.));
#14922=CARTESIAN_POINT('',(2.1,0.7,0.));
#14923=CARTESIAN_POINT('',(2.1,0.7,0.));
#14924=CARTESIAN_POINT('',(2.1,0.45,0.));
#14925=CARTESIAN_POINT('',(2.1,0.45,0.));
#14926=CARTESIAN_POINT('',(2.5,0.45,0.));
#14927=CARTESIAN_POINT('',(2.5,0.45,0.));
#14928=CARTESIAN_POINT('',(2.5,0.2,0.));
#14929=CARTESIAN_POINT('',(2.5,-2.5,0.));
#14930=CARTESIAN_POINT('',(2.1,0.2,0.));
#14931=CARTESIAN_POINT('',(2.1,0.2,0.));
#14932=CARTESIAN_POINT('',(2.1,-0.05,0.));
#14933=CARTESIAN_POINT('',(2.1,-0.05,0.));
#14934=CARTESIAN_POINT('',(2.5,-0.05,0.));
#14935=CARTESIAN_POINT('',(2.5,-0.05,0.));
#14936=CARTESIAN_POINT('',(2.5,-0.3,0.));
#14937=CARTESIAN_POINT('',(2.5,-2.5,0.));
#14938=CARTESIAN_POINT('',(2.1,-0.3,0.));
#14939=CARTESIAN_POINT('',(2.1,-0.3,0.));
#14940=CARTESIAN_POINT('',(2.1,-0.55,0.));
#14941=CARTESIAN_POINT('',(2.1,-0.55,0.));
#14942=CARTESIAN_POINT('',(2.5,-0.55,0.));
#14943=CARTESIAN_POINT('',(2.5,-0.55,0.));
#14944=CARTESIAN_POINT('',(2.5,-0.8,0.));
#14945=CARTESIAN_POINT('',(2.5,-2.5,0.));
#14946=CARTESIAN_POINT('',(2.1,-0.8,0.));
#14947=CARTESIAN_POINT('',(2.1,-0.8,0.));
#14948=CARTESIAN_POINT('',(2.1,-1.05,0.));
#14949=CARTESIAN_POINT('',(2.1,-1.05,0.));
#14950=CARTESIAN_POINT('',(2.5,-1.05,0.));
#14951=CARTESIAN_POINT('',(2.5,-1.05,0.));
#14952=CARTESIAN_POINT('',(2.5,-1.3,0.));
#14953=CARTESIAN_POINT('',(2.5,-2.5,0.));
#14954=CARTESIAN_POINT('',(2.1,-1.3,0.));
#14955=CARTESIAN_POINT('',(2.1,-1.3,0.));
#14956=CARTESIAN_POINT('',(2.1,-1.55,0.));
#14957=CARTESIAN_POINT('',(2.1,-1.55,0.));
#14958=CARTESIAN_POINT('',(2.5,-1.55,0.));
#14959=CARTESIAN_POINT('',(2.5,-1.55,0.));
#14960=CARTESIAN_POINT('',(2.5,-2.5,0.));
#14961=CARTESIAN_POINT('',(2.5,-2.5,0.));
#14962=CARTESIAN_POINT('',(1.7,-2.5,0.));
#14963=CARTESIAN_POINT('',(-2.5,-2.5,0.));
#14964=CARTESIAN_POINT('',(1.7,-2.1,0.));
#14965=CARTESIAN_POINT('',(1.7,-2.1,0.));
#14966=CARTESIAN_POINT('',(1.45,-2.1,0.));
#14967=CARTESIAN_POINT('',(1.45,-2.1,0.));
#14968=CARTESIAN_POINT('',(1.45,-2.5,0.));
#14969=CARTESIAN_POINT('',(1.45,-2.5,0.));
#14970=CARTESIAN_POINT('',(1.2,-2.5,0.));
#14971=CARTESIAN_POINT('',(-2.5,-2.5,0.));
#14972=CARTESIAN_POINT('',(1.2,-2.1,0.));
#14973=CARTESIAN_POINT('',(1.2,-2.1,0.));
#14974=CARTESIAN_POINT('',(0.95,-2.1,0.));
#14975=CARTESIAN_POINT('',(0.95,-2.1,0.));
#14976=CARTESIAN_POINT('',(0.95,-2.5,0.));
#14977=CARTESIAN_POINT('',(0.95,-2.5,0.));
#14978=CARTESIAN_POINT('',(0.7,-2.5,0.));
#14979=CARTESIAN_POINT('',(-2.5,-2.5,0.));
#14980=CARTESIAN_POINT('',(0.7,-2.1,0.));
#14981=CARTESIAN_POINT('',(0.7,-2.1,0.));
#14982=CARTESIAN_POINT('',(0.45,-2.1,0.));
#14983=CARTESIAN_POINT('',(0.45,-2.1,0.));
#14984=CARTESIAN_POINT('',(0.45,-2.5,0.));
#14985=CARTESIAN_POINT('',(0.45,-2.5,0.));
#14986=CARTESIAN_POINT('',(0.2,-2.5,0.));
#14987=CARTESIAN_POINT('',(-2.5,-2.5,0.));
#14988=CARTESIAN_POINT('',(0.2,-2.1,0.));
#14989=CARTESIAN_POINT('',(0.2,-2.1,0.));
#14990=CARTESIAN_POINT('',(-0.05,-2.1,0.));
#14991=CARTESIAN_POINT('',(-0.05,-2.1,0.));
#14992=CARTESIAN_POINT('',(-0.05,-2.5,0.));
#14993=CARTESIAN_POINT('',(-0.05,-2.5,0.));
#14994=CARTESIAN_POINT('',(-0.3,-2.5,0.));
#14995=CARTESIAN_POINT('',(-2.5,-2.5,0.));
#14996=CARTESIAN_POINT('',(-0.3,-2.1,0.));
#14997=CARTESIAN_POINT('',(-0.3,-2.1,0.));
#14998=CARTESIAN_POINT('',(-0.55,-2.1,0.));
#14999=CARTESIAN_POINT('',(-0.55,-2.1,0.));
#15000=CARTESIAN_POINT('',(-0.55,-2.5,0.));
#15001=CARTESIAN_POINT('',(-0.55,-2.5,0.));
#15002=CARTESIAN_POINT('',(-0.8,-2.5,0.));
#15003=CARTESIAN_POINT('',(-2.5,-2.5,0.));
#15004=CARTESIAN_POINT('',(-0.8,-2.1,0.));
#15005=CARTESIAN_POINT('',(-0.8,-2.1,0.));
#15006=CARTESIAN_POINT('',(-1.05,-2.1,0.));
#15007=CARTESIAN_POINT('',(-1.05,-2.1,0.));
#15008=CARTESIAN_POINT('',(-1.05,-2.5,0.));
#15009=CARTESIAN_POINT('',(-1.05,-2.5,0.));
#15010=CARTESIAN_POINT('',(-1.3,-2.5,0.));
#15011=CARTESIAN_POINT('',(-2.5,-2.5,0.));
#15012=CARTESIAN_POINT('',(-1.3,-2.1,0.));
#15013=CARTESIAN_POINT('',(-1.3,-2.1,0.));
#15014=CARTESIAN_POINT('',(-1.55,-2.1,0.));
#15015=CARTESIAN_POINT('',(-1.55,-2.1,0.));
#15016=CARTESIAN_POINT('',(-1.55,-2.5,0.));
#15017=CARTESIAN_POINT('',(-1.55,-2.5,0.));
#15018=CARTESIAN_POINT('',(-2.5,-2.5,0.));
#15019=CARTESIAN_POINT('',(-2.1,-1.7,0.));
#15020=CARTESIAN_POINT('',(-2.1,-1.7,0.));
#15021=CARTESIAN_POINT('',(-2.1,-1.45,0.));
#15022=CARTESIAN_POINT('',(-2.1,-1.45,0.));
#15023=CARTESIAN_POINT('',(-2.5,-1.45,0.));
#15024=CARTESIAN_POINT('',(-2.1,-1.2,0.));
#15025=CARTESIAN_POINT('',(-2.1,-1.2,0.));
#15026=CARTESIAN_POINT('',(-2.1,-0.95,0.));
#15027=CARTESIAN_POINT('',(-2.1,-0.95,0.));
#15028=CARTESIAN_POINT('',(-2.5,-0.95,0.));
#15029=CARTESIAN_POINT('',(-2.1,-0.7,0.));
#15030=CARTESIAN_POINT('',(-2.1,-0.7,0.));
#15031=CARTESIAN_POINT('',(-2.1,-0.45,0.));
#15032=CARTESIAN_POINT('',(-2.1,-0.45,0.));
#15033=CARTESIAN_POINT('',(-2.5,-0.45,0.));
#15034=CARTESIAN_POINT('',(-2.1,-0.2,0.));
#15035=CARTESIAN_POINT('',(-2.1,-0.2,0.));
#15036=CARTESIAN_POINT('',(-2.1,0.05,0.));
#15037=CARTESIAN_POINT('',(-2.1,0.05,0.));
#15038=CARTESIAN_POINT('',(-2.5,0.05,0.));
#15039=CARTESIAN_POINT('',(-2.1,0.3,0.));
#15040=CARTESIAN_POINT('',(-2.1,0.3,0.));
#15041=CARTESIAN_POINT('',(-2.1,0.55,0.));
#15042=CARTESIAN_POINT('',(-2.1,0.55,0.));
#15043=CARTESIAN_POINT('',(-2.5,0.55,0.));
#15044=CARTESIAN_POINT('',(-2.1,0.8,0.));
#15045=CARTESIAN_POINT('',(-2.1,0.8,0.));
#15046=CARTESIAN_POINT('',(-2.1,1.05,0.));
#15047=CARTESIAN_POINT('',(-2.1,1.05,0.));
#15048=CARTESIAN_POINT('',(-2.5,1.05,0.));
#15049=CARTESIAN_POINT('',(-2.1,1.3,0.));
#15050=CARTESIAN_POINT('',(-2.1,1.3,0.));
#15051=CARTESIAN_POINT('',(-2.1,1.55,0.));
#15052=CARTESIAN_POINT('',(-2.1,1.55,0.));
#15053=CARTESIAN_POINT('',(-2.5,1.55,0.));
#15054=CARTESIAN_POINT('',(-1.7,2.5,0.));
#15055=CARTESIAN_POINT('',(2.5,2.5,0.));
#15056=CARTESIAN_POINT('',(-1.7,2.1,0.));
#15057=CARTESIAN_POINT('',(-1.7,2.1,0.));
#15058=CARTESIAN_POINT('',(-1.45,2.1,0.));
#15059=CARTESIAN_POINT('',(-1.45,2.1,0.));
#15060=CARTESIAN_POINT('',(-1.45,2.5,0.));
#15061=CARTESIAN_POINT('',(-1.45,2.5,0.));
#15062=CARTESIAN_POINT('',(-1.2,2.5,0.));
#15063=CARTESIAN_POINT('',(2.5,2.5,0.));
#15064=CARTESIAN_POINT('',(-1.2,2.1,0.));
#15065=CARTESIAN_POINT('',(-1.2,2.1,0.));
#15066=CARTESIAN_POINT('',(-0.95,2.1,0.));
#15067=CARTESIAN_POINT('',(-0.95,2.1,0.));
#15068=CARTESIAN_POINT('',(-0.95,2.5,0.));
#15069=CARTESIAN_POINT('',(-0.95,2.5,0.));
#15070=CARTESIAN_POINT('',(-0.7,2.5,0.));
#15071=CARTESIAN_POINT('',(2.5,2.5,0.));
#15072=CARTESIAN_POINT('',(-0.7,2.1,0.));
#15073=CARTESIAN_POINT('',(-0.7,2.1,0.));
#15074=CARTESIAN_POINT('',(-0.45,2.1,0.));
#15075=CARTESIAN_POINT('',(-0.45,2.1,0.));
#15076=CARTESIAN_POINT('',(-0.45,2.5,0.));
#15077=CARTESIAN_POINT('',(-0.45,2.5,0.));
#15078=CARTESIAN_POINT('',(-0.2,2.5,0.));
#15079=CARTESIAN_POINT('',(2.5,2.5,0.));
#15080=CARTESIAN_POINT('',(-0.2,2.1,0.));
#15081=CARTESIAN_POINT('',(-0.2,2.1,0.));
#15082=CARTESIAN_POINT('',(0.05,2.1,0.));
#15083=CARTESIAN_POINT('',(0.05,2.1,0.));
#15084=CARTESIAN_POINT('',(0.05,2.5,0.));
#15085=CARTESIAN_POINT('',(0.05,2.5,0.));
#15086=CARTESIAN_POINT('',(0.3,2.5,0.));
#15087=CARTESIAN_POINT('',(2.5,2.5,0.));
#15088=CARTESIAN_POINT('',(0.3,2.1,0.));
#15089=CARTESIAN_POINT('',(0.3,2.1,0.));
#15090=CARTESIAN_POINT('',(0.55,2.1,0.));
#15091=CARTESIAN_POINT('',(0.55,2.1,0.));
#15092=CARTESIAN_POINT('',(0.55,2.5,0.));
#15093=CARTESIAN_POINT('',(0.55,2.5,0.));
#15094=CARTESIAN_POINT('',(0.8,2.5,0.));
#15095=CARTESIAN_POINT('',(2.5,2.5,0.));
#15096=CARTESIAN_POINT('',(0.8,2.1,0.));
#15097=CARTESIAN_POINT('',(0.8,2.1,0.));
#15098=CARTESIAN_POINT('',(1.05,2.1,0.));
#15099=CARTESIAN_POINT('',(1.05,2.1,0.));
#15100=CARTESIAN_POINT('',(1.05,2.5,0.));
#15101=CARTESIAN_POINT('',(1.05,2.5,0.));
#15102=CARTESIAN_POINT('',(1.3,2.5,0.));
#15103=CARTESIAN_POINT('',(2.5,2.5,0.));
#15104=CARTESIAN_POINT('',(1.3,2.1,0.));
#15105=CARTESIAN_POINT('',(1.3,2.1,0.));
#15106=CARTESIAN_POINT('',(1.55,2.1,0.));
#15107=CARTESIAN_POINT('',(1.55,2.1,0.));
#15108=CARTESIAN_POINT('',(1.55,2.5,0.));
#15109=CARTESIAN_POINT('',(1.55,2.5,0.));
#15110=CARTESIAN_POINT('',(2.5,2.5,0.));
#15111=CARTESIAN_POINT('Origin',(-2.5,1.55,0.));
#15112=CARTESIAN_POINT('',(-2.1,1.55,0.35));
#15113=CARTESIAN_POINT('',(-2.1,1.55,0.));
#15114=CARTESIAN_POINT('',(-2.5,1.55,0.35));
#15115=CARTESIAN_POINT('Origin',(-2.3,1.425,0.35));
#15116=CARTESIAN_POINT('',(-2.1,1.3,0.35));
#15117=CARTESIAN_POINT('',(-2.1,1.55,0.35));
#15118=CARTESIAN_POINT('',(-2.1,1.3,0.35));
#15119=CARTESIAN_POINT('Origin',(-2.1,1.3,0.));
#15120=CARTESIAN_POINT('',(-2.1,1.3,0.));
#15121=CARTESIAN_POINT('Origin',(-2.5,1.05,0.));
#15122=CARTESIAN_POINT('',(-2.1,1.05,0.35));
#15123=CARTESIAN_POINT('',(-2.1,1.05,0.));
#15124=CARTESIAN_POINT('',(-2.5,1.05,0.35));
#15125=CARTESIAN_POINT('Origin',(-2.3,0.925,0.35));
#15126=CARTESIAN_POINT('',(-2.1,0.8,0.35));
#15127=CARTESIAN_POINT('',(-2.1,1.05,0.35));
#15128=CARTESIAN_POINT('',(-2.1,0.8,0.35));
#15129=CARTESIAN_POINT('Origin',(-2.1,0.8,0.));
#15130=CARTESIAN_POINT('',(-2.1,0.8,0.));
#15131=CARTESIAN_POINT('Origin',(-2.5,0.55,0.));
#15132=CARTESIAN_POINT('',(-2.1,0.55,0.35));
#15133=CARTESIAN_POINT('',(-2.1,0.55,0.));
#15134=CARTESIAN_POINT('',(-2.5,0.55,0.35));
#15135=CARTESIAN_POINT('Origin',(-2.3,0.425,0.35));
#15136=CARTESIAN_POINT('',(-2.1,0.3,0.35));
#15137=CARTESIAN_POINT('',(-2.1,0.55,0.35));
#15138=CARTESIAN_POINT('',(-2.1,0.3,0.35));
#15139=CARTESIAN_POINT('Origin',(-2.1,0.3,0.));
#15140=CARTESIAN_POINT('',(-2.1,0.3,0.));
#15141=CARTESIAN_POINT('Origin',(-2.5,0.05,0.));
#15142=CARTESIAN_POINT('',(-2.1,0.05,0.35));
#15143=CARTESIAN_POINT('',(-2.1,0.05,0.));
#15144=CARTESIAN_POINT('',(-2.5,0.05,0.35));
#15145=CARTESIAN_POINT('Origin',(-2.3,-0.075,0.35));
#15146=CARTESIAN_POINT('',(-2.1,-0.2,0.35));
#15147=CARTESIAN_POINT('',(-2.1,0.05,0.35));
#15148=CARTESIAN_POINT('',(-2.1,-0.2,0.35));
#15149=CARTESIAN_POINT('Origin',(-2.1,-0.2,0.));
#15150=CARTESIAN_POINT('',(-2.1,-0.2,0.));
#15151=CARTESIAN_POINT('Origin',(-2.5,-0.45,0.));
#15152=CARTESIAN_POINT('',(-2.1,-0.45,0.35));
#15153=CARTESIAN_POINT('',(-2.1,-0.45,0.));
#15154=CARTESIAN_POINT('',(-2.5,-0.45,0.35));
#15155=CARTESIAN_POINT('Origin',(-2.3,-0.575,0.35));
#15156=CARTESIAN_POINT('',(-2.1,-0.7,0.35));
#15157=CARTESIAN_POINT('',(-2.1,-0.45,0.35));
#15158=CARTESIAN_POINT('',(-2.1,-0.7,0.35));
#15159=CARTESIAN_POINT('Origin',(-2.1,-0.7,0.));
#15160=CARTESIAN_POINT('',(-2.1,-0.7,0.));
#15161=CARTESIAN_POINT('Origin',(-2.5,-0.95,0.));
#15162=CARTESIAN_POINT('',(-2.1,-0.95,0.35));
#15163=CARTESIAN_POINT('',(-2.1,-0.95,0.));
#15164=CARTESIAN_POINT('',(-2.5,-0.95,0.35));
#15165=CARTESIAN_POINT('Origin',(-2.3,-1.075,0.35));
#15166=CARTESIAN_POINT('',(-2.1,-1.2,0.35));
#15167=CARTESIAN_POINT('',(-2.1,-0.95,0.35));
#15168=CARTESIAN_POINT('',(-2.1,-1.2,0.35));
#15169=CARTESIAN_POINT('Origin',(-2.1,-1.2,0.));
#15170=CARTESIAN_POINT('',(-2.1,-1.2,0.));
#15171=CARTESIAN_POINT('Origin',(-2.5,-1.45,0.));
#15172=CARTESIAN_POINT('',(-2.1,-1.45,0.35));
#15173=CARTESIAN_POINT('',(-2.1,-1.45,0.));
#15174=CARTESIAN_POINT('',(-2.5,-1.45,0.35));
#15175=CARTESIAN_POINT('Origin',(-2.3,-1.575,0.35));
#15176=CARTESIAN_POINT('',(-2.1,-1.7,0.35));
#15177=CARTESIAN_POINT('',(-2.1,-1.45,0.35));
#15178=CARTESIAN_POINT('',(-2.1,-1.7,0.35));
#15179=CARTESIAN_POINT('Origin',(-2.1,-1.7,0.));
#15180=CARTESIAN_POINT('',(-2.1,-1.7,0.));
#15181=CARTESIAN_POINT('Origin',(-2.5,-2.5,0.));
#15182=CARTESIAN_POINT('',(-1.55,-2.5,0.35));
#15183=CARTESIAN_POINT('',(-1.55,-2.5,0.));
#15184=CARTESIAN_POINT('',(-1.3,-2.5,0.35));
#15185=CARTESIAN_POINT('',(-1.3,-2.5,0.35));
#15186=CARTESIAN_POINT('',(-1.3,-2.5,0.));
#15187=CARTESIAN_POINT('',(-1.05,-2.5,0.35));
#15188=CARTESIAN_POINT('',(-1.05,-2.5,0.));
#15189=CARTESIAN_POINT('',(-0.8,-2.5,0.35));
#15190=CARTESIAN_POINT('',(-0.8,-2.5,0.35));
#15191=CARTESIAN_POINT('',(-0.8,-2.5,0.));
#15192=CARTESIAN_POINT('',(-0.55,-2.5,0.35));
#15193=CARTESIAN_POINT('',(-0.55,-2.5,0.));
#15194=CARTESIAN_POINT('',(-0.3,-2.5,0.35));
#15195=CARTESIAN_POINT('',(-0.3,-2.5,0.35));
#15196=CARTESIAN_POINT('',(-0.3,-2.5,0.));
#15197=CARTESIAN_POINT('',(-0.05,-2.5,0.35));
#15198=CARTESIAN_POINT('',(-0.05,-2.5,0.));
#15199=CARTESIAN_POINT('',(0.2,-2.5,0.35));
#15200=CARTESIAN_POINT('',(0.2,-2.5,0.35));
#15201=CARTESIAN_POINT('',(0.2,-2.5,0.));
#15202=CARTESIAN_POINT('',(0.45,-2.5,0.35));
#15203=CARTESIAN_POINT('',(0.45,-2.5,0.));
#15204=CARTESIAN_POINT('',(0.7,-2.5,0.35));
#15205=CARTESIAN_POINT('',(0.7,-2.5,0.35));
#15206=CARTESIAN_POINT('',(0.7,-2.5,0.));
#15207=CARTESIAN_POINT('',(0.95,-2.5,0.35));
#15208=CARTESIAN_POINT('',(0.95,-2.5,0.));
#15209=CARTESIAN_POINT('',(1.2,-2.5,0.35));
#15210=CARTESIAN_POINT('',(1.2,-2.5,0.35));
#15211=CARTESIAN_POINT('',(1.2,-2.5,0.));
#15212=CARTESIAN_POINT('',(1.45,-2.5,0.35));
#15213=CARTESIAN_POINT('',(1.45,-2.5,0.));
#15214=CARTESIAN_POINT('',(1.7,-2.5,0.35));
#15215=CARTESIAN_POINT('',(1.7,-2.5,0.35));
#15216=CARTESIAN_POINT('',(1.7,-2.5,0.));
#15217=CARTESIAN_POINT('',(2.5,-2.5,0.85));
#15218=CARTESIAN_POINT('',(2.5,-2.5,0.));
#15219=CARTESIAN_POINT('',(-2.5,-2.5,0.85));
#15220=CARTESIAN_POINT('Origin',(-8.881784197001E-17,-5.329070518201E-16,
0.85));
#15221=CARTESIAN_POINT('',(2.5,2.5,0.85));
#15222=CARTESIAN_POINT('',(2.5,-2.5,0.85));
#15223=CARTESIAN_POINT('',(2.5,2.5,0.85));
#15224=CARTESIAN_POINT('',(1.620966,1.840222,0.85));
#15225=CARTESIAN_POINT('Origin',(1.770966,1.840222,0.85));
#15226=CARTESIAN_POINT('Origin',(2.5,2.5,0.));
#15227=CARTESIAN_POINT('',(1.55,2.5,0.35));
#15228=CARTESIAN_POINT('',(1.55,2.5,0.));
#15229=CARTESIAN_POINT('',(1.3,2.5,0.35));
#15230=CARTESIAN_POINT('',(1.3,2.5,0.35));
#15231=CARTESIAN_POINT('',(1.3,2.5,0.));
#15232=CARTESIAN_POINT('',(1.05,2.5,0.35));
#15233=CARTESIAN_POINT('',(1.05,2.5,0.));
#15234=CARTESIAN_POINT('',(0.8,2.5,0.35));
#15235=CARTESIAN_POINT('',(0.8,2.5,0.35));
#15236=CARTESIAN_POINT('',(0.8,2.5,0.));
#15237=CARTESIAN_POINT('',(0.55,2.5,0.35));
#15238=CARTESIAN_POINT('',(0.55,2.5,0.));
#15239=CARTESIAN_POINT('',(0.3,2.5,0.35));
#15240=CARTESIAN_POINT('',(0.3,2.5,0.35));
#15241=CARTESIAN_POINT('',(0.3,2.5,0.));
#15242=CARTESIAN_POINT('',(0.05,2.5,0.35));
#15243=CARTESIAN_POINT('',(0.05,2.5,0.));
#15244=CARTESIAN_POINT('',(-0.2,2.5,0.35));
#15245=CARTESIAN_POINT('',(-0.2,2.5,0.35));
#15246=CARTESIAN_POINT('',(-0.2,2.5,0.));
#15247=CARTESIAN_POINT('',(-0.45,2.5,0.35));
#15248=CARTESIAN_POINT('',(-0.45,2.5,0.));
#15249=CARTESIAN_POINT('',(-0.7,2.5,0.35));
#15250=CARTESIAN_POINT('',(-0.7,2.5,0.35));
#15251=CARTESIAN_POINT('',(-0.7,2.5,0.));
#15252=CARTESIAN_POINT('',(-0.95,2.5,0.35));
#15253=CARTESIAN_POINT('',(-0.95,2.5,0.));
#15254=CARTESIAN_POINT('',(-1.2,2.5,0.35));
#15255=CARTESIAN_POINT('',(-1.2,2.5,0.35));
#15256=CARTESIAN_POINT('',(-1.2,2.5,0.));
#15257=CARTESIAN_POINT('',(-1.45,2.5,0.35));
#15258=CARTESIAN_POINT('',(-1.45,2.5,0.));
#15259=CARTESIAN_POINT('',(-1.7,2.5,0.35));
#15260=CARTESIAN_POINT('',(-1.7,2.5,0.35));
#15261=CARTESIAN_POINT('',(-1.7,2.5,0.));
#15262=CARTESIAN_POINT('',(2.5,2.5,0.));
#15263=CARTESIAN_POINT('Origin',(2.5,-2.5,0.));
#15264=CARTESIAN_POINT('',(2.5,-1.55,0.35));
#15265=CARTESIAN_POINT('',(2.5,-1.55,0.));
#15266=CARTESIAN_POINT('',(2.5,-1.3,0.35));
#15267=CARTESIAN_POINT('',(2.5,-1.3,0.35));
#15268=CARTESIAN_POINT('',(2.5,-1.3,0.));
#15269=CARTESIAN_POINT('',(2.5,-1.05,0.35));
#15270=CARTESIAN_POINT('',(2.5,-1.05,0.));
#15271=CARTESIAN_POINT('',(2.5,-0.8,0.35));
#15272=CARTESIAN_POINT('',(2.5,-0.8,0.35));
#15273=CARTESIAN_POINT('',(2.5,-0.8,0.));
#15274=CARTESIAN_POINT('',(2.5,-0.55,0.35));
#15275=CARTESIAN_POINT('',(2.5,-0.55,0.));
#15276=CARTESIAN_POINT('',(2.5,-0.3,0.35));
#15277=CARTESIAN_POINT('',(2.5,-0.3,0.35));
#15278=CARTESIAN_POINT('',(2.5,-0.3,0.));
#15279=CARTESIAN_POINT('',(2.5,-0.05,0.35));
#15280=CARTESIAN_POINT('',(2.5,-0.05,0.));
#15281=CARTESIAN_POINT('',(2.5,0.2,0.35));
#15282=CARTESIAN_POINT('',(2.5,0.2,0.35));
#15283=CARTESIAN_POINT('',(2.5,0.2,0.));
#15284=CARTESIAN_POINT('',(2.5,0.45,0.35));
#15285=CARTESIAN_POINT('',(2.5,0.45,0.));
#15286=CARTESIAN_POINT('',(2.5,0.7,0.35));
#15287=CARTESIAN_POINT('',(2.5,0.7,0.35));
#15288=CARTESIAN_POINT('',(2.5,0.7,0.));
#15289=CARTESIAN_POINT('',(2.5,0.95,0.35));
#15290=CARTESIAN_POINT('',(2.5,0.95,0.));
#15291=CARTESIAN_POINT('',(2.5,1.2,0.35));
#15292=CARTESIAN_POINT('',(2.5,1.2,0.35));
#15293=CARTESIAN_POINT('',(2.5,1.2,0.));
#15294=CARTESIAN_POINT('',(2.5,1.45,0.35));
#15295=CARTESIAN_POINT('',(2.5,1.45,0.));
#15296=CARTESIAN_POINT('',(2.5,1.7,0.35));
#15297=CARTESIAN_POINT('',(2.5,1.7,0.35));
#15298=CARTESIAN_POINT('',(2.5,1.7,0.));
#15299=CARTESIAN_POINT('Origin',(2.1,1.7,0.));
#15300=CARTESIAN_POINT('',(2.1,1.7,0.35));
#15301=CARTESIAN_POINT('',(2.1,1.7,0.));
#15302=CARTESIAN_POINT('',(2.1,1.7,0.35));
#15303=CARTESIAN_POINT('Origin',(2.1,1.45,0.));
#15304=CARTESIAN_POINT('',(2.1,1.45,0.35));
#15305=CARTESIAN_POINT('',(2.1,1.45,0.));
#15306=CARTESIAN_POINT('',(2.1,1.45,0.35));
#15307=CARTESIAN_POINT('Origin',(2.5,1.45,0.));
#15308=CARTESIAN_POINT('',(2.5,1.45,0.35));
#15309=CARTESIAN_POINT('Origin',(2.1,1.2,0.));
#15310=CARTESIAN_POINT('',(2.1,1.2,0.35));
#15311=CARTESIAN_POINT('',(2.1,1.2,0.));
#15312=CARTESIAN_POINT('',(2.1,1.2,0.35));
#15313=CARTESIAN_POINT('Origin',(2.1,0.95,0.));
#15314=CARTESIAN_POINT('',(2.1,0.95,0.35));
#15315=CARTESIAN_POINT('',(2.1,0.95,0.));
#15316=CARTESIAN_POINT('',(2.1,0.95,0.35));
#15317=CARTESIAN_POINT('Origin',(2.5,0.95,0.));
#15318=CARTESIAN_POINT('',(2.5,0.95,0.35));
#15319=CARTESIAN_POINT('Origin',(2.1,0.7,0.));
#15320=CARTESIAN_POINT('',(2.1,0.7,0.35));
#15321=CARTESIAN_POINT('',(2.1,0.7,0.));
#15322=CARTESIAN_POINT('',(2.1,0.7,0.35));
#15323=CARTESIAN_POINT('Origin',(2.1,0.45,0.));
#15324=CARTESIAN_POINT('',(2.1,0.45,0.35));
#15325=CARTESIAN_POINT('',(2.1,0.45,0.));
#15326=CARTESIAN_POINT('',(2.1,0.45,0.35));
#15327=CARTESIAN_POINT('Origin',(2.5,0.45,0.));
#15328=CARTESIAN_POINT('',(2.5,0.45,0.35));
#15329=CARTESIAN_POINT('Origin',(2.1,0.2,0.));
#15330=CARTESIAN_POINT('',(2.1,0.2,0.35));
#15331=CARTESIAN_POINT('',(2.1,0.2,0.));
#15332=CARTESIAN_POINT('',(2.1,0.2,0.35));
#15333=CARTESIAN_POINT('Origin',(2.1,-0.05,0.));
#15334=CARTESIAN_POINT('',(2.1,-0.05,0.35));
#15335=CARTESIAN_POINT('',(2.1,-0.05,0.));
#15336=CARTESIAN_POINT('',(2.1,-0.05,0.35));
#15337=CARTESIAN_POINT('Origin',(2.5,-0.05,0.));
#15338=CARTESIAN_POINT('',(2.5,-0.05,0.35));
#15339=CARTESIAN_POINT('Origin',(2.1,-0.3,0.));
#15340=CARTESIAN_POINT('',(2.1,-0.3,0.35));
#15341=CARTESIAN_POINT('',(2.1,-0.3,0.));
#15342=CARTESIAN_POINT('',(2.1,-0.3,0.35));
#15343=CARTESIAN_POINT('Origin',(2.1,-0.55,0.));
#15344=CARTESIAN_POINT('',(2.1,-0.55,0.35));
#15345=CARTESIAN_POINT('',(2.1,-0.55,0.));
#15346=CARTESIAN_POINT('',(2.1,-0.55,0.35));
#15347=CARTESIAN_POINT('Origin',(2.5,-0.55,0.));
#15348=CARTESIAN_POINT('',(2.5,-0.55,0.35));
#15349=CARTESIAN_POINT('Origin',(2.1,-0.8,0.));
#15350=CARTESIAN_POINT('',(2.1,-0.8,0.35));
#15351=CARTESIAN_POINT('',(2.1,-0.8,0.));
#15352=CARTESIAN_POINT('',(2.1,-0.8,0.35));
#15353=CARTESIAN_POINT('Origin',(2.1,-1.05,0.));
#15354=CARTESIAN_POINT('',(2.1,-1.05,0.35));
#15355=CARTESIAN_POINT('',(2.1,-1.05,0.));
#15356=CARTESIAN_POINT('',(2.1,-1.05,0.35));
#15357=CARTESIAN_POINT('Origin',(2.5,-1.05,0.));
#15358=CARTESIAN_POINT('',(2.5,-1.05,0.35));
#15359=CARTESIAN_POINT('Origin',(2.1,-1.3,0.));
#15360=CARTESIAN_POINT('',(2.1,-1.3,0.35));
#15361=CARTESIAN_POINT('',(2.1,-1.3,0.));
#15362=CARTESIAN_POINT('',(2.1,-1.3,0.35));
#15363=CARTESIAN_POINT('Origin',(2.1,-1.55,0.));
#15364=CARTESIAN_POINT('',(2.1,-1.55,0.35));
#15365=CARTESIAN_POINT('',(2.1,-1.55,0.));
#15366=CARTESIAN_POINT('',(2.1,-1.55,0.35));
#15367=CARTESIAN_POINT('Origin',(2.5,-1.55,0.));
#15368=CARTESIAN_POINT('',(2.5,-1.55,0.35));
#15369=CARTESIAN_POINT('Origin',(1.7,-2.1,0.));
#15370=CARTESIAN_POINT('',(1.7,-2.1,0.35));
#15371=CARTESIAN_POINT('',(1.7,-2.1,0.));
#15372=CARTESIAN_POINT('',(1.7,-2.1,0.35));
#15373=CARTESIAN_POINT('Origin',(1.45,-2.1,0.));
#15374=CARTESIAN_POINT('',(1.45,-2.1,0.35));
#15375=CARTESIAN_POINT('',(1.45,-2.1,0.));
#15376=CARTESIAN_POINT('',(1.45,-2.1,0.35));
#15377=CARTESIAN_POINT('Origin',(1.45,-2.5,0.));
#15378=CARTESIAN_POINT('',(1.45,-2.5,0.35));
#15379=CARTESIAN_POINT('Origin',(1.2,-2.1,0.));
#15380=CARTESIAN_POINT('',(1.2,-2.1,0.35));
#15381=CARTESIAN_POINT('',(1.2,-2.1,0.));
#15382=CARTESIAN_POINT('',(1.2,-2.1,0.35));
#15383=CARTESIAN_POINT('Origin',(0.95,-2.1,0.));
#15384=CARTESIAN_POINT('',(0.95,-2.1,0.35));
#15385=CARTESIAN_POINT('',(0.95,-2.1,0.));
#15386=CARTESIAN_POINT('',(0.95,-2.1,0.35));
#15387=CARTESIAN_POINT('Origin',(0.95,-2.5,0.));
#15388=CARTESIAN_POINT('',(0.95,-2.5,0.35));
#15389=CARTESIAN_POINT('Origin',(0.7,-2.1,0.));
#15390=CARTESIAN_POINT('',(0.7,-2.1,0.35));
#15391=CARTESIAN_POINT('',(0.7,-2.1,0.));
#15392=CARTESIAN_POINT('',(0.7,-2.1,0.35));
#15393=CARTESIAN_POINT('Origin',(0.45,-2.1,0.));
#15394=CARTESIAN_POINT('',(0.45,-2.1,0.35));
#15395=CARTESIAN_POINT('',(0.45,-2.1,0.));
#15396=CARTESIAN_POINT('',(0.45,-2.1,0.35));
#15397=CARTESIAN_POINT('Origin',(0.45,-2.5,0.));
#15398=CARTESIAN_POINT('',(0.45,-2.5,0.35));
#15399=CARTESIAN_POINT('Origin',(0.2,-2.1,0.));
#15400=CARTESIAN_POINT('',(0.2,-2.1,0.35));
#15401=CARTESIAN_POINT('',(0.2,-2.1,0.));
#15402=CARTESIAN_POINT('',(0.2,-2.1,0.35));
#15403=CARTESIAN_POINT('Origin',(-0.05,-2.1,0.));
#15404=CARTESIAN_POINT('',(-0.05,-2.1,0.35));
#15405=CARTESIAN_POINT('',(-0.05,-2.1,0.));
#15406=CARTESIAN_POINT('',(-0.05,-2.1,0.35));
#15407=CARTESIAN_POINT('Origin',(-0.05,-2.5,0.));
#15408=CARTESIAN_POINT('',(-0.05,-2.5,0.35));
#15409=CARTESIAN_POINT('Origin',(-0.3,-2.1,0.));
#15410=CARTESIAN_POINT('',(-0.3,-2.1,0.35));
#15411=CARTESIAN_POINT('',(-0.3,-2.1,0.));
#15412=CARTESIAN_POINT('',(-0.3,-2.1,0.35));
#15413=CARTESIAN_POINT('Origin',(-0.55,-2.1,0.));
#15414=CARTESIAN_POINT('',(-0.55,-2.1,0.35));
#15415=CARTESIAN_POINT('',(-0.55,-2.1,0.));
#15416=CARTESIAN_POINT('',(-0.55,-2.1,0.35));
#15417=CARTESIAN_POINT('Origin',(-0.55,-2.5,0.));
#15418=CARTESIAN_POINT('',(-0.55,-2.5,0.35));
#15419=CARTESIAN_POINT('Origin',(-0.8,-2.1,0.));
#15420=CARTESIAN_POINT('',(-0.8,-2.1,0.35));
#15421=CARTESIAN_POINT('',(-0.8,-2.1,0.));
#15422=CARTESIAN_POINT('',(-0.8,-2.1,0.35));
#15423=CARTESIAN_POINT('Origin',(-1.05,-2.1,0.));
#15424=CARTESIAN_POINT('',(-1.05,-2.1,0.35));
#15425=CARTESIAN_POINT('',(-1.05,-2.1,0.));
#15426=CARTESIAN_POINT('',(-1.05,-2.1,0.35));
#15427=CARTESIAN_POINT('Origin',(-1.05,-2.5,0.));
#15428=CARTESIAN_POINT('',(-1.05,-2.5,0.35));
#15429=CARTESIAN_POINT('Origin',(-1.3,-2.1,0.));
#15430=CARTESIAN_POINT('',(-1.3,-2.1,0.35));
#15431=CARTESIAN_POINT('',(-1.3,-2.1,0.));
#15432=CARTESIAN_POINT('',(-1.3,-2.1,0.35));
#15433=CARTESIAN_POINT('Origin',(-1.55,-2.1,0.));
#15434=CARTESIAN_POINT('',(-1.55,-2.1,0.35));
#15435=CARTESIAN_POINT('',(-1.55,-2.1,0.));
#15436=CARTESIAN_POINT('',(-1.55,-2.1,0.35));
#15437=CARTESIAN_POINT('Origin',(-1.55,-2.5,0.));
#15438=CARTESIAN_POINT('',(-1.55,-2.5,0.35));
#15439=CARTESIAN_POINT('Origin',(-2.1,-1.45,0.));
#15440=CARTESIAN_POINT('Origin',(-2.1,-0.95,0.));
#15441=CARTESIAN_POINT('Origin',(-2.1,-0.45,0.));
#15442=CARTESIAN_POINT('Origin',(-2.1,0.05,0.));
#15443=CARTESIAN_POINT('Origin',(-2.1,0.55,0.));
#15444=CARTESIAN_POINT('Origin',(-2.1,1.05,0.));
#15445=CARTESIAN_POINT('Origin',(-2.1,1.55,0.));
#15446=CARTESIAN_POINT('Origin',(-1.7,2.1,0.));
#15447=CARTESIAN_POINT('',(-1.7,2.1,0.35));
#15448=CARTESIAN_POINT('',(-1.7,2.1,0.));
#15449=CARTESIAN_POINT('',(-1.7,2.1,0.35));
#15450=CARTESIAN_POINT('Origin',(-1.45,2.1,0.));
#15451=CARTESIAN_POINT('',(-1.45,2.1,0.35));
#15452=CARTESIAN_POINT('',(-1.45,2.1,0.));
#15453=CARTESIAN_POINT('',(-1.45,2.1,0.35));
#15454=CARTESIAN_POINT('Origin',(-1.45,2.5,0.));
#15455=CARTESIAN_POINT('',(-1.45,2.5,0.35));
#15456=CARTESIAN_POINT('Origin',(-1.2,2.1,0.));
#15457=CARTESIAN_POINT('',(-1.2,2.1,0.35));
#15458=CARTESIAN_POINT('',(-1.2,2.1,0.));
#15459=CARTESIAN_POINT('',(-1.2,2.1,0.35));
#15460=CARTESIAN_POINT('Origin',(-0.95,2.1,0.));
#15461=CARTESIAN_POINT('',(-0.95,2.1,0.35));
#15462=CARTESIAN_POINT('',(-0.95,2.1,0.));
#15463=CARTESIAN_POINT('',(-0.95,2.1,0.35));
#15464=CARTESIAN_POINT('Origin',(-0.95,2.5,0.));
#15465=CARTESIAN_POINT('',(-0.95,2.5,0.35));
#15466=CARTESIAN_POINT('Origin',(-0.7,2.1,0.));
#15467=CARTESIAN_POINT('',(-0.7,2.1,0.35));
#15468=CARTESIAN_POINT('',(-0.7,2.1,0.));
#15469=CARTESIAN_POINT('',(-0.7,2.1,0.35));
#15470=CARTESIAN_POINT('Origin',(-0.45,2.1,0.));
#15471=CARTESIAN_POINT('',(-0.45,2.1,0.35));
#15472=CARTESIAN_POINT('',(-0.45,2.1,0.));
#15473=CARTESIAN_POINT('',(-0.45,2.1,0.35));
#15474=CARTESIAN_POINT('Origin',(-0.45,2.5,0.));
#15475=CARTESIAN_POINT('',(-0.45,2.5,0.35));
#15476=CARTESIAN_POINT('Origin',(-0.2,2.1,0.));
#15477=CARTESIAN_POINT('',(-0.2,2.1,0.35));
#15478=CARTESIAN_POINT('',(-0.2,2.1,0.));
#15479=CARTESIAN_POINT('',(-0.2,2.1,0.35));
#15480=CARTESIAN_POINT('Origin',(0.05,2.1,0.));
#15481=CARTESIAN_POINT('',(0.05,2.1,0.35));
#15482=CARTESIAN_POINT('',(0.05,2.1,0.));
#15483=CARTESIAN_POINT('',(0.05,2.1,0.35));
#15484=CARTESIAN_POINT('Origin',(0.05,2.5,0.));
#15485=CARTESIAN_POINT('',(0.05,2.5,0.35));
#15486=CARTESIAN_POINT('Origin',(0.3,2.1,0.));
#15487=CARTESIAN_POINT('',(0.3,2.1,0.35));
#15488=CARTESIAN_POINT('',(0.3,2.1,0.));
#15489=CARTESIAN_POINT('',(0.3,2.1,0.35));
#15490=CARTESIAN_POINT('Origin',(0.55,2.1,0.));
#15491=CARTESIAN_POINT('',(0.55,2.1,0.35));
#15492=CARTESIAN_POINT('',(0.55,2.1,0.));
#15493=CARTESIAN_POINT('',(0.55,2.1,0.35));
#15494=CARTESIAN_POINT('Origin',(0.55,2.5,0.));
#15495=CARTESIAN_POINT('',(0.55,2.5,0.35));
#15496=CARTESIAN_POINT('Origin',(0.8,2.1,0.));
#15497=CARTESIAN_POINT('',(0.8,2.1,0.35));
#15498=CARTESIAN_POINT('',(0.8,2.1,0.));
#15499=CARTESIAN_POINT('',(0.8,2.1,0.35));
#15500=CARTESIAN_POINT('Origin',(1.05,2.1,0.));
#15501=CARTESIAN_POINT('',(1.05,2.1,0.35));
#15502=CARTESIAN_POINT('',(1.05,2.1,0.));
#15503=CARTESIAN_POINT('',(1.05,2.1,0.35));
#15504=CARTESIAN_POINT('Origin',(1.05,2.5,0.));
#15505=CARTESIAN_POINT('',(1.05,2.5,0.35));
#15506=CARTESIAN_POINT('Origin',(1.3,2.1,0.));
#15507=CARTESIAN_POINT('',(1.3,2.1,0.35));
#15508=CARTESIAN_POINT('',(1.3,2.1,0.));
#15509=CARTESIAN_POINT('',(1.3,2.1,0.35));
#15510=CARTESIAN_POINT('Origin',(1.55,2.1,0.));
#15511=CARTESIAN_POINT('',(1.55,2.1,0.35));
#15512=CARTESIAN_POINT('',(1.55,2.1,0.));
#15513=CARTESIAN_POINT('',(1.55,2.1,0.35));
#15514=CARTESIAN_POINT('Origin',(1.55,2.5,0.));
#15515=CARTESIAN_POINT('',(1.55,2.5,0.35));
#15516=CARTESIAN_POINT('Origin',(-1.425,-2.3,0.35));
#15517=CARTESIAN_POINT('Origin',(-0.925,-2.3,0.35));
#15518=CARTESIAN_POINT('Origin',(-0.425,-2.3,0.35));
#15519=CARTESIAN_POINT('Origin',(0.075,-2.3,0.35));
#15520=CARTESIAN_POINT('Origin',(0.575,-2.3,0.35));
#15521=CARTESIAN_POINT('Origin',(1.075,-2.3,0.35));
#15522=CARTESIAN_POINT('Origin',(1.575,-2.3,0.35));
#15523=CARTESIAN_POINT('Origin',(1.770966,1.840222,0.85));
#15524=CARTESIAN_POINT('',(1.620966,1.840222,0.65));
#15525=CARTESIAN_POINT('Origin',(1.770966,1.840222,0.65));
#15526=CARTESIAN_POINT('',(1.620966,1.840222,0.85));
#15527=CARTESIAN_POINT('Origin',(1.425,2.3,0.35));
#15528=CARTESIAN_POINT('Origin',(0.925,2.3,0.35));
#15529=CARTESIAN_POINT('Origin',(0.425,2.3,0.35));
#15530=CARTESIAN_POINT('Origin',(-0.075,2.3,0.35));
#15531=CARTESIAN_POINT('Origin',(-0.575,2.3,0.35));
#15532=CARTESIAN_POINT('Origin',(-1.075,2.3,0.35));
#15533=CARTESIAN_POINT('Origin',(-1.575,2.3,0.35));
#15534=CARTESIAN_POINT('Origin',(2.3,-1.425,0.35));
#15535=CARTESIAN_POINT('Origin',(2.3,-0.925,0.35));
#15536=CARTESIAN_POINT('Origin',(2.3,-0.425,0.35));
#15537=CARTESIAN_POINT('Origin',(2.3,0.075,0.35));
#15538=CARTESIAN_POINT('Origin',(2.3,0.575,0.35));
#15539=CARTESIAN_POINT('Origin',(2.3,1.075,0.35));
#15540=CARTESIAN_POINT('Origin',(2.3,1.575,0.35));
#15541=CARTESIAN_POINT('Origin',(1.770966,1.840222,0.65));
#15542=CARTESIAN_POINT('',(0.,0.,0.));
#15543=CARTESIAN_POINT('',(0.,0.,0.));
#15544=CARTESIAN_POINT('',(0.,0.,0.));
#15545=CARTESIAN_POINT('Origin',(-0.375,0.125,0.));
#15546=CARTESIAN_POINT('',(-0.375,0.125,0.));
#15547=CARTESIAN_POINT('',(-0.375,0.125,0.35));
#15548=CARTESIAN_POINT('',(-0.375,0.125,0.));
#15549=CARTESIAN_POINT('',(-0.375,-0.125,0.));
#15550=CARTESIAN_POINT('',(-0.375,0.125,0.));
#15551=CARTESIAN_POINT('',(-0.375,-0.125,0.35));
#15552=CARTESIAN_POINT('',(-0.375,-0.125,0.));
#15553=CARTESIAN_POINT('',(-0.375,0.125,0.35));
#15554=CARTESIAN_POINT('Origin',(0.375,0.125,0.));
#15555=CARTESIAN_POINT('',(0.375,0.125,0.));
#15556=CARTESIAN_POINT('',(0.375,0.125,0.));
#15557=CARTESIAN_POINT('',(0.025,0.125,0.35));
#15558=CARTESIAN_POINT('',(0.375,0.125,0.35));
#15559=CARTESIAN_POINT('',(0.375,0.125,0.05));
#15560=CARTESIAN_POINT('Origin',(0.399698879829,0.125,0.432982026467));
#15561=CARTESIAN_POINT('',(0.375,0.125,0.));
#15562=CARTESIAN_POINT('Origin',(-0.375,-0.125,0.));
#15563=CARTESIAN_POINT('',(0.375,-0.125,0.));
#15564=CARTESIAN_POINT('',(-0.375,-0.125,0.));
#15565=CARTESIAN_POINT('',(0.375,-0.125,0.05));
#15566=CARTESIAN_POINT('',(0.375,-0.125,0.));
#15567=CARTESIAN_POINT('',(0.025,-0.125,0.35));
#15568=CARTESIAN_POINT('Origin',(0.399698879829,-0.125,0.432982026467));
#15569=CARTESIAN_POINT('',(-0.375,-0.125,0.35));
#15570=CARTESIAN_POINT('Origin',(0.,0.,0.));
#15571=CARTESIAN_POINT('',(0.375,-0.125,0.));
#15572=CARTESIAN_POINT('Origin',(0.,0.,0.35));
#15573=CARTESIAN_POINT('',(0.025,-0.125,0.35));
#15574=CARTESIAN_POINT('Origin',(0.399698879829,-0.125,0.432982026467));
#15575=CARTESIAN_POINT('',(0.375,-0.125,0.05));
#15576=CARTESIAN_POINT('Origin',(0.375,-0.125,0.));
#15577=CARTESIAN_POINT('',(2.475,1.575,0.));
#15578=CARTESIAN_POINT('',(2.475,1.075,0.));
#15579=CARTESIAN_POINT('',(2.475,0.575,0.));
#15580=CARTESIAN_POINT('',(2.475,0.075,0.));
#15581=CARTESIAN_POINT('',(2.475,-0.425,0.));
#15582=CARTESIAN_POINT('',(2.475,-0.925,0.));
#15583=CARTESIAN_POINT('',(2.475,-1.425,0.));
#15584=CARTESIAN_POINT('',(0.,0.,0.));
#15585=CARTESIAN_POINT('',(0.,0.,0.));
#15586=CARTESIAN_POINT('',(0.,0.,0.));
#15587=CARTESIAN_POINT('',(0.,0.,0.));
#15588=CARTESIAN_POINT('',(0.,0.,0.));
#15589=CARTESIAN_POINT('',(0.,0.,0.));
#15590=CARTESIAN_POINT('',(0.,0.,0.));
#15591=CARTESIAN_POINT('',(0.,0.,0.));
#15592=CARTESIAN_POINT('Origin',(-0.6,0.4,0.));
#15593=CARTESIAN_POINT('',(-0.6,0.4,0.));
#15594=CARTESIAN_POINT('',(-0.6,0.4,0.5));
#15595=CARTESIAN_POINT('',(-0.6,0.4,0.));
#15596=CARTESIAN_POINT('',(0.6,0.4,0.5));
#15597=CARTESIAN_POINT('',(-0.6,0.4,0.5));
#15598=CARTESIAN_POINT('',(0.6,0.4,0.));
#15599=CARTESIAN_POINT('',(0.6,0.4,0.));
#15600=CARTESIAN_POINT('',(-0.6,0.4,0.));
#15601=CARTESIAN_POINT('Origin',(0.6,0.4,0.));
#15602=CARTESIAN_POINT('',(0.6,-0.4,0.5));
#15603=CARTESIAN_POINT('',(0.6,0.4,0.5));
#15604=CARTESIAN_POINT('',(0.6,-0.4,0.));
#15605=CARTESIAN_POINT('',(0.6,-0.4,0.));
#15606=CARTESIAN_POINT('',(0.6,0.4,0.));
#15607=CARTESIAN_POINT('Origin',(0.6,-0.4,0.));
#15608=CARTESIAN_POINT('',(-0.6,-0.4,0.5));
#15609=CARTESIAN_POINT('',(0.6,-0.4,0.5));
#15610=CARTESIAN_POINT('',(-0.6,-0.4,0.));
#15611=CARTESIAN_POINT('',(-0.6,-0.4,0.));
#15612=CARTESIAN_POINT('',(0.6,-0.4,0.));
#15613=CARTESIAN_POINT('Origin',(-0.6,-0.4,0.));
#15614=CARTESIAN_POINT('',(-0.6,-0.4,0.5));
#15615=CARTESIAN_POINT('',(-0.6,-0.4,0.));
#15616=CARTESIAN_POINT('Origin',(0.,0.,0.));
#15617=CARTESIAN_POINT('Origin',(0.,0.,0.5));
#15618=CARTESIAN_POINT('',(0.,0.,0.));
#15619=CARTESIAN_POINT('Origin',(-0.6,0.4,0.));
#15620=CARTESIAN_POINT('',(-0.6,0.4,0.));
#15621=CARTESIAN_POINT('',(-0.6,0.4,0.5));
#15622=CARTESIAN_POINT('',(-0.6,0.4,0.));
#15623=CARTESIAN_POINT('',(-0.8,0.4,0.));
#15624=CARTESIAN_POINT('',(-0.6,0.4,0.));
#15625=CARTESIAN_POINT('',(-0.8,0.4,0.5));
#15626=CARTESIAN_POINT('',(-0.8,0.4,0.));
#15627=CARTESIAN_POINT('',(-0.6,0.4,0.5));
#15628=CARTESIAN_POINT('Origin',(-0.8,0.4,0.));
#15629=CARTESIAN_POINT('',(-0.8,-0.4,0.));
#15630=CARTESIAN_POINT('',(-0.8,0.4,0.));
#15631=CARTESIAN_POINT('',(-0.8,-0.4,0.5));
#15632=CARTESIAN_POINT('',(-0.8,-0.4,0.));
#15633=CARTESIAN_POINT('',(-0.8,0.4,0.5));
#15634=CARTESIAN_POINT('Origin',(-0.8,-0.4,0.));
#15635=CARTESIAN_POINT('',(-0.6,-0.4,0.));
#15636=CARTESIAN_POINT('',(-0.8,-0.4,0.));
#15637=CARTESIAN_POINT('',(-0.6,-0.4,0.5));
#15638=CARTESIAN_POINT('',(-0.6,-0.4,0.));
#15639=CARTESIAN_POINT('',(-0.8,-0.4,0.5));
#15640=CARTESIAN_POINT('Origin',(-0.6,-0.4,0.));
#15641=CARTESIAN_POINT('',(-0.6,-0.4,0.));
#15642=CARTESIAN_POINT('',(-0.6,-0.4,0.5));
#15643=CARTESIAN_POINT('Origin',(-0.7,0.,0.));
#15644=CARTESIAN_POINT('Origin',(-0.7,0.,0.5));
#15645=CARTESIAN_POINT('',(0.,0.,0.));
#15646=CARTESIAN_POINT('',(0.,0.,0.));
#15647=CARTESIAN_POINT('',(0.,0.,0.));
#15648=CARTESIAN_POINT('',(0.,0.,0.));
#15649=CARTESIAN_POINT('Origin',(-0.6,0.4,0.));
#15650=CARTESIAN_POINT('',(-0.6,0.4,0.));
#15651=CARTESIAN_POINT('',(-0.6,0.4,0.5));
#15652=CARTESIAN_POINT('',(-0.6,0.4,0.));
#15653=CARTESIAN_POINT('',(0.6,0.4,0.5));
#15654=CARTESIAN_POINT('',(-0.6,0.4,0.5));
#15655=CARTESIAN_POINT('',(0.6,0.4,0.));
#15656=CARTESIAN_POINT('',(0.6,0.4,0.));
#15657=CARTESIAN_POINT('',(-0.6,0.4,0.));
#15658=CARTESIAN_POINT('Origin',(0.6,0.4,0.));
#15659=CARTESIAN_POINT('',(0.6,-0.4,0.5));
#15660=CARTESIAN_POINT('',(0.6,0.4,0.5));
#15661=CARTESIAN_POINT('',(0.6,-0.4,0.));
#15662=CARTESIAN_POINT('',(0.6,-0.4,0.));
#15663=CARTESIAN_POINT('',(0.6,0.4,0.));
#15664=CARTESIAN_POINT('Origin',(0.6,-0.4,0.));
#15665=CARTESIAN_POINT('',(-0.6,-0.4,0.5));
#15666=CARTESIAN_POINT('',(0.6,-0.4,0.5));
#15667=CARTESIAN_POINT('',(-0.6,-0.4,0.));
#15668=CARTESIAN_POINT('',(-0.6,-0.4,0.));
#15669=CARTESIAN_POINT('',(0.6,-0.4,0.));
#15670=CARTESIAN_POINT('Origin',(-0.6,-0.4,0.));
#15671=CARTESIAN_POINT('',(-0.6,-0.4,0.5));
#15672=CARTESIAN_POINT('',(-0.6,-0.4,0.));
#15673=CARTESIAN_POINT('Origin',(0.,0.,0.));
#15674=CARTESIAN_POINT('Origin',(0.,0.,0.5));
#15675=CARTESIAN_POINT('',(0.,0.,0.));
#15676=CARTESIAN_POINT('Origin',(-0.6,0.4,0.));
#15677=CARTESIAN_POINT('',(-0.6,0.4,0.));
#15678=CARTESIAN_POINT('',(-0.6,0.4,0.5));
#15679=CARTESIAN_POINT('',(-0.6,0.4,0.));
#15680=CARTESIAN_POINT('',(-0.8,0.4,0.));
#15681=CARTESIAN_POINT('',(-0.6,0.4,0.));
#15682=CARTESIAN_POINT('',(-0.8,0.4,0.5));
#15683=CARTESIAN_POINT('',(-0.8,0.4,0.));
#15684=CARTESIAN_POINT('',(-0.6,0.4,0.5));
#15685=CARTESIAN_POINT('Origin',(-0.8,0.4,0.));
#15686=CARTESIAN_POINT('',(-0.8,-0.4,0.));
#15687=CARTESIAN_POINT('',(-0.8,0.4,0.));
#15688=CARTESIAN_POINT('',(-0.8,-0.4,0.5));
#15689=CARTESIAN_POINT('',(-0.8,-0.4,0.));
#15690=CARTESIAN_POINT('',(-0.8,0.4,0.5));
#15691=CARTESIAN_POINT('Origin',(-0.8,-0.4,0.));
#15692=CARTESIAN_POINT('',(-0.6,-0.4,0.));
#15693=CARTESIAN_POINT('',(-0.8,-0.4,0.));
#15694=CARTESIAN_POINT('',(-0.6,-0.4,0.5));
#15695=CARTESIAN_POINT('',(-0.6,-0.4,0.));
#15696=CARTESIAN_POINT('',(-0.8,-0.4,0.5));
#15697=CARTESIAN_POINT('Origin',(-0.6,-0.4,0.));
#15698=CARTESIAN_POINT('',(-0.6,-0.4,0.));
#15699=CARTESIAN_POINT('',(-0.6,-0.4,0.5));
#15700=CARTESIAN_POINT('Origin',(-0.7,0.,0.));
#15701=CARTESIAN_POINT('Origin',(-0.7,0.,0.5));
#15702=CARTESIAN_POINT('',(0.,0.,0.));
#15703=CARTESIAN_POINT('',(0.,0.,0.));
#15704=CARTESIAN_POINT('',(0.,0.,0.));
#15705=CARTESIAN_POINT('',(0.,0.,0.));
#15706=CARTESIAN_POINT('Origin',(-0.6,0.4,0.));
#15707=CARTESIAN_POINT('',(-0.6,0.4,0.));
#15708=CARTESIAN_POINT('',(-0.6,0.4,0.5));
#15709=CARTESIAN_POINT('',(-0.6,0.4,0.));
#15710=CARTESIAN_POINT('',(0.6,0.4,0.5));
#15711=CARTESIAN_POINT('',(-0.6,0.4,0.5));
#15712=CARTESIAN_POINT('',(0.6,0.4,0.));
#15713=CARTESIAN_POINT('',(0.6,0.4,0.));
#15714=CARTESIAN_POINT('',(-0.6,0.4,0.));
#15715=CARTESIAN_POINT('Origin',(0.6,0.4,0.));
#15716=CARTESIAN_POINT('',(0.6,-0.4,0.5));
#15717=CARTESIAN_POINT('',(0.6,0.4,0.5));
#15718=CARTESIAN_POINT('',(0.6,-0.4,0.));
#15719=CARTESIAN_POINT('',(0.6,-0.4,0.));
#15720=CARTESIAN_POINT('',(0.6,0.4,0.));
#15721=CARTESIAN_POINT('Origin',(0.6,-0.4,0.));
#15722=CARTESIAN_POINT('',(-0.6,-0.4,0.5));
#15723=CARTESIAN_POINT('',(0.6,-0.4,0.5));
#15724=CARTESIAN_POINT('',(-0.6,-0.4,0.));
#15725=CARTESIAN_POINT('',(-0.6,-0.4,0.));
#15726=CARTESIAN_POINT('',(0.6,-0.4,0.));
#15727=CARTESIAN_POINT('Origin',(-0.6,-0.4,0.));
#15728=CARTESIAN_POINT('',(-0.6,-0.4,0.5));
#15729=CARTESIAN_POINT('',(-0.6,-0.4,0.));
#15730=CARTESIAN_POINT('Origin',(0.,0.,0.));
#15731=CARTESIAN_POINT('Origin',(0.,0.,0.5));
#15732=CARTESIAN_POINT('',(0.,0.,0.));
#15733=CARTESIAN_POINT('Origin',(-0.6,0.4,0.));
#15734=CARTESIAN_POINT('',(-0.6,0.4,0.));
#15735=CARTESIAN_POINT('',(-0.6,0.4,0.5));
#15736=CARTESIAN_POINT('',(-0.6,0.4,0.));
#15737=CARTESIAN_POINT('',(-0.8,0.4,0.));
#15738=CARTESIAN_POINT('',(-0.6,0.4,0.));
#15739=CARTESIAN_POINT('',(-0.8,0.4,0.5));
#15740=CARTESIAN_POINT('',(-0.8,0.4,0.));
#15741=CARTESIAN_POINT('',(-0.6,0.4,0.5));
#15742=CARTESIAN_POINT('Origin',(-0.8,0.4,0.));
#15743=CARTESIAN_POINT('',(-0.8,-0.4,0.));
#15744=CARTESIAN_POINT('',(-0.8,0.4,0.));
#15745=CARTESIAN_POINT('',(-0.8,-0.4,0.5));
#15746=CARTESIAN_POINT('',(-0.8,-0.4,0.));
#15747=CARTESIAN_POINT('',(-0.8,0.4,0.5));
#15748=CARTESIAN_POINT('Origin',(-0.8,-0.4,0.));
#15749=CARTESIAN_POINT('',(-0.6,-0.4,0.));
#15750=CARTESIAN_POINT('',(-0.8,-0.4,0.));
#15751=CARTESIAN_POINT('',(-0.6,-0.4,0.5));
#15752=CARTESIAN_POINT('',(-0.6,-0.4,0.));
#15753=CARTESIAN_POINT('',(-0.8,-0.4,0.5));
#15754=CARTESIAN_POINT('Origin',(-0.6,-0.4,0.));
#15755=CARTESIAN_POINT('',(-0.6,-0.4,0.));
#15756=CARTESIAN_POINT('',(-0.6,-0.4,0.5));
#15757=CARTESIAN_POINT('Origin',(-0.7,0.,0.));
#15758=CARTESIAN_POINT('Origin',(-0.7,0.,0.5));
#15759=CARTESIAN_POINT('',(0.,0.,0.));
#15760=CARTESIAN_POINT('',(0.,0.,0.));
#15761=CARTESIAN_POINT('',(0.,0.,0.));
#15762=CARTESIAN_POINT('',(0.,0.,0.));
#15763=CARTESIAN_POINT('Origin',(-0.6,0.4,0.));
#15764=CARTESIAN_POINT('',(-0.6,0.4,0.));
#15765=CARTESIAN_POINT('',(-0.6,0.4,0.5));
#15766=CARTESIAN_POINT('',(-0.6,0.4,0.));
#15767=CARTESIAN_POINT('',(0.6,0.4,0.5));
#15768=CARTESIAN_POINT('',(-0.6,0.4,0.5));
#15769=CARTESIAN_POINT('',(0.6,0.4,0.));
#15770=CARTESIAN_POINT('',(0.6,0.4,0.));
#15771=CARTESIAN_POINT('',(-0.6,0.4,0.));
#15772=CARTESIAN_POINT('Origin',(0.6,0.4,0.));
#15773=CARTESIAN_POINT('',(0.6,-0.4,0.5));
#15774=CARTESIAN_POINT('',(0.6,0.4,0.5));
#15775=CARTESIAN_POINT('',(0.6,-0.4,0.));
#15776=CARTESIAN_POINT('',(0.6,-0.4,0.));
#15777=CARTESIAN_POINT('',(0.6,0.4,0.));
#15778=CARTESIAN_POINT('Origin',(0.6,-0.4,0.));
#15779=CARTESIAN_POINT('',(-0.6,-0.4,0.5));
#15780=CARTESIAN_POINT('',(0.6,-0.4,0.5));
#15781=CARTESIAN_POINT('',(-0.6,-0.4,0.));
#15782=CARTESIAN_POINT('',(-0.6,-0.4,0.));
#15783=CARTESIAN_POINT('',(0.6,-0.4,0.));
#15784=CARTESIAN_POINT('Origin',(-0.6,-0.4,0.));
#15785=CARTESIAN_POINT('',(-0.6,-0.4,0.5));
#15786=CARTESIAN_POINT('',(-0.6,-0.4,0.));
#15787=CARTESIAN_POINT('Origin',(0.,0.,0.));
#15788=CARTESIAN_POINT('Origin',(0.,0.,0.5));
#15789=CARTESIAN_POINT('',(0.,0.,0.));
#15790=CARTESIAN_POINT('Origin',(-0.6,0.4,0.));
#15791=CARTESIAN_POINT('',(-0.6,0.4,0.));
#15792=CARTESIAN_POINT('',(-0.6,0.4,0.5));
#15793=CARTESIAN_POINT('',(-0.6,0.4,0.));
#15794=CARTESIAN_POINT('',(-0.8,0.4,0.));
#15795=CARTESIAN_POINT('',(-0.6,0.4,0.));
#15796=CARTESIAN_POINT('',(-0.8,0.4,0.5));
#15797=CARTESIAN_POINT('',(-0.8,0.4,0.));
#15798=CARTESIAN_POINT('',(-0.6,0.4,0.5));
#15799=CARTESIAN_POINT('Origin',(-0.8,0.4,0.));
#15800=CARTESIAN_POINT('',(-0.8,-0.4,0.));
#15801=CARTESIAN_POINT('',(-0.8,0.4,0.));
#15802=CARTESIAN_POINT('',(-0.8,-0.4,0.5));
#15803=CARTESIAN_POINT('',(-0.8,-0.4,0.));
#15804=CARTESIAN_POINT('',(-0.8,0.4,0.5));
#15805=CARTESIAN_POINT('Origin',(-0.8,-0.4,0.));
#15806=CARTESIAN_POINT('',(-0.6,-0.4,0.));
#15807=CARTESIAN_POINT('',(-0.8,-0.4,0.));
#15808=CARTESIAN_POINT('',(-0.6,-0.4,0.5));
#15809=CARTESIAN_POINT('',(-0.6,-0.4,0.));
#15810=CARTESIAN_POINT('',(-0.8,-0.4,0.5));
#15811=CARTESIAN_POINT('Origin',(-0.6,-0.4,0.));
#15812=CARTESIAN_POINT('',(-0.6,-0.4,0.));
#15813=CARTESIAN_POINT('',(-0.6,-0.4,0.5));
#15814=CARTESIAN_POINT('Origin',(-0.7,0.,0.));
#15815=CARTESIAN_POINT('Origin',(-0.7,0.,0.5));
#15816=CARTESIAN_POINT('',(0.,0.,0.));
#15817=CARTESIAN_POINT('',(0.,0.,0.));
#15818=CARTESIAN_POINT('',(0.,0.,0.));
#15819=CARTESIAN_POINT('',(0.,0.,0.));
#15820=CARTESIAN_POINT('Origin',(-0.6,0.4,0.));
#15821=CARTESIAN_POINT('',(-0.6,0.4,0.));
#15822=CARTESIAN_POINT('',(-0.6,0.4,0.5));
#15823=CARTESIAN_POINT('',(-0.6,0.4,0.));
#15824=CARTESIAN_POINT('',(0.6,0.4,0.5));
#15825=CARTESIAN_POINT('',(-0.6,0.4,0.5));
#15826=CARTESIAN_POINT('',(0.6,0.4,0.));
#15827=CARTESIAN_POINT('',(0.6,0.4,0.));
#15828=CARTESIAN_POINT('',(-0.6,0.4,0.));
#15829=CARTESIAN_POINT('Origin',(0.6,0.4,0.));
#15830=CARTESIAN_POINT('',(0.6,-0.4,0.5));
#15831=CARTESIAN_POINT('',(0.6,0.4,0.5));
#15832=CARTESIAN_POINT('',(0.6,-0.4,0.));
#15833=CARTESIAN_POINT('',(0.6,-0.4,0.));
#15834=CARTESIAN_POINT('',(0.6,0.4,0.));
#15835=CARTESIAN_POINT('Origin',(0.6,-0.4,0.));
#15836=CARTESIAN_POINT('',(-0.6,-0.4,0.5));
#15837=CARTESIAN_POINT('',(0.6,-0.4,0.5));
#15838=CARTESIAN_POINT('',(-0.6,-0.4,0.));
#15839=CARTESIAN_POINT('',(-0.6,-0.4,0.));
#15840=CARTESIAN_POINT('',(0.6,-0.4,0.));
#15841=CARTESIAN_POINT('Origin',(-0.6,-0.4,0.));
#15842=CARTESIAN_POINT('',(-0.6,-0.4,0.5));
#15843=CARTESIAN_POINT('',(-0.6,-0.4,0.));
#15844=CARTESIAN_POINT('Origin',(0.,0.,0.));
#15845=CARTESIAN_POINT('Origin',(0.,0.,0.5));
#15846=CARTESIAN_POINT('',(0.,0.,0.));
#15847=CARTESIAN_POINT('Origin',(-0.6,0.4,0.));
#15848=CARTESIAN_POINT('',(-0.6,0.4,0.));
#15849=CARTESIAN_POINT('',(-0.6,0.4,0.5));
#15850=CARTESIAN_POINT('',(-0.6,0.4,0.));
#15851=CARTESIAN_POINT('',(-0.8,0.4,0.));
#15852=CARTESIAN_POINT('',(-0.6,0.4,0.));
#15853=CARTESIAN_POINT('',(-0.8,0.4,0.5));
#15854=CARTESIAN_POINT('',(-0.8,0.4,0.));
#15855=CARTESIAN_POINT('',(-0.6,0.4,0.5));
#15856=CARTESIAN_POINT('Origin',(-0.8,0.4,0.));
#15857=CARTESIAN_POINT('',(-0.8,-0.4,0.));
#15858=CARTESIAN_POINT('',(-0.8,0.4,0.));
#15859=CARTESIAN_POINT('',(-0.8,-0.4,0.5));
#15860=CARTESIAN_POINT('',(-0.8,-0.4,0.));
#15861=CARTESIAN_POINT('',(-0.8,0.4,0.5));
#15862=CARTESIAN_POINT('Origin',(-0.8,-0.4,0.));
#15863=CARTESIAN_POINT('',(-0.6,-0.4,0.));
#15864=CARTESIAN_POINT('',(-0.8,-0.4,0.));
#15865=CARTESIAN_POINT('',(-0.6,-0.4,0.5));
#15866=CARTESIAN_POINT('',(-0.6,-0.4,0.));
#15867=CARTESIAN_POINT('',(-0.8,-0.4,0.5));
#15868=CARTESIAN_POINT('Origin',(-0.6,-0.4,0.));
#15869=CARTESIAN_POINT('',(-0.6,-0.4,0.));
#15870=CARTESIAN_POINT('',(-0.6,-0.4,0.5));
#15871=CARTESIAN_POINT('Origin',(-0.7,0.,0.));
#15872=CARTESIAN_POINT('Origin',(-0.7,0.,0.5));
#15873=CARTESIAN_POINT('',(0.,0.,0.));
#15874=CARTESIAN_POINT('',(0.,0.,0.));
#15875=CARTESIAN_POINT('',(0.,0.,0.));
#15876=CARTESIAN_POINT('',(0.,0.,0.));
#15877=CARTESIAN_POINT('Origin',(-0.8,0.625,0.));
#15878=CARTESIAN_POINT('',(-0.8,0.625,0.));
#15879=CARTESIAN_POINT('',(-0.8,0.625,0.5));
#15880=CARTESIAN_POINT('',(-0.8,0.625,0.));
#15881=CARTESIAN_POINT('',(0.8,0.625,0.5));
#15882=CARTESIAN_POINT('',(-0.8,0.625,0.5));
#15883=CARTESIAN_POINT('',(0.8,0.625,0.));
#15884=CARTESIAN_POINT('',(0.8,0.625,0.));
#15885=CARTESIAN_POINT('',(-0.8,0.625,0.));
#15886=CARTESIAN_POINT('Origin',(0.8,0.625,0.));
#15887=CARTESIAN_POINT('',(0.8,-0.625,0.5));
#15888=CARTESIAN_POINT('',(0.8,0.625,0.5));
#15889=CARTESIAN_POINT('',(0.8,-0.625,0.));
#15890=CARTESIAN_POINT('',(0.8,-0.625,0.));
#15891=CARTESIAN_POINT('',(0.8,0.625,0.));
#15892=CARTESIAN_POINT('Origin',(0.8,-0.625,0.));
#15893=CARTESIAN_POINT('',(-0.8,-0.625,0.5));
#15894=CARTESIAN_POINT('',(0.8,-0.625,0.5));
#15895=CARTESIAN_POINT('',(-0.8,-0.625,0.));
#15896=CARTESIAN_POINT('',(-0.8,-0.625,0.));
#15897=CARTESIAN_POINT('',(0.8,-0.625,0.));
#15898=CARTESIAN_POINT('Origin',(-0.8,-0.625,0.));
#15899=CARTESIAN_POINT('',(-0.8,-0.625,0.5));
#15900=CARTESIAN_POINT('',(-0.8,-0.625,0.));
#15901=CARTESIAN_POINT('Origin',(0.,0.,0.));
#15902=CARTESIAN_POINT('Origin',(0.,0.,0.5));
#15903=CARTESIAN_POINT('',(0.,0.,0.));
#15904=CARTESIAN_POINT('Origin',(-0.8,0.625,0.));
#15905=CARTESIAN_POINT('',(-0.8,0.625,0.));
#15906=CARTESIAN_POINT('',(-0.8,0.625,0.5));
#15907=CARTESIAN_POINT('',(-0.8,0.625,0.));
#15908=CARTESIAN_POINT('',(-1.,0.625,0.));
#15909=CARTESIAN_POINT('',(-0.8,0.625,0.));
#15910=CARTESIAN_POINT('',(-1.,0.625,0.5));
#15911=CARTESIAN_POINT('',(-1.,0.625,0.));
#15912=CARTESIAN_POINT('',(-0.8,0.625,0.5));
#15913=CARTESIAN_POINT('Origin',(-1.,0.625,0.));
#15914=CARTESIAN_POINT('',(-1.,-0.625,0.));
#15915=CARTESIAN_POINT('',(-1.,0.625,0.));
#15916=CARTESIAN_POINT('',(-1.,-0.625,0.5));
#15917=CARTESIAN_POINT('',(-1.,-0.625,0.));
#15918=CARTESIAN_POINT('',(-1.,0.625,0.5));
#15919=CARTESIAN_POINT('Origin',(-1.,-0.625,0.));
#15920=CARTESIAN_POINT('',(-0.8,-0.625,0.));
#15921=CARTESIAN_POINT('',(-1.,-0.625,0.));
#15922=CARTESIAN_POINT('',(-0.8,-0.625,0.5));
#15923=CARTESIAN_POINT('',(-0.8,-0.625,0.));
#15924=CARTESIAN_POINT('',(-1.,-0.625,0.5));
#15925=CARTESIAN_POINT('Origin',(-0.8,-0.625,0.));
#15926=CARTESIAN_POINT('',(-0.8,-0.625,0.));
#15927=CARTESIAN_POINT('',(-0.8,-0.625,0.5));
#15928=CARTESIAN_POINT('Origin',(-0.9,0.,0.));
#15929=CARTESIAN_POINT('Origin',(-0.9,0.,0.5));
#15930=CARTESIAN_POINT('',(0.,0.,0.));
#15931=CARTESIAN_POINT('',(0.,0.,0.));
#15932=CARTESIAN_POINT('',(0.,0.,0.));
#15933=CARTESIAN_POINT('',(0.,0.,0.));
#15934=CARTESIAN_POINT('Origin',(-0.8,0.625,0.));
#15935=CARTESIAN_POINT('',(-0.8,0.625,0.));
#15936=CARTESIAN_POINT('',(-0.8,0.625,0.5));
#15937=CARTESIAN_POINT('',(-0.8,0.625,0.));
#15938=CARTESIAN_POINT('',(0.8,0.625,0.5));
#15939=CARTESIAN_POINT('',(-0.8,0.625,0.5));
#15940=CARTESIAN_POINT('',(0.8,0.625,0.));
#15941=CARTESIAN_POINT('',(0.8,0.625,0.));
#15942=CARTESIAN_POINT('',(-0.8,0.625,0.));
#15943=CARTESIAN_POINT('Origin',(0.8,0.625,0.));
#15944=CARTESIAN_POINT('',(0.8,-0.625,0.5));
#15945=CARTESIAN_POINT('',(0.8,0.625,0.5));
#15946=CARTESIAN_POINT('',(0.8,-0.625,0.));
#15947=CARTESIAN_POINT('',(0.8,-0.625,0.));
#15948=CARTESIAN_POINT('',(0.8,0.625,0.));
#15949=CARTESIAN_POINT('Origin',(0.8,-0.625,0.));
#15950=CARTESIAN_POINT('',(-0.8,-0.625,0.5));
#15951=CARTESIAN_POINT('',(0.8,-0.625,0.5));
#15952=CARTESIAN_POINT('',(-0.8,-0.625,0.));
#15953=CARTESIAN_POINT('',(-0.8,-0.625,0.));
#15954=CARTESIAN_POINT('',(0.8,-0.625,0.));
#15955=CARTESIAN_POINT('Origin',(-0.8,-0.625,0.));
#15956=CARTESIAN_POINT('',(-0.8,-0.625,0.5));
#15957=CARTESIAN_POINT('',(-0.8,-0.625,0.));
#15958=CARTESIAN_POINT('Origin',(0.,0.,0.));
#15959=CARTESIAN_POINT('Origin',(0.,0.,0.5));
#15960=CARTESIAN_POINT('',(0.,0.,0.));
#15961=CARTESIAN_POINT('Origin',(-0.8,0.625,0.));
#15962=CARTESIAN_POINT('',(-0.8,0.625,0.));
#15963=CARTESIAN_POINT('',(-0.8,0.625,0.5));
#15964=CARTESIAN_POINT('',(-0.8,0.625,0.));
#15965=CARTESIAN_POINT('',(-1.,0.625,0.));
#15966=CARTESIAN_POINT('',(-0.8,0.625,0.));
#15967=CARTESIAN_POINT('',(-1.,0.625,0.5));
#15968=CARTESIAN_POINT('',(-1.,0.625,0.));
#15969=CARTESIAN_POINT('',(-0.8,0.625,0.5));
#15970=CARTESIAN_POINT('Origin',(-1.,0.625,0.));
#15971=CARTESIAN_POINT('',(-1.,-0.625,0.));
#15972=CARTESIAN_POINT('',(-1.,0.625,0.));
#15973=CARTESIAN_POINT('',(-1.,-0.625,0.5));
#15974=CARTESIAN_POINT('',(-1.,-0.625,0.));
#15975=CARTESIAN_POINT('',(-1.,0.625,0.5));
#15976=CARTESIAN_POINT('Origin',(-1.,-0.625,0.));
#15977=CARTESIAN_POINT('',(-0.8,-0.625,0.));
#15978=CARTESIAN_POINT('',(-1.,-0.625,0.));
#15979=CARTESIAN_POINT('',(-0.8,-0.625,0.5));
#15980=CARTESIAN_POINT('',(-0.8,-0.625,0.));
#15981=CARTESIAN_POINT('',(-1.,-0.625,0.5));
#15982=CARTESIAN_POINT('Origin',(-0.8,-0.625,0.));
#15983=CARTESIAN_POINT('',(-0.8,-0.625,0.));
#15984=CARTESIAN_POINT('',(-0.8,-0.625,0.5));
#15985=CARTESIAN_POINT('Origin',(-0.9,0.,0.));
#15986=CARTESIAN_POINT('Origin',(-0.9,0.,0.5));
#15987=CARTESIAN_POINT('',(0.,0.,0.));
#15988=CARTESIAN_POINT('',(0.,0.,0.));
#15989=CARTESIAN_POINT('',(0.,0.,0.));
#15990=CARTESIAN_POINT('',(0.,0.,0.));
#15991=CARTESIAN_POINT('Origin',(-0.6,0.4,0.));
#15992=CARTESIAN_POINT('',(-0.6,0.4,0.));
#15993=CARTESIAN_POINT('',(-0.6,0.4,0.8));
#15994=CARTESIAN_POINT('',(-0.6,0.4,0.));
#15995=CARTESIAN_POINT('',(0.6,0.4,0.8));
#15996=CARTESIAN_POINT('',(-0.6,0.4,0.8));
#15997=CARTESIAN_POINT('',(0.6,0.4,0.));
#15998=CARTESIAN_POINT('',(0.6,0.4,0.));
#15999=CARTESIAN_POINT('',(-0.6,0.4,0.));
#16000=CARTESIAN_POINT('Origin',(0.6,0.4,0.));
#16001=CARTESIAN_POINT('',(0.6,-0.4,0.8));
#16002=CARTESIAN_POINT('',(0.6,0.4,0.8));
#16003=CARTESIAN_POINT('',(0.6,-0.4,0.));
#16004=CARTESIAN_POINT('',(0.6,-0.4,0.));
#16005=CARTESIAN_POINT('',(0.6,0.4,0.));
#16006=CARTESIAN_POINT('Origin',(0.6,-0.4,0.));
#16007=CARTESIAN_POINT('',(-0.6,-0.4,0.8));
#16008=CARTESIAN_POINT('',(0.6,-0.4,0.8));
#16009=CARTESIAN_POINT('',(-0.6,-0.4,0.));
#16010=CARTESIAN_POINT('',(-0.6,-0.4,0.));
#16011=CARTESIAN_POINT('',(0.6,-0.4,0.));
#16012=CARTESIAN_POINT('Origin',(-0.6,-0.4,0.));
#16013=CARTESIAN_POINT('',(-0.6,-0.4,0.8));
#16014=CARTESIAN_POINT('',(-0.6,-0.4,0.));
#16015=CARTESIAN_POINT('Origin',(0.,0.,0.));
#16016=CARTESIAN_POINT('Origin',(0.,0.,0.8));
#16017=CARTESIAN_POINT('',(0.,0.,0.));
#16018=CARTESIAN_POINT('Origin',(-0.6,0.4,0.));
#16019=CARTESIAN_POINT('',(-0.6,0.4,0.));
#16020=CARTESIAN_POINT('',(-0.6,0.4,0.8));
#16021=CARTESIAN_POINT('',(-0.6,0.4,0.));
#16022=CARTESIAN_POINT('',(-0.8,0.4,0.));
#16023=CARTESIAN_POINT('',(-0.6,0.4,0.));
#16024=CARTESIAN_POINT('',(-0.8,0.4,0.8));
#16025=CARTESIAN_POINT('',(-0.8,0.4,0.));
#16026=CARTESIAN_POINT('',(-0.6,0.4,0.8));
#16027=CARTESIAN_POINT('Origin',(-0.8,0.4,0.));
#16028=CARTESIAN_POINT('',(-0.8,-0.4,0.));
#16029=CARTESIAN_POINT('',(-0.8,0.4,0.));
#16030=CARTESIAN_POINT('',(-0.8,-0.4,0.8));
#16031=CARTESIAN_POINT('',(-0.8,-0.4,0.));
#16032=CARTESIAN_POINT('',(-0.8,0.4,0.8));
#16033=CARTESIAN_POINT('Origin',(-0.8,-0.4,0.));
#16034=CARTESIAN_POINT('',(-0.6,-0.4,0.));
#16035=CARTESIAN_POINT('',(-0.8,-0.4,0.));
#16036=CARTESIAN_POINT('',(-0.6,-0.4,0.8));
#16037=CARTESIAN_POINT('',(-0.6,-0.4,0.));
#16038=CARTESIAN_POINT('',(-0.8,-0.4,0.8));
#16039=CARTESIAN_POINT('Origin',(-0.6,-0.4,0.));
#16040=CARTESIAN_POINT('',(-0.6,-0.4,0.));
#16041=CARTESIAN_POINT('',(-0.6,-0.4,0.8));
#16042=CARTESIAN_POINT('Origin',(-0.7,0.,0.));
#16043=CARTESIAN_POINT('Origin',(-0.7,0.,0.8));
#16044=CARTESIAN_POINT('',(0.,0.,0.));
#16045=CARTESIAN_POINT('',(0.,0.,0.));
#16046=CARTESIAN_POINT('',(0.,0.,0.));
#16047=CARTESIAN_POINT('',(0.,0.,0.));
#16048=CARTESIAN_POINT('Origin',(-0.6,0.4,0.));
#16049=CARTESIAN_POINT('',(-0.6,0.4,0.));
#16050=CARTESIAN_POINT('',(-0.6,0.4,0.8));
#16051=CARTESIAN_POINT('',(-0.6,0.4,0.));
#16052=CARTESIAN_POINT('',(0.6,0.4,0.8));
#16053=CARTESIAN_POINT('',(-0.6,0.4,0.8));
#16054=CARTESIAN_POINT('',(0.6,0.4,0.));
#16055=CARTESIAN_POINT('',(0.6,0.4,0.));
#16056=CARTESIAN_POINT('',(-0.6,0.4,0.));
#16057=CARTESIAN_POINT('Origin',(0.6,0.4,0.));
#16058=CARTESIAN_POINT('',(0.6,-0.4,0.8));
#16059=CARTESIAN_POINT('',(0.6,0.4,0.8));
#16060=CARTESIAN_POINT('',(0.6,-0.4,0.));
#16061=CARTESIAN_POINT('',(0.6,-0.4,0.));
#16062=CARTESIAN_POINT('',(0.6,0.4,0.));
#16063=CARTESIAN_POINT('Origin',(0.6,-0.4,0.));
#16064=CARTESIAN_POINT('',(-0.6,-0.4,0.8));
#16065=CARTESIAN_POINT('',(0.6,-0.4,0.8));
#16066=CARTESIAN_POINT('',(-0.6,-0.4,0.));
#16067=CARTESIAN_POINT('',(-0.6,-0.4,0.));
#16068=CARTESIAN_POINT('',(0.6,-0.4,0.));
#16069=CARTESIAN_POINT('Origin',(-0.6,-0.4,0.));
#16070=CARTESIAN_POINT('',(-0.6,-0.4,0.8));
#16071=CARTESIAN_POINT('',(-0.6,-0.4,0.));
#16072=CARTESIAN_POINT('Origin',(0.,0.,0.));
#16073=CARTESIAN_POINT('Origin',(0.,0.,0.8));
#16074=CARTESIAN_POINT('',(0.,0.,0.));
#16075=CARTESIAN_POINT('Origin',(-0.6,0.4,0.));
#16076=CARTESIAN_POINT('',(-0.6,0.4,0.));
#16077=CARTESIAN_POINT('',(-0.6,0.4,0.8));
#16078=CARTESIAN_POINT('',(-0.6,0.4,0.));
#16079=CARTESIAN_POINT('',(-0.8,0.4,0.));
#16080=CARTESIAN_POINT('',(-0.6,0.4,0.));
#16081=CARTESIAN_POINT('',(-0.8,0.4,0.8));
#16082=CARTESIAN_POINT('',(-0.8,0.4,0.));
#16083=CARTESIAN_POINT('',(-0.6,0.4,0.8));
#16084=CARTESIAN_POINT('Origin',(-0.8,0.4,0.));
#16085=CARTESIAN_POINT('',(-0.8,-0.4,0.));
#16086=CARTESIAN_POINT('',(-0.8,0.4,0.));
#16087=CARTESIAN_POINT('',(-0.8,-0.4,0.8));
#16088=CARTESIAN_POINT('',(-0.8,-0.4,0.));
#16089=CARTESIAN_POINT('',(-0.8,0.4,0.8));
#16090=CARTESIAN_POINT('Origin',(-0.8,-0.4,0.));
#16091=CARTESIAN_POINT('',(-0.6,-0.4,0.));
#16092=CARTESIAN_POINT('',(-0.8,-0.4,0.));
#16093=CARTESIAN_POINT('',(-0.6,-0.4,0.8));
#16094=CARTESIAN_POINT('',(-0.6,-0.4,0.));
#16095=CARTESIAN_POINT('',(-0.8,-0.4,0.8));
#16096=CARTESIAN_POINT('Origin',(-0.6,-0.4,0.));
#16097=CARTESIAN_POINT('',(-0.6,-0.4,0.));
#16098=CARTESIAN_POINT('',(-0.6,-0.4,0.8));
#16099=CARTESIAN_POINT('Origin',(-0.7,0.,0.));
#16100=CARTESIAN_POINT('Origin',(-0.7,0.,0.8));
#16101=CARTESIAN_POINT('',(0.,0.,0.));
#16102=CARTESIAN_POINT('',(0.,0.,0.));
#16103=CARTESIAN_POINT('',(0.,0.,0.));
#16104=CARTESIAN_POINT('',(0.,0.,0.));
#16105=CARTESIAN_POINT('Origin',(-0.6,0.4,0.));
#16106=CARTESIAN_POINT('',(-0.6,0.4,0.));
#16107=CARTESIAN_POINT('',(-0.6,0.4,0.8));
#16108=CARTESIAN_POINT('',(-0.6,0.4,0.));
#16109=CARTESIAN_POINT('',(0.6,0.4,0.8));
#16110=CARTESIAN_POINT('',(-0.6,0.4,0.8));
#16111=CARTESIAN_POINT('',(0.6,0.4,0.));
#16112=CARTESIAN_POINT('',(0.6,0.4,0.));
#16113=CARTESIAN_POINT('',(-0.6,0.4,0.));
#16114=CARTESIAN_POINT('Origin',(0.6,0.4,0.));
#16115=CARTESIAN_POINT('',(0.6,-0.4,0.8));
#16116=CARTESIAN_POINT('',(0.6,0.4,0.8));
#16117=CARTESIAN_POINT('',(0.6,-0.4,0.));
#16118=CARTESIAN_POINT('',(0.6,-0.4,0.));
#16119=CARTESIAN_POINT('',(0.6,0.4,0.));
#16120=CARTESIAN_POINT('Origin',(0.6,-0.4,0.));
#16121=CARTESIAN_POINT('',(-0.6,-0.4,0.8));
#16122=CARTESIAN_POINT('',(0.6,-0.4,0.8));
#16123=CARTESIAN_POINT('',(-0.6,-0.4,0.));
#16124=CARTESIAN_POINT('',(-0.6,-0.4,0.));
#16125=CARTESIAN_POINT('',(0.6,-0.4,0.));
#16126=CARTESIAN_POINT('Origin',(-0.6,-0.4,0.));
#16127=CARTESIAN_POINT('',(-0.6,-0.4,0.8));
#16128=CARTESIAN_POINT('',(-0.6,-0.4,0.));
#16129=CARTESIAN_POINT('Origin',(0.,0.,0.));
#16130=CARTESIAN_POINT('Origin',(0.,0.,0.8));
#16131=CARTESIAN_POINT('',(0.,0.,0.));
#16132=CARTESIAN_POINT('Origin',(-0.6,0.4,0.));
#16133=CARTESIAN_POINT('',(-0.6,0.4,0.));
#16134=CARTESIAN_POINT('',(-0.6,0.4,0.8));
#16135=CARTESIAN_POINT('',(-0.6,0.4,0.));
#16136=CARTESIAN_POINT('',(-0.8,0.4,0.));
#16137=CARTESIAN_POINT('',(-0.6,0.4,0.));
#16138=CARTESIAN_POINT('',(-0.8,0.4,0.8));
#16139=CARTESIAN_POINT('',(-0.8,0.4,0.));
#16140=CARTESIAN_POINT('',(-0.6,0.4,0.8));
#16141=CARTESIAN_POINT('Origin',(-0.8,0.4,0.));
#16142=CARTESIAN_POINT('',(-0.8,-0.4,0.));
#16143=CARTESIAN_POINT('',(-0.8,0.4,0.));
#16144=CARTESIAN_POINT('',(-0.8,-0.4,0.8));
#16145=CARTESIAN_POINT('',(-0.8,-0.4,0.));
#16146=CARTESIAN_POINT('',(-0.8,0.4,0.8));
#16147=CARTESIAN_POINT('Origin',(-0.8,-0.4,0.));
#16148=CARTESIAN_POINT('',(-0.6,-0.4,0.));
#16149=CARTESIAN_POINT('',(-0.8,-0.4,0.));
#16150=CARTESIAN_POINT('',(-0.6,-0.4,0.8));
#16151=CARTESIAN_POINT('',(-0.6,-0.4,0.));
#16152=CARTESIAN_POINT('',(-0.8,-0.4,0.8));
#16153=CARTESIAN_POINT('Origin',(-0.6,-0.4,0.));
#16154=CARTESIAN_POINT('',(-0.6,-0.4,0.));
#16155=CARTESIAN_POINT('',(-0.6,-0.4,0.8));
#16156=CARTESIAN_POINT('Origin',(-0.7,0.,0.));
#16157=CARTESIAN_POINT('Origin',(-0.7,0.,0.8));
#16158=CARTESIAN_POINT('',(0.,0.,0.));
#16159=CARTESIAN_POINT('',(0.,0.,0.));
#16160=CARTESIAN_POINT('',(0.,0.,0.));
#16161=CARTESIAN_POINT('',(0.,0.,0.));
#16162=CARTESIAN_POINT('Origin',(-0.6,0.4,0.));
#16163=CARTESIAN_POINT('',(-0.6,0.4,0.));
#16164=CARTESIAN_POINT('',(-0.6,0.4,0.8));
#16165=CARTESIAN_POINT('',(-0.6,0.4,0.));
#16166=CARTESIAN_POINT('',(0.6,0.4,0.8));
#16167=CARTESIAN_POINT('',(-0.6,0.4,0.8));
#16168=CARTESIAN_POINT('',(0.6,0.4,0.));
#16169=CARTESIAN_POINT('',(0.6,0.4,0.));
#16170=CARTESIAN_POINT('',(-0.6,0.4,0.));
#16171=CARTESIAN_POINT('Origin',(0.6,0.4,0.));
#16172=CARTESIAN_POINT('',(0.6,-0.4,0.8));
#16173=CARTESIAN_POINT('',(0.6,0.4,0.8));
#16174=CARTESIAN_POINT('',(0.6,-0.4,0.));
#16175=CARTESIAN_POINT('',(0.6,-0.4,0.));
#16176=CARTESIAN_POINT('',(0.6,0.4,0.));
#16177=CARTESIAN_POINT('Origin',(0.6,-0.4,0.));
#16178=CARTESIAN_POINT('',(-0.6,-0.4,0.8));
#16179=CARTESIAN_POINT('',(0.6,-0.4,0.8));
#16180=CARTESIAN_POINT('',(-0.6,-0.4,0.));
#16181=CARTESIAN_POINT('',(-0.6,-0.4,0.));
#16182=CARTESIAN_POINT('',(0.6,-0.4,0.));
#16183=CARTESIAN_POINT('Origin',(-0.6,-0.4,0.));
#16184=CARTESIAN_POINT('',(-0.6,-0.4,0.8));
#16185=CARTESIAN_POINT('',(-0.6,-0.4,0.));
#16186=CARTESIAN_POINT('Origin',(0.,0.,0.));
#16187=CARTESIAN_POINT('Origin',(0.,0.,0.8));
#16188=CARTESIAN_POINT('',(0.,0.,0.));
#16189=CARTESIAN_POINT('Origin',(-0.6,0.4,0.));
#16190=CARTESIAN_POINT('',(-0.6,0.4,0.));
#16191=CARTESIAN_POINT('',(-0.6,0.4,0.8));
#16192=CARTESIAN_POINT('',(-0.6,0.4,0.));
#16193=CARTESIAN_POINT('',(-0.8,0.4,0.));
#16194=CARTESIAN_POINT('',(-0.6,0.4,0.));
#16195=CARTESIAN_POINT('',(-0.8,0.4,0.8));
#16196=CARTESIAN_POINT('',(-0.8,0.4,0.));
#16197=CARTESIAN_POINT('',(-0.6,0.4,0.8));
#16198=CARTESIAN_POINT('Origin',(-0.8,0.4,0.));
#16199=CARTESIAN_POINT('',(-0.8,-0.4,0.));
#16200=CARTESIAN_POINT('',(-0.8,0.4,0.));
#16201=CARTESIAN_POINT('',(-0.8,-0.4,0.8));
#16202=CARTESIAN_POINT('',(-0.8,-0.4,0.));
#16203=CARTESIAN_POINT('',(-0.8,0.4,0.8));
#16204=CARTESIAN_POINT('Origin',(-0.8,-0.4,0.));
#16205=CARTESIAN_POINT('',(-0.6,-0.4,0.));
#16206=CARTESIAN_POINT('',(-0.8,-0.4,0.));
#16207=CARTESIAN_POINT('',(-0.6,-0.4,0.8));
#16208=CARTESIAN_POINT('',(-0.6,-0.4,0.));
#16209=CARTESIAN_POINT('',(-0.8,-0.4,0.8));
#16210=CARTESIAN_POINT('Origin',(-0.6,-0.4,0.));
#16211=CARTESIAN_POINT('',(-0.6,-0.4,0.));
#16212=CARTESIAN_POINT('',(-0.6,-0.4,0.8));
#16213=CARTESIAN_POINT('Origin',(-0.7,0.,0.));
#16214=CARTESIAN_POINT('Origin',(-0.7,0.,0.8));
#16215=CARTESIAN_POINT('',(0.,0.,0.));
#16216=CARTESIAN_POINT('',(0.,0.,0.));
#16217=CARTESIAN_POINT('',(0.,0.,0.));
#16218=CARTESIAN_POINT('',(0.,0.,0.));
#16219=CARTESIAN_POINT('Origin',(-0.6,0.4,0.));
#16220=CARTESIAN_POINT('',(-0.6,0.4,0.));
#16221=CARTESIAN_POINT('',(-0.6,0.4,0.8));
#16222=CARTESIAN_POINT('',(-0.6,0.4,0.));
#16223=CARTESIAN_POINT('',(0.6,0.4,0.8));
#16224=CARTESIAN_POINT('',(-0.6,0.4,0.8));
#16225=CARTESIAN_POINT('',(0.6,0.4,0.));
#16226=CARTESIAN_POINT('',(0.6,0.4,0.));
#16227=CARTESIAN_POINT('',(-0.6,0.4,0.));
#16228=CARTESIAN_POINT('Origin',(0.6,0.4,0.));
#16229=CARTESIAN_POINT('',(0.6,-0.4,0.8));
#16230=CARTESIAN_POINT('',(0.6,0.4,0.8));
#16231=CARTESIAN_POINT('',(0.6,-0.4,0.));
#16232=CARTESIAN_POINT('',(0.6,-0.4,0.));
#16233=CARTESIAN_POINT('',(0.6,0.4,0.));
#16234=CARTESIAN_POINT('Origin',(0.6,-0.4,0.));
#16235=CARTESIAN_POINT('',(-0.6,-0.4,0.8));
#16236=CARTESIAN_POINT('',(0.6,-0.4,0.8));
#16237=CARTESIAN_POINT('',(-0.6,-0.4,0.));
#16238=CARTESIAN_POINT('',(-0.6,-0.4,0.));
#16239=CARTESIAN_POINT('',(0.6,-0.4,0.));
#16240=CARTESIAN_POINT('Origin',(-0.6,-0.4,0.));
#16241=CARTESIAN_POINT('',(-0.6,-0.4,0.8));
#16242=CARTESIAN_POINT('',(-0.6,-0.4,0.));
#16243=CARTESIAN_POINT('Origin',(0.,0.,0.));
#16244=CARTESIAN_POINT('Origin',(0.,0.,0.8));
#16245=CARTESIAN_POINT('',(0.,0.,0.));
#16246=CARTESIAN_POINT('Origin',(-0.6,0.4,0.));
#16247=CARTESIAN_POINT('',(-0.6,0.4,0.));
#16248=CARTESIAN_POINT('',(-0.6,0.4,0.8));
#16249=CARTESIAN_POINT('',(-0.6,0.4,0.));
#16250=CARTESIAN_POINT('',(-0.8,0.4,0.));
#16251=CARTESIAN_POINT('',(-0.6,0.4,0.));
#16252=CARTESIAN_POINT('',(-0.8,0.4,0.8));
#16253=CARTESIAN_POINT('',(-0.8,0.4,0.));
#16254=CARTESIAN_POINT('',(-0.6,0.4,0.8));
#16255=CARTESIAN_POINT('Origin',(-0.8,0.4,0.));
#16256=CARTESIAN_POINT('',(-0.8,-0.4,0.));
#16257=CARTESIAN_POINT('',(-0.8,0.4,0.));
#16258=CARTESIAN_POINT('',(-0.8,-0.4,0.8));
#16259=CARTESIAN_POINT('',(-0.8,-0.4,0.));
#16260=CARTESIAN_POINT('',(-0.8,0.4,0.8));
#16261=CARTESIAN_POINT('Origin',(-0.8,-0.4,0.));
#16262=CARTESIAN_POINT('',(-0.6,-0.4,0.));
#16263=CARTESIAN_POINT('',(-0.8,-0.4,0.));
#16264=CARTESIAN_POINT('',(-0.6,-0.4,0.8));
#16265=CARTESIAN_POINT('',(-0.6,-0.4,0.));
#16266=CARTESIAN_POINT('',(-0.8,-0.4,0.8));
#16267=CARTESIAN_POINT('Origin',(-0.6,-0.4,0.));
#16268=CARTESIAN_POINT('',(-0.6,-0.4,0.));
#16269=CARTESIAN_POINT('',(-0.6,-0.4,0.8));
#16270=CARTESIAN_POINT('Origin',(-0.7,0.,0.));
#16271=CARTESIAN_POINT('Origin',(-0.7,0.,0.8));
#16272=CARTESIAN_POINT('',(0.,0.,0.));
#16273=CARTESIAN_POINT('',(0.,0.,0.));
#16274=CARTESIAN_POINT('',(0.,0.,0.));
#16275=CARTESIAN_POINT('',(0.,0.,0.));
#16276=CARTESIAN_POINT('Origin',(-0.6,0.4,0.));
#16277=CARTESIAN_POINT('',(-0.6,0.4,0.));
#16278=CARTESIAN_POINT('',(-0.6,0.4,0.8));
#16279=CARTESIAN_POINT('',(-0.6,0.4,0.));
#16280=CARTESIAN_POINT('',(0.6,0.4,0.8));
#16281=CARTESIAN_POINT('',(-0.6,0.4,0.8));
#16282=CARTESIAN_POINT('',(0.6,0.4,0.));
#16283=CARTESIAN_POINT('',(0.6,0.4,0.));
#16284=CARTESIAN_POINT('',(-0.6,0.4,0.));
#16285=CARTESIAN_POINT('Origin',(0.6,0.4,0.));
#16286=CARTESIAN_POINT('',(0.6,-0.4,0.8));
#16287=CARTESIAN_POINT('',(0.6,0.4,0.8));
#16288=CARTESIAN_POINT('',(0.6,-0.4,0.));
#16289=CARTESIAN_POINT('',(0.6,-0.4,0.));
#16290=CARTESIAN_POINT('',(0.6,0.4,0.));
#16291=CARTESIAN_POINT('Origin',(0.6,-0.4,0.));
#16292=CARTESIAN_POINT('',(-0.6,-0.4,0.8));
#16293=CARTESIAN_POINT('',(0.6,-0.4,0.8));
#16294=CARTESIAN_POINT('',(-0.6,-0.4,0.));
#16295=CARTESIAN_POINT('',(-0.6,-0.4,0.));
#16296=CARTESIAN_POINT('',(0.6,-0.4,0.));
#16297=CARTESIAN_POINT('Origin',(-0.6,-0.4,0.));
#16298=CARTESIAN_POINT('',(-0.6,-0.4,0.8));
#16299=CARTESIAN_POINT('',(-0.6,-0.4,0.));
#16300=CARTESIAN_POINT('Origin',(0.,0.,0.));
#16301=CARTESIAN_POINT('Origin',(0.,0.,0.8));
#16302=CARTESIAN_POINT('',(0.,0.,0.));
#16303=CARTESIAN_POINT('Origin',(-0.6,0.4,0.));
#16304=CARTESIAN_POINT('',(-0.6,0.4,0.));
#16305=CARTESIAN_POINT('',(-0.6,0.4,0.8));
#16306=CARTESIAN_POINT('',(-0.6,0.4,0.));
#16307=CARTESIAN_POINT('',(-0.8,0.4,0.));
#16308=CARTESIAN_POINT('',(-0.6,0.4,0.));
#16309=CARTESIAN_POINT('',(-0.8,0.4,0.8));
#16310=CARTESIAN_POINT('',(-0.8,0.4,0.));
#16311=CARTESIAN_POINT('',(-0.6,0.4,0.8));
#16312=CARTESIAN_POINT('Origin',(-0.8,0.4,0.));
#16313=CARTESIAN_POINT('',(-0.8,-0.4,0.));
#16314=CARTESIAN_POINT('',(-0.8,0.4,0.));
#16315=CARTESIAN_POINT('',(-0.8,-0.4,0.8));
#16316=CARTESIAN_POINT('',(-0.8,-0.4,0.));
#16317=CARTESIAN_POINT('',(-0.8,0.4,0.8));
#16318=CARTESIAN_POINT('Origin',(-0.8,-0.4,0.));
#16319=CARTESIAN_POINT('',(-0.6,-0.4,0.));
#16320=CARTESIAN_POINT('',(-0.8,-0.4,0.));
#16321=CARTESIAN_POINT('',(-0.6,-0.4,0.8));
#16322=CARTESIAN_POINT('',(-0.6,-0.4,0.));
#16323=CARTESIAN_POINT('',(-0.8,-0.4,0.8));
#16324=CARTESIAN_POINT('Origin',(-0.6,-0.4,0.));
#16325=CARTESIAN_POINT('',(-0.6,-0.4,0.));
#16326=CARTESIAN_POINT('',(-0.6,-0.4,0.8));
#16327=CARTESIAN_POINT('Origin',(-0.7,0.,0.));
#16328=CARTESIAN_POINT('Origin',(-0.7,0.,0.8));
#16329=CARTESIAN_POINT('',(0.,0.,0.));
#16330=CARTESIAN_POINT('',(0.,0.,0.));
#16331=CARTESIAN_POINT('',(0.,0.,0.));
#16332=CARTESIAN_POINT('',(0.,0.,0.));
#16333=CARTESIAN_POINT('Origin',(-0.8,0.625,0.));
#16334=CARTESIAN_POINT('',(-0.8,0.625,0.));
#16335=CARTESIAN_POINT('',(-0.8,0.625,0.8));
#16336=CARTESIAN_POINT('',(-0.8,0.625,0.));
#16337=CARTESIAN_POINT('',(0.8,0.625,0.8));
#16338=CARTESIAN_POINT('',(-0.8,0.625,0.8));
#16339=CARTESIAN_POINT('',(0.8,0.625,0.));
#16340=CARTESIAN_POINT('',(0.8,0.625,0.));
#16341=CARTESIAN_POINT('',(-0.8,0.625,0.));
#16342=CARTESIAN_POINT('Origin',(0.8,0.625,0.));
#16343=CARTESIAN_POINT('',(0.8,-0.625,0.8));
#16344=CARTESIAN_POINT('',(0.8,0.625,0.8));
#16345=CARTESIAN_POINT('',(0.8,-0.625,0.));
#16346=CARTESIAN_POINT('',(0.8,-0.625,0.));
#16347=CARTESIAN_POINT('',(0.8,0.625,0.));
#16348=CARTESIAN_POINT('Origin',(0.8,-0.625,0.));
#16349=CARTESIAN_POINT('',(-0.8,-0.625,0.8));
#16350=CARTESIAN_POINT('',(0.8,-0.625,0.8));
#16351=CARTESIAN_POINT('',(-0.8,-0.625,0.));
#16352=CARTESIAN_POINT('',(-0.8,-0.625,0.));
#16353=CARTESIAN_POINT('',(0.8,-0.625,0.));
#16354=CARTESIAN_POINT('Origin',(-0.8,-0.625,0.));
#16355=CARTESIAN_POINT('',(-0.8,-0.625,0.8));
#16356=CARTESIAN_POINT('',(-0.8,-0.625,0.));
#16357=CARTESIAN_POINT('Origin',(0.,0.,0.));
#16358=CARTESIAN_POINT('Origin',(0.,0.,0.8));
#16359=CARTESIAN_POINT('',(0.,0.,0.));
#16360=CARTESIAN_POINT('Origin',(-0.8,0.625,0.));
#16361=CARTESIAN_POINT('',(-0.8,0.625,0.));
#16362=CARTESIAN_POINT('',(-0.8,0.625,0.8));
#16363=CARTESIAN_POINT('',(-0.8,0.625,0.));
#16364=CARTESIAN_POINT('',(-1.,0.625,0.));
#16365=CARTESIAN_POINT('',(-0.8,0.625,0.));
#16366=CARTESIAN_POINT('',(-1.,0.625,0.8));
#16367=CARTESIAN_POINT('',(-1.,0.625,0.));
#16368=CARTESIAN_POINT('',(-0.8,0.625,0.8));
#16369=CARTESIAN_POINT('Origin',(-1.,0.625,0.));
#16370=CARTESIAN_POINT('',(-1.,-0.625,0.));
#16371=CARTESIAN_POINT('',(-1.,0.625,0.));
#16372=CARTESIAN_POINT('',(-1.,-0.625,0.8));
#16373=CARTESIAN_POINT('',(-1.,-0.625,0.));
#16374=CARTESIAN_POINT('',(-1.,0.625,0.8));
#16375=CARTESIAN_POINT('Origin',(-1.,-0.625,0.));
#16376=CARTESIAN_POINT('',(-0.8,-0.625,0.));
#16377=CARTESIAN_POINT('',(-1.,-0.625,0.));
#16378=CARTESIAN_POINT('',(-0.8,-0.625,0.8));
#16379=CARTESIAN_POINT('',(-0.8,-0.625,0.));
#16380=CARTESIAN_POINT('',(-1.,-0.625,0.8));
#16381=CARTESIAN_POINT('Origin',(-0.8,-0.625,0.));
#16382=CARTESIAN_POINT('',(-0.8,-0.625,0.));
#16383=CARTESIAN_POINT('',(-0.8,-0.625,0.8));
#16384=CARTESIAN_POINT('Origin',(-0.9,0.,0.));
#16385=CARTESIAN_POINT('Origin',(-0.9,0.,0.8));
#16386=CARTESIAN_POINT('',(0.,0.,0.));
#16387=CARTESIAN_POINT('',(0.,0.,0.));
#16388=CARTESIAN_POINT('',(0.,0.,0.));
#16389=CARTESIAN_POINT('Origin',(8.89,3.81,-3.219646771413E-16));
#16390=CARTESIAN_POINT('',(8.89,3.01,-3.108624468951E-16));
#16391=CARTESIAN_POINT('Origin',(8.89,3.81,-3.996802888651E-16));
#16392=CARTESIAN_POINT('',(8.89,3.36,-5.55111512312578E-16));
#16393=CARTESIAN_POINT('Origin',(8.89,3.81,-3.219646771413E-16));
#16394=CARTESIAN_POINT('Origin',(8.89,3.81,-3.996802888651E-16));
#16395=CARTESIAN_POINT('',(8.89,3.01,1.6));
#16396=CARTESIAN_POINT('Origin',(8.89,3.81,1.6));
#16397=CARTESIAN_POINT('',(8.89,3.01,-3.108624468951E-16));
#16398=CARTESIAN_POINT('Origin',(8.89,3.81,1.6));
#16399=CARTESIAN_POINT('',(8.89,3.36,1.6));
#16400=CARTESIAN_POINT('Origin',(8.89,3.81,1.6));
#16401=CARTESIAN_POINT('Origin',(8.89,3.81,1.6));
#16402=CARTESIAN_POINT('',(8.89,3.36,1.6));
#16403=CARTESIAN_POINT('Origin',(7.24,2.539999999999,-5.440092820663E-16));
#16404=CARTESIAN_POINT('',(7.24,1.739999999999,-5.329070518201E-16));
#16405=CARTESIAN_POINT('Origin',(7.24,2.539999999999,-6.217248937901E-16));
#16406=CARTESIAN_POINT('',(7.24,2.089999999999,-5.55111512312578E-16));
#16407=CARTESIAN_POINT('Origin',(7.24,2.539999999999,-5.440092820663E-16));
#16408=CARTESIAN_POINT('Origin',(7.24,2.539999999999,-6.217248937901E-16));
#16409=CARTESIAN_POINT('',(7.24,1.739999999999,1.6));
#16410=CARTESIAN_POINT('Origin',(7.24,2.539999999999,1.6));
#16411=CARTESIAN_POINT('',(7.24,1.739999999999,-5.329070518201E-16));
#16412=CARTESIAN_POINT('Origin',(7.24,2.539999999999,1.6));
#16413=CARTESIAN_POINT('',(7.24,2.089999999999,1.6));
#16414=CARTESIAN_POINT('Origin',(7.24,2.539999999999,1.6));
#16415=CARTESIAN_POINT('Origin',(7.24,2.539999999999,1.6));
#16416=CARTESIAN_POINT('',(7.24,2.089999999999,1.6));
#16417=CARTESIAN_POINT('Origin',(8.89,1.27,-5.440092820663E-16));
#16418=CARTESIAN_POINT('',(8.89,0.47,-5.329070518201E-16));
#16419=CARTESIAN_POINT('Origin',(8.89,1.27,-6.217248937901E-16));
#16420=CARTESIAN_POINT('',(8.89,0.82,-5.55111512312578E-16));
#16421=CARTESIAN_POINT('Origin',(8.89,1.27,-5.440092820663E-16));
#16422=CARTESIAN_POINT('Origin',(8.89,1.27,-6.217248937901E-16));
#16423=CARTESIAN_POINT('',(8.89,0.47,1.6));
#16424=CARTESIAN_POINT('Origin',(8.89,1.27,1.6));
#16425=CARTESIAN_POINT('',(8.89,0.47,-5.329070518201E-16));
#16426=CARTESIAN_POINT('Origin',(8.89,1.27,1.6));
#16427=CARTESIAN_POINT('',(8.89,0.82,1.6));
#16428=CARTESIAN_POINT('Origin',(8.89,1.27,1.6));
#16429=CARTESIAN_POINT('Origin',(8.89,1.27,1.6));
#16430=CARTESIAN_POINT('',(8.89,0.82,1.6));
#16431=CARTESIAN_POINT('',(0.,0.,0.));
#16432=CARTESIAN_POINT('Origin',(-7.5,-7.25,1.6));
#16433=CARTESIAN_POINT('',(-7.5,-7.,1.6));
#16434=CARTESIAN_POINT('',(-7.5,-5.625,1.6));
#16435=CARTESIAN_POINT('',(-7.5,-7.25,1.6));
#16436=CARTESIAN_POINT('',(7.5,-5.625,1.6));
#16437=CARTESIAN_POINT('',(-7.5,-5.625,1.6));
#16438=CARTESIAN_POINT('',(7.5,-7.,1.6));
#16439=CARTESIAN_POINT('',(7.5,-7.25,1.6));
#16440=CARTESIAN_POINT('',(-7.5,-7.,1.6));
#16441=CARTESIAN_POINT('Origin',(-7.5,-8.087159496535E-15,7.691105960087));
#16442=CARTESIAN_POINT('',(-7.5,-7.25,1.85));
#16443=CARTESIAN_POINT('Origin',(-7.5,-7.,1.85));
#16444=CARTESIAN_POINT('',(-7.5,-7.25,14.75));
#16445=CARTESIAN_POINT('',(-7.5,-7.25,15.));
#16446=CARTESIAN_POINT('',(-7.5,-7.,15.));
#16447=CARTESIAN_POINT('Origin',(-7.5,-7.,14.75));
#16448=CARTESIAN_POINT('',(-7.5,-6.5,15.));
#16449=CARTESIAN_POINT('',(-7.5,-6.25,15.));
#16450=CARTESIAN_POINT('',(-7.5,-6.25,14.75));
#16451=CARTESIAN_POINT('Origin',(-7.5,-6.5,14.75));
#16452=CARTESIAN_POINT('',(-7.5,-6.25,3.391666666667));
#16453=CARTESIAN_POINT('',(-7.5,-6.25,3.391666666667));
#16454=CARTESIAN_POINT('',(-7.5,-4.666666666667,3.391666666667));
#16455=CARTESIAN_POINT('Origin',(-7.5,-5.458333333333,3.391666666667));
#16456=CARTESIAN_POINT('',(-7.5,-4.666666666667,14.7));
#16457=CARTESIAN_POINT('',(-7.5,-4.666666666667,14.7));
#16458=CARTESIAN_POINT('',(-7.5,-4.066666666666,14.7));
#16459=CARTESIAN_POINT('Origin',(-7.5,-4.366666666667,14.7));
#16460=CARTESIAN_POINT('',(-7.5,-4.066666666666,2.191666666667));
#16461=CARTESIAN_POINT('',(-7.5,-4.066666666666,14.7));
#16462=CARTESIAN_POINT('',(-7.5,-2.483333333333,2.191666666667));
#16463=CARTESIAN_POINT('Origin',(-7.5,-3.275,2.191666666667));
#16464=CARTESIAN_POINT('',(-7.5,-2.483333333333,14.7));
#16465=CARTESIAN_POINT('',(-7.5,-2.483333333333,14.7));
#16466=CARTESIAN_POINT('',(-7.5,-1.883333333333,14.7));
#16467=CARTESIAN_POINT('Origin',(-7.5,-2.183333333333,14.7));
#16468=CARTESIAN_POINT('',(-7.5,-1.883333333333,2.191666666667));
#16469=CARTESIAN_POINT('',(-7.5,-1.883333333333,14.7));
#16470=CARTESIAN_POINT('',(-7.5,-0.3,2.191666666667));
#16471=CARTESIAN_POINT('Origin',(-7.5,-1.091666666667,2.191666666667));
#16472=CARTESIAN_POINT('',(-7.5,-0.3,14.7));
#16473=CARTESIAN_POINT('',(-7.5,-0.3,14.7));
#16474=CARTESIAN_POINT('',(-7.5,0.3,14.7));
#16475=CARTESIAN_POINT('Origin',(-7.5,3.330669073876E-17,14.7));
#16476=CARTESIAN_POINT('',(-7.5,0.3,2.191666666667));
#16477=CARTESIAN_POINT('',(-7.5,0.3,14.7));
#16478=CARTESIAN_POINT('',(-7.5,1.883333333333,2.191666666667));
#16479=CARTESIAN_POINT('Origin',(-7.5,1.091666666667,2.191666666667));
#16480=CARTESIAN_POINT('',(-7.5,1.883333333333,14.7));
#16481=CARTESIAN_POINT('',(-7.5,1.883333333333,14.7));
#16482=CARTESIAN_POINT('',(-7.5,2.483333333333,14.7));
#16483=CARTESIAN_POINT('Origin',(-7.5,2.183333333333,14.7));
#16484=CARTESIAN_POINT('',(-7.5,2.483333333333,2.191666666667));
#16485=CARTESIAN_POINT('',(-7.5,2.483333333333,14.7));
#16486=CARTESIAN_POINT('',(-7.5,4.066666666666,2.191666666667));
#16487=CARTESIAN_POINT('Origin',(-7.5,3.275,2.191666666667));
#16488=CARTESIAN_POINT('',(-7.5,4.066666666666,14.7));
#16489=CARTESIAN_POINT('',(-7.5,4.066666666666,14.7));
#16490=CARTESIAN_POINT('',(-7.5,4.666666666666,14.7));
#16491=CARTESIAN_POINT('Origin',(-7.5,4.366666666666,14.7));
#16492=CARTESIAN_POINT('',(-7.5,4.666666666666,3.391666666667));
#16493=CARTESIAN_POINT('',(-7.5,4.666666666666,14.7));
#16494=CARTESIAN_POINT('',(-7.5,6.25,3.391666666667));
#16495=CARTESIAN_POINT('Origin',(-7.5,5.458333333333,3.391666666667));
#16496=CARTESIAN_POINT('',(-7.5,6.25,14.75));
#16497=CARTESIAN_POINT('',(-7.5,6.25,3.391666666667));
#16498=CARTESIAN_POINT('',(-7.5,6.5,15.));
#16499=CARTESIAN_POINT('Origin',(-7.5,6.5,14.75));
#16500=CARTESIAN_POINT('',(-7.5,7.,15.));
#16501=CARTESIAN_POINT('',(-7.5,6.25,15.));
#16502=CARTESIAN_POINT('',(-7.5,7.25,14.75));
#16503=CARTESIAN_POINT('Origin',(-7.5,7.,14.75));
#16504=CARTESIAN_POINT('',(-7.5,7.25,1.85));
#16505=CARTESIAN_POINT('',(-7.5,7.25,1.6));
#16506=CARTESIAN_POINT('',(-7.5,7.,1.6));
#16507=CARTESIAN_POINT('Origin',(-7.5,7.,1.85));
#16508=CARTESIAN_POINT('',(-7.5,5.625,1.6));
#16509=CARTESIAN_POINT('',(-7.5,4.625,1.6));
#16510=CARTESIAN_POINT('',(-7.5,4.625,0.6));
#16511=CARTESIAN_POINT('Origin',(-7.5,5.625,0.6));
#16512=CARTESIAN_POINT('',(-7.5,4.625,-2.373101715136E-15));
#16513=CARTESIAN_POINT('',(-7.5,4.625,1.7763568394E-15));
#16514=CARTESIAN_POINT('',(-7.5,-4.625,7.077671781985E-16));
#16515=CARTESIAN_POINT('',(-7.5,-4.625,7.105427357601E-15));
#16516=CARTESIAN_POINT('',(-7.5,-4.625,0.6));
#16517=CARTESIAN_POINT('',(-7.5,-4.625,1.6));
#16518=CARTESIAN_POINT('Origin',(-7.5,-5.625,0.6));
#16519=CARTESIAN_POINT('Origin',(-7.5,-7.,1.85));
#16520=CARTESIAN_POINT('',(7.5,-7.25,1.85));
#16521=CARTESIAN_POINT('Origin',(7.5,-7.,1.85));
#16522=CARTESIAN_POINT('',(-7.5,-7.25,1.85));
#16523=CARTESIAN_POINT('Origin',(-7.5,-5.625,0.6));
#16524=CARTESIAN_POINT('',(7.5,-4.625,0.6));
#16525=CARTESIAN_POINT('',(-7.5,-4.625,0.6));
#16526=CARTESIAN_POINT('Origin',(7.5,-5.625,0.6));
#16527=CARTESIAN_POINT('Origin',(7.5,-1.141782857041E-14,7.691105960087));
#16528=CARTESIAN_POINT('',(7.5,-4.625,2.373101715136E-15));
#16529=CARTESIAN_POINT('',(7.5,-4.625,1.6));
#16530=CARTESIAN_POINT('',(7.5,4.625,-7.077671781985E-16));
#16531=CARTESIAN_POINT('',(7.5,-4.625,-1.7763568394E-15));
#16532=CARTESIAN_POINT('',(7.5,4.625,0.6));
#16533=CARTESIAN_POINT('',(7.5,4.625,-7.105427357601E-15));
#16534=CARTESIAN_POINT('',(7.5,5.625,1.6));
#16535=CARTESIAN_POINT('Origin',(7.5,5.625,0.6));
#16536=CARTESIAN_POINT('',(7.5,7.,1.6));
#16537=CARTESIAN_POINT('',(7.5,4.625,1.6));
#16538=CARTESIAN_POINT('',(7.5,7.25,1.85));
#16539=CARTESIAN_POINT('Origin',(7.5,7.,1.85));
#16540=CARTESIAN_POINT('',(7.5,7.25,14.75));
#16541=CARTESIAN_POINT('',(7.5,7.25,1.6));
#16542=CARTESIAN_POINT('',(7.5,7.,15.));
#16543=CARTESIAN_POINT('Origin',(7.5,7.,14.75));
#16544=CARTESIAN_POINT('',(7.5,6.5,15.));
#16545=CARTESIAN_POINT('',(7.5,6.25,15.));
#16546=CARTESIAN_POINT('',(7.5,6.25,14.75));
#16547=CARTESIAN_POINT('Origin',(7.5,6.5,14.75));
#16548=CARTESIAN_POINT('',(7.5,6.25,3.391666666667));
#16549=CARTESIAN_POINT('',(7.5,6.25,3.391666666667));
#16550=CARTESIAN_POINT('',(7.5,4.666666666666,3.391666666667));
#16551=CARTESIAN_POINT('Origin',(7.5,5.458333333333,3.391666666667));
#16552=CARTESIAN_POINT('',(7.5,4.666666666666,14.7));
#16553=CARTESIAN_POINT('',(7.5,4.666666666666,14.7));
#16554=CARTESIAN_POINT('',(7.5,4.066666666666,14.7));
#16555=CARTESIAN_POINT('Origin',(7.5,4.366666666666,14.7));
#16556=CARTESIAN_POINT('',(7.5,4.066666666666,2.191666666667));
#16557=CARTESIAN_POINT('',(7.5,4.066666666666,14.7));
#16558=CARTESIAN_POINT('',(7.5,2.483333333333,2.191666666667));
#16559=CARTESIAN_POINT('Origin',(7.5,3.275,2.191666666667));
#16560=CARTESIAN_POINT('',(7.5,2.483333333333,14.7));
#16561=CARTESIAN_POINT('',(7.5,2.483333333333,14.7));
#16562=CARTESIAN_POINT('',(7.5,1.883333333333,14.7));
#16563=CARTESIAN_POINT('Origin',(7.5,2.183333333333,14.7));
#16564=CARTESIAN_POINT('',(7.5,1.883333333333,2.191666666667));
#16565=CARTESIAN_POINT('',(7.5,1.883333333333,14.7));
#16566=CARTESIAN_POINT('',(7.5,0.3,2.191666666667));
#16567=CARTESIAN_POINT('Origin',(7.5,1.091666666667,2.191666666667));
#16568=CARTESIAN_POINT('',(7.5,0.3,14.7));
#16569=CARTESIAN_POINT('',(7.5,0.3,14.7));
#16570=CARTESIAN_POINT('',(7.5,-0.3,14.7));
#16571=CARTESIAN_POINT('Origin',(7.5,-3.297362383137E-15,14.7));
#16572=CARTESIAN_POINT('',(7.5,-0.3,2.191666666667));
#16573=CARTESIAN_POINT('',(7.5,-0.3,14.7));
#16574=CARTESIAN_POINT('',(7.5,-1.883333333333,2.191666666667));
#16575=CARTESIAN_POINT('Origin',(7.5,-1.091666666667,2.191666666667));
#16576=CARTESIAN_POINT('',(7.5,-1.883333333333,14.7));
#16577=CARTESIAN_POINT('',(7.5,-1.883333333333,14.7));
#16578=CARTESIAN_POINT('',(7.5,-2.483333333333,14.7));
#16579=CARTESIAN_POINT('Origin',(7.5,-2.183333333333,14.7));
#16580=CARTESIAN_POINT('',(7.5,-2.483333333333,2.191666666667));
#16581=CARTESIAN_POINT('',(7.5,-2.483333333333,14.7));
#16582=CARTESIAN_POINT('',(7.5,-4.066666666666,2.191666666667));
#16583=CARTESIAN_POINT('Origin',(7.5,-3.275,2.191666666667));
#16584=CARTESIAN_POINT('',(7.5,-4.066666666667,14.7));
#16585=CARTESIAN_POINT('',(7.5,-4.066666666666,14.7));
#16586=CARTESIAN_POINT('',(7.5,-4.666666666667,14.7));
#16587=CARTESIAN_POINT('Origin',(7.5,-4.366666666667,14.7));
#16588=CARTESIAN_POINT('',(7.5,-4.666666666667,3.391666666667));
#16589=CARTESIAN_POINT('',(7.5,-4.666666666667,14.7));
#16590=CARTESIAN_POINT('',(7.5,-6.25,3.391666666667));
#16591=CARTESIAN_POINT('Origin',(7.5,-5.458333333333,3.391666666667));
#16592=CARTESIAN_POINT('',(7.5,-6.25,14.75));
#16593=CARTESIAN_POINT('',(7.5,-6.25,3.391666666667));
#16594=CARTESIAN_POINT('',(7.5,-6.5,15.));
#16595=CARTESIAN_POINT('Origin',(7.5,-6.5,14.75));
#16596=CARTESIAN_POINT('',(7.5,-7.,15.));
#16597=CARTESIAN_POINT('',(7.5,-6.25,15.));
#16598=CARTESIAN_POINT('',(7.5,-7.25,14.75));
#16599=CARTESIAN_POINT('Origin',(7.5,-7.,14.75));
#16600=CARTESIAN_POINT('',(7.5,-7.25,15.));
#16601=CARTESIAN_POINT('Origin',(-7.5,-7.25,15.));
#16602=CARTESIAN_POINT('',(-7.5,-7.25,14.75));
#16603=CARTESIAN_POINT('Origin',(-7.5,-4.625,1.6));
#16604=CARTESIAN_POINT('',(-7.5,-4.625,7.077671781985E-16));
#16605=CARTESIAN_POINT('Origin',(-7.5,-7.,14.75));
#16606=CARTESIAN_POINT('',(-7.5,-7.,15.));
#16607=CARTESIAN_POINT('Origin',(-7.5,-4.625,7.077671781985E-16));
#16608=CARTESIAN_POINT('',(-7.5,4.625,-2.373101715136E-15));
#16609=CARTESIAN_POINT('Origin',(-7.5,-6.25,15.));
#16610=CARTESIAN_POINT('',(-7.5,-6.5,15.));
#16611=CARTESIAN_POINT('Origin',(-7.5,4.625,-2.373101715136E-15));
#16612=CARTESIAN_POINT('',(-7.5,4.625,0.6));
#16613=CARTESIAN_POINT('Origin',(-7.5,-6.5,14.75));
#16614=CARTESIAN_POINT('',(-7.5,-6.25,14.75));
#16615=CARTESIAN_POINT('Origin',(-7.5,5.625,0.6));
#16616=CARTESIAN_POINT('',(-7.5,5.625,1.6));
#16617=CARTESIAN_POINT('Origin',(-7.5,-6.25,3.391666666667));
#16618=CARTESIAN_POINT('',(-7.5,-6.25,3.391666666667));
#16619=CARTESIAN_POINT('Origin',(-7.5,4.625,1.6));
#16620=CARTESIAN_POINT('',(-7.5,7.,1.6));
#16621=CARTESIAN_POINT('Origin',(-7.5,-5.458333333333,3.391666666667));
#16622=CARTESIAN_POINT('',(-7.5,-4.666666666667,3.391666666667));
#16623=CARTESIAN_POINT('Origin',(-7.5,7.,1.85));
#16624=CARTESIAN_POINT('',(-7.5,7.25,1.85));
#16625=CARTESIAN_POINT('Origin',(-7.5,-4.666666666667,14.7));
#16626=CARTESIAN_POINT('',(-7.5,-4.666666666667,14.7));
#16627=CARTESIAN_POINT('Origin',(-7.5,7.25,1.6));
#16628=CARTESIAN_POINT('',(-7.5,7.25,14.75));
#16629=CARTESIAN_POINT('Origin',(-7.5,-4.366666666667,14.7));
#16630=CARTESIAN_POINT('',(-7.5,-4.066666666666,14.7));
#16631=CARTESIAN_POINT('Origin',(-7.5,7.,14.75));
#16632=CARTESIAN_POINT('',(-7.5,7.,15.));
#16633=CARTESIAN_POINT('Origin',(-7.5,-4.066666666666,14.7));
#16634=CARTESIAN_POINT('',(-7.5,-4.066666666666,2.191666666667));
#16635=CARTESIAN_POINT('Origin',(-7.5,6.25,15.));
#16636=CARTESIAN_POINT('',(-7.5,6.5,15.));
#16637=CARTESIAN_POINT('Origin',(-7.5,-3.275,2.191666666667));
#16638=CARTESIAN_POINT('',(-7.5,-2.483333333333,2.191666666667));
#16639=CARTESIAN_POINT('Origin',(-7.5,6.5,14.75));
#16640=CARTESIAN_POINT('',(-7.5,6.25,14.75));
#16641=CARTESIAN_POINT('Origin',(-7.5,-2.483333333333,14.7));
#16642=CARTESIAN_POINT('',(-7.5,-2.483333333333,14.7));
#16643=CARTESIAN_POINT('Origin',(-7.5,6.25,3.391666666667));
#16644=CARTESIAN_POINT('',(-7.5,6.25,3.391666666667));
#16645=CARTESIAN_POINT('Origin',(-7.5,-2.183333333333,14.7));
#16646=CARTESIAN_POINT('',(-7.5,-1.883333333333,14.7));
#16647=CARTESIAN_POINT('Origin',(-7.5,5.458333333333,3.391666666667));
#16648=CARTESIAN_POINT('',(-7.5,4.666666666666,3.391666666667));
#16649=CARTESIAN_POINT('Origin',(-7.5,-1.883333333333,14.7));
#16650=CARTESIAN_POINT('',(-7.5,-1.883333333333,2.191666666667));
#16651=CARTESIAN_POINT('Origin',(-7.5,4.666666666666,14.7));
#16652=CARTESIAN_POINT('',(-7.5,4.666666666666,14.7));
#16653=CARTESIAN_POINT('Origin',(-7.5,-1.091666666667,2.191666666667));
#16654=CARTESIAN_POINT('',(-7.5,-0.3,2.191666666667));
#16655=CARTESIAN_POINT('Origin',(-7.5,4.366666666666,14.7));
#16656=CARTESIAN_POINT('',(-7.5,4.066666666666,14.7));
#16657=CARTESIAN_POINT('Origin',(-7.5,-0.3,14.7));
#16658=CARTESIAN_POINT('',(-7.5,-0.3,14.7));
#16659=CARTESIAN_POINT('Origin',(-7.5,4.066666666666,14.7));
#16660=CARTESIAN_POINT('',(-7.5,4.066666666666,2.191666666667));
#16661=CARTESIAN_POINT('Origin',(-7.5,3.297362383137E-15,14.7));
#16662=CARTESIAN_POINT('',(-7.5,0.3,14.7));
#16663=CARTESIAN_POINT('Origin',(-7.5,3.275,2.191666666667));
#16664=CARTESIAN_POINT('',(-7.5,2.483333333333,2.191666666667));
#16665=CARTESIAN_POINT('Origin',(-7.5,0.3,14.7));
#16666=CARTESIAN_POINT('',(-7.5,0.3,2.191666666667));
#16667=CARTESIAN_POINT('Origin',(-7.5,2.483333333333,14.7));
#16668=CARTESIAN_POINT('',(-7.5,2.483333333333,14.7));
#16669=CARTESIAN_POINT('Origin',(-7.5,1.091666666667,2.191666666667));
#16670=CARTESIAN_POINT('',(-7.5,1.883333333333,2.191666666667));
#16671=CARTESIAN_POINT('Origin',(-7.5,2.183333333333,14.7));
#16672=CARTESIAN_POINT('',(-7.5,1.883333333333,14.7));
#16673=CARTESIAN_POINT('Origin',(-7.5,1.883333333333,14.7));
#16674=CARTESIAN_POINT('',(0.0877653783834844,0.16463574427797,0.));
#16675=CARTESIAN_POINT('',(-6.26223462161653,-8.72536425572205,1.8268719870207E-12));
#16676=CARTESIAN_POINT('',(6.4377653783835,-8.72536425572205,1.82576176399607E-12));
#16677=CARTESIAN_POINT('',(-2.51223462161652,-8.13536425572205,1.6));
#16678=CARTESIAN_POINT('',(0.0877653783834843,0.764635744277971,0.));
#16679=CARTESIAN_POINT('',(-2.01223462161652,-8.03536425572204,2.77555756156289E-16));
#16680=CARTESIAN_POINT('',(0.487765378383487,-4.33536425572204,8.32667268468867E-16));
#16681=CARTESIAN_POINT('',(1.98776537838349,-4.33536425572204,8.32667268468867E-16));
#16682=CARTESIAN_POINT('',(4.08776537838349,3.06463574427798,-1.54074395550979E-32));
#16683=CARTESIAN_POINT('',(4.08776537838349,8.46463574427799,-8.32667268468867E-16));
#16684=CARTESIAN_POINT('',(-4.01223462161652,-1.63536425572204,5.55111512312578E-16));
#16685=CARTESIAN_POINT('',(-4.01223462161652,3.16463574427798,5.55111512312578E-16));
#16686=CARTESIAN_POINT('',(-2.41223462161652,-3.83536425572204,2.77555756156289E-16));
#16687=CARTESIAN_POINT('',(-2.41223462161652,5.16463574427798,2.77555756156289E-16));
#16688=CARTESIAN_POINT('',(-4.01223462161653,8.46463574427799,5.55111512312578E-16));
#16689=CARTESIAN_POINT('',(2.68776537838349,8.46463574427799,-2.77555756156289E-16));
#16690=CARTESIAN_POINT('',(0.287765378383483,6.76463574427799,-3.75556339155511E-32));
#16691=CARTESIAN_POINT('',(0.287765378383482,4.86463574427798,-2.77555756156289E-16));
#16692=CARTESIAN_POINT('',(-0.212234621616521,8.76463574427799,-2.31111593326468E-32));
#16693=CARTESIAN_POINT('',(0.0877653783834844,0.16463574427797,0.));
#16694=CARTESIAN_POINT('',(0.0877653783834836,2.16463574427797,1.6));
#16695=UNCERTAINTY_MEASURE_WITH_UNIT(LENGTH_MEASURE(0.01),#16839,
'DISTANCE_ACCURACY_VALUE',
'Maximum model space distance between geometric entities at asserted c
onnectivities');
#16696=UNCERTAINTY_MEASURE_WITH_UNIT(LENGTH_MEASURE(0.01),#16839,
'DISTANCE_ACCURACY_VALUE',
'Maximum model space distance between geometric entities at asserted c
onnectivities');
#16697=UNCERTAINTY_MEASURE_WITH_UNIT(LENGTH_MEASURE(0.01),#16839,
'DISTANCE_ACCURACY_VALUE',
'Maximum model space distance between geometric entities at asserted c
onnectivities');
#16698=UNCERTAINTY_MEASURE_WITH_UNIT(LENGTH_MEASURE(0.01),#16839,
'DISTANCE_ACCURACY_VALUE',
'Maximum model space distance between geometric entities at asserted c
onnectivities');
#16699=UNCERTAINTY_MEASURE_WITH_UNIT(LENGTH_MEASURE(0.01),#16839,
'DISTANCE_ACCURACY_VALUE',
'Maximum model space distance between geometric entities at asserted c
onnectivities');
#16700=UNCERTAINTY_MEASURE_WITH_UNIT(LENGTH_MEASURE(0.01),#16839,
'DISTANCE_ACCURACY_VALUE',
'Maximum model space distance between geometric entities at asserted c
onnectivities');
#16701=UNCERTAINTY_MEASURE_WITH_UNIT(LENGTH_MEASURE(0.01),#16839,
'DISTANCE_ACCURACY_VALUE',
'Maximum model space distance between geometric entities at asserted c
onnectivities');
#16702=UNCERTAINTY_MEASURE_WITH_UNIT(LENGTH_MEASURE(0.01),#16839,
'DISTANCE_ACCURACY_VALUE',
'Maximum model space distance between geometric entities at asserted c
onnectivities');
#16703=UNCERTAINTY_MEASURE_WITH_UNIT(LENGTH_MEASURE(0.01),#16839,
'DISTANCE_ACCURACY_VALUE',
'Maximum model space distance between geometric entities at asserted c
onnectivities');
#16704=UNCERTAINTY_MEASURE_WITH_UNIT(LENGTH_MEASURE(0.01),#16839,
'DISTANCE_ACCURACY_VALUE',
'Maximum model space distance between geometric entities at asserted c
onnectivities');
#16705=UNCERTAINTY_MEASURE_WITH_UNIT(LENGTH_MEASURE(0.01),#16839,
'DISTANCE_ACCURACY_VALUE',
'Maximum model space distance between geometric entities at asserted c
onnectivities');
#16706=UNCERTAINTY_MEASURE_WITH_UNIT(LENGTH_MEASURE(0.01),#16839,
'DISTANCE_ACCURACY_VALUE',
'Maximum model space distance between geometric entities at asserted c
onnectivities');
#16707=UNCERTAINTY_MEASURE_WITH_UNIT(LENGTH_MEASURE(0.01),#16839,
'DISTANCE_ACCURACY_VALUE',
'Maximum model space distance between geometric entities at asserted c
onnectivities');
#16708=UNCERTAINTY_MEASURE_WITH_UNIT(LENGTH_MEASURE(0.01),#16839,
'DISTANCE_ACCURACY_VALUE',
'Maximum model space distance between geometric entities at asserted c
onnectivities');
#16709=UNCERTAINTY_MEASURE_WITH_UNIT(LENGTH_MEASURE(0.01),#16839,
'DISTANCE_ACCURACY_VALUE',
'Maximum model space distance between geometric entities at asserted c
onnectivities');
#16710=UNCERTAINTY_MEASURE_WITH_UNIT(LENGTH_MEASURE(0.01),#16839,
'DISTANCE_ACCURACY_VALUE',
'Maximum model space distance between geometric entities at asserted c
onnectivities');
#16711=UNCERTAINTY_MEASURE_WITH_UNIT(LENGTH_MEASURE(0.01),#16839,
'DISTANCE_ACCURACY_VALUE',
'Maximum model space distance between geometric entities at asserted c
onnectivities');
#16712=UNCERTAINTY_MEASURE_WITH_UNIT(LENGTH_MEASURE(0.01),#16839,
'DISTANCE_ACCURACY_VALUE',
'Maximum model space distance between geometric entities at asserted c
onnectivities');
#16713=UNCERTAINTY_MEASURE_WITH_UNIT(LENGTH_MEASURE(0.01),#16839,
'DISTANCE_ACCURACY_VALUE',
'Maximum model space distance between geometric entities at asserted c
onnectivities');
#16714=UNCERTAINTY_MEASURE_WITH_UNIT(LENGTH_MEASURE(0.01),#16839,
'DISTANCE_ACCURACY_VALUE',
'Maximum model space distance between geometric entities at asserted c
onnectivities');
#16715=UNCERTAINTY_MEASURE_WITH_UNIT(LENGTH_MEASURE(0.01),#16839,
'DISTANCE_ACCURACY_VALUE',
'Maximum model space distance between geometric entities at asserted c
onnectivities');
#16716=UNCERTAINTY_MEASURE_WITH_UNIT(LENGTH_MEASURE(0.01),#16839,
'DISTANCE_ACCURACY_VALUE',
'Maximum model space distance between geometric entities at asserted c
onnectivities');
#16717=UNCERTAINTY_MEASURE_WITH_UNIT(LENGTH_MEASURE(0.01),#16839,
'DISTANCE_ACCURACY_VALUE',
'Maximum model space distance between geometric entities at asserted c
onnectivities');
#16718=UNCERTAINTY_MEASURE_WITH_UNIT(LENGTH_MEASURE(0.01),#16839,
'DISTANCE_ACCURACY_VALUE',
'Maximum model space distance between geometric entities at asserted c
onnectivities');
#16719=UNCERTAINTY_MEASURE_WITH_UNIT(LENGTH_MEASURE(0.01),#16839,
'DISTANCE_ACCURACY_VALUE',
'Maximum model space distance between geometric entities at asserted c
onnectivities');
#16720=UNCERTAINTY_MEASURE_WITH_UNIT(LENGTH_MEASURE(0.01),#16839,
'DISTANCE_ACCURACY_VALUE',
'Maximum model space distance between geometric entities at asserted c
onnectivities');
#16721=UNCERTAINTY_MEASURE_WITH_UNIT(LENGTH_MEASURE(0.01),#16839,
'DISTANCE_ACCURACY_VALUE',
'Maximum model space distance between geometric entities at asserted c
onnectivities');
#16722=UNCERTAINTY_MEASURE_WITH_UNIT(LENGTH_MEASURE(0.01),#16839,
'DISTANCE_ACCURACY_VALUE',
'Maximum model space distance between geometric entities at asserted c
onnectivities');
#16723=UNCERTAINTY_MEASURE_WITH_UNIT(LENGTH_MEASURE(0.01),#16839,
'DISTANCE_ACCURACY_VALUE',
'Maximum model space distance between geometric entities at asserted c
onnectivities');
#16724=UNCERTAINTY_MEASURE_WITH_UNIT(LENGTH_MEASURE(0.01),#16839,
'DISTANCE_ACCURACY_VALUE',
'Maximum model space distance between geometric entities at asserted c
onnectivities');
#16725=UNCERTAINTY_MEASURE_WITH_UNIT(LENGTH_MEASURE(0.01),#16839,
'DISTANCE_ACCURACY_VALUE',
'Maximum model space distance between geometric entities at asserted c
onnectivities');
#16726=UNCERTAINTY_MEASURE_WITH_UNIT(LENGTH_MEASURE(0.01),#16839,
'DISTANCE_ACCURACY_VALUE',
'Maximum model space distance between geometric entities at asserted c
onnectivities');
#16727=UNCERTAINTY_MEASURE_WITH_UNIT(LENGTH_MEASURE(0.01),#16839,
'DISTANCE_ACCURACY_VALUE',
'Maximum model space distance between geometric entities at asserted c
onnectivities');
#16728=UNCERTAINTY_MEASURE_WITH_UNIT(LENGTH_MEASURE(0.01),#16839,
'DISTANCE_ACCURACY_VALUE',
'Maximum model space distance between geometric entities at asserted c
onnectivities');
#16729=UNCERTAINTY_MEASURE_WITH_UNIT(LENGTH_MEASURE(0.01),#16839,
'DISTANCE_ACCURACY_VALUE',
'Maximum model space distance between geometric entities at asserted c
onnectivities');
#16730=UNCERTAINTY_MEASURE_WITH_UNIT(LENGTH_MEASURE(0.01),#16839,
'DISTANCE_ACCURACY_VALUE',
'Maximum model space distance between geometric entities at asserted c
onnectivities');
#16731=UNCERTAINTY_MEASURE_WITH_UNIT(LENGTH_MEASURE(0.01),#16839,
'DISTANCE_ACCURACY_VALUE',
'Maximum model space distance between geometric entities at asserted c
onnectivities');
#16732=UNCERTAINTY_MEASURE_WITH_UNIT(LENGTH_MEASURE(0.01),#16839,
'DISTANCE_ACCURACY_VALUE',
'Maximum model space distance between geometric entities at asserted c
onnectivities');
#16733=UNCERTAINTY_MEASURE_WITH_UNIT(LENGTH_MEASURE(0.01),#16839,
'DISTANCE_ACCURACY_VALUE',
'Maximum model space distance between geometric entities at asserted c
onnectivities');
#16734=UNCERTAINTY_MEASURE_WITH_UNIT(LENGTH_MEASURE(0.01),#16839,
'DISTANCE_ACCURACY_VALUE',
'Maximum model space distance between geometric entities at asserted c
onnectivities');
#16735=UNCERTAINTY_MEASURE_WITH_UNIT(LENGTH_MEASURE(0.01),#16839,
'DISTANCE_ACCURACY_VALUE',
'Maximum model space distance between geometric entities at asserted c
onnectivities');
#16736=UNCERTAINTY_MEASURE_WITH_UNIT(LENGTH_MEASURE(0.01),#16839,
'DISTANCE_ACCURACY_VALUE',
'Maximum model space distance between geometric entities at asserted c
onnectivities');
#16737=UNCERTAINTY_MEASURE_WITH_UNIT(LENGTH_MEASURE(0.01),#16839,
'DISTANCE_ACCURACY_VALUE',
'Maximum model space distance between geometric entities at asserted c
onnectivities');
#16738=UNCERTAINTY_MEASURE_WITH_UNIT(LENGTH_MEASURE(0.01),#16839,
'DISTANCE_ACCURACY_VALUE',
'Maximum model space distance between geometric entities at asserted c
onnectivities');
#16739=UNCERTAINTY_MEASURE_WITH_UNIT(LENGTH_MEASURE(0.01),#16839,
'DISTANCE_ACCURACY_VALUE',
'Maximum model space distance between geometric entities at asserted c
onnectivities');
#16740=UNCERTAINTY_MEASURE_WITH_UNIT(LENGTH_MEASURE(0.01),#16839,
'DISTANCE_ACCURACY_VALUE',
'Maximum model space distance between geometric entities at asserted c
onnectivities');
#16741=UNCERTAINTY_MEASURE_WITH_UNIT(LENGTH_MEASURE(0.01),#16839,
'DISTANCE_ACCURACY_VALUE',
'Maximum model space distance between geometric entities at asserted c
onnectivities');
#16742=UNCERTAINTY_MEASURE_WITH_UNIT(LENGTH_MEASURE(0.01),#16839,
'DISTANCE_ACCURACY_VALUE',
'Maximum model space distance between geometric entities at asserted c
onnectivities');
#16743=UNCERTAINTY_MEASURE_WITH_UNIT(LENGTH_MEASURE(0.01),#16839,
'DISTANCE_ACCURACY_VALUE',
'Maximum model space distance between geometric entities at asserted c
onnectivities');
#16744=UNCERTAINTY_MEASURE_WITH_UNIT(LENGTH_MEASURE(0.01),#16839,
'DISTANCE_ACCURACY_VALUE',
'Maximum model space distance between geometric entities at asserted c
onnectivities');
#16745=UNCERTAINTY_MEASURE_WITH_UNIT(LENGTH_MEASURE(0.01),#16839,
'DISTANCE_ACCURACY_VALUE',
'Maximum model space distance between geometric entities at asserted c
onnectivities');
#16746=UNCERTAINTY_MEASURE_WITH_UNIT(LENGTH_MEASURE(0.01),#16839,
'DISTANCE_ACCURACY_VALUE',
'Maximum model space distance between geometric entities at asserted c
onnectivities');
#16747=UNCERTAINTY_MEASURE_WITH_UNIT(LENGTH_MEASURE(0.01),#16839,
'DISTANCE_ACCURACY_VALUE',
'Maximum model space distance between geometric entities at asserted c
onnectivities');
#16748=UNCERTAINTY_MEASURE_WITH_UNIT(LENGTH_MEASURE(0.01),#16839,
'DISTANCE_ACCURACY_VALUE',
'Maximum model space distance between geometric entities at asserted c
onnectivities');
#16749=UNCERTAINTY_MEASURE_WITH_UNIT(LENGTH_MEASURE(0.01),#16839,
'DISTANCE_ACCURACY_VALUE',
'Maximum model space distance between geometric entities at asserted c
onnectivities');
#16750=UNCERTAINTY_MEASURE_WITH_UNIT(LENGTH_MEASURE(0.01),#16839,
'DISTANCE_ACCURACY_VALUE',
'Maximum model space distance between geometric entities at asserted c
onnectivities');
#16751=UNCERTAINTY_MEASURE_WITH_UNIT(LENGTH_MEASURE(0.01),#16839,
'DISTANCE_ACCURACY_VALUE',
'Maximum model space distance between geometric entities at asserted c
onnectivities');
#16752=UNCERTAINTY_MEASURE_WITH_UNIT(LENGTH_MEASURE(0.01),#16839,
'DISTANCE_ACCURACY_VALUE',
'Maximum model space distance between geometric entities at asserted c
onnectivities');
#16753=UNCERTAINTY_MEASURE_WITH_UNIT(LENGTH_MEASURE(0.01),#16839,
'DISTANCE_ACCURACY_VALUE',
'Maximum model space distance between geometric entities at asserted c
onnectivities');
#16754=UNCERTAINTY_MEASURE_WITH_UNIT(LENGTH_MEASURE(0.01),#16839,
'DISTANCE_ACCURACY_VALUE',
'Maximum model space distance between geometric entities at asserted c
onnectivities');
#16755=UNCERTAINTY_MEASURE_WITH_UNIT(LENGTH_MEASURE(0.01),#16839,
'DISTANCE_ACCURACY_VALUE',
'Maximum model space distance between geometric entities at asserted c
onnectivities');
#16756=UNCERTAINTY_MEASURE_WITH_UNIT(LENGTH_MEASURE(0.01),#16839,
'DISTANCE_ACCURACY_VALUE',
'Maximum model space distance between geometric entities at asserted c
onnectivities');
#16757=UNCERTAINTY_MEASURE_WITH_UNIT(LENGTH_MEASURE(0.01),#16839,
'DISTANCE_ACCURACY_VALUE',
'Maximum model space distance between geometric entities at asserted c
onnectivities');
#16758=UNCERTAINTY_MEASURE_WITH_UNIT(LENGTH_MEASURE(0.01),#16839,
'DISTANCE_ACCURACY_VALUE',
'Maximum model space distance between geometric entities at asserted c
onnectivities');
#16759=UNCERTAINTY_MEASURE_WITH_UNIT(LENGTH_MEASURE(0.01),#16839,
'DISTANCE_ACCURACY_VALUE',
'Maximum model space distance between geometric entities at asserted c
onnectivities');
#16760=UNCERTAINTY_MEASURE_WITH_UNIT(LENGTH_MEASURE(0.01),#16839,
'DISTANCE_ACCURACY_VALUE',
'Maximum model space distance between geometric entities at asserted c
onnectivities');
#16761=UNCERTAINTY_MEASURE_WITH_UNIT(LENGTH_MEASURE(0.01),#16839,
'DISTANCE_ACCURACY_VALUE',
'Maximum model space distance between geometric entities at asserted c
onnectivities');
#16762=UNCERTAINTY_MEASURE_WITH_UNIT(LENGTH_MEASURE(0.01),#16839,
'DISTANCE_ACCURACY_VALUE',
'Maximum model space distance between geometric entities at asserted c
onnectivities');
#16763=UNCERTAINTY_MEASURE_WITH_UNIT(LENGTH_MEASURE(0.01),#16839,
'DISTANCE_ACCURACY_VALUE',
'Maximum model space distance between geometric entities at asserted c
onnectivities');
#16764=UNCERTAINTY_MEASURE_WITH_UNIT(LENGTH_MEASURE(0.01),#16839,
'DISTANCE_ACCURACY_VALUE',
'Maximum model space distance between geometric entities at asserted c
onnectivities');
#16765=UNCERTAINTY_MEASURE_WITH_UNIT(LENGTH_MEASURE(0.01),#16839,
'DISTANCE_ACCURACY_VALUE',
'Maximum model space distance between geometric entities at asserted c
onnectivities');
#16766=UNCERTAINTY_MEASURE_WITH_UNIT(LENGTH_MEASURE(0.01),#16839,
'DISTANCE_ACCURACY_VALUE',
'Maximum model space distance between geometric entities at asserted c
onnectivities');
#16767=(
GEOMETRIC_REPRESENTATION_CONTEXT(3)
GLOBAL_UNCERTAINTY_ASSIGNED_CONTEXT((#16695))
GLOBAL_UNIT_ASSIGNED_CONTEXT((#16839,#16841,#16842))
REPRESENTATION_CONTEXT('','3D')
);
#16768=(
GEOMETRIC_REPRESENTATION_CONTEXT(3)
GLOBAL_UNCERTAINTY_ASSIGNED_CONTEXT((#16696))
GLOBAL_UNIT_ASSIGNED_CONTEXT((#16839,#16841,#16842))
REPRESENTATION_CONTEXT('','3D')
);
#16769=(
GEOMETRIC_REPRESENTATION_CONTEXT(3)
GLOBAL_UNCERTAINTY_ASSIGNED_CONTEXT((#16697))
GLOBAL_UNIT_ASSIGNED_CONTEXT((#16839,#16841,#16842))
REPRESENTATION_CONTEXT('','3D')
);
#16770=(
GEOMETRIC_REPRESENTATION_CONTEXT(3)
GLOBAL_UNCERTAINTY_ASSIGNED_CONTEXT((#16698))
GLOBAL_UNIT_ASSIGNED_CONTEXT((#16839,#16841,#16842))
REPRESENTATION_CONTEXT('','3D')
);
#16771=(
GEOMETRIC_REPRESENTATION_CONTEXT(3)
GLOBAL_UNCERTAINTY_ASSIGNED_CONTEXT((#16699))
GLOBAL_UNIT_ASSIGNED_CONTEXT((#16839,#16841,#16842))
REPRESENTATION_CONTEXT('','3D')
);
#16772=(
GEOMETRIC_REPRESENTATION_CONTEXT(3)
GLOBAL_UNCERTAINTY_ASSIGNED_CONTEXT((#16700))
GLOBAL_UNIT_ASSIGNED_CONTEXT((#16839,#16841,#16842))
REPRESENTATION_CONTEXT('','3D')
);
#16773=(
GEOMETRIC_REPRESENTATION_CONTEXT(3)
GLOBAL_UNCERTAINTY_ASSIGNED_CONTEXT((#16701))
GLOBAL_UNIT_ASSIGNED_CONTEXT((#16839,#16841,#16842))
REPRESENTATION_CONTEXT('','3D')
);
#16774=(
GEOMETRIC_REPRESENTATION_CONTEXT(3)
GLOBAL_UNCERTAINTY_ASSIGNED_CONTEXT((#16702))
GLOBAL_UNIT_ASSIGNED_CONTEXT((#16839,#16841,#16842))
REPRESENTATION_CONTEXT('','3D')
);
#16775=(
GEOMETRIC_REPRESENTATION_CONTEXT(3)
GLOBAL_UNCERTAINTY_ASSIGNED_CONTEXT((#16703))
GLOBAL_UNIT_ASSIGNED_CONTEXT((#16839,#16841,#16842))
REPRESENTATION_CONTEXT('','3D')
);
#16776=(
GEOMETRIC_REPRESENTATION_CONTEXT(3)
GLOBAL_UNCERTAINTY_ASSIGNED_CONTEXT((#16704))
GLOBAL_UNIT_ASSIGNED_CONTEXT((#16839,#16841,#16842))
REPRESENTATION_CONTEXT('','3D')
);
#16777=(
GEOMETRIC_REPRESENTATION_CONTEXT(3)
GLOBAL_UNCERTAINTY_ASSIGNED_CONTEXT((#16705))
GLOBAL_UNIT_ASSIGNED_CONTEXT((#16839,#16841,#16842))
REPRESENTATION_CONTEXT('','3D')
);
#16778=(
GEOMETRIC_REPRESENTATION_CONTEXT(3)
GLOBAL_UNCERTAINTY_ASSIGNED_CONTEXT((#16706))
GLOBAL_UNIT_ASSIGNED_CONTEXT((#16839,#16841,#16842))
REPRESENTATION_CONTEXT('','3D')
);
#16779=(
GEOMETRIC_REPRESENTATION_CONTEXT(3)
GLOBAL_UNCERTAINTY_ASSIGNED_CONTEXT((#16707))
GLOBAL_UNIT_ASSIGNED_CONTEXT((#16839,#16841,#16842))
REPRESENTATION_CONTEXT('','3D')
);
#16780=(
GEOMETRIC_REPRESENTATION_CONTEXT(3)
GLOBAL_UNCERTAINTY_ASSIGNED_CONTEXT((#16708))
GLOBAL_UNIT_ASSIGNED_CONTEXT((#16839,#16841,#16842))
REPRESENTATION_CONTEXT('','3D')
);
#16781=(
GEOMETRIC_REPRESENTATION_CONTEXT(3)
GLOBAL_UNCERTAINTY_ASSIGNED_CONTEXT((#16709))
GLOBAL_UNIT_ASSIGNED_CONTEXT((#16839,#16841,#16842))
REPRESENTATION_CONTEXT('','3D')
);
#16782=(
GEOMETRIC_REPRESENTATION_CONTEXT(3)
GLOBAL_UNCERTAINTY_ASSIGNED_CONTEXT((#16710))
GLOBAL_UNIT_ASSIGNED_CONTEXT((#16839,#16841,#16842))
REPRESENTATION_CONTEXT('','3D')
);
#16783=(
GEOMETRIC_REPRESENTATION_CONTEXT(3)
GLOBAL_UNCERTAINTY_ASSIGNED_CONTEXT((#16711))
GLOBAL_UNIT_ASSIGNED_CONTEXT((#16839,#16841,#16842))
REPRESENTATION_CONTEXT('','3D')
);
#16784=(
GEOMETRIC_REPRESENTATION_CONTEXT(3)
GLOBAL_UNCERTAINTY_ASSIGNED_CONTEXT((#16712))
GLOBAL_UNIT_ASSIGNED_CONTEXT((#16839,#16841,#16842))
REPRESENTATION_CONTEXT('','3D')
);
#16785=(
GEOMETRIC_REPRESENTATION_CONTEXT(3)
GLOBAL_UNCERTAINTY_ASSIGNED_CONTEXT((#16713))
GLOBAL_UNIT_ASSIGNED_CONTEXT((#16839,#16841,#16842))
REPRESENTATION_CONTEXT('','3D')
);
#16786=(
GEOMETRIC_REPRESENTATION_CONTEXT(3)
GLOBAL_UNCERTAINTY_ASSIGNED_CONTEXT((#16714))
GLOBAL_UNIT_ASSIGNED_CONTEXT((#16839,#16841,#16842))
REPRESENTATION_CONTEXT('','3D')
);
#16787=(
GEOMETRIC_REPRESENTATION_CONTEXT(3)
GLOBAL_UNCERTAINTY_ASSIGNED_CONTEXT((#16715))
GLOBAL_UNIT_ASSIGNED_CONTEXT((#16839,#16841,#16842))
REPRESENTATION_CONTEXT('','3D')
);
#16788=(
GEOMETRIC_REPRESENTATION_CONTEXT(3)
GLOBAL_UNCERTAINTY_ASSIGNED_CONTEXT((#16716))
GLOBAL_UNIT_ASSIGNED_CONTEXT((#16839,#16841,#16842))
REPRESENTATION_CONTEXT('','3D')
);
#16789=(
GEOMETRIC_REPRESENTATION_CONTEXT(3)
GLOBAL_UNCERTAINTY_ASSIGNED_CONTEXT((#16717))
GLOBAL_UNIT_ASSIGNED_CONTEXT((#16839,#16841,#16842))
REPRESENTATION_CONTEXT('','3D')
);
#16790=(
GEOMETRIC_REPRESENTATION_CONTEXT(3)
GLOBAL_UNCERTAINTY_ASSIGNED_CONTEXT((#16718))
GLOBAL_UNIT_ASSIGNED_CONTEXT((#16839,#16841,#16842))
REPRESENTATION_CONTEXT('','3D')
);
#16791=(
GEOMETRIC_REPRESENTATION_CONTEXT(3)
GLOBAL_UNCERTAINTY_ASSIGNED_CONTEXT((#16719))
GLOBAL_UNIT_ASSIGNED_CONTEXT((#16839,#16841,#16842))
REPRESENTATION_CONTEXT('','3D')
);
#16792=(
GEOMETRIC_REPRESENTATION_CONTEXT(3)
GLOBAL_UNCERTAINTY_ASSIGNED_CONTEXT((#16720))
GLOBAL_UNIT_ASSIGNED_CONTEXT((#16839,#16841,#16842))
REPRESENTATION_CONTEXT('','3D')
);
#16793=(
GEOMETRIC_REPRESENTATION_CONTEXT(3)
GLOBAL_UNCERTAINTY_ASSIGNED_CONTEXT((#16721))
GLOBAL_UNIT_ASSIGNED_CONTEXT((#16839,#16841,#16842))
REPRESENTATION_CONTEXT('','3D')
);
#16794=(
GEOMETRIC_REPRESENTATION_CONTEXT(3)
GLOBAL_UNCERTAINTY_ASSIGNED_CONTEXT((#16722))
GLOBAL_UNIT_ASSIGNED_CONTEXT((#16839,#16841,#16842))
REPRESENTATION_CONTEXT('','3D')
);
#16795=(
GEOMETRIC_REPRESENTATION_CONTEXT(3)
GLOBAL_UNCERTAINTY_ASSIGNED_CONTEXT((#16723))
GLOBAL_UNIT_ASSIGNED_CONTEXT((#16839,#16841,#16842))
REPRESENTATION_CONTEXT('','3D')
);
#16796=(
GEOMETRIC_REPRESENTATION_CONTEXT(3)
GLOBAL_UNCERTAINTY_ASSIGNED_CONTEXT((#16724))
GLOBAL_UNIT_ASSIGNED_CONTEXT((#16839,#16841,#16842))
REPRESENTATION_CONTEXT('','3D')
);
#16797=(
GEOMETRIC_REPRESENTATION_CONTEXT(3)
GLOBAL_UNCERTAINTY_ASSIGNED_CONTEXT((#16725))
GLOBAL_UNIT_ASSIGNED_CONTEXT((#16839,#16841,#16842))
REPRESENTATION_CONTEXT('','3D')
);
#16798=(
GEOMETRIC_REPRESENTATION_CONTEXT(3)
GLOBAL_UNCERTAINTY_ASSIGNED_CONTEXT((#16726))
GLOBAL_UNIT_ASSIGNED_CONTEXT((#16839,#16841,#16842))
REPRESENTATION_CONTEXT('','3D')
);
#16799=(
GEOMETRIC_REPRESENTATION_CONTEXT(3)
GLOBAL_UNCERTAINTY_ASSIGNED_CONTEXT((#16727))
GLOBAL_UNIT_ASSIGNED_CONTEXT((#16839,#16841,#16842))
REPRESENTATION_CONTEXT('','3D')
);
#16800=(
GEOMETRIC_REPRESENTATION_CONTEXT(3)
GLOBAL_UNCERTAINTY_ASSIGNED_CONTEXT((#16728))
GLOBAL_UNIT_ASSIGNED_CONTEXT((#16839,#16841,#16842))
REPRESENTATION_CONTEXT('','3D')
);
#16801=(
GEOMETRIC_REPRESENTATION_CONTEXT(3)
GLOBAL_UNCERTAINTY_ASSIGNED_CONTEXT((#16729))
GLOBAL_UNIT_ASSIGNED_CONTEXT((#16839,#16841,#16842))
REPRESENTATION_CONTEXT('','3D')
);
#16802=(
GEOMETRIC_REPRESENTATION_CONTEXT(3)
GLOBAL_UNCERTAINTY_ASSIGNED_CONTEXT((#16730))
GLOBAL_UNIT_ASSIGNED_CONTEXT((#16839,#16841,#16842))
REPRESENTATION_CONTEXT('','3D')
);
#16803=(
GEOMETRIC_REPRESENTATION_CONTEXT(3)
GLOBAL_UNCERTAINTY_ASSIGNED_CONTEXT((#16731))
GLOBAL_UNIT_ASSIGNED_CONTEXT((#16839,#16841,#16842))
REPRESENTATION_CONTEXT('','3D')
);
#16804=(
GEOMETRIC_REPRESENTATION_CONTEXT(3)
GLOBAL_UNCERTAINTY_ASSIGNED_CONTEXT((#16732))
GLOBAL_UNIT_ASSIGNED_CONTEXT((#16839,#16841,#16842))
REPRESENTATION_CONTEXT('','3D')
);
#16805=(
GEOMETRIC_REPRESENTATION_CONTEXT(3)
GLOBAL_UNCERTAINTY_ASSIGNED_CONTEXT((#16733))
GLOBAL_UNIT_ASSIGNED_CONTEXT((#16839,#16841,#16842))
REPRESENTATION_CONTEXT('','3D')
);
#16806=(
GEOMETRIC_REPRESENTATION_CONTEXT(3)
GLOBAL_UNCERTAINTY_ASSIGNED_CONTEXT((#16734))
GLOBAL_UNIT_ASSIGNED_CONTEXT((#16839,#16841,#16842))
REPRESENTATION_CONTEXT('','3D')
);
#16807=(
GEOMETRIC_REPRESENTATION_CONTEXT(3)
GLOBAL_UNCERTAINTY_ASSIGNED_CONTEXT((#16735))
GLOBAL_UNIT_ASSIGNED_CONTEXT((#16839,#16841,#16842))
REPRESENTATION_CONTEXT('','3D')
);
#16808=(
GEOMETRIC_REPRESENTATION_CONTEXT(3)
GLOBAL_UNCERTAINTY_ASSIGNED_CONTEXT((#16736))
GLOBAL_UNIT_ASSIGNED_CONTEXT((#16839,#16841,#16842))
REPRESENTATION_CONTEXT('','3D')
);
#16809=(
GEOMETRIC_REPRESENTATION_CONTEXT(3)
GLOBAL_UNCERTAINTY_ASSIGNED_CONTEXT((#16737))
GLOBAL_UNIT_ASSIGNED_CONTEXT((#16839,#16841,#16842))
REPRESENTATION_CONTEXT('','3D')
);
#16810=(
GEOMETRIC_REPRESENTATION_CONTEXT(3)
GLOBAL_UNCERTAINTY_ASSIGNED_CONTEXT((#16738))
GLOBAL_UNIT_ASSIGNED_CONTEXT((#16839,#16841,#16842))
REPRESENTATION_CONTEXT('','3D')
);
#16811=(
GEOMETRIC_REPRESENTATION_CONTEXT(3)
GLOBAL_UNCERTAINTY_ASSIGNED_CONTEXT((#16739))
GLOBAL_UNIT_ASSIGNED_CONTEXT((#16839,#16841,#16842))
REPRESENTATION_CONTEXT('','3D')
);
#16812=(
GEOMETRIC_REPRESENTATION_CONTEXT(3)
GLOBAL_UNCERTAINTY_ASSIGNED_CONTEXT((#16740))
GLOBAL_UNIT_ASSIGNED_CONTEXT((#16839,#16841,#16842))
REPRESENTATION_CONTEXT('','3D')
);
#16813=(
GEOMETRIC_REPRESENTATION_CONTEXT(3)
GLOBAL_UNCERTAINTY_ASSIGNED_CONTEXT((#16741))
GLOBAL_UNIT_ASSIGNED_CONTEXT((#16839,#16841,#16842))
REPRESENTATION_CONTEXT('','3D')
);
#16814=(
GEOMETRIC_REPRESENTATION_CONTEXT(3)
GLOBAL_UNCERTAINTY_ASSIGNED_CONTEXT((#16742))
GLOBAL_UNIT_ASSIGNED_CONTEXT((#16839,#16841,#16842))
REPRESENTATION_CONTEXT('','3D')
);
#16815=(
GEOMETRIC_REPRESENTATION_CONTEXT(3)
GLOBAL_UNCERTAINTY_ASSIGNED_CONTEXT((#16743))
GLOBAL_UNIT_ASSIGNED_CONTEXT((#16839,#16841,#16842))
REPRESENTATION_CONTEXT('','3D')
);
#16816=(
GEOMETRIC_REPRESENTATION_CONTEXT(3)
GLOBAL_UNCERTAINTY_ASSIGNED_CONTEXT((#16744))
GLOBAL_UNIT_ASSIGNED_CONTEXT((#16839,#16841,#16842))
REPRESENTATION_CONTEXT('','3D')
);
#16817=(
GEOMETRIC_REPRESENTATION_CONTEXT(3)
GLOBAL_UNCERTAINTY_ASSIGNED_CONTEXT((#16745))
GLOBAL_UNIT_ASSIGNED_CONTEXT((#16839,#16841,#16842))
REPRESENTATION_CONTEXT('','3D')
);
#16818=(
GEOMETRIC_REPRESENTATION_CONTEXT(3)
GLOBAL_UNCERTAINTY_ASSIGNED_CONTEXT((#16746))
GLOBAL_UNIT_ASSIGNED_CONTEXT((#16839,#16841,#16842))
REPRESENTATION_CONTEXT('','3D')
);
#16819=(
GEOMETRIC_REPRESENTATION_CONTEXT(3)
GLOBAL_UNCERTAINTY_ASSIGNED_CONTEXT((#16747))
GLOBAL_UNIT_ASSIGNED_CONTEXT((#16839,#16841,#16842))
REPRESENTATION_CONTEXT('','3D')
);
#16820=(
GEOMETRIC_REPRESENTATION_CONTEXT(3)
GLOBAL_UNCERTAINTY_ASSIGNED_CONTEXT((#16748))
GLOBAL_UNIT_ASSIGNED_CONTEXT((#16839,#16841,#16842))
REPRESENTATION_CONTEXT('','3D')
);
#16821=(
GEOMETRIC_REPRESENTATION_CONTEXT(3)
GLOBAL_UNCERTAINTY_ASSIGNED_CONTEXT((#16749))
GLOBAL_UNIT_ASSIGNED_CONTEXT((#16839,#16841,#16842))
REPRESENTATION_CONTEXT('','3D')
);
#16822=(
GEOMETRIC_REPRESENTATION_CONTEXT(3)
GLOBAL_UNCERTAINTY_ASSIGNED_CONTEXT((#16750))
GLOBAL_UNIT_ASSIGNED_CONTEXT((#16839,#16841,#16842))
REPRESENTATION_CONTEXT('','3D')
);
#16823=(
GEOMETRIC_REPRESENTATION_CONTEXT(3)
GLOBAL_UNCERTAINTY_ASSIGNED_CONTEXT((#16751))
GLOBAL_UNIT_ASSIGNED_CONTEXT((#16839,#16841,#16842))
REPRESENTATION_CONTEXT('','3D')
);
#16824=(
GEOMETRIC_REPRESENTATION_CONTEXT(3)
GLOBAL_UNCERTAINTY_ASSIGNED_CONTEXT((#16752))
GLOBAL_UNIT_ASSIGNED_CONTEXT((#16839,#16841,#16842))
REPRESENTATION_CONTEXT('','3D')
);
#16825=(
GEOMETRIC_REPRESENTATION_CONTEXT(3)
GLOBAL_UNCERTAINTY_ASSIGNED_CONTEXT((#16753))
GLOBAL_UNIT_ASSIGNED_CONTEXT((#16839,#16841,#16842))
REPRESENTATION_CONTEXT('','3D')
);
#16826=(
GEOMETRIC_REPRESENTATION_CONTEXT(3)
GLOBAL_UNCERTAINTY_ASSIGNED_CONTEXT((#16754))
GLOBAL_UNIT_ASSIGNED_CONTEXT((#16839,#16841,#16842))
REPRESENTATION_CONTEXT('','3D')
);
#16827=(
GEOMETRIC_REPRESENTATION_CONTEXT(3)
GLOBAL_UNCERTAINTY_ASSIGNED_CONTEXT((#16755))
GLOBAL_UNIT_ASSIGNED_CONTEXT((#16839,#16841,#16842))
REPRESENTATION_CONTEXT('','3D')
);
#16828=(
GEOMETRIC_REPRESENTATION_CONTEXT(3)
GLOBAL_UNCERTAINTY_ASSIGNED_CONTEXT((#16756))
GLOBAL_UNIT_ASSIGNED_CONTEXT((#16839,#16841,#16842))
REPRESENTATION_CONTEXT('','3D')
);
#16829=(
GEOMETRIC_REPRESENTATION_CONTEXT(3)
GLOBAL_UNCERTAINTY_ASSIGNED_CONTEXT((#16757))
GLOBAL_UNIT_ASSIGNED_CONTEXT((#16839,#16841,#16842))
REPRESENTATION_CONTEXT('','3D')
);
#16830=(
GEOMETRIC_REPRESENTATION_CONTEXT(3)
GLOBAL_UNCERTAINTY_ASSIGNED_CONTEXT((#16758))
GLOBAL_UNIT_ASSIGNED_CONTEXT((#16839,#16841,#16842))
REPRESENTATION_CONTEXT('','3D')
);
#16831=(
GEOMETRIC_REPRESENTATION_CONTEXT(3)
GLOBAL_UNCERTAINTY_ASSIGNED_CONTEXT((#16759))
GLOBAL_UNIT_ASSIGNED_CONTEXT((#16839,#16841,#16842))
REPRESENTATION_CONTEXT('','3D')
);
#16832=(
GEOMETRIC_REPRESENTATION_CONTEXT(3)
GLOBAL_UNCERTAINTY_ASSIGNED_CONTEXT((#16760))
GLOBAL_UNIT_ASSIGNED_CONTEXT((#16839,#16841,#16842))
REPRESENTATION_CONTEXT('','3D')
);
#16833=(
GEOMETRIC_REPRESENTATION_CONTEXT(3)
GLOBAL_UNCERTAINTY_ASSIGNED_CONTEXT((#16761))
GLOBAL_UNIT_ASSIGNED_CONTEXT((#16839,#16841,#16842))
REPRESENTATION_CONTEXT('','3D')
);
#16834=(
GEOMETRIC_REPRESENTATION_CONTEXT(3)
GLOBAL_UNCERTAINTY_ASSIGNED_CONTEXT((#16762))
GLOBAL_UNIT_ASSIGNED_CONTEXT((#16839,#16841,#16842))
REPRESENTATION_CONTEXT('','3D')
);
#16835=(
GEOMETRIC_REPRESENTATION_CONTEXT(3)
GLOBAL_UNCERTAINTY_ASSIGNED_CONTEXT((#16763))
GLOBAL_UNIT_ASSIGNED_CONTEXT((#16839,#16841,#16842))
REPRESENTATION_CONTEXT('','3D')
);
#16836=(
GEOMETRIC_REPRESENTATION_CONTEXT(3)
GLOBAL_UNCERTAINTY_ASSIGNED_CONTEXT((#16764))
GLOBAL_UNIT_ASSIGNED_CONTEXT((#16839,#16841,#16842))
REPRESENTATION_CONTEXT('','3D')
);
#16837=(
GEOMETRIC_REPRESENTATION_CONTEXT(3)
GLOBAL_UNCERTAINTY_ASSIGNED_CONTEXT((#16765))
GLOBAL_UNIT_ASSIGNED_CONTEXT((#16839,#16841,#16842))
REPRESENTATION_CONTEXT('','3D')
);
#16838=(
GEOMETRIC_REPRESENTATION_CONTEXT(3)
GLOBAL_UNCERTAINTY_ASSIGNED_CONTEXT((#16766))
GLOBAL_UNIT_ASSIGNED_CONTEXT((#16839,#16841,#16842))
REPRESENTATION_CONTEXT('','3D')
);
#16839=(
LENGTH_UNIT()
NAMED_UNIT(*)
SI_UNIT(.MILLI.,.METRE.)
);
#16840=(
LENGTH_UNIT()
NAMED_UNIT(*)
SI_UNIT($,.METRE.)
);
#16841=(
NAMED_UNIT(*)
PLANE_ANGLE_UNIT()
SI_UNIT($,.RADIAN.)
);
#16842=(
NAMED_UNIT(*)
SI_UNIT($,.STERADIAN.)
SOLID_ANGLE_UNIT()
);
#16843=SHAPE_DEFINITION_REPRESENTATION(#16914,#17106);
#16844=SHAPE_DEFINITION_REPRESENTATION(#16915,#17107);
#16845=SHAPE_DEFINITION_REPRESENTATION(#16916,#17108);
#16846=SHAPE_DEFINITION_REPRESENTATION(#16917,#17109);
#16847=SHAPE_DEFINITION_REPRESENTATION(#16918,#17110);
#16848=SHAPE_DEFINITION_REPRESENTATION(#16927,#17111);
#16849=SHAPE_DEFINITION_REPRESENTATION(#16928,#17112);
#16850=SHAPE_DEFINITION_REPRESENTATION(#16937,#17113);
#16851=SHAPE_DEFINITION_REPRESENTATION(#16938,#17114);
#16852=SHAPE_DEFINITION_REPRESENTATION(#16950,#17115);
#16853=SHAPE_DEFINITION_REPRESENTATION(#16951,#17116);
#16854=SHAPE_DEFINITION_REPRESENTATION(#16952,#17117);
#16855=SHAPE_DEFINITION_REPRESENTATION(#16961,#17118);
#16856=SHAPE_DEFINITION_REPRESENTATION(#16962,#17119);
#16857=SHAPE_DEFINITION_REPRESENTATION(#16971,#17120);
#16858=SHAPE_DEFINITION_REPRESENTATION(#16972,#17121);
#16859=SHAPE_DEFINITION_REPRESENTATION(#16984,#17122);
#16860=SHAPE_DEFINITION_REPRESENTATION(#16985,#17123);
#16861=SHAPE_DEFINITION_REPRESENTATION(#16986,#17124);
#16862=SHAPE_DEFINITION_REPRESENTATION(#16987,#17125);
#16863=SHAPE_DEFINITION_REPRESENTATION(#16988,#17126);
#16864=SHAPE_DEFINITION_REPRESENTATION(#16989,#17127);
#16865=SHAPE_DEFINITION_REPRESENTATION(#16995,#17128);
#16866=SHAPE_DEFINITION_REPRESENTATION(#16996,#17129);
#16867=SHAPE_DEFINITION_REPRESENTATION(#16997,#17130);
#16868=SHAPE_DEFINITION_REPRESENTATION(#16998,#17131);
#16869=SHAPE_DEFINITION_REPRESENTATION(#16999,#17132);
#16870=SHAPE_DEFINITION_REPRESENTATION(#17013,#17133);
#16871=SHAPE_DEFINITION_REPRESENTATION(#17014,#17134);
#16872=SHAPE_DEFINITION_REPRESENTATION(#17015,#17135);
#16873=SHAPE_DEFINITION_REPRESENTATION(#17018,#17136);
#16874=SHAPE_DEFINITION_REPRESENTATION(#17019,#17137);
#16875=SHAPE_DEFINITION_REPRESENTATION(#17020,#17138);
#16876=SHAPE_DEFINITION_REPRESENTATION(#17023,#17139);
#16877=SHAPE_DEFINITION_REPRESENTATION(#17024,#17140);
#16878=SHAPE_DEFINITION_REPRESENTATION(#17025,#17141);
#16879=SHAPE_DEFINITION_REPRESENTATION(#17028,#17142);
#16880=SHAPE_DEFINITION_REPRESENTATION(#17029,#17143);
#16881=SHAPE_DEFINITION_REPRESENTATION(#17030,#17144);
#16882=SHAPE_DEFINITION_REPRESENTATION(#17033,#17145);
#16883=SHAPE_DEFINITION_REPRESENTATION(#17034,#17146);
#16884=SHAPE_DEFINITION_REPRESENTATION(#17035,#17147);
#16885=SHAPE_DEFINITION_REPRESENTATION(#17038,#17148);
#16886=SHAPE_DEFINITION_REPRESENTATION(#17039,#17149);
#16887=SHAPE_DEFINITION_REPRESENTATION(#17040,#17150);
#16888=SHAPE_DEFINITION_REPRESENTATION(#17043,#17151);
#16889=SHAPE_DEFINITION_REPRESENTATION(#17044,#17152);
#16890=SHAPE_DEFINITION_REPRESENTATION(#17045,#17153);
#16891=SHAPE_DEFINITION_REPRESENTATION(#17048,#17154);
#16892=SHAPE_DEFINITION_REPRESENTATION(#17049,#17155);
#16893=SHAPE_DEFINITION_REPRESENTATION(#17050,#17156);
#16894=SHAPE_DEFINITION_REPRESENTATION(#17053,#17157);
#16895=SHAPE_DEFINITION_REPRESENTATION(#17054,#17158);
#16896=SHAPE_DEFINITION_REPRESENTATION(#17055,#17159);
#16897=SHAPE_DEFINITION_REPRESENTATION(#17058,#17160);
#16898=SHAPE_DEFINITION_REPRESENTATION(#17059,#17161);
#16899=SHAPE_DEFINITION_REPRESENTATION(#17060,#17162);
#16900=SHAPE_DEFINITION_REPRESENTATION(#17063,#17163);
#16901=SHAPE_DEFINITION_REPRESENTATION(#17064,#17164);
#16902=SHAPE_DEFINITION_REPRESENTATION(#17065,#17165);
#16903=SHAPE_DEFINITION_REPRESENTATION(#17068,#17166);
#16904=SHAPE_DEFINITION_REPRESENTATION(#17069,#17167);
#16905=SHAPE_DEFINITION_REPRESENTATION(#17070,#17168);
#16906=SHAPE_DEFINITION_REPRESENTATION(#17073,#17169);
#16907=SHAPE_DEFINITION_REPRESENTATION(#17074,#17170);
#16908=SHAPE_DEFINITION_REPRESENTATION(#17075,#17171);
#16909=SHAPE_DEFINITION_REPRESENTATION(#17078,#17172);
#16910=SHAPE_DEFINITION_REPRESENTATION(#17079,#17173);
#16911=SHAPE_DEFINITION_REPRESENTATION(#17080,#17174);
#16912=SHAPE_DEFINITION_REPRESENTATION(#17083,#17175);
#16913=SHAPE_DEFINITION_REPRESENTATION(#17084,#17176);
#16914=PRODUCT_DEFINITION_SHAPE('',$,#17178);
#16915=PRODUCT_DEFINITION_SHAPE('',$,#17179);
#16916=PRODUCT_DEFINITION_SHAPE('',$,#17180);
#16917=PRODUCT_DEFINITION_SHAPE('',$,#17181);
#16918=PRODUCT_DEFINITION_SHAPE('',$,#17182);
#16919=PRODUCT_DEFINITION_SHAPE($,$,#404);
#16920=PRODUCT_DEFINITION_SHAPE($,$,#405);
#16921=PRODUCT_DEFINITION_SHAPE($,$,#406);
#16922=PRODUCT_DEFINITION_SHAPE($,$,#407);
#16923=PRODUCT_DEFINITION_SHAPE($,$,#408);
#16924=PRODUCT_DEFINITION_SHAPE($,$,#409);
#16925=PRODUCT_DEFINITION_SHAPE($,$,#410);
#16926=PRODUCT_DEFINITION_SHAPE($,$,#411);
#16927=PRODUCT_DEFINITION_SHAPE('',$,#17183);
#16928=PRODUCT_DEFINITION_SHAPE('',$,#17184);
#16929=PRODUCT_DEFINITION_SHAPE($,$,#412);
#16930=PRODUCT_DEFINITION_SHAPE($,$,#413);
#16931=PRODUCT_DEFINITION_SHAPE($,$,#414);
#16932=PRODUCT_DEFINITION_SHAPE($,$,#415);
#16933=PRODUCT_DEFINITION_SHAPE($,$,#416);
#16934=PRODUCT_DEFINITION_SHAPE($,$,#417);
#16935=PRODUCT_DEFINITION_SHAPE($,$,#418);
#16936=PRODUCT_DEFINITION_SHAPE($,$,#419);
#16937=PRODUCT_DEFINITION_SHAPE('',$,#17185);
#16938=PRODUCT_DEFINITION_SHAPE('',$,#17186);
#16939=PRODUCT_DEFINITION_SHAPE($,$,#420);
#16940=PRODUCT_DEFINITION_SHAPE($,$,#421);
#16941=PRODUCT_DEFINITION_SHAPE($,$,#422);
#16942=PRODUCT_DEFINITION_SHAPE($,$,#423);
#16943=PRODUCT_DEFINITION_SHAPE($,$,#424);
#16944=PRODUCT_DEFINITION_SHAPE($,$,#425);
#16945=PRODUCT_DEFINITION_SHAPE($,$,#426);
#16946=PRODUCT_DEFINITION_SHAPE($,$,#427);
#16947=PRODUCT_DEFINITION_SHAPE($,$,#428);
#16948=PRODUCT_DEFINITION_SHAPE($,$,#429);
#16949=PRODUCT_DEFINITION_SHAPE($,$,#430);
#16950=PRODUCT_DEFINITION_SHAPE('',$,#17187);
#16951=PRODUCT_DEFINITION_SHAPE('',$,#17188);
#16952=PRODUCT_DEFINITION_SHAPE('',$,#17189);
#16953=PRODUCT_DEFINITION_SHAPE($,$,#431);
#16954=PRODUCT_DEFINITION_SHAPE($,$,#432);
#16955=PRODUCT_DEFINITION_SHAPE($,$,#433);
#16956=PRODUCT_DEFINITION_SHAPE($,$,#434);
#16957=PRODUCT_DEFINITION_SHAPE($,$,#435);
#16958=PRODUCT_DEFINITION_SHAPE($,$,#436);
#16959=PRODUCT_DEFINITION_SHAPE($,$,#437);
#16960=PRODUCT_DEFINITION_SHAPE($,$,#438);
#16961=PRODUCT_DEFINITION_SHAPE('',$,#17190);
#16962=PRODUCT_DEFINITION_SHAPE('',$,#17191);
#16963=PRODUCT_DEFINITION_SHAPE($,$,#439);
#16964=PRODUCT_DEFINITION_SHAPE($,$,#440);
#16965=PRODUCT_DEFINITION_SHAPE($,$,#441);
#16966=PRODUCT_DEFINITION_SHAPE($,$,#442);
#16967=PRODUCT_DEFINITION_SHAPE($,$,#443);
#16968=PRODUCT_DEFINITION_SHAPE($,$,#444);
#16969=PRODUCT_DEFINITION_SHAPE($,$,#445);
#16970=PRODUCT_DEFINITION_SHAPE($,$,#446);
#16971=PRODUCT_DEFINITION_SHAPE('',$,#17192);
#16972=PRODUCT_DEFINITION_SHAPE('',$,#17193);
#16973=PRODUCT_DEFINITION_SHAPE($,$,#447);
#16974=PRODUCT_DEFINITION_SHAPE($,$,#448);
#16975=PRODUCT_DEFINITION_SHAPE($,$,#449);
#16976=PRODUCT_DEFINITION_SHAPE($,$,#450);
#16977=PRODUCT_DEFINITION_SHAPE($,$,#451);
#16978=PRODUCT_DEFINITION_SHAPE($,$,#452);
#16979=PRODUCT_DEFINITION_SHAPE($,$,#453);
#16980=PRODUCT_DEFINITION_SHAPE($,$,#454);
#16981=PRODUCT_DEFINITION_SHAPE($,$,#455);
#16982=PRODUCT_DEFINITION_SHAPE($,$,#456);
#16983=PRODUCT_DEFINITION_SHAPE($,$,#457);
#16984=PRODUCT_DEFINITION_SHAPE('',$,#17194);
#16985=PRODUCT_DEFINITION_SHAPE('',$,#17195);
#16986=PRODUCT_DEFINITION_SHAPE('',$,#17196);
#16987=PRODUCT_DEFINITION_SHAPE('',$,#17197);
#16988=PRODUCT_DEFINITION_SHAPE('',$,#17198);
#16989=PRODUCT_DEFINITION_SHAPE('',$,#17199);
#16990=PRODUCT_DEFINITION_SHAPE($,$,#458);
#16991=PRODUCT_DEFINITION_SHAPE($,$,#459);
#16992=PRODUCT_DEFINITION_SHAPE($,$,#460);
#16993=PRODUCT_DEFINITION_SHAPE($,$,#461);
#16994=PRODUCT_DEFINITION_SHAPE($,$,#462);
#16995=PRODUCT_DEFINITION_SHAPE('',$,#17200);
#16996=PRODUCT_DEFINITION_SHAPE('',$,#17201);
#16997=PRODUCT_DEFINITION_SHAPE('',$,#17202);
#16998=PRODUCT_DEFINITION_SHAPE('',$,#17203);
#16999=PRODUCT_DEFINITION_SHAPE('',$,#17204);
#17000=PRODUCT_DEFINITION_SHAPE($,$,#463);
#17001=PRODUCT_DEFINITION_SHAPE($,$,#464);
#17002=PRODUCT_DEFINITION_SHAPE($,$,#465);
#17003=PRODUCT_DEFINITION_SHAPE($,$,#466);
#17004=PRODUCT_DEFINITION_SHAPE($,$,#467);
#17005=PRODUCT_DEFINITION_SHAPE($,$,#468);
#17006=PRODUCT_DEFINITION_SHAPE($,$,#469);
#17007=PRODUCT_DEFINITION_SHAPE($,$,#470);
#17008=PRODUCT_DEFINITION_SHAPE($,$,#471);
#17009=PRODUCT_DEFINITION_SHAPE($,$,#472);
#17010=PRODUCT_DEFINITION_SHAPE($,$,#473);
#17011=PRODUCT_DEFINITION_SHAPE($,$,#474);
#17012=PRODUCT_DEFINITION_SHAPE($,$,#475);
#17013=PRODUCT_DEFINITION_SHAPE('',$,#17205);
#17014=PRODUCT_DEFINITION_SHAPE('',$,#17206);
#17015=PRODUCT_DEFINITION_SHAPE('',$,#17207);
#17016=PRODUCT_DEFINITION_SHAPE($,$,#476);
#17017=PRODUCT_DEFINITION_SHAPE($,$,#477);
#17018=PRODUCT_DEFINITION_SHAPE('',$,#17208);
#17019=PRODUCT_DEFINITION_SHAPE('',$,#17209);
#17020=PRODUCT_DEFINITION_SHAPE('',$,#17210);
#17021=PRODUCT_DEFINITION_SHAPE($,$,#478);
#17022=PRODUCT_DEFINITION_SHAPE($,$,#479);
#17023=PRODUCT_DEFINITION_SHAPE('',$,#17211);
#17024=PRODUCT_DEFINITION_SHAPE('',$,#17212);
#17025=PRODUCT_DEFINITION_SHAPE('',$,#17213);
#17026=PRODUCT_DEFINITION_SHAPE($,$,#480);
#17027=PRODUCT_DEFINITION_SHAPE($,$,#481);
#17028=PRODUCT_DEFINITION_SHAPE('',$,#17214);
#17029=PRODUCT_DEFINITION_SHAPE('',$,#17215);
#17030=PRODUCT_DEFINITION_SHAPE('',$,#17216);
#17031=PRODUCT_DEFINITION_SHAPE($,$,#482);
#17032=PRODUCT_DEFINITION_SHAPE($,$,#483);
#17033=PRODUCT_DEFINITION_SHAPE('',$,#17217);
#17034=PRODUCT_DEFINITION_SHAPE('',$,#17218);
#17035=PRODUCT_DEFINITION_SHAPE('',$,#17219);
#17036=PRODUCT_DEFINITION_SHAPE($,$,#484);
#17037=PRODUCT_DEFINITION_SHAPE($,$,#485);
#17038=PRODUCT_DEFINITION_SHAPE('',$,#17220);
#17039=PRODUCT_DEFINITION_SHAPE('',$,#17221);
#17040=PRODUCT_DEFINITION_SHAPE('',$,#17222);
#17041=PRODUCT_DEFINITION_SHAPE($,$,#486);
#17042=PRODUCT_DEFINITION_SHAPE($,$,#487);
#17043=PRODUCT_DEFINITION_SHAPE('',$,#17223);
#17044=PRODUCT_DEFINITION_SHAPE('',$,#17224);
#17045=PRODUCT_DEFINITION_SHAPE('',$,#17225);
#17046=PRODUCT_DEFINITION_SHAPE($,$,#488);
#17047=PRODUCT_DEFINITION_SHAPE($,$,#489);
#17048=PRODUCT_DEFINITION_SHAPE('',$,#17226);
#17049=PRODUCT_DEFINITION_SHAPE('',$,#17227);
#17050=PRODUCT_DEFINITION_SHAPE('',$,#17228);
#17051=PRODUCT_DEFINITION_SHAPE($,$,#490);
#17052=PRODUCT_DEFINITION_SHAPE($,$,#491);
#17053=PRODUCT_DEFINITION_SHAPE('',$,#17229);
#17054=PRODUCT_DEFINITION_SHAPE('',$,#17230);
#17055=PRODUCT_DEFINITION_SHAPE('',$,#17231);
#17056=PRODUCT_DEFINITION_SHAPE($,$,#492);
#17057=PRODUCT_DEFINITION_SHAPE($,$,#493);
#17058=PRODUCT_DEFINITION_SHAPE('',$,#17232);
#17059=PRODUCT_DEFINITION_SHAPE('',$,#17233);
#17060=PRODUCT_DEFINITION_SHAPE('',$,#17234);
#17061=PRODUCT_DEFINITION_SHAPE($,$,#494);
#17062=PRODUCT_DEFINITION_SHAPE($,$,#495);
#17063=PRODUCT_DEFINITION_SHAPE('',$,#17235);
#17064=PRODUCT_DEFINITION_SHAPE('',$,#17236);
#17065=PRODUCT_DEFINITION_SHAPE('',$,#17237);
#17066=PRODUCT_DEFINITION_SHAPE($,$,#496);
#17067=PRODUCT_DEFINITION_SHAPE($,$,#497);
#17068=PRODUCT_DEFINITION_SHAPE('',$,#17238);
#17069=PRODUCT_DEFINITION_SHAPE('',$,#17239);
#17070=PRODUCT_DEFINITION_SHAPE('',$,#17240);
#17071=PRODUCT_DEFINITION_SHAPE($,$,#498);
#17072=PRODUCT_DEFINITION_SHAPE($,$,#499);
#17073=PRODUCT_DEFINITION_SHAPE('',$,#17241);
#17074=PRODUCT_DEFINITION_SHAPE('',$,#17242);
#17075=PRODUCT_DEFINITION_SHAPE('',$,#17243);
#17076=PRODUCT_DEFINITION_SHAPE($,$,#500);
#17077=PRODUCT_DEFINITION_SHAPE($,$,#501);
#17078=PRODUCT_DEFINITION_SHAPE('',$,#17244);
#17079=PRODUCT_DEFINITION_SHAPE('',$,#17245);
#17080=PRODUCT_DEFINITION_SHAPE('',$,#17246);
#17081=PRODUCT_DEFINITION_SHAPE($,$,#502);
#17082=PRODUCT_DEFINITION_SHAPE($,$,#503);
#17083=PRODUCT_DEFINITION_SHAPE('',$,#17247);
#17084=PRODUCT_DEFINITION_SHAPE('',$,#17248);
#17085=PRODUCT_DEFINITION_SHAPE($,$,#504);
#17086=PRODUCT_DEFINITION_SHAPE($,$,#505);
#17087=PRODUCT_DEFINITION_SHAPE($,$,#506);
#17088=PRODUCT_DEFINITION_SHAPE($,$,#507);
#17089=PRODUCT_DEFINITION_SHAPE($,$,#508);
#17090=PRODUCT_DEFINITION_SHAPE($,$,#509);
#17091=PRODUCT_DEFINITION_SHAPE($,$,#510);
#17092=PRODUCT_DEFINITION_SHAPE($,$,#511);
#17093=PRODUCT_DEFINITION_SHAPE($,$,#512);
#17094=PRODUCT_DEFINITION_SHAPE($,$,#513);
#17095=PRODUCT_DEFINITION_SHAPE($,$,#514);
#17096=PRODUCT_DEFINITION_SHAPE($,$,#515);
#17097=PRODUCT_DEFINITION_SHAPE($,$,#516);
#17098=PRODUCT_DEFINITION_SHAPE($,$,#517);
#17099=PRODUCT_DEFINITION_SHAPE($,$,#518);
#17100=PRODUCT_DEFINITION_SHAPE($,$,#519);
#17101=PRODUCT_DEFINITION_SHAPE($,$,#520);
#17102=PRODUCT_DEFINITION_SHAPE($,$,#521);
#17103=PRODUCT_DEFINITION_SHAPE($,$,#522);
#17104=PRODUCT_DEFINITION_SHAPE($,$,#523);
#17105=PRODUCT_DEFINITION_SHAPE($,$,#524);
#17106=SHAPE_REPRESENTATION('',(#10014,#10808,#10809,#10810,#10811,#10812,
#10813,#10814,#10815,#10816,#10817,#10818,#10819,#10820,#10821,#10822,#10823,
#10824,#10825,#10826,#10827,#10828),#16767);
#17107=SHAPE_REPRESENTATION('',(#10015),#16768);
#17108=SHAPE_REPRESENTATION('',(#10079,#10142,#10143,#10144),#16769);
#17109=SHAPE_REPRESENTATION('',(#10080,#10096,#10097,#10098,#10099,#10100,
#10101,#10102,#10103),#16770);
#17110=SHAPE_REPRESENTATION('',(#10081),#16771);
#17111=SHAPE_REPRESENTATION('',(#10104,#10120,#10121,#10122,#10123,#10124,
#10125,#10126,#10127),#16772);
#17112=SHAPE_REPRESENTATION('',(#10105),#16773);
#17113=SHAPE_REPRESENTATION('',(#10128,#10134,#10135,#10136,#10137,#10138,
#10139,#10140,#10141),#16774);
#17114=SHAPE_REPRESENTATION('',(#10129),#16775);
#17115=SHAPE_REPRESENTATION('',(#10145,#10208,#10209,#10210),#16776);
#17116=SHAPE_REPRESENTATION('',(#10146,#10162,#10163,#10164,#10165,#10166,
#10167,#10168,#10169),#16777);
#17117=SHAPE_REPRESENTATION('',(#10147),#16778);
#17118=SHAPE_REPRESENTATION('',(#10170,#10186,#10187,#10188,#10189,#10190,
#10191,#10192,#10193),#16779);
#17119=SHAPE_REPRESENTATION('',(#10171),#16780);
#17120=SHAPE_REPRESENTATION('',(#10194,#10200,#10201,#10202,#10203,#10204,
#10205,#10206,#10207),#16781);
#17121=SHAPE_REPRESENTATION('',(#10195),#16782);
#17122=SHAPE_REPRESENTATION('',(#10211,#10310,#10311,#10312,#10313,#10314),
#16783);
#17123=SHAPE_REPRESENTATION('',(#10212),#16784);
#17124=SHAPE_REPRESENTATION('',(#10219),#16785);
#17125=SHAPE_REPRESENTATION('',(#10226),#16786);
#17126=SHAPE_REPRESENTATION('',(#10233),#16787);
#17127=SHAPE_REPRESENTATION('',(#10240),#16788);
#17128=SHAPE_REPRESENTATION('',(#10315,#10462,#10463),#16789);
#17129=SHAPE_REPRESENTATION('',(#10316),#16790);
#17130=SHAPE_REPRESENTATION('',(#10439,#10458,#10459,#10460,#10461),#16791);
#17131=SHAPE_REPRESENTATION('',(#10440,#10451,#10452,#10453,#10454,#10455,
#10456,#10457),#16792);
#17132=SHAPE_REPRESENTATION('',(#10441),#16793);
#17133=SHAPE_REPRESENTATION('',(#10464,#10479,#10480),#16794);
#17134=SHAPE_REPRESENTATION('',(#10465),#16795);
#17135=SHAPE_REPRESENTATION('',(#10472),#16796);
#17136=SHAPE_REPRESENTATION('',(#10481,#10496,#10497),#16797);
#17137=SHAPE_REPRESENTATION('',(#10482),#16798);
#17138=SHAPE_REPRESENTATION('',(#10489),#16799);
#17139=SHAPE_REPRESENTATION('',(#10498,#10513,#10514),#16800);
#17140=SHAPE_REPRESENTATION('',(#10499),#16801);
#17141=SHAPE_REPRESENTATION('',(#10506),#16802);
#17142=SHAPE_REPRESENTATION('',(#10515,#10530,#10531),#16803);
#17143=SHAPE_REPRESENTATION('',(#10516),#16804);
#17144=SHAPE_REPRESENTATION('',(#10523),#16805);
#17145=SHAPE_REPRESENTATION('',(#10532,#10547,#10548),#16806);
#17146=SHAPE_REPRESENTATION('',(#10533),#16807);
#17147=SHAPE_REPRESENTATION('',(#10540),#16808);
#17148=SHAPE_REPRESENTATION('',(#10549,#10564,#10565),#16809);
#17149=SHAPE_REPRESENTATION('',(#10550),#16810);
#17150=SHAPE_REPRESENTATION('',(#10557),#16811);
#17151=SHAPE_REPRESENTATION('',(#10566,#10581,#10582),#16812);
#17152=SHAPE_REPRESENTATION('',(#10567),#16813);
#17153=SHAPE_REPRESENTATION('',(#10574),#16814);
#17154=SHAPE_REPRESENTATION('',(#10583,#10598,#10599),#16815);
#17155=SHAPE_REPRESENTATION('',(#10584),#16816);
#17156=SHAPE_REPRESENTATION('',(#10591),#16817);
#17157=SHAPE_REPRESENTATION('',(#10600,#10615,#10616),#16818);
#17158=SHAPE_REPRESENTATION('',(#10601),#16819);
#17159=SHAPE_REPRESENTATION('',(#10608),#16820);
#17160=SHAPE_REPRESENTATION('',(#10617,#10632,#10633),#16821);
#17161=SHAPE_REPRESENTATION('',(#10618),#16822);
#17162=SHAPE_REPRESENTATION('',(#10625),#16823);
#17163=SHAPE_REPRESENTATION('',(#10634,#10649,#10650),#16824);
#17164=SHAPE_REPRESENTATION('',(#10635),#16825);
#17165=SHAPE_REPRESENTATION('',(#10642),#16826);
#17166=SHAPE_REPRESENTATION('',(#10651,#10666,#10667),#16827);
#17167=SHAPE_REPRESENTATION('',(#10652),#16828);
#17168=SHAPE_REPRESENTATION('',(#10659),#16829);
#17169=SHAPE_REPRESENTATION('',(#10668,#10683,#10684),#16830);
#17170=SHAPE_REPRESENTATION('',(#10669),#16831);
#17171=SHAPE_REPRESENTATION('',(#10676),#16832);
#17172=SHAPE_REPRESENTATION('',(#10685,#10700,#10701),#16833);
#17173=SHAPE_REPRESENTATION('',(#10686),#16834);
#17174=SHAPE_REPRESENTATION('',(#10693),#16835);
#17175=SHAPE_REPRESENTATION('',(#10702),#16836);
#17176=SHAPE_REPRESENTATION('',(#10727),#16837);
#17177=PRODUCT_DEFINITION_CONTEXT('part definition',#17392,'design');
#17178=PRODUCT_DEFINITION('TMC2209','TMC2209 v2',#17249,#17177);
#17179=PRODUCT_DEFINITION('Body','Body',#17250,#17177);
#17180=PRODUCT_DEFINITION('1x8 Male Header','1x8 Male Header',#17251,#17177);
#17181=PRODUCT_DEFINITION('Array001','Array001',#17252,#17177);
#17182=PRODUCT_DEFINITION('Body004','Body004',#17253,#17177);
#17183=PRODUCT_DEFINITION('Array','Array',#17254,#17177);
#17184=PRODUCT_DEFINITION('Body003','Body003',#17255,#17177);
#17185=PRODUCT_DEFINITION('Array002','Array002',#17256,#17177);
#17186=PRODUCT_DEFINITION('Body001','Body001',#17257,#17177);
#17187=PRODUCT_DEFINITION('1x8 Male Header001','1x8 Male Header001',#17258,
#17177);
#17188=PRODUCT_DEFINITION('Array004','Array004',#17259,#17177);
#17189=PRODUCT_DEFINITION('Body007','Body007',#17260,#17177);
#17190=PRODUCT_DEFINITION('Array003','Array003',#17261,#17177);
#17191=PRODUCT_DEFINITION('Body006','Body006',#17262,#17177);
#17192=PRODUCT_DEFINITION('Array005','Array005',#17263,#17177);
#17193=PRODUCT_DEFINITION('Body005','Body005',#17264,#17177);
#17194=PRODUCT_DEFINITION('Trim Pot','Trim Pot',#17265,#17177);
#17195=PRODUCT_DEFINITION('Body008','Body008',#17266,#17177);
#17196=PRODUCT_DEFINITION('Body009','Body009',#17267,#17177);
#17197=PRODUCT_DEFINITION('Body002','Body002',#17268,#17177);
#17198=PRODUCT_DEFINITION('Body010','Body010',#17269,#17177);
#17199=PRODUCT_DEFINITION('Body011','Body011',#17270,#17177);
#17200=PRODUCT_DEFINITION('QFN28','QFN28',#17271,#17177);
#17201=PRODUCT_DEFINITION('Body012','Body012',#17272,#17177);
#17202=PRODUCT_DEFINITION('Array006','Array006',#17273,#17177);
#17203=PRODUCT_DEFINITION('Array007','Array007',#17274,#17177);
#17204=PRODUCT_DEFINITION('Body013','Body013',#17275,#17177);
#17205=PRODUCT_DEFINITION('0603 Resistor','0603 Resistor',#17276,#17177);
#17206=PRODUCT_DEFINITION('Body014','Body014',#17277,#17177);
#17207=PRODUCT_DEFINITION('Body001 (Mirror #1)','Body001 (Mirror #1)',#17278,
#17177);
#17208=PRODUCT_DEFINITION('0603 Resistor001','0603 Resistor001',#17279,
#17177);
#17209=PRODUCT_DEFINITION('Body016','Body016',#17280,#17177);
#17210=PRODUCT_DEFINITION('Body001 (Mirror #1)001',
'Body001 (Mirror #1)001',#17281,#17177);
#17211=PRODUCT_DEFINITION('0603 Resistor002','0603 Resistor002',#17282,
#17177);
#17212=PRODUCT_DEFINITION('Body018','Body018',#17283,#17177);
#17213=PRODUCT_DEFINITION('Body001 (Mirror #1)002',
'Body001 (Mirror #1)002',#17284,#17177);
#17214=PRODUCT_DEFINITION('0603 Resistor003','0603 Resistor003',#17285,
#17177);
#17215=PRODUCT_DEFINITION('Body020','Body020',#17286,#17177);
#17216=PRODUCT_DEFINITION('Body001 (Mirror #1)003',
'Body001 (Mirror #1)003',#17287,#17177);
#17217=PRODUCT_DEFINITION('0603 Resistor004','0603 Resistor004',#17288,
#17177);
#17218=PRODUCT_DEFINITION('Body022','Body022',#17289,#17177);
#17219=PRODUCT_DEFINITION('Body001 (Mirror #1)004',
'Body001 (Mirror #1)004',#17290,#17177);
#17220=PRODUCT_DEFINITION('0805 Resistor','0805 Resistor',#17291,#17177);
#17221=PRODUCT_DEFINITION('Body024','Body024',#17292,#17177);
#17222=PRODUCT_DEFINITION('Body001 (Mirror #1)005',
'Body001 (Mirror #1)005',#17293,#17177);
#17223=PRODUCT_DEFINITION('0805 Resistor001','0805 Resistor001',#17294,
#17177);
#17224=PRODUCT_DEFINITION('Body026','Body026',#17295,#17177);
#17225=PRODUCT_DEFINITION('Body001 (Mirror #1)006',
'Body001 (Mirror #1)006',#17296,#17177);
#17226=PRODUCT_DEFINITION('0603 Capacitor','0603 Capacitor',#17297,#17177);
#17227=PRODUCT_DEFINITION('Body028','Body028',#17298,#17177);
#17228=PRODUCT_DEFINITION('Body001 (Mirror #1)007',
'Body001 (Mirror #1)007',#17299,#17177);
#17229=PRODUCT_DEFINITION('0603 Capacitor001','0603 Capacitor001',#17300,
#17177);
#17230=PRODUCT_DEFINITION('Body030','Body030',#17301,#17177);
#17231=PRODUCT_DEFINITION('Body001 (Mirror #1)008',
'Body001 (Mirror #1)008',#17302,#17177);
#17232=PRODUCT_DEFINITION('0603 Capacitor002','0603 Capacitor002',#17303,
#17177);
#17233=PRODUCT_DEFINITION('Body032','Body032',#17304,#17177);
#17234=PRODUCT_DEFINITION('Body001 (Mirror #1)009',
'Body001 (Mirror #1)009',#17305,#17177);
#17235=PRODUCT_DEFINITION('0603 Capacitor003','0603 Capacitor003',#17306,
#17177);
#17236=PRODUCT_DEFINITION('Body034','Body034',#17307,#17177);
#17237=PRODUCT_DEFINITION('Body001 (Mirror #1)010',
'Body001 (Mirror #1)010',#17308,#17177);
#17238=PRODUCT_DEFINITION('0603 Capacitor004','0603 Capacitor004',#17309,
#17177);
#17239=PRODUCT_DEFINITION('Body036','Body036',#17310,#17177);
#17240=PRODUCT_DEFINITION('Body001 (Mirror #1)011',
'Body001 (Mirror #1)011',#17311,#17177);
#17241=PRODUCT_DEFINITION('0603 Capacitor005','0603 Capacitor005',#17312,
#17177);
#17242=PRODUCT_DEFINITION('Body038','Body038',#17313,#17177);
#17243=PRODUCT_DEFINITION('Body001 (Mirror #1)012',
'Body001 (Mirror #1)012',#17314,#17177);
#17244=PRODUCT_DEFINITION('0805 Capacitor','0805 Capacitor',#17315,#17177);
#17245=PRODUCT_DEFINITION('Body040','Body040',#17316,#17177);
#17246=PRODUCT_DEFINITION('Body001 (Mirror #1)013',
'Body001 (Mirror #1)013',#17317,#17177);
#17247=PRODUCT_DEFINITION('Fusion','Fusion',#17318,#17177);
#17248=PRODUCT_DEFINITION('Body045','Body045',#17319,#17177);
#17249=PRODUCT_DEFINITION_FORMATION('',$,#17394);
#17250=PRODUCT_DEFINITION_FORMATION('',$,#17395);
#17251=PRODUCT_DEFINITION_FORMATION('',$,#17396);
#17252=PRODUCT_DEFINITION_FORMATION('',$,#17397);
#17253=PRODUCT_DEFINITION_FORMATION('',$,#17398);
#17254=PRODUCT_DEFINITION_FORMATION('',$,#17399);
#17255=PRODUCT_DEFINITION_FORMATION('',$,#17400);
#17256=PRODUCT_DEFINITION_FORMATION('',$,#17401);
#17257=PRODUCT_DEFINITION_FORMATION('',$,#17402);
#17258=PRODUCT_DEFINITION_FORMATION('',$,#17403);
#17259=PRODUCT_DEFINITION_FORMATION('',$,#17404);
#17260=PRODUCT_DEFINITION_FORMATION('',$,#17405);
#17261=PRODUCT_DEFINITION_FORMATION('',$,#17406);
#17262=PRODUCT_DEFINITION_FORMATION('',$,#17407);
#17263=PRODUCT_DEFINITION_FORMATION('',$,#17408);
#17264=PRODUCT_DEFINITION_FORMATION('',$,#17409);
#17265=PRODUCT_DEFINITION_FORMATION('',$,#17410);
#17266=PRODUCT_DEFINITION_FORMATION('',$,#17411);
#17267=PRODUCT_DEFINITION_FORMATION('',$,#17412);
#17268=PRODUCT_DEFINITION_FORMATION('',$,#17413);
#17269=PRODUCT_DEFINITION_FORMATION('',$,#17414);
#17270=PRODUCT_DEFINITION_FORMATION('',$,#17415);
#17271=PRODUCT_DEFINITION_FORMATION('',$,#17416);
#17272=PRODUCT_DEFINITION_FORMATION('',$,#17417);
#17273=PRODUCT_DEFINITION_FORMATION('',$,#17418);
#17274=PRODUCT_DEFINITION_FORMATION('',$,#17419);
#17275=PRODUCT_DEFINITION_FORMATION('',$,#17420);
#17276=PRODUCT_DEFINITION_FORMATION('',$,#17421);
#17277=PRODUCT_DEFINITION_FORMATION('',$,#17422);
#17278=PRODUCT_DEFINITION_FORMATION('',$,#17423);
#17279=PRODUCT_DEFINITION_FORMATION('',$,#17424);
#17280=PRODUCT_DEFINITION_FORMATION('',$,#17425);
#17281=PRODUCT_DEFINITION_FORMATION('',$,#17426);
#17282=PRODUCT_DEFINITION_FORMATION('',$,#17427);
#17283=PRODUCT_DEFINITION_FORMATION('',$,#17428);
#17284=PRODUCT_DEFINITION_FORMATION('',$,#17429);
#17285=PRODUCT_DEFINITION_FORMATION('',$,#17430);
#17286=PRODUCT_DEFINITION_FORMATION('',$,#17431);
#17287=PRODUCT_DEFINITION_FORMATION('',$,#17432);
#17288=PRODUCT_DEFINITION_FORMATION('',$,#17433);
#17289=PRODUCT_DEFINITION_FORMATION('',$,#17434);
#17290=PRODUCT_DEFINITION_FORMATION('',$,#17435);
#17291=PRODUCT_DEFINITION_FORMATION('',$,#17436);
#17292=PRODUCT_DEFINITION_FORMATION('',$,#17437);
#17293=PRODUCT_DEFINITION_FORMATION('',$,#17438);
#17294=PRODUCT_DEFINITION_FORMATION('',$,#17439);
#17295=PRODUCT_DEFINITION_FORMATION('',$,#17440);
#17296=PRODUCT_DEFINITION_FORMATION('',$,#17441);
#17297=PRODUCT_DEFINITION_FORMATION('',$,#17442);
#17298=PRODUCT_DEFINITION_FORMATION('',$,#17443);
#17299=PRODUCT_DEFINITION_FORMATION('',$,#17444);
#17300=PRODUCT_DEFINITION_FORMATION('',$,#17445);
#17301=PRODUCT_DEFINITION_FORMATION('',$,#17446);
#17302=PRODUCT_DEFINITION_FORMATION('',$,#17447);
#17303=PRODUCT_DEFINITION_FORMATION('',$,#17448);
#17304=PRODUCT_DEFINITION_FORMATION('',$,#17449);
#17305=PRODUCT_DEFINITION_FORMATION('',$,#17450);
#17306=PRODUCT_DEFINITION_FORMATION('',$,#17451);
#17307=PRODUCT_DEFINITION_FORMATION('',$,#17452);
#17308=PRODUCT_DEFINITION_FORMATION('',$,#17453);
#17309=PRODUCT_DEFINITION_FORMATION('',$,#17454);
#17310=PRODUCT_DEFINITION_FORMATION('',$,#17455);
#17311=PRODUCT_DEFINITION_FORMATION('',$,#17456);
#17312=PRODUCT_DEFINITION_FORMATION('',$,#17457);
#17313=PRODUCT_DEFINITION_FORMATION('',$,#17458);
#17314=PRODUCT_DEFINITION_FORMATION('',$,#17459);
#17315=PRODUCT_DEFINITION_FORMATION('',$,#17460);
#17316=PRODUCT_DEFINITION_FORMATION('',$,#17461);
#17317=PRODUCT_DEFINITION_FORMATION('',$,#17462);
#17318=PRODUCT_DEFINITION_FORMATION('',$,#17463);
#17319=PRODUCT_DEFINITION_FORMATION('',$,#17464);
#17320=PRODUCT_RELATED_PRODUCT_CATEGORY('TMC2209 v2','TMC2209 v2',(#17394));
#17321=PRODUCT_RELATED_PRODUCT_CATEGORY('Body','Body',(#17395));
#17322=PRODUCT_RELATED_PRODUCT_CATEGORY('1x8 Male Header',
'1x8 Male Header',(#17396));
#17323=PRODUCT_RELATED_PRODUCT_CATEGORY('Array001','Array001',(#17397));
#17324=PRODUCT_RELATED_PRODUCT_CATEGORY('Body004','Body004',(#17398));
#17325=PRODUCT_RELATED_PRODUCT_CATEGORY('Array','Array',(#17399));
#17326=PRODUCT_RELATED_PRODUCT_CATEGORY('Body003','Body003',(#17400));
#17327=PRODUCT_RELATED_PRODUCT_CATEGORY('Array002','Array002',(#17401));
#17328=PRODUCT_RELATED_PRODUCT_CATEGORY('Body001','Body001',(#17402));
#17329=PRODUCT_RELATED_PRODUCT_CATEGORY('1x8 Male Header001',
'1x8 Male Header001',(#17403));
#17330=PRODUCT_RELATED_PRODUCT_CATEGORY('Array004','Array004',(#17404));
#17331=PRODUCT_RELATED_PRODUCT_CATEGORY('Body007','Body007',(#17405));
#17332=PRODUCT_RELATED_PRODUCT_CATEGORY('Array003','Array003',(#17406));
#17333=PRODUCT_RELATED_PRODUCT_CATEGORY('Body006','Body006',(#17407));
#17334=PRODUCT_RELATED_PRODUCT_CATEGORY('Array005','Array005',(#17408));
#17335=PRODUCT_RELATED_PRODUCT_CATEGORY('Body005','Body005',(#17409));
#17336=PRODUCT_RELATED_PRODUCT_CATEGORY('Trim Pot','Trim Pot',(#17410));
#17337=PRODUCT_RELATED_PRODUCT_CATEGORY('Body008','Body008',(#17411));
#17338=PRODUCT_RELATED_PRODUCT_CATEGORY('Body009','Body009',(#17412));
#17339=PRODUCT_RELATED_PRODUCT_CATEGORY('Body002','Body002',(#17413));
#17340=PRODUCT_RELATED_PRODUCT_CATEGORY('Body010','Body010',(#17414));
#17341=PRODUCT_RELATED_PRODUCT_CATEGORY('Body011','Body011',(#17415));
#17342=PRODUCT_RELATED_PRODUCT_CATEGORY('QFN28','QFN28',(#17416));
#17343=PRODUCT_RELATED_PRODUCT_CATEGORY('Body012','Body012',(#17417));
#17344=PRODUCT_RELATED_PRODUCT_CATEGORY('Array006','Array006',(#17418));
#17345=PRODUCT_RELATED_PRODUCT_CATEGORY('Array007','Array007',(#17419));
#17346=PRODUCT_RELATED_PRODUCT_CATEGORY('Body013','Body013',(#17420));
#17347=PRODUCT_RELATED_PRODUCT_CATEGORY('0603 Resistor','0603 Resistor',
(#17421));
#17348=PRODUCT_RELATED_PRODUCT_CATEGORY('Body014','Body014',(#17422));
#17349=PRODUCT_RELATED_PRODUCT_CATEGORY('Body001 (Mirror #1)',
'Body001 (Mirror #1)',(#17423));
#17350=PRODUCT_RELATED_PRODUCT_CATEGORY('0603 Resistor001',
'0603 Resistor001',(#17424));
#17351=PRODUCT_RELATED_PRODUCT_CATEGORY('Body016','Body016',(#17425));
#17352=PRODUCT_RELATED_PRODUCT_CATEGORY('Body001 (Mirror #1)001',
'Body001 (Mirror #1)001',(#17426));
#17353=PRODUCT_RELATED_PRODUCT_CATEGORY('0603 Resistor002',
'0603 Resistor002',(#17427));
#17354=PRODUCT_RELATED_PRODUCT_CATEGORY('Body018','Body018',(#17428));
#17355=PRODUCT_RELATED_PRODUCT_CATEGORY('Body001 (Mirror #1)002',
'Body001 (Mirror #1)002',(#17429));
#17356=PRODUCT_RELATED_PRODUCT_CATEGORY('0603 Resistor003',
'0603 Resistor003',(#17430));
#17357=PRODUCT_RELATED_PRODUCT_CATEGORY('Body020','Body020',(#17431));
#17358=PRODUCT_RELATED_PRODUCT_CATEGORY('Body001 (Mirror #1)003',
'Body001 (Mirror #1)003',(#17432));
#17359=PRODUCT_RELATED_PRODUCT_CATEGORY('0603 Resistor004',
'0603 Resistor004',(#17433));
#17360=PRODUCT_RELATED_PRODUCT_CATEGORY('Body022','Body022',(#17434));
#17361=PRODUCT_RELATED_PRODUCT_CATEGORY('Body001 (Mirror #1)004',
'Body001 (Mirror #1)004',(#17435));
#17362=PRODUCT_RELATED_PRODUCT_CATEGORY('0805 Resistor','0805 Resistor',
(#17436));
#17363=PRODUCT_RELATED_PRODUCT_CATEGORY('Body024','Body024',(#17437));
#17364=PRODUCT_RELATED_PRODUCT_CATEGORY('Body001 (Mirror #1)005',
'Body001 (Mirror #1)005',(#17438));
#17365=PRODUCT_RELATED_PRODUCT_CATEGORY('0805 Resistor001',
'0805 Resistor001',(#17439));
#17366=PRODUCT_RELATED_PRODUCT_CATEGORY('Body026','Body026',(#17440));
#17367=PRODUCT_RELATED_PRODUCT_CATEGORY('Body001 (Mirror #1)006',
'Body001 (Mirror #1)006',(#17441));
#17368=PRODUCT_RELATED_PRODUCT_CATEGORY('0603 Capacitor',
'0603 Capacitor',(#17442));
#17369=PRODUCT_RELATED_PRODUCT_CATEGORY('Body028','Body028',(#17443));
#17370=PRODUCT_RELATED_PRODUCT_CATEGORY('Body001 (Mirror #1)007',
'Body001 (Mirror #1)007',(#17444));
#17371=PRODUCT_RELATED_PRODUCT_CATEGORY('0603 Capacitor001',
'0603 Capacitor001',(#17445));
#17372=PRODUCT_RELATED_PRODUCT_CATEGORY('Body030','Body030',(#17446));
#17373=PRODUCT_RELATED_PRODUCT_CATEGORY('Body001 (Mirror #1)008',
'Body001 (Mirror #1)008',(#17447));
#17374=PRODUCT_RELATED_PRODUCT_CATEGORY('0603 Capacitor002',
'0603 Capacitor002',(#17448));
#17375=PRODUCT_RELATED_PRODUCT_CATEGORY('Body032','Body032',(#17449));
#17376=PRODUCT_RELATED_PRODUCT_CATEGORY('Body001 (Mirror #1)009',
'Body001 (Mirror #1)009',(#17450));
#17377=PRODUCT_RELATED_PRODUCT_CATEGORY('0603 Capacitor003',
'0603 Capacitor003',(#17451));
#17378=PRODUCT_RELATED_PRODUCT_CATEGORY('Body034','Body034',(#17452));
#17379=PRODUCT_RELATED_PRODUCT_CATEGORY('Body001 (Mirror #1)010',
'Body001 (Mirror #1)010',(#17453));
#17380=PRODUCT_RELATED_PRODUCT_CATEGORY('0603 Capacitor004',
'0603 Capacitor004',(#17454));
#17381=PRODUCT_RELATED_PRODUCT_CATEGORY('Body036','Body036',(#17455));
#17382=PRODUCT_RELATED_PRODUCT_CATEGORY('Body001 (Mirror #1)011',
'Body001 (Mirror #1)011',(#17456));
#17383=PRODUCT_RELATED_PRODUCT_CATEGORY('0603 Capacitor005',
'0603 Capacitor005',(#17457));
#17384=PRODUCT_RELATED_PRODUCT_CATEGORY('Body038','Body038',(#17458));
#17385=PRODUCT_RELATED_PRODUCT_CATEGORY('Body001 (Mirror #1)012',
'Body001 (Mirror #1)012',(#17459));
#17386=PRODUCT_RELATED_PRODUCT_CATEGORY('0805 Capacitor',
'0805 Capacitor',(#17460));
#17387=PRODUCT_RELATED_PRODUCT_CATEGORY('Body040','Body040',(#17461));
#17388=PRODUCT_RELATED_PRODUCT_CATEGORY('Body001 (Mirror #1)013',
'Body001 (Mirror #1)013',(#17462));
#17389=PRODUCT_RELATED_PRODUCT_CATEGORY('Fusion','Fusion',(#17463));
#17390=PRODUCT_RELATED_PRODUCT_CATEGORY('Body045','Body045',(#17464));
#17391=APPLICATION_PROTOCOL_DEFINITION('international standard',
'automotive_design',2009,#17392);
#17392=APPLICATION_CONTEXT(
'Core Data for Automotive Mechanical Design Process');
#17393=PRODUCT_CONTEXT('part definition',#17392,'mechanical');
#17394=PRODUCT('TMC2209','TMC2209 v2','FreeCAD Model',(#17393));
#17395=PRODUCT('Body','Body',$,(#17393));
#17396=PRODUCT('1x8 Male Header','1x8 Male Header',$,(#17393));
#17397=PRODUCT('Array001','Array001',$,(#17393));
#17398=PRODUCT('Body004','Body004',$,(#17393));
#17399=PRODUCT('Array','Array',$,(#17393));
#17400=PRODUCT('Body003','Body003',$,(#17393));
#17401=PRODUCT('Array002','Array002',$,(#17393));
#17402=PRODUCT('Body001','Body001',$,(#17393));
#17403=PRODUCT('1x8 Male Header001','1x8 Male Header001',$,(#17393));
#17404=PRODUCT('Array004','Array004',$,(#17393));
#17405=PRODUCT('Body007','Body007',$,(#17393));
#17406=PRODUCT('Array003','Array003',$,(#17393));
#17407=PRODUCT('Body006','Body006',$,(#17393));
#17408=PRODUCT('Array005','Array005',$,(#17393));
#17409=PRODUCT('Body005','Body005',$,(#17393));
#17410=PRODUCT('Trim Pot','Trim Pot',$,(#17393));
#17411=PRODUCT('Body008','Body008',$,(#17393));
#17412=PRODUCT('Body009','Body009',$,(#17393));
#17413=PRODUCT('Body002','Body002',$,(#17393));
#17414=PRODUCT('Body010','Body010',$,(#17393));
#17415=PRODUCT('Body011','Body011',$,(#17393));
#17416=PRODUCT('QFN28','QFN28',$,(#17393));
#17417=PRODUCT('Body012','Body012',$,(#17393));
#17418=PRODUCT('Array006','Array006',$,(#17393));
#17419=PRODUCT('Array007','Array007',$,(#17393));
#17420=PRODUCT('Body013','Body013',$,(#17393));
#17421=PRODUCT('0603 Resistor','0603 Resistor',$,(#17393));
#17422=PRODUCT('Body014','Body014',$,(#17393));
#17423=PRODUCT('Body001 (Mirror #1)','Body001 (Mirror #1)',$,(#17393));
#17424=PRODUCT('0603 Resistor001','0603 Resistor001',$,(#17393));
#17425=PRODUCT('Body016','Body016',$,(#17393));
#17426=PRODUCT('Body001 (Mirror #1)001','Body001 (Mirror #1)001',$,(#17393));
#17427=PRODUCT('0603 Resistor002','0603 Resistor002',$,(#17393));
#17428=PRODUCT('Body018','Body018',$,(#17393));
#17429=PRODUCT('Body001 (Mirror #1)002','Body001 (Mirror #1)002',$,(#17393));
#17430=PRODUCT('0603 Resistor003','0603 Resistor003',$,(#17393));
#17431=PRODUCT('Body020','Body020',$,(#17393));
#17432=PRODUCT('Body001 (Mirror #1)003','Body001 (Mirror #1)003',$,(#17393));
#17433=PRODUCT('0603 Resistor004','0603 Resistor004',$,(#17393));
#17434=PRODUCT('Body022','Body022',$,(#17393));
#17435=PRODUCT('Body001 (Mirror #1)004','Body001 (Mirror #1)004',$,(#17393));
#17436=PRODUCT('0805 Resistor','0805 Resistor',$,(#17393));
#17437=PRODUCT('Body024','Body024',$,(#17393));
#17438=PRODUCT('Body001 (Mirror #1)005','Body001 (Mirror #1)005',$,(#17393));
#17439=PRODUCT('0805 Resistor001','0805 Resistor001',$,(#17393));
#17440=PRODUCT('Body026','Body026',$,(#17393));
#17441=PRODUCT('Body001 (Mirror #1)006','Body001 (Mirror #1)006',$,(#17393));
#17442=PRODUCT('0603 Capacitor','0603 Capacitor',$,(#17393));
#17443=PRODUCT('Body028','Body028',$,(#17393));
#17444=PRODUCT('Body001 (Mirror #1)007','Body001 (Mirror #1)007',$,(#17393));
#17445=PRODUCT('0603 Capacitor001','0603 Capacitor001',$,(#17393));
#17446=PRODUCT('Body030','Body030',$,(#17393));
#17447=PRODUCT('Body001 (Mirror #1)008','Body001 (Mirror #1)008',$,(#17393));
#17448=PRODUCT('0603 Capacitor002','0603 Capacitor002',$,(#17393));
#17449=PRODUCT('Body032','Body032',$,(#17393));
#17450=PRODUCT('Body001 (Mirror #1)009','Body001 (Mirror #1)009',$,(#17393));
#17451=PRODUCT('0603 Capacitor003','0603 Capacitor003',$,(#17393));
#17452=PRODUCT('Body034','Body034',$,(#17393));
#17453=PRODUCT('Body001 (Mirror #1)010','Body001 (Mirror #1)010',$,(#17393));
#17454=PRODUCT('0603 Capacitor004','0603 Capacitor004',$,(#17393));
#17455=PRODUCT('Body036','Body036',$,(#17393));
#17456=PRODUCT('Body001 (Mirror #1)011','Body001 (Mirror #1)011',$,(#17393));
#17457=PRODUCT('0603 Capacitor005','0603 Capacitor005',$,(#17393));
#17458=PRODUCT('Body038','Body038',$,(#17393));
#17459=PRODUCT('Body001 (Mirror #1)012','Body001 (Mirror #1)012',$,(#17393));
#17460=PRODUCT('0805 Capacitor','0805 Capacitor',$,(#17393));
#17461=PRODUCT('Body040','Body040',$,(#17393));
#17462=PRODUCT('Body001 (Mirror #1)013','Body001 (Mirror #1)013',$,(#17393));
#17463=PRODUCT('Fusion','Fusion',$,(#17393));
#17464=PRODUCT('Body045','Body045',$,(#17393));
#17465=PRESENTATION_STYLE_ASSIGNMENT((#17474));
#17466=PRESENTATION_STYLE_ASSIGNMENT((#17475));
#17467=PRESENTATION_STYLE_ASSIGNMENT((#17476));
#17468=PRESENTATION_STYLE_ASSIGNMENT((#17477));
#17469=PRESENTATION_STYLE_ASSIGNMENT((#17478));
#17470=PRESENTATION_STYLE_ASSIGNMENT((#17479));
#17471=PRESENTATION_STYLE_ASSIGNMENT((#17480));
#17472=PRESENTATION_STYLE_ASSIGNMENT((#17481));
#17473=PRESENTATION_STYLE_ASSIGNMENT((#17482));
#17474=SURFACE_STYLE_USAGE(.BOTH.,#17483);
#17475=SURFACE_STYLE_USAGE(.BOTH.,#17484);
#17476=SURFACE_STYLE_USAGE(.BOTH.,#17485);
#17477=SURFACE_STYLE_USAGE(.BOTH.,#17486);
#17478=SURFACE_STYLE_USAGE(.BOTH.,#17487);
#17479=SURFACE_STYLE_USAGE(.BOTH.,#17488);
#17480=SURFACE_STYLE_USAGE(.BOTH.,#17489);
#17481=SURFACE_STYLE_USAGE(.BOTH.,#17490);
#17482=SURFACE_STYLE_USAGE(.BOTH.,#17491);
#17483=SURFACE_SIDE_STYLE('',(#17492));
#17484=SURFACE_SIDE_STYLE('',(#17493));
#17485=SURFACE_SIDE_STYLE('',(#17494));
#17486=SURFACE_SIDE_STYLE('',(#17495));
#17487=SURFACE_SIDE_STYLE('',(#17496));
#17488=SURFACE_SIDE_STYLE('',(#17497));
#17489=SURFACE_SIDE_STYLE('',(#17498));
#17490=SURFACE_SIDE_STYLE('',(#17499));
#17491=SURFACE_SIDE_STYLE('',(#17500));
#17492=SURFACE_STYLE_FILL_AREA(#17501);
#17493=SURFACE_STYLE_FILL_AREA(#17502);
#17494=SURFACE_STYLE_FILL_AREA(#17503);
#17495=SURFACE_STYLE_FILL_AREA(#17504);
#17496=SURFACE_STYLE_FILL_AREA(#17505);
#17497=SURFACE_STYLE_FILL_AREA(#17506);
#17498=SURFACE_STYLE_FILL_AREA(#17507);
#17499=SURFACE_STYLE_FILL_AREA(#17508);
#17500=SURFACE_STYLE_FILL_AREA(#17509);
#17501=FILL_AREA_STYLE('Steel - Satin',(#17510));
#17502=FILL_AREA_STYLE('Opaque(58,58,58)',(#17511));
#17503=FILL_AREA_STYLE('Opaque(199,145,29)',(#17512));
#17504=FILL_AREA_STYLE('Opaque(234,234,234)',(#17513));
#17505=FILL_AREA_STYLE('Opaque(50,140,18)',(#17514));
#17506=FILL_AREA_STYLE('Opaque(149,149,149)',(#17515));
#17507=FILL_AREA_STYLE('Opaque(203,203,203)',(#17516));
#17508=FILL_AREA_STYLE('Opaque(140,103,61)',(#17517));
#17509=FILL_AREA_STYLE('Opaque(0,72,217)',(#17518));
#17510=FILL_AREA_STYLE_COLOUR('Steel - Satin',#17519);
#17511=FILL_AREA_STYLE_COLOUR('Opaque(58,58,58)',#17520);
#17512=FILL_AREA_STYLE_COLOUR('Opaque(199,145,29)',#17521);
#17513=FILL_AREA_STYLE_COLOUR('Opaque(234,234,234)',#17522);
#17514=FILL_AREA_STYLE_COLOUR('Opaque(50,140,18)',#17523);
#17515=FILL_AREA_STYLE_COLOUR('Opaque(149,149,149)',#17524);
#17516=FILL_AREA_STYLE_COLOUR('Opaque(203,203,203)',#17525);
#17517=FILL_AREA_STYLE_COLOUR('Opaque(140,103,61)',#17526);
#17518=FILL_AREA_STYLE_COLOUR('Opaque(0,72,217)',#17527);
#17519=COLOUR_RGB('Steel - Satin',0.627450980392157,0.627450980392157,0.627450980392157);
#17520=COLOUR_RGB('Opaque(58,58,58)',0.227450980392157,0.227450980392157,
0.227450980392157);
#17521=COLOUR_RGB('Opaque(199,145,29)',0.780392156862745,0.568627450980392,
0.113725490196078);
#17522=COLOUR_RGB('Opaque(234,234,234)',0.917647058823529,0.917647058823529,
0.917647058823529);
#17523=COLOUR_RGB('Opaque(50,140,18)',0.196078431372549,0.549019607843137,
0.0705882352941176);
#17524=COLOUR_RGB('Opaque(149,149,149)',0.584313725490196,0.584313725490196,
0.584313725490196);
#17525=COLOUR_RGB('Opaque(203,203,203)',0.796078431372549,0.796078431372549,
0.796078431372549);
#17526=COLOUR_RGB('Opaque(140,103,61)',0.549019607843137,0.403921568627451,
0.23921568627451);
#17527=COLOUR_RGB('Opaque(0,72,217)',0.,0.282352941176471,0.850980392156863);
ENDSEC;
END-ISO-10303-21;
